edge_idx,src_idx,src_label,src_gene,dst_idx,dst_label,dst_gene,edge_type_name,EdgeDelta,RawEdgeDelta,BaseRewiringScore,ExposureEdgeSignal,ExposureContrastScore,CancerRewiringPotentialEdgeScore,ExposureDependentRewiringScore,ExposureAnchoredRewiringEdgeScore,MixedCancerExposureRewiringScore,RewiringPotentialEdgeScore,CombinedEdgeScore,mean_abs_delta_alpha,mean_delta_alpha,alpha_n_mean,alpha_t_mean,Direction,IsTopRewiredEdge,TopRewiredEdgeFraction,TopRewiredEdgeThreshold
1508,96,GENE:G0096,G0096,155,GENE:G0155,G0155,PPI,0.9452226498075866,0.13072601,0.13072601,0.9846069268829027,0.26145196,0.7413402772970631,0.3609628617775002,0.9452226498075866,0.5233138165804482,0.9452226498075866,0.9452226498075866,0.13072601,-0.014871014282107353,0.4888804256916046,0.4740093946456909,-1,True,0.1,0.6850506459593184
1562,107,GENE:G0107,G0107,142,GENE:G0142,G0142,PPI,0.942319956019791,0.12279422,0.12279422,0.9815832875206156,0.23831528,0.6449414663536972,0.8329010386862543,0.942319956019791,0.7718843807944924,0.942319956019791,0.942319956019791,0.12279422,0.0242399163544178,0.30278170108795166,0.32702159881591797,1,True,0.1,0.6850506459593184
1234,67,GENE:G0067,G0067,72,GENE:G0072,G0072,PPI,0.9262974161627268,0.20537908,0.20537908,0.9802089059923035,0.3641302,0.5281177218289755,0.5262407414489217,0.9262974161627268,0.5347004124170467,0.9262974161627268,0.9262974161627268,0.20537908,0.011390154249966145,0.10786008834838867,0.11925025284290314,1,True,0.1,0.6850506459593184
1200,64,GENE:G0064,G0064,177,GENE:G0177,G0177,PPI,0.9254727872457394,0.11375329,0.11375329,0.9540956569543706,0.20320074,0.33451509087149,0.5849431230380342,0.9254727872457394,0.5133372853500626,0.9254727872457394,0.9254727872457394,0.11375329,-0.000700704928021878,0.3224148154258728,0.3217141032218933,-1,True,0.1,0.6850506459593184
360,22,GENE:G0022,G0022,29,GENE:G0029,G0029,PPI,0.9125302363936229,0.181206,0.181206,0.9656404617921935,0.3327281,0.5590765124856726,0.6503572380298609,0.9125302363936229,0.6284667602870879,0.9125302363936229,0.9125302363936229,0.181206,-0.006893625948578119,0.1031997948884964,0.09630616009235382,-1,True,0.1,0.6850506459593184
110,5,GENE:G0005,G0005,68,GENE:G0068,G0068,PPI,0.9120189664650907,0.060928203,0.060928203,0.9354040681693239,0.11647189,0.47848380986290806,0.8209469767703832,0.9120189664650907,0.6900053601800037,0.9120189664650907,0.9120189664650907,0.060928203,-0.01378626562654972,0.1172650158405304,0.10347874462604523,-1,True,0.1,0.6850506459593184
877,78,GENE:G0078,G0078,45,GENE:G0045,G0045,PPI,0.9097306212204508,0.14560457,0.14560457,0.9476360637713029,0.27745497,0.6382747373586629,0.5042991133947621,0.9097306212204508,0.5552617898173576,0.9097306212204508,0.9097306212204508,0.14560457,-0.03150426968932152,0.15530867874622345,0.12380440533161163,-1,True,0.1,0.6850506459593184
955,56,GENE:G0056,G0056,50,GENE:G0050,G0050,PPI,0.9087410665200659,0.044786096,0.044786096,0.9087410665200659,0.08655019,0.4306650434895026,0.8077067274229064,0.9087410665200659,0.6464870531404665,0.9087410665200659,0.9087410665200659,0.044786096,0.04289153963327408,0.13228686153888702,0.1751783788204193,1,True,0.1,0.6850506459593184
1616,117,GENE:G0117,G0117,170,GENE:G0170,G0170,PPI,0.9049972512369433,0.14808849,0.14808849,0.9576690489279824,0.28298876,0.7051627201766889,0.5924597725028944,0.9049972512369433,0.6464079681184298,0.9049972512369433,0.9049972512369433,0.14808849,-0.07622530311346054,0.3819059133529663,0.3056805729866028,-1,True,0.1,0.6850506459593184
1695,195,GENE:G0195,G0195,135,GENE:G0135,G0135,PPI,0.9021728971962618,0.20874661,0.20874661,0.985981308411215,0.2964783,0.49914045406234614,0.7456228996578577,0.9021728971962618,0.683241205880081,0.9021728971962618,0.9021728971962618,0.20874661,-0.05702419579029083,0.30626633763313293,0.2492421567440033,-1,True,0.1,0.6850506459593184
776,39,GENE:G0039,G0039,135,GENE:G0135,G0135,PPI,0.8930483782297964,0.0642506,0.0642506,0.9351291918636613,0.1185178,0.3971597493542499,0.4792251999457304,0.8930483782297964,0.4547917775014303,0.8930483782297964,0.8930483782297964,0.0642506,-0.006160252261906862,0.2774636149406433,0.2713033854961395,-1,True,0.1,0.6850506459593184
405,29,GENE:G0029,G0029,24,GENE:G0024,G0024,PPI,0.8920285871357889,0.1984529,0.1984529,0.9389774601429357,0.37107173,0.5404541208138345,0.637364454221423,0.8920285871357889,0.6179620285235479,0.8920285871357889,0.8920285871357889,0.1984529,0.010586812160909176,0.1888459324836731,0.19943276047706604,1,True,0.1,0.6850506459593184
1153,68,GENE:G0068,G0068,60,GENE:G0060,G0060,PPI,0.8920285871357889,0.1984529,0.1984529,0.9389774601429357,0.37107173,0.6087386741708452,0.5054368356409281,0.8920285871357889,0.5440172131836704,0.8920285871357889,0.8920285871357889,0.1984529,0.012221320532262325,0.12505610287189484,0.13727740943431854,1,True,0.1,0.6850506459593184
639,139,GENE:G0139,G0139,32,GENE:G0032,G0032,PPI,0.8846783947223749,0.057676736,0.057676736,0.9120395821880154,0.110160366,0.6586200759752834,0.8232641370389102,0.8846783947223749,0.7507570447505143,0.8846783947223749,0.8846783947223749,0.057676736,0.019798632711172104,0.12272182106971741,0.1425204575061798,1,True,0.1,0.6850506459593184
1173,74,GENE:G0074,G0074,62,GENE:G0062,G0062,PPI,0.8750343595382079,0.04471822,0.04471822,0.8974711379879055,0.08087017,0.42907984965125795,0.7674559022021754,0.8750343595382079,0.6216392669380995,0.8750343595382079,0.8750343595382079,0.04471822,-0.029125986620783806,0.1642073094844818,0.13508130609989166,-1,True,0.1,0.6850506459593184
126,6,GENE:G0006,G0006,67,GENE:G0067,G0067,PPI,0.8710720175920835,0.1296514,0.1296514,0.9073666849917537,0.24517168,0.6843743138669484,0.7249854134942432,0.8710720175920835,0.7226717518540114,0.8710720175920835,0.8710720175920835,0.1296514,-0.018794339150190353,0.1506330966949463,0.13183876872062683,-1,True,0.1,0.6850506459593184
1791,191,GENE:G0191,G0191,163,GENE:G0163,G0163,PPI,0.869824079164376,0.057876233,0.057876233,0.8875755909840571,0.088006854,0.5094824677554046,0.48525308802781225,0.869824079164376,0.48472850756560004,0.869824079164376,0.869824079164376,0.057876233,-0.01141738798469305,0.3396643400192261,0.32824695110321045,-1,True,0.1,0.6850506459593184
1352,76,GENE:G0076,G0076,77,GENE:G0077,G0077,PPI,0.8657806487080815,0.13550334,0.13550334,0.9727872457394173,0.2637787,0.31159751925981244,0.36130895057282925,0.8657806487080815,0.34635870475859426,0.8657806487080815,0.8657806487080815,0.13550334,0.06357795000076294,0.10883685946464539,0.17241479456424713,1,True,0.1,0.6850506459593184
379,99,GENE:G0099,G0099,22,GENE:G0022,G0022,PPI,0.8521199835074217,0.065620154,0.065620154,0.8739692138537658,0.093267225,0.5969538156340226,0.6341548559550223,0.8521199835074217,0.6221076014052174,0.8521199835074217,0.8521199835074217,0.065620154,0.021465249359607697,0.1723478138446808,0.1938130259513855,1,True,0.1,0.6850506459593184
1260,69,GENE:G0069,G0069,79,GENE:G0079,G0079,PPI,0.8479494227597582,0.04225971,0.04225971,0.8565145684442002,0.06313429,0.4549825016542192,0.8240587155623318,0.8479494227597582,0.6751125572113036,0.8479494227597582,0.8479494227597582,0.04225971,0.023879067972302437,0.13084466755390167,0.15472374856472015,1,True,0.1,0.6850506459593184
722,36,GENE:G0036,G0036,148,GENE:G0148,G0148,PPI,0.8477570093457942,0.07861361,0.07861361,0.9018691588785046,0.12913382,0.691689462855499,0.7022428398453565,0.8477570093457942,0.6966722987609277,0.8477570093457942,0.8477570093457942,0.07861361,0.01673177443444729,0.6567435264587402,0.6734752058982849,1,True,0.1,0.6850506459593184
1573,149,GENE:G0149,G0149,108,GENE:G0108,G0108,PPI,0.8436943375481033,0.075465925,0.075465925,0.8927982407916437,0.13982023,0.6896758523159057,0.595001634917539,0.8436943375481033,0.6398534224015648,0.8436943375481033,0.8436943375481033,0.075465925,-0.09122520685195923,0.4384506940841675,0.347225546836853,-1,True,0.1,0.6850506459593184
574,30,GENE:G0030,G0030,94,GENE:G0094,G0094,PPI,0.8417715777899945,0.03582299,0.03582299,0.8545904343045629,0.067127414,0.35975332242629277,0.7538582434493524,0.8417715777899945,0.5786966645496862,0.8417715777899945,0.8417715777899945,0.03582299,0.0236353762447834,0.1239624097943306,0.1475977748632431,1,True,0.1,0.6850506459593184
925,116,GENE:G0116,G0116,48,GENE:G0048,G0048,PPI,0.8378064870808136,0.085301206,0.085301206,0.9466739967014843,0.1649038,0.7211521898233093,0.8162284466332134,0.8378064870808136,0.777365462079029,0.8378064870808136,0.8378064870808136,0.085301206,0.03431985527276993,0.14642830193042755,0.18074816465377808,1,True,0.1,0.6850506459593184
1472,88,GENE:G0088,G0088,89,GENE:G0089,G0089,PPI,0.8356239692138537,0.038419504,0.038419504,0.8356239692138537,0.05856327,0.3951665297781558,0.8314353515129534,0.8356239692138537,0.6496785149209553,0.8356239692138537,0.8356239692138537,0.038419504,-0.04842328652739525,0.1988324522972107,0.15040917694568634,-1,True,0.1,0.6850506459593184
1641,189,GENE:G0189,G0189,123,GENE:G0123,G0123,PPI,0.8345244639912041,0.06769447,0.06769447,0.9070918086860913,0.12809291,0.7254245209396211,0.6987551409508906,0.8345244639912041,0.6969544893716765,0.8345244639912041,0.8345244639912041,0.06769447,-0.21804027259349823,1.081406593322754,0.8633663058280945,-1,True,0.1,0.6850506459593184
657,35,GENE:G0035,G0035,34,GENE:G0034,G0034,PPI,0.8309620670698186,0.11020912,0.11020912,0.865585486531061,0.20775893,0.6302155183590995,0.7749770117685815,0.8309620670698186,0.7481985686971898,0.8309620670698186,0.8309620670698186,0.11020912,-0.002249217126518488,0.13309139013290405,0.1308421790599823,-1,True,0.1,0.6850506459593184
1523,134,GENE:G0134,G0134,99,GENE:G0099,G0099,PPI,0.829784222100055,0.06379409,0.06379409,0.8688840021990105,0.12182908,0.39609283263335204,0.4452765599730905,0.829784222100055,0.4370420670628949,0.829784222100055,0.829784222100055,0.06379409,0.007414279505610466,0.1509581059217453,0.15837238729000092,1,True,0.1,0.6850506459593184
1635,134,GENE:G0134,G0134,121,GENE:G0121,G0121,PPI,0.8234332050577239,0.14395599,0.14395599,0.8713578889499725,0.24044779,0.7293166425590382,0.6533876999561538,0.8234332050577239,0.7006947510672422,0.8234332050577239,0.8234332050577239,0.14395599,0.0,2.0,2.0,0,True,0.1,0.6850506459593184
93,29,GENE:G0029,G0029,4,GENE:G0004,G0004,PPI,0.8210665200659704,0.10418664,0.10418664,0.8378229796591534,0.17543799,0.7862947509040075,0.6094838267777278,0.8210665200659704,0.6759560912236884,0.8210665200659704,0.8210665200659704,0.10418664,0.04194650053977966,0.19318540394306183,0.2351318746805191,1,True,0.1,0.6850506459593184
1118,58,GENE:G0058,G0058,82,GENE:G0082,G0082,PPI,0.81967427157779,0.08122098,0.08122098,0.905717427157779,0.12824862,0.5239783807296567,0.40870342093160184,0.81967427157779,0.44453987936427347,0.81967427157779,0.81967427157779,0.08122098,0.09702794253826141,0.09238474071025848,0.1894126832485199,1,True,0.1,0.6850506459593184
72,2,GENE:G0002,G0002,196,GENE:G0196,G0196,PPI,0.8158713578889499,0.0408786,0.0408786,0.8543155579989005,0.07189762,0.3588843969589968,0.6934969359092014,0.8158713578889499,0.5533789292602522,0.8158713578889499,0.8158713578889499,0.0408786,0.019861508160829544,0.2539210617542267,0.27378255128860474,1,True,0.1,0.6850506459593184
70,2,GENE:G0002,G0002,163,GENE:G0163,G0163,PPI,0.8145547003848268,0.040582284,0.040582284,0.8397471137987905,0.06722178,0.27259277500006257,0.5639763122560375,0.8145547003848268,0.44600945016917337,0.8145547003848268,0.8145547003848268,0.040582284,-0.013830483891069889,0.31409943103790283,0.3002689778804779,-1,True,0.1,0.6850506459593184
95,35,GENE:G0035,G0035,4,GENE:G0004,G0004,PPI,0.8121770203408466,0.054093763,0.054093763,0.9024189114898296,0.1016879,0.4241176732381124,0.7609269893229584,0.8121770203408466,0.6304092858327952,0.8121770203408466,0.8121770203408466,0.054093763,-0.021671483293175697,0.2006979137659073,0.17902640998363495,-1,True,0.1,0.6850506459593184
690,35,GENE:G0035,G0035,84,GENE:G0084,G0084,PPI,0.8121522814733371,0.048400525,0.048400525,0.8732820230896097,0.08115038,0.30401857105295865,0.5191439446052643,0.8121522814733371,0.43351352306198637,0.8121522814733371,0.8121522814733371,0.048400525,0.010913100093603134,0.14208629727363586,0.1529994159936905,1,True,0.1,0.6850506459593184
1410,81,GENE:G0081,G0081,171,GENE:G0171,G0171,PPI,0.809648158328752,0.08309524,0.08309524,0.9414513468938978,0.1621987,0.6784363789063883,0.7636209315583925,0.809648158328752,0.7283829695459807,0.809648158328752,0.809648158328752,0.08309524,-0.026068411767482758,0.5097145438194275,0.4836461544036865,-1,True,0.1,0.6850506459593184
1313,166,GENE:G0166,G0166,72,GENE:G0072,G0072,PPI,0.8071728971962617,0.03585432,0.03585432,0.8364485981308412,0.068597145,0.4994951661629311,0.7186768107476422,0.8071728971962617,0.6103395158393566,0.8071728971962617,0.8071728971962617,0.03585432,-0.05244208872318268,0.166251540184021,0.1138094812631607,-1,True,0.1,0.6850506459593184
883,103,GENE:G0103,G0103,45,GENE:G0045,G0045,PPI,0.8056074766355141,0.09804224,0.09804224,0.9477735019241342,0.17149258,0.6432814990266422,0.7017685198504444,0.8056074766355141,0.6834304022799101,0.8056074766355141,0.8056074766355141,0.09804224,-0.019153064116835594,0.15727825462818146,0.13812518119812012,-1,True,0.1,0.6850506459593184
1072,55,GENE:G0055,G0055,89,GENE:G0089,G0089,PPI,0.8022319956019791,0.03056172,0.03056172,0.8103353490929082,0.052938104,0.20073071596956352,0.6087231375588488,0.8022319956019791,0.42580170728303857,0.8022319956019791,0.8022319956019791,0.03056172,-3.699436638271436e-05,0.1893182247877121,0.18928124010562897,-1,True,0.1,0.6850506459593184
815,58,GENE:G0058,G0058,42,GENE:G0042,G0042,PPI,0.8019598680593734,0.03507716,0.03507716,0.8100604727872458,0.056041587,0.33093143741331993,0.7320858499166426,0.8019598680593734,0.5614346213101831,0.8019598680593734,0.8019598680593734,0.03507716,0.052934352308511734,0.1312849223613739,0.18421928584575653,1,True,0.1,0.6850506459593184
971,172,GENE:G0172,G0172,50,GENE:G0050,G0050,PPI,0.8012094557449146,0.115257815,0.115257815,0.953820780648708,0.2233072,0.591838339126784,0.6303882286668314,0.8012094557449146,0.6181562455556288,0.8012094557449146,0.8012094557449146,0.115257815,-0.03432193771004677,0.1638067215681076,0.12948480248451233,-1,True,0.1,0.6850506459593184
669,73,GENE:G0073,G0073,34,GENE:G0034,G0034,PPI,0.7998130841121496,0.07602928,0.07602928,0.8554150632215503,0.15205844,0.7096820083942057,0.3094900683181457,0.7998130841121496,0.46558321739322855,0.7998130841121496,0.7998130841121496,0.07602928,-0.035054873675107956,0.14874613285064697,0.11369125545024872,-1,True,0.1,0.6850506459593184
349,78,GENE:G0078,G0078,21,GENE:G0021,G0021,PPI,0.7987245739417262,0.06913786,0.06913786,0.9076415612974162,0.10315558,0.6239341510032859,0.6838101889221219,0.7987245739417262,0.658424966795376,0.7987245739417262,0.7987245739417262,0.06913786,-0.035077158361673355,0.16905640065670013,0.13397926092147827,-1,True,0.1,0.6850506459593184
1580,109,GENE:G0109,G0109,164,GENE:G0164,G0164,PPI,0.7985294117647059,0.040448472,0.040448472,0.8823529411764706,0.073664665,0.4888907202524132,0.537475355514527,0.7985294117647059,0.5011766664197751,0.7985294117647059,0.7985294117647059,0.040448472,-0.10433259606361389,0.3770595192909241,0.272726833820343,-1,True,0.1,0.6850506459593184
1514,98,GENE:G0098,G0098,122,GENE:G0122,G0122,PPI,0.7985046728971962,0.1279858,0.1279858,0.8317757009345794,0.24584156,0.7396506128473832,0.30493400886061295,0.7985046728971962,0.4816966433498541,0.7985046728971962,0.7985046728971962,0.1279858,-0.027595365419983864,0.350136399269104,0.3225410580635071,-1,True,0.1,0.6850506459593184
185,82,GENE:G0082,G0082,10,GENE:G0010,G0010,PPI,0.7957462891698736,0.09861516,0.09861516,0.9645409565695438,0.18479538,0.3301402145511341,0.7356008226575845,0.7957462891698736,0.6152817634288614,0.7957462891698736,0.7957462891698736,0.09861516,-0.0613863468170166,0.3483334481716156,0.2869470715522766,-1,True,0.1,0.6850506459593184
1144,59,GENE:G0059,G0059,156,GENE:G0156,G0156,PPI,0.794670148433205,0.06082508,0.06082508,0.9134139637163277,0.11831835,0.6892026783949092,0.7808487436802531,0.794670148433205,0.7346788426642583,0.794670148433205,0.794670148433205,0.06082508,-0.039435677230358124,0.4065794050693512,0.3671437203884125,-1,True,0.1,0.6850506459593184
1122,58,GENE:G0058,G0058,180,GENE:G0180,G0180,PPI,0.792292468389225,0.044729162,0.044729162,0.8611874656404619,0.07140462,0.525722072681343,0.5602353770810493,0.792292468389225,0.5305202086311616,0.792292468389225,0.792292468389225,0.044729162,0.18402902781963348,0.24724136292934418,0.4312703609466553,1,True,0.1,0.6850506459593184
893,62,GENE:G0062,G0062,46,GENE:G0046,G0046,PPI,0.7917798240791644,0.091764,0.091764,0.9260582737768004,0.15128793,0.6676521842018407,0.6877034941224612,0.7917798240791644,0.6808100055028399,0.7917798240791644,0.7917798240791644,0.091764,-0.030291754752397537,0.14131328463554382,0.11102151870727539,-1,True,0.1,0.6850506459593184
827,97,GENE:G0097,G0097,42,GENE:G0042,G0042,PPI,0.790819131390874,0.11687551,0.11687551,0.9414513468938976,0.2200365,0.7879619716008863,0.7596059805635982,0.790819131390874,0.7694603081328328,0.790819131390874,0.790819131390874,0.11687551,-0.03855469822883606,0.1562833935022354,0.11772870272397995,-1,True,0.1,0.6850506459593184
580,30,GENE:G0030,G0030,144,GENE:G0144,G0144,PPI,0.7902501374381529,0.039478913,0.039478913,0.8636613523914238,0.06932711,0.4581641296512756,0.4212507692943828,0.7902501374381529,0.4256980998027148,0.7902501374381529,0.7902501374381529,0.039478913,0.11737060546875,0.2015816867351532,0.3189523220062256,1,True,0.1,0.6850506459593184
461,46,GENE:G0046,G0046,26,GENE:G0026,G0026,PPI,0.7887410665200659,0.10055417,0.10055417,0.9389774601429357,0.19645783,0.7584065079596356,0.7527062599473003,0.7887410665200659,0.7519082889465497,0.7887410665200659,0.7887410665200659,0.10055417,0.05214512720704079,0.1446128487586975,0.19675800204277039,1,True,0.1,0.6850506459593184
1418,82,GENE:G0082,G0082,92,GENE:G0092,G0092,PPI,0.7874505222649808,0.13369732,0.13369732,0.8897746014293568,0.23706129,0.8036806964192738,0.5125866297247942,0.7874505222649808,0.6242724589472339,0.7874505222649808,0.7874505222649808,0.13369732,-0.017223572358489037,0.13977867364883423,0.12255511432886124,-1,True,0.1,0.6850506459593184
560,30,GENE:G0030,G0030,47,GENE:G0047,G0047,PPI,0.7869928532160528,0.027585164,0.027585164,0.7949422759758109,0.043346375,0.21995187702745386,0.41478165307288273,0.7869928532160528,0.3305197491106694,0.7869928532160528,0.7869928532160528,0.027585164,-0.01426142081618309,0.19982503354549408,0.18556365370750427,-1,True,0.1,0.6850506459593184
190,11,GENE:G0011,G0011,12,GENE:G0012,G0012,PPI,0.779872182517867,0.12056236,0.12056236,0.8617372182517867,0.21918017,0.8548136039472177,0.751343931585338,0.779872182517867,0.7980073405460367,0.779872182517867,0.779872182517867,0.12056236,0.10386008024215698,0.3517214059829712,0.45558151602745056,1,True,0.1,0.6850506459593184
1693,137,GENE:G0137,G0137,134,GENE:G0134,G0134,PPI,0.7798172072567345,0.07790321,0.07790321,0.84304562946674,0.14896555,0.7024607941767239,0.7091737717907882,0.7798172072567345,0.7122078767130532,0.7798172072567345,0.7798172072567345,0.07790321,-0.05684991180896759,0.33652275800704956,0.2796728312969208,-1,True,0.1,0.6850506459593184
1697,177,GENE:G0177,G0177,136,GENE:G0136,G0136,PPI,0.7779659153380978,0.050953764,0.050953764,0.793842770753161,0.09243222,0.6445497109506956,0.5001209455744915,0.7779659153380978,0.5451684566562415,0.7779659153380978,0.7779659153380978,0.050953764,-0.0766080766916275,1.0329574346542358,0.9563493132591248,-1,True,0.1,0.6850506459593184
1809,196,GENE:G0196,G0196,181,GENE:G0181,G0181,PPI,0.777456019791094,0.11776876,0.11776876,0.8227047828477185,0.16100186,0.7104160422448321,0.6169051690753212,0.777456019791094,0.672646107014104,0.777456019791094,0.777456019791094,0.11776876,0.0,2.0,2.0,0,True,0.1,0.6850506459593184
430,25,GENE:G0025,G0025,59,GENE:G0059,G0059,PPI,0.7769241341396371,0.060964826,0.060964826,0.7847718526663001,0.12192913,0.1064700362671402,0.22765147996673238,0.7769241341396371,0.19307378442109696,0.7769241341396371,0.7769241341396371,0.060964826,-0.016175854951143265,0.09912838041782379,0.08295253664255142,-1,True,0.1,0.6850506459593184
354,21,GENE:G0021,G0021,122,GENE:G0122,G0122,PPI,0.7753140461792193,0.03610928,0.03610928,0.8118471687740516,0.06689333,0.37553428183168297,0.6708555038236383,0.7753140461792193,0.5448936029490858,0.7753140461792193,0.7753140461792193,0.03610928,0.000389928522054106,0.3259446322917938,0.32633453607559204,1,True,0.1,0.6850506459593184
1330,74,GENE:G0074,G0074,77,GENE:G0077,G0077,PPI,0.7752336448598132,0.23967865,0.23967865,0.9813084112149533,0.4697368,0.48436374958745676,0.634975548402939,0.7752336448598132,0.5942443694325117,0.7752336448598132,0.7752336448598132,0.23967865,-0.017102044075727463,0.11845038086175919,0.10134833306074142,-1,True,0.1,0.6850506459593184
97,49,GENE:G0049,G0049,4,GENE:G0004,G0004,PPI,0.7748982957669048,0.06720753,0.06720753,0.9010445299615173,0.091232255,0.6175059332549211,0.6140339161363374,0.7748982957669048,0.6093361385174972,0.7748982957669048,0.7748982957669048,0.06720753,-0.050813645124435425,0.21524150669574738,0.16442787647247314,-1,True,0.1,0.6850506459593184
655,192,GENE:G0192,G0192,33,GENE:G0033,G0033,PPI,0.7743691588785048,0.10277298,0.10277298,0.8282023089609676,0.1917116,0.7654589330156033,0.29964446524504273,0.7743691588785048,0.47654776929274867,0.7743691588785048,0.7743691588785048,0.10277298,0.03526434302330017,0.18727965652942657,0.22254405915737152,1,True,0.1,0.6850506459593184
1779,174,GENE:G0174,G0174,158,GENE:G0158,G0158,PPI,0.7737328202308961,0.09493212,0.09493212,0.9211105002748763,0.18585685,0.7242403287843582,0.5663144367795043,0.7737328202308961,0.6165557927643319,0.7737328202308961,0.7737328202308961,0.09493212,-0.021412421017885208,0.4103430509567261,0.38893067836761475,-1,True,0.1,0.6850506459593184
40,1,GENE:G0001,G0001,94,GENE:G0094,G0094,PPI,0.773459318306762,0.06311005,0.06311005,0.894172622319956,0.108467415,0.5799387661959234,0.6678966722149206,0.773459318306762,0.6320189239991247,0.773459318306762,0.773459318306762,0.06311005,0.008733709342777729,0.1224534884095192,0.13118721544742584,1,True,0.1,0.6850506459593184
1598,114,GENE:G0114,G0114,142,GENE:G0142,G0142,PPI,0.7727803738317757,0.060257506,0.060257506,0.8831775700934579,0.101770535,0.6278627383621029,0.6634862310861822,0.7727803738317757,0.6420434207294616,0.7727803738317757,0.7727803738317757,0.060257506,-0.028860345482826233,0.33106595277786255,0.30220553278923035,-1,True,0.1,0.6850506459593184
399,165,GENE:G0165,G0165,23,GENE:G0023,G0023,PPI,0.7721619021440351,0.056762513,0.056762513,0.9359538207806487,0.11144385,0.4395478879428236,0.7556052059327284,0.7721619021440351,0.6302092802081692,0.7721619021440351,0.7721619021440351,0.056762513,0.04208476468920708,0.18559449911117554,0.2276792675256729,1,True,0.1,0.6850506459593184
1088,56,GENE:G0056,G0056,96,GENE:G0096,G0096,PPI,0.7696261682242991,0.060567282,0.060567282,0.8551401869158879,0.10689766,0.44190715635646033,0.30891754316621356,0.7696261682242991,0.3724680243681447,0.7696261682242991,0.7696261682242991,0.060567282,0.11600116640329361,0.1467745453119278,0.262775719165802,1,True,0.1,0.6850506459593184
1683,140,GENE:G0140,G0140,131,GENE:G0131,G0131,PPI,0.7681267179769103,0.03587162,0.03587162,0.779824079164376,0.064711794,0.48056433883388083,0.6475357884854929,0.7681267179769103,0.5693749306092708,0.7681267179769103,0.7681267179769103,0.03587162,0.08033044636249542,0.49160680174827576,0.5719372630119324,1,True,0.1,0.6850506459593184
1587,132,GENE:G0132,G0132,112,GENE:G0112,G0112,PPI,0.7679164376030786,0.028445942,0.028445942,0.8169323804288071,0.05092326,0.25765312813066776,0.3265686552136529,0.7679164376030786,0.2924051227003277,0.7679164376030786,0.7679164376030786,0.028445942,-0.033874232321977615,0.3355671167373657,0.3016928732395172,-1,True,0.1,0.6850506459593184
527,43,GENE:G0043,G0043,29,GENE:G0029,G0029,PPI,0.7667605827377679,0.04994842,0.04994842,0.7864211105002749,0.061657578,0.45085899322925893,0.7588556233309943,0.7667605827377679,0.6533844416738683,0.7667605827377679,0.7667605827377679,0.04994842,-0.008654422126710415,0.1013694778084755,0.0927150547504425,-1,True,0.1,0.6850506459593184
1426,83,GENE:G0083,G0083,94,GENE:G0094,G0094,PPI,0.7657998900494778,0.04077525,0.04077525,0.8653106102253986,0.07395024,0.5061225286183373,0.7166292255282183,0.7657998900494778,0.6159923189029095,0.7657998900494778,0.7657998900494778,0.04077525,-0.038538478314876556,0.14652658998966217,0.10798808932304382,-1,True,0.1,0.6850506459593184
789,60,GENE:G0060,G0060,41,GENE:G0041,G0041,PPI,0.7655964815832875,0.05148293,0.05148293,0.8554150632215503,0.094096616,0.6112825830941856,0.7416996161954259,0.7655964815832875,0.6824955035309843,0.7655964815832875,0.7655964815832875,0.05148293,0.020217616111040115,0.1423427313566208,0.162560373544693,1,True,0.1,0.6850506459593184
846,43,GENE:G0043,G0043,93,GENE:G0093,G0093,PPI,0.7632765255634965,0.04204907,0.04204907,0.782847718526663,0.0625978,0.476609832841535,0.5680368075986487,0.7632765255634965,0.5278183966008537,0.7632765255634965,0.7632765255634965,0.04204907,0.012579512782394886,0.26673758029937744,0.27931711077690125,1,True,0.1,0.6850506459593184
252,17,GENE:G0017,G0017,26,GENE:G0026,G0026,PPI,0.7594310060472788,0.10309469,0.10309469,0.8779549202858714,0.19451581,0.7160563955341639,0.750600112695465,0.7594310060472788,0.7517225716163637,0.7594310060472788,0.7594310060472788,0.10309469,0.02265910618007183,0.15614716708660126,0.17880626022815704,1,True,0.1,0.6850506459593184
227,111,GENE:G0111,G0111,13,GENE:G0013,G0013,PPI,0.7591863661352392,0.06414088,0.06414088,0.7908191313908741,0.11764804,0.5945180613854331,0.7037845974944767,0.7591863661352392,0.6765282516569673,0.7591863661352392,0.7591863661352392,0.06414088,0.02442275360226631,0.19190235435962677,0.2163250744342804,1,True,0.1,0.6850506459593184
1211,88,GENE:G0088,G0088,65,GENE:G0065,G0065,PPI,0.7590544255085212,0.044713702,0.044713702,0.862561847168774,0.06823152,0.40753302583131806,0.4357431609753573,0.7590544255085212,0.41827807721608457,0.7590544255085212,0.7590544255085212,0.044713702,-0.03460110351443291,0.21361508965492249,0.17901401221752167,-1,True,0.1,0.6850506459593184
1356,76,GENE:G0076,G0076,97,GENE:G0097,G0097,PPI,0.7569928532160528,0.08545211,0.08545211,0.9582188015393073,0.16920346,0.39234848375583814,0.6316253885970535,0.7569928532160528,0.5484060302748575,0.7569928532160528,0.7569928532160528,0.08545211,0.0239428598433733,0.1283612847328186,0.15230415761470795,1,True,0.1,0.6850506459593184
1434,83,GENE:G0083,G0083,179,GENE:G0179,G0179,PPI,0.7566794942275976,0.08869463,0.08869463,0.945849367784497,0.16970684,0.7723355449941838,0.6794333004009884,0.7566794942275976,0.7014183897942307,0.7566794942275976,0.7566794942275976,0.08869463,-0.10937432944774628,1.0540764331817627,0.9447020888328552,-1,True,0.1,0.6850506459593184
1677,145,GENE:G0145,G0145,130,GENE:G0130,G0130,PPI,0.7548790544255085,0.061361574,0.061361574,0.8933479934029687,0.11782476,0.7100089722605966,0.75264237082939,0.7548790544255085,0.7258218662266417,0.7548790544255085,0.7548790544255085,0.061361574,-0.033889446407556534,0.2876131534576416,0.253723680973053,-1,True,0.1,0.6850506459593184
161,45,GENE:G0045,G0045,9,GENE:G0009,G0009,PPI,0.754304562946674,0.12280325,0.12280325,0.7857339197361188,0.22403422,0.7090239032602348,0.5988096708938098,0.754304562946674,0.6596010923963802,0.754304562946674,0.754304562946674,0.12280325,-0.031171727925539017,0.18901975452899933,0.1578480303287506,-1,True,0.1,0.6850506459593184
1774,157,GENE:G0157,G0157,163,GENE:G0163,G0163,PPI,0.7542495876855415,0.06468592,0.06468592,0.8334249587685542,0.12119732,0.7902077798781282,0.700225775435364,0.7542495876855415,0.7262575931481108,0.7542495876855415,0.7542495876855415,0.06468592,-0.10623414069414139,0.38508719205856323,0.27885305881500244,-1,True,0.1,0.6850506459593184
772,39,GENE:G0039,G0039,89,GENE:G0089,G0089,PPI,0.7541726223199559,0.029604834,0.029604834,0.7855964815832874,0.046277415,0.3509711969003917,0.6276910971725377,0.7541726223199559,0.4943087522597734,0.7541726223199559,0.7541726223199559,0.029604834,-0.031537000089883804,0.19325681030750275,0.16171984374523163,-1,True,0.1,0.6850506459593184
848,43,GENE:G0043,G0043,96,GENE:G0096,G0096,PPI,0.7520492028587136,0.09873971,0.09873971,0.922759758108851,0.19208276,0.23884104656568905,0.7309923188359867,0.7520492028587136,0.5859998497611162,0.7520492028587136,0.7520492028587136,0.09873971,-0.009698690846562386,0.16083426773548126,0.15113559365272522,-1,True,0.1,0.6850506459593184
1470,87,GENE:G0087,G0087,182,GENE:G0182,G0182,PPI,0.7507627817482134,0.05410407,0.05410407,0.820505772402419,0.09005302,0.508321153955786,0.29886577829980704,0.7507627817482134,0.3764126485077693,0.7507627817482134,0.7507627817482134,0.05410407,0.07092797011137009,0.9875125288963318,1.0584404468536377,1,True,0.1,0.6850506459593184
264,17,GENE:G0017,G0017,194,GENE:G0194,G0194,PPI,0.7505552501374382,0.07870896,0.07870896,0.8433205057724025,0.13540763,0.47304839799559,0.3280289128057559,0.7505552501374382,0.3804573611450601,0.7505552501374382,0.7505552501374382,0.07870896,0.06431925296783447,0.46442002058029175,0.5287392139434814,1,True,0.1,0.6850506459593184
282,19,GENE:G0019,G0019,71,GENE:G0071,G0071,PPI,0.7500013743815283,0.14182839,0.14182839,0.8875755909840571,0.26802915,0.7891663285924437,0.5995571474655204,0.7500013743815283,0.6673826773310019,0.7500013743815283,0.7500013743815283,0.14182839,-0.0006392158102244139,0.08767329156398773,0.08703407645225525,-1,True,0.1,0.6850506459593184
1213,103,GENE:G0103,G0103,65,GENE:G0065,G0065,PPI,0.7492660802638813,0.086910784,0.086910784,0.8056624518966465,0.14753632,0.38101213286183705,0.5410849660302606,0.7492660802638813,0.508061345596218,0.7492660802638813,0.7492660802638813,0.086910784,-0.0180895384401083,0.2129802256822586,0.19489069283008575,-1,True,0.1,0.6850506459593184
450,25,GENE:G0025,G0025,144,GENE:G0144,G0144,PPI,0.7488400219901044,0.19681902,0.19681902,0.8862012094557449,0.36908144,0.7467846174165613,0.6414407365995929,0.7488400219901044,0.6879024108709435,0.7488400219901044,0.7488400219901044,0.19681902,-0.018156759440898895,0.2190614938735962,0.2009047120809555,-1,True,0.1,0.6850506459593184
1147,176,GENE:G0176,G0176,59,GENE:G0059,G0059,PPI,0.7486888400219901,0.07642295,0.07642295,0.9186366135239142,0.10771088,0.318884403815289,0.5594074598754754,0.7486888400219901,0.5136462891009913,0.7486888400219901,0.7486888400219901,0.07642295,-0.0021461485885083675,0.0943451002240181,0.09219895303249359,-1,True,0.1,0.6850506459593184
1401,93,GENE:G0093,G0093,81,GENE:G0081,G0081,PPI,0.7480167674546455,0.0644906,0.0644906,0.9409015942825729,0.12500326,0.44138407162827265,0.7456608032799206,0.7480167674546455,0.6310029822466359,0.7480167674546455,0.7480167674546455,0.0644906,-0.024605978280305862,0.13042548298835754,0.10581949353218079,-1,True,0.1,0.6850506459593184
339,44,GENE:G0044,G0044,21,GENE:G0021,G0021,PPI,0.7466410115448049,0.101059906,0.101059906,0.8389224848818032,0.18340677,0.42361726031423913,0.3449797779823737,0.7466410115448049,0.37633726524506134,0.7466410115448049,0.7466410115448049,0.101059906,0.05855913460254669,0.14279471337795258,0.20135384798049927,1,True,0.1,0.6850506459593184
1377,195,GENE:G0195,G0195,78,GENE:G0078,G0078,PPI,0.7450494777350193,0.06447859,0.06447859,0.9431006047278725,0.12394737,0.44484224793928834,0.7112754469001016,0.7450494777350193,0.6098650070821894,0.7450494777350193,0.7450494777350193,0.06447859,-0.025947019457817078,0.11708645522594452,0.09113942086696625,-1,True,0.1,0.6850506459593184
1600,114,GENE:G0114,G0114,143,GENE:G0143,G0143,PPI,0.7445162177020341,0.0385547,0.0385547,0.7636063771302914,0.056405306,0.49818845217917057,0.6285853526303069,0.7445162177020341,0.5706062674561291,0.7445162177020341,0.7445162177020341,0.0385547,-0.0311637781560421,0.25709205865859985,0.22592829167842865,-1,True,0.1,0.6850506459593184
1589,143,GENE:G0143,G0143,112,GENE:G0112,G0112,PPI,0.744300439802089,0.027466185,0.027466185,0.7556349642660802,0.046449084,0.37873472056796564,0.6274500819691997,0.744300439802089,0.5072903520862314,0.744300439802089,0.744300439802089,0.027466185,-0.09108778089284897,0.3722544014453888,0.2811666429042816,-1,True,0.1,0.6850506459593184
1664,128,GENE:G0128,G0128,164,GENE:G0164,G0164,PPI,0.7422113798790544,0.037432786,0.037432786,0.8111599780098955,0.06489013,0.455895960648293,0.5262546879861865,0.7422113798790544,0.48310116353484667,0.7422113798790544,0.7422113798790544,0.037432786,-0.024081766605377197,0.3386248052120209,0.3145430386066437,-1,True,0.1,0.6850506459593184
1257,74,GENE:G0074,G0074,69,GENE:G0069,G0069,PPI,0.7418499175371083,0.11387863,0.11387863,0.9634414513468939,0.21207526,0.22846442948591494,0.26057484782147505,0.7418499175371083,0.2619597114706641,0.7418499175371083,0.7418499175371083,0.11387863,-0.014087284915149212,0.0975811779499054,0.0834939032793045,-1,True,0.1,0.6850506459593184
1476,88,GENE:G0088,G0088,102,GENE:G0102,G0102,PPI,0.7418031885651457,0.049263816,0.049263816,0.862561847168774,0.07343017,0.33661784702680697,0.6547520569942288,0.7418031885651457,0.5382473232744505,0.7418031885651457,0.7418031885651457,0.049263816,-0.04460712522268295,0.34583979845046997,0.3012326955795288,-1,True,0.1,0.6850506459593184
600,31,GENE:G0031,G0031,77,GENE:G0077,G0077,PPI,0.7416094007696535,0.072852924,0.072852924,0.7847718526663001,0.08799145,0.4817375949251546,0.5285425319030039,0.7416094007696535,0.5263287629734545,0.7416094007696535,0.7416094007696535,0.072852924,-6.14396485616453e-05,0.11041329056024551,0.11035184562206268,-1,True,0.1,0.6850506459593184
1812,186,GENE:G0186,G0186,191,GENE:G0191,G0191,PPI,0.7411022539857064,0.04838796,0.04838796,0.8518416712479384,0.07537201,0.5831034691775697,0.6381141353845055,0.7411022539857064,0.603287803406792,0.7411022539857064,0.7411022539857064,0.04838796,0.011713992804288864,0.47164303064346313,0.4833570420742035,1,True,0.1,0.6850506459593184
915,59,GENE:G0059,G0059,48,GENE:G0048,G0048,PPI,0.7409428257284222,0.08367858,0.08367858,0.8768554150632215,0.15535566,0.7378282570974033,0.6473455995061499,0.7409428257284222,0.6756383997226886,0.7409428257284222,0.7409428257284222,0.08367858,-0.026967916637659073,0.16302846372127533,0.13606056571006775,-1,True,0.1,0.6850506459593184
55,23,GENE:G0023,G0023,2,GENE:G0002,G0002,PPI,0.7406713853765805,0.067133486,0.067133486,0.8464815832875205,0.123697795,0.5214410959343427,0.7037770262814566,0.7406713853765805,0.6481341072222329,0.7406713853765805,0.7406713853765805,0.067133486,0.03432691469788551,0.15273116528987885,0.18705806136131287,1,True,0.1,0.6850506459593184
1579,145,GENE:G0145,G0145,109,GENE:G0109,G0109,PPI,0.7399450247388675,0.055336326,0.055336326,0.9191863661352391,0.10475128,0.3897664907493226,0.521592706402062,0.7399450247388675,0.46406910758157494,0.7399450247388675,0.7399450247388675,0.055336326,-0.046431854367256165,0.27159902453422546,0.2251671552658081,-1,True,0.1,0.6850506459593184
1125,60,GENE:G0060,G0060,59,GENE:G0059,G0059,PPI,0.7383878504672898,0.048000593,0.048000593,0.7897196261682243,0.075700104,0.5540872970953219,0.6524393806200515,0.7383878504672898,0.6099251723602293,0.7383878504672898,0.7383878504672898,0.048000593,0.02757388912141323,0.09229320287704468,0.11986709386110306,1,True,0.1,0.6850506459593184
392,23,GENE:G0023,G0023,79,GENE:G0079,G0079,PPI,0.7370148433205058,0.12142031,0.12142031,0.9329301814183617,0.23282501,0.516054684436892,0.40197275653886155,0.7370148433205058,0.46200511925368615,0.7370148433205058,0.7370148433205058,0.12142031,0.022552931681275368,0.12406793236732483,0.14662085473537445,1,True,0.1,0.6850506459593184
1613,125,GENE:G0125,G0125,116,GENE:G0116,G0116,PPI,0.7350673446948873,0.03979145,0.03979145,0.7946673996701484,0.073817946,0.44017330995270465,0.6348641572965649,0.7350673446948873,0.5488114479886029,0.7350673446948873,0.7350673446948873,0.03979145,-0.05591012164950371,0.30228129029273987,0.24637119472026825,-1,True,0.1,0.6850506459593184
61,80,GENE:G0080,G0080,2,GENE:G0002,G0002,PPI,0.7349422759758107,0.06878352,0.06878352,0.8749312809235843,0.13309826,0.6901996093879232,0.7013653470176395,0.7349422759758107,0.6925237399966819,0.7349422759758107,0.7349422759758107,0.06878352,0.05071890354156494,0.15582647919654846,0.2065453976392746,1,True,0.1,0.6850506459593184
132,6,GENE:G0006,G0006,197,GENE:G0197,G0197,PPI,0.7339279824079165,0.0536847,0.0536847,0.8435953820780648,0.071403936,0.5993643045692324,0.5782167920755004,0.7339279824079165,0.5758668336643005,0.7339279824079165,0.7339279824079165,0.0536847,-0.007402462884783745,0.27476218342781067,0.2673596441745758,-1,True,0.1,0.6850506459593184
274,18,GENE:G0018,G0018,92,GENE:G0092,G0092,PPI,0.7338977460142936,0.1340852,0.1340852,0.8949972512369434,0.25216857,0.46707291481224816,0.348589652878251,0.7338977460142936,0.38918686568366917,0.7338977460142936,0.7338977460142936,0.1340852,-0.020140718668699265,0.1565132737159729,0.13637252151966095,-1,True,0.1,0.6850506459593184
1197,85,GENE:G0085,G0085,64,GENE:G0064,G0064,PPI,0.7321646509070918,0.05494305,0.05494305,0.7358438702583837,0.07328086,0.5190881609035851,0.7135314516672765,0.7321646509070918,0.6631263381369495,0.7321646509070918,0.7321646509070918,0.05494305,0.029260659590363503,0.17096081376075745,0.2002214789390564,1,True,0.1,0.6850506459593184
538,29,GENE:G0029,G0029,69,GENE:G0069,G0069,PPI,0.7313152831225949,0.04937685,0.04937685,0.9084661902144036,0.09481728,0.4213346480365022,0.7244697476031154,0.7313152831225949,0.599733457834099,0.7313152831225949,0.7313152831225949,0.04937685,0.047318100929260254,0.08717554807662964,0.1344936639070511,1,True,0.1,0.6850506459593184
1442,84,GENE:G0084,G0084,124,GENE:G0124,G0124,PPI,0.7303490929081914,0.06327106,0.06327106,0.7853216052776251,0.11395214,0.44485792406980024,0.6920416894353436,0.7303490929081914,0.6242218917139617,0.7303490929081914,0.7303490929081914,0.06327106,-0.007472432684153318,0.2040247768163681,0.1965523213148117,-1,True,0.1,0.6850506459593184
731,97,GENE:G0097,G0097,37,GENE:G0037,G0037,PPI,0.7296509070918088,0.13451636,0.13451636,0.8018141836173722,0.23718561,0.39570633277750394,0.15297639640094726,0.7296509070918088,0.2537046919370654,0.7296509070918088,0.7296509070918088,0.13451636,-0.044718220829963684,0.25655654072761536,0.21183830499649048,-1,True,0.1,0.6850506459593184
1808,181,GENE:G0181,G0181,196,GENE:G0196,G0196,PPI,0.729507971412864,0.035029646,0.035029646,0.748213304013194,0.048488658,0.42734582492183976,0.685136271008558,0.729507971412864,0.5732124987855682,0.729507971412864,0.729507971412864,0.035029646,-0.04955419898033142,0.33019179105758667,0.28063762187957764,-1,True,0.1,0.6850506459593184
1155,78,GENE:G0078,G0078,60,GENE:G0060,G0060,PPI,0.7291657504123145,0.02446653,0.02446653,0.7365310610225398,0.035489533,0.22144602945225997,0.6676482425382075,0.7291657504123145,0.45782874939777507,0.7291657504123145,0.7291657504123145,0.02446653,-0.023235386237502098,0.1403542459011078,0.11711884289979935,-1,True,0.1,0.6850506459593184
496,28,GENE:G0028,G0028,33,GENE:G0033,G0033,PPI,0.7284881803188565,0.045294266,0.045294266,0.8884002199010446,0.08167645,0.4669987343528016,0.71503801093128,0.7284881803188565,0.6098244117609725,0.7284881803188565,0.7284881803188565,0.045294266,-0.04079378768801689,0.21836180984973907,0.17756803333759308,-1,True,0.1,0.6850506459593184
760,39,GENE:G0039,G0039,47,GENE:G0047,G0047,PPI,0.727332325453546,0.056596585,0.056596585,0.9035184167124795,0.10816417,0.36210243322799623,0.4778728465955811,0.727332325453546,0.4285669867730757,0.727332325453546,0.727332325453546,0.056596585,-0.046749264001846313,0.21902316808700562,0.1722739189863205,-1,True,0.1,0.6850506459593184
1224,66,GENE:G0066,G0066,91,GENE:G0091,G0091,PPI,0.7271206706981859,0.0645732,0.0645732,0.7946673996701484,0.079721496,0.37653172480502956,0.4058059159248302,0.7271206706981859,0.400355401585949,0.7271206706981859,0.7271206706981859,0.0645732,0.04617685824632645,0.1370026022195816,0.18317945301532745,1,True,0.1,0.6850506459593184
1227,117,GENE:G0117,G0117,66,GENE:G0066,G0066,PPI,0.7270004123144586,0.047428064,0.047428064,0.9031061022539857,0.091737844,0.3429629197877138,0.7110204298758303,0.7270004123144586,0.5657073703497306,0.7270004123144586,0.7270004123144586,0.047428064,-0.0468149371445179,0.1646963357925415,0.1178814098238945,-1,True,0.1,0.6850506459593184
897,89,GENE:G0089,G0089,46,GENE:G0046,G0046,PPI,0.7269681143485431,0.03150427,0.03150427,0.7306212204507971,0.039457455,0.30918682282027377,0.7251392608491184,0.7269681143485431,0.5488957191162898,0.7269681143485431,0.7269681143485431,0.03150427,0.024223925545811653,0.12672719359397888,0.1509511023759842,1,True,0.1,0.6850506459593184
5,46,GENE:G0046,G0046,0,GENE:G0000,G0000,PPI,0.7263358988455195,0.03964965,0.03964965,0.8161077515118197,0.07693695,0.5357681097881045,0.7056383068465544,0.7263358988455195,0.6230996245096848,0.7263358988455195,0.7263358988455195,0.03964965,0.06498079001903534,0.1627069115638733,0.22768770158290863,1,True,0.1,0.6850506459593184
542,29,GENE:G0029,G0029,87,GENE:G0087,G0087,PPI,0.7262012094557448,0.06416193,0.06416193,0.7564595931830675,0.10755396,0.6748639111261251,0.7128402563782426,0.7262012094557448,0.7141785569489643,0.7262012094557448,0.7262012094557448,0.06416193,0.05648649111390114,0.12583602964878082,0.18232254683971405,1,True,0.1,0.6850506459593184
1633,196,GENE:G0196,G0196,120,GENE:G0120,G0120,PPI,0.7261434854315557,0.061386347,0.061386347,0.839472237493128,0.08495906,0.6154636393514126,0.6532259237962014,0.7261434854315557,0.6409995546533117,0.7261434854315557,0.7261434854315557,0.061386347,-0.028262915089726448,0.6657382249832153,0.6374752521514893,-1,True,0.1,0.6850506459593184
1696,136,GENE:G0136,G0136,177,GENE:G0177,G0177,PPI,0.7258905992303463,0.037470132,0.037470132,0.8020890599230346,0.06762417,0.39653739617166955,0.5710062947747919,0.7258905992303463,0.49047602944860363,0.7258905992303463,0.7258905992303463,0.037470132,-0.1045556515455246,0.4151732325553894,0.3106175661087036,-1,True,0.1,0.6850506459593184
841,72,GENE:G0072,G0072,43,GENE:G0043,G0043,PPI,0.724854315557999,0.11926068,0.11926068,0.9175371083012644,0.19980396,0.633400622616874,0.4994049206193227,0.724854315557999,0.5703971153908672,0.724854315557999,0.724854315557999,0.11926068,0.02365974895656109,0.14529438316822052,0.16895414888858795,1,True,0.1,0.6850506459593184
1595,145,GENE:G0145,G0145,113,GENE:G0113,G0113,PPI,0.7236860912589335,0.03219365,0.03219365,0.7273227047828477,0.041301318,0.301083733260841,0.5231670184178764,0.7236860912589335,0.4255250091286292,0.7236860912589335,0.7236860912589335,0.03219365,-0.03097222000360489,0.38753169775009155,0.35655948519706726,-1,True,0.1,0.6850506459593184
1212,65,GENE:G0065,G0065,103,GENE:G0103,G0103,PPI,0.7228449697636065,0.049586583,0.049586583,0.7899945024738868,0.08396727,0.48985600075327834,0.6716579533369498,0.7228449697636065,0.608034324572181,0.7228449697636065,0.7228449697636065,0.049586583,-0.031074533239006996,0.2722243070602417,0.24114976823329926,-1,True,0.1,0.6850506459593184
965,83,GENE:G0083,G0083,50,GENE:G0050,G0050,PPI,0.7227336448598131,0.116029814,0.116029814,0.9447498625618471,0.22846703,0.7029755961649398,0.5573824026651808,0.7227336448598131,0.604208843372114,0.7227336448598131,0.7227336448598131,0.116029814,-0.051595091819763184,0.16704486310482025,0.11544979363679886,-1,True,0.1,0.6850506459593184
207,13,GENE:G0013,G0013,12,GENE:G0012,G0012,PPI,0.7218141836173723,0.1439169,0.1439169,0.9136888400219901,0.25356492,0.6436723474436504,0.6794552927886747,0.7218141836173723,0.6868943925707054,0.7218141836173723,0.7218141836173723,0.1439169,0.00654608616605401,0.3818141520023346,0.38836026191711426,1,True,0.1,0.6850506459593184
242,16,GENE:G0016,G0016,65,GENE:G0065,G0065,PPI,0.7213372732270479,0.05024023,0.05024023,0.779824079164376,0.088660344,0.32316054637770025,0.3968684025733756,0.7213372732270479,0.3694152186442003,0.7213372732270479,0.7213372732270479,0.05024023,0.015697387978434563,0.18079906702041626,0.1964964121580124,1,True,0.1,0.6850506459593184
651,84,GENE:G0084,G0084,33,GENE:G0033,G0033,PPI,0.7181445849367785,0.038047217,0.038047217,0.7891698735568994,0.058638938,0.467534612768758,0.6046040489296557,0.7181445849367785,0.5390727257410379,0.7181445849367785,0.7181445849367785,0.038047217,-0.030805306509137154,0.2011643946170807,0.17035908997058868,-1,True,0.1,0.6850506459593184
996,51,GENE:G0051,G0051,154,GENE:G0154,G0154,PPI,0.7162685541506323,0.04183318,0.04183318,0.8897746014293568,0.07794816,0.36401741776953006,0.5974092715049089,0.7162685541506323,0.49219515759336857,0.7162685541506323,0.7162685541506323,0.04183318,0.044906970113515854,0.26191163063049316,0.30681857466697693,1,True,0.1,0.6850506459593184
1069,66,GENE:G0066,G0066,55,GENE:G0055,G0055,PPI,0.7162396921385377,0.04032956,0.04032956,0.7234744365035735,0.0740325,0.3361492899852657,0.6577850902123253,0.7162396921385377,0.5422988560799442,0.7162396921385377,0.7162396921385377,0.04032956,0.01647750847041607,0.16077469289302826,0.17725221812725067,1,True,0.1,0.6850506459593184
1328,73,GENE:G0073,G0073,153,GENE:G0153,G0153,PPI,0.7158191313908742,0.111191146,0.111191146,0.8837273227047828,0.17421922,0.6223259752839867,0.2637892751757381,0.7158191313908742,0.4170672332738356,0.7158191313908742,0.7158191313908742,0.111191146,-0.09409666806459427,0.5443785190582275,0.45028191804885864,-1,True,0.1,0.6850506459593184
1447,183,GENE:G0183,G0183,84,GENE:G0084,G0084,PPI,0.7150563496426607,0.04705829,0.04705829,0.8172072567344695,0.065195635,0.33599925852612206,0.6257107873405799,0.7150563496426607,0.5231316728511166,0.7150563496426607,0.7150563496426607,0.04705829,-0.039130717515945435,0.16955524682998657,0.13042452931404114,-1,True,0.1,0.6850506459593184
1303,83,GENE:G0083,G0083,72,GENE:G0072,G0072,PPI,0.7133026388125343,0.046147976,0.046147976,0.8441451346893898,0.06685179,0.5821818481639748,0.6231969705590553,0.7133026388125343,0.591552858720349,0.7133026388125343,0.7133026388125343,0.046147976,-0.030394969508051872,0.12288947403430939,0.09249449521303177,-1,True,0.1,0.6850506459593184
1583,168,GENE:G0168,G0168,109,GENE:G0109,G0109,PPI,0.7121055525013743,0.022880565,0.022880565,0.7575590984057174,0.041072205,0.2851946947857142,0.6589893341016457,0.7121055525013743,0.47476138636986753,0.7121055525013743,0.7121055525013743,0.022880565,-0.02781129628419876,0.26222464442253113,0.23441335558891296,-1,True,0.1,0.6850506459593184
283,71,GENE:G0071,G0071,19,GENE:G0019,G0019,PPI,0.7120423309510721,0.15137199,0.15137199,0.9013194062671798,0.27756873,0.5749282459807352,0.709785455762082,0.7120423309510721,0.6860080351315084,0.7120423309510721,0.7120423309510721,0.15137199,-0.023695897310972214,0.22432924807071686,0.20063333213329315,-1,True,0.1,0.6850506459593184
26,1,GENE:G0001,G0001,11,GENE:G0011,G0011,PPI,0.7120340846619021,0.1142843,0.1142843,0.8683342495876856,0.2093678,0.538847604977983,0.4941882385502211,0.7120340846619021,0.517063517409937,0.7120340846619021,0.7120340846619021,0.1142843,-0.03140472248196602,0.22341251373291016,0.19200780987739563,-1,True,0.1,0.6850506459593184
1714,142,GENE:G0142,G0142,172,GENE:G0172,G0172,PPI,0.711412864211105,0.037565637,0.037565637,0.7993402968664101,0.06431006,0.4177473113790432,0.6354126916830449,0.711412864211105,0.5374618448768668,0.711412864211105,0.711412864211105,0.037565637,-0.06480007618665695,0.3641740381717682,0.299373984336853,-1,True,0.1,0.6850506459593184
1068,55,GENE:G0055,G0055,66,GENE:G0066,G0066,PPI,0.711065145684442,0.026350126,0.026350126,0.8034634414513468,0.04843021,0.2604734165945282,0.3963730357732781,0.711065145684442,0.32859326270620903,0.711065145684442,0.711065145684442,0.026350126,0.01326417550444603,0.11395499110221863,0.12721914052963257,1,True,0.1,0.6850506459593184
179,52,GENE:G0052,G0052,10,GENE:G0010,G0010,PPI,0.7106308411214953,0.051537257,0.051537257,0.7600329851566795,0.087884225,0.6844444849170374,0.6755641592003431,0.7106308411214953,0.6751908309664312,0.7106308411214953,0.7106308411214953,0.051537257,-0.033832427114248276,0.34532830119132996,0.3114958703517914,-1,True,0.1,0.6850506459593184
1361,97,GENE:G0097,G0097,77,GENE:G0077,G0077,PPI,0.710092083562397,0.04630183,0.04630183,0.8023639362286971,0.062309463,0.33888293088293536,0.569876126165694,0.710092083562397,0.48494800265937393,0.710092083562397,0.710092083562397,0.04630183,-0.017303302884101868,0.1192757859826088,0.10197250545024872,-1,True,0.1,0.6850506459593184
441,79,GENE:G0079,G0079,25,GENE:G0025,G0025,PPI,0.7099752611324903,0.035464715,0.035464715,0.8207806487080813,0.056407444,0.4537848518444316,0.7017194541354597,0.7099752611324903,0.5863756232504886,0.7099752611324903,0.7099752611324903,0.035464715,-0.017854098230600357,0.13792233169078827,0.12006822228431702,-1,True,0.1,0.6850506459593184
1500,93,GENE:G0093,G0093,174,GENE:G0174,G0174,PPI,0.7092111050027489,0.051191706,0.051191706,0.7968664101154481,0.09239802,0.6376180309708785,0.691049056603531,0.7092111050027489,0.6654398888596479,0.7092111050027489,0.7092111050027489,0.051191706,-0.06604266166687012,0.26787638664245605,0.20183371007442474,-1,True,0.1,0.6850506459593184
825,95,GENE:G0095,G0095,42,GENE:G0042,G0042,PPI,0.7087850467289719,0.03129251,0.03129251,0.7383177570093458,0.048102938,0.38792572178376056,0.562673701599011,0.7087850467289719,0.4776475529067421,0.7087850467289719,0.7087850467289719,0.03129251,-0.02830319106578827,0.1467878669500351,0.11848467588424683,-1,True,0.1,0.6850506459593184
432,25,GENE:G0025,G0025,61,GENE:G0061,G0061,PPI,0.7084249587685542,0.11640269,0.11640269,0.8383727322704784,0.21047877,0.8347925654780582,0.7063259172398891,0.7084249587685542,0.7628990905602366,0.7084249587685542,0.7084249587685542,0.11640269,-0.034466519951820374,0.19021205604076385,0.1557455211877823,-1,True,0.1,0.6850506459593184
1365,86,GENE:G0086,G0086,78,GENE:G0078,G0078,PPI,0.7075494777350193,0.03740635,0.03740635,0.7111050027487631,0.061345264,0.4720066956302101,0.5425293120064052,0.7075494777350193,0.5141485400135409,0.7075494777350193,0.7075494777350193,0.03740635,-0.030561719089746475,0.11145292222499847,0.08089122921228409,-1,True,0.1,0.6850506459593184
1015,116,GENE:G0116,G0116,52,GENE:G0052,G0052,PPI,0.7071935129191863,0.032855865,0.032855865,0.7405167674546453,0.05793016,0.304304696826745,0.6011199309328792,0.7071935129191863,0.47516425818941466,0.7071935129191863,0.7071935129191863,0.032855865,0.028575409203767776,0.1127154752612114,0.14129090309143066,1,True,0.1,0.6850506459593184
196,11,GENE:G0011,G0011,35,GENE:G0035,G0035,PPI,0.7071715228147334,0.04224261,0.04224261,0.8222924683892249,0.058974203,0.408368366736058,0.41065256233252617,0.7071715228147334,0.40202618132416135,0.7071715228147334,0.7071715228147334,0.04224261,0.049830347299575806,0.1519329696893692,0.2017633467912674,1,True,0.1,0.6850506459593184
1164,61,GENE:G0061,G0061,97,GENE:G0097,G0097,PPI,0.7055415063221551,0.02941498,0.02941498,0.7927432655305113,0.053040948,0.3001294012048029,0.5596565335149042,0.7055415063221551,0.4352828008839332,0.7055415063221551,0.7055415063221551,0.02941498,0.06562015414237976,0.11480870097875595,0.1804288625717163,1,True,0.1,0.6850506459593184
1033,69,GENE:G0069,G0069,53,GENE:G0053,G0053,PPI,0.7052707531610776,0.13680798,0.13680798,0.9727872457394173,0.25547823,0.45578895334895037,0.662638794381677,0.7052707531610776,0.6160804453164209,0.7052707531610776,0.7052707531610776,0.13680798,0.008560184389352798,0.08759342133998871,0.0961536094546318,1,True,0.1,0.6850506459593184
1416,82,GENE:G0082,G0082,91,GENE:G0091,G0091,PPI,0.7051161352391423,0.06392715,0.06392715,0.8651731720725673,0.1080918,0.06748969076361035,0.2277148279962766,0.7051161352391423,0.1764808518805614,0.7051161352391423,0.7051161352391423,0.06392715,-0.010841420851647854,0.14010605216026306,0.12926460802555084,-1,True,0.1,0.6850506459593184
270,18,GENE:G0018,G0018,72,GENE:G0072,G0072,PPI,0.7049697636063771,0.03039188,0.03039188,0.7267729521715228,0.052353285,0.3641112437910814,0.6790564488016299,0.7049697636063771,0.5373808104035998,0.7049697636063771,0.7049697636063771,0.03039188,-0.009852448478341103,0.12057416886091232,0.11072171479463577,-1,True,0.1,0.6850506459593184
1763,178,GENE:G0178,G0178,153,GENE:G0153,G0153,PPI,0.7048515667949423,0.032778576,0.032778576,0.7229246838922485,0.0411889,0.4281172406751773,0.6658171660606875,0.7048515667949423,0.559715080556527,0.7048515667949423,0.7048515667949423,0.032778576,0.012601652182638645,0.5094566941261292,0.5220583081245422,1,True,0.1,0.6850506459593184
1780,158,GENE:G0158,G0158,180,GENE:G0180,G0180,PPI,0.7037218251786697,0.014779249,0.014779249,0.7108301264431006,0.027944857,0.13593772794904,0.6672343964721436,0.7037218251786697,0.3951185658441382,0.7037218251786697,0.7037218251786697,0.014779249,-0.06470180302858353,0.3217649459838867,0.2570631504058838,-1,True,0.1,0.6850506459593184
713,73,GENE:G0073,G0073,36,GENE:G0036,G0036,PPI,0.7023089609675646,0.035271645,0.035271645,0.8026388125343595,0.06466733,0.32120028954220914,0.35613564389742053,0.7023089609675646,0.33335291164915815,0.7023089609675646,0.7023089609675646,0.035271645,-0.03308853507041931,0.1574118435382843,0.12432330846786499,-1,True,0.1,0.6850506459593184
317,63,GENE:G0063,G0063,20,GENE:G0020,G0020,PPI,0.7021715228147334,0.03932642,0.03932642,0.720175920835624,0.05426924,0.37069460388728326,0.4926761320109524,0.7021715228147334,0.44388018583527994,0.7021715228147334,0.7021715228147334,0.03932642,-0.008968554437160492,0.08477435261011124,0.07580581307411194,-1,True,0.1,0.6850506459593184
1342,75,GENE:G0075,G0075,89,GENE:G0089,G0089,PPI,0.7019035184167125,0.020525789,0.020525789,0.7199010445299615,0.032226738,0.18716961677987368,0.372770433267645,0.7019035184167125,0.2842167709040575,0.7019035184167125,0.7019035184167125,0.020525789,0.005307595245540142,0.17289718985557556,0.17820480465888977,1,True,0.1,0.6850506459593184
400,23,GENE:G0023,G0023,196,GENE:G0196,G0196,PPI,0.7016272677295217,0.025943235,0.025943235,0.788345244639912,0.049928285,0.2677731960402656,0.5363065824811557,0.7016272677295217,0.4044210965385857,0.7016272677295217,0.7016272677295217,0.025943235,0.06457319855690002,0.2525293529033661,0.3171025216579437,1,True,0.1,0.6850506459593184
1806,178,GENE:G0178,G0178,197,GENE:G0197,G0197,PPI,0.7003573391973612,0.028819876,0.028819876,0.8191313908741067,0.051604323,0.33648722519697777,0.6795705765403081,0.7003573391973612,0.5145169913247721,0.7003573391973612,0.7003573391973612,0.028819876,0.03869811072945595,0.27218520641326904,0.3108832538127899,1,True,0.1,0.6850506459593184
922,48,GENE:G0048,G0048,98,GENE:G0098,G0098,PPI,0.700087960417812,0.048737034,0.048737034,0.8537658053875756,0.08859449,0.46954714001871595,0.5575031873554576,0.700087960417812,0.5147425240958552,0.700087960417812,0.700087960417812,0.048737034,0.04058188572525978,0.20726393163204193,0.24784578382968903,1,True,0.1,0.6850506459593184
1140,59,GENE:G0059,G0059,95,GENE:G0095,G0095,PPI,0.6970437053326003,0.05371867,0.05371867,0.8249037932930181,0.0635539,0.6153804064292292,0.5572223597225229,0.6970437053326003,0.568029296921956,0.6970437053326003,0.6970437053326003,0.05371867,-0.013614051043987274,0.18168726563453674,0.16807322204113007,-1,True,0.1,0.6850506459593184
224,13,GENE:G0013,G0013,84,GENE:G0084,G0084,PPI,0.6937438152831226,0.045450892,0.045450892,0.722649807586586,0.08044464,0.5553048909150721,0.6698460882864926,0.6937438152831226,0.6288375092542814,0.6937438152831226,0.6937438152831226,0.045450892,0.031413231045007706,0.12911933660507202,0.16053259372711182,1,True,0.1,0.6850506459593184
287,84,GENE:G0084,G0084,19,GENE:G0019,G0019,PPI,0.6927762506871908,0.032914575,0.032914575,0.7740516767454646,0.052365214,0.32959950053597786,0.5280598466045353,0.6927762506871908,0.4351379884096906,0.6927762506871908,0.6927762506871908,0.032914575,-0.0371415875852108,0.23494583368301392,0.19780424237251282,-1,True,0.1,0.6850506459593184
36,1,GENE:G0001,G0001,85,GENE:G0085,G0085,PPI,0.6925645959318306,0.02496038,0.02496038,0.69956019791094,0.033995733,0.27774145035835773,0.6068054676789738,0.6925645959318306,0.45814020100400454,0.6925645959318306,0.6925645959318306,0.02496038,0.00280752987600863,0.10424821823835373,0.10705576092004776,1,True,0.1,0.6850506459593184
205,151,GENE:G0151,G0151,11,GENE:G0011,G0011,PPI,0.6920904343045629,0.057413068,0.057413068,0.7820230896096756,0.07405101,0.6827320712970179,0.48242014974645003,0.6920904343045629,0.5576939228508415,0.6920904343045629,0.6920904343045629,0.057413068,0.050337038934230804,0.21372786164283752,0.2640649080276489,1,True,0.1,0.6850506459593184
361,29,GENE:G0029,G0029,22,GENE:G0022,G0022,PPI,0.6919337548103353,0.07696709,0.07696709,0.8188565145684441,0.1274648,0.7683748481348458,0.5757236843522288,0.6919337548103353,0.6409279461456832,0.6919337548103353,0.6919337548103353,0.07696709,0.021654779091477394,0.17736321687698364,0.19901801645755768,1,True,0.1,0.6850506459593184
1305,86,GENE:G0086,G0086,72,GENE:G0072,G0072,PPI,0.6916327652556349,0.14705776,0.14705776,0.7204507971412863,0.217394,0.8378411620424908,0.4322704782847718,0.6916327652556349,0.5929172777377063,0.6916327652556349,0.6916327652556349,0.14705776,-0.031333718448877335,0.12413980811834335,0.09280607849359512,-1,True,0.1,0.6850506459593184
660,34,GENE:G0034,G0034,46,GENE:G0046,G0046,PPI,0.6914293567894447,0.03276737,0.03276737,0.7993402968664101,0.047819495,0.23723828697075794,0.6085232310300168,0.6914293567894447,0.4493345425152028,0.6914293567894447,0.6914293567894447,0.03276737,-0.015187052078545094,0.13465632498264313,0.11946927011013031,-1,True,0.1,0.6850506459593184
1558,106,GENE:G0106,G0106,183,GENE:G0183,G0183,PPI,0.6909180868609125,0.032106213,0.032106213,0.7350192413413963,0.058363754,0.382159255990387,0.6760578963596248,0.6909180868609125,0.5458922592353067,0.6909180868609125,0.6909180868609125,0.032106213,-0.05946917086839676,0.34094369411468506,0.2814745008945465,-1,True,0.1,0.6850506459593184
1543,111,GENE:G0111,G0111,104,GENE:G0104,G0104,PPI,0.6896096756459594,0.06778828,0.06778828,0.8620120945574492,0.12369726,0.1913850920356208,0.1808171824003076,0.6896096756459594,0.18309174368466813,0.6896096756459594,0.6896096756459594,0.06778828,0.025264661759138107,0.3169606626033783,0.3422253429889679,1,True,0.1,0.6850506459593184
193,14,GENE:G0014,G0014,11,GENE:G0011,G0011,PPI,0.6885568993952721,0.11568784,0.11568784,0.8827652556349642,0.2141316,0.6767461195992344,0.5755602387987444,0.6885568993952721,0.6152407813280973,0.6885568993952721,0.6885568993952721,0.11568784,0.018814919516444206,0.2044706493616104,0.22328555583953857,1,True,0.1,0.6850506459593184
1698,137,GENE:G0137,G0137,145,GENE:G0145,G0145,PPI,0.687987905442551,0.04902182,0.04902182,0.8493677844969764,0.07440807,0.32801587277950917,0.5771327532844408,0.687987905442551,0.4829777860007301,0.687987905442551,0.687987905442551,0.04902182,-0.03205801919102669,0.20504827797412872,0.17299024760723114,-1,True,0.1,0.6850506459593184
685,74,GENE:G0074,G0074,35,GENE:G0035,G0035,PPI,0.6876910390324353,0.04112675,0.04112675,0.8386476085761407,0.07533192,0.39351131145622364,0.5632066627163481,0.6876910390324353,0.48755048155482816,0.6876910390324353,0.6876910390324353,0.04112675,-0.03957556560635567,0.19417978823184967,0.1546042263507843,-1,True,0.1,0.6850506459593184
1038,53,GENE:G0053,G0053,91,GENE:G0091,G0091,PPI,0.687319956019791,0.041033372,0.041033372,0.7273227047828477,0.069209315,0.3445770857976548,0.3904747621631651,0.687319956019791,0.37265193088229825,0.687319956019791,0.687319956019791,0.041033372,-0.01152854599058628,0.13909520208835602,0.1275666356086731,-1,True,0.1,0.6850506459593184
691,84,GENE:G0084,G0084,35,GENE:G0035,G0035,PPI,0.6872869708631116,0.0765147,0.0765147,0.8699835074216602,0.14198917,0.47845591741822524,0.4951268676832699,0.6872869708631116,0.4993149260657693,0.6872869708631116,0.6872869708631116,0.0765147,-0.02029401995241642,0.18061181902885437,0.16031776368618011,-1,True,0.1,0.6850506459593184
808,41,GENE:G0041,G0041,193,GENE:G0193,G0193,PPI,0.6872773501924133,0.031181583,0.031181583,0.7122045079714128,0.049720712,0.3462319994357816,0.2664111370042255,0.6872773501924133,0.29849050680824984,0.6872773501924133,0.6872773501924133,0.031181583,-0.12072668969631195,0.5716235041618347,0.45089685916900635,-1,True,0.1,0.6850506459593184
857,64,GENE:G0064,G0064,44,GENE:G0044,G0044,PPI,0.6863056624518967,0.02144084,0.02144084,0.7075316107751513,0.038490135,0.17855754662859055,0.41077983813284635,0.6863056624518967,0.2958659368525262,0.6863056624518967,0.6863056624518967,0.02144084,-0.02960483357310295,0.15060435235500336,0.12099950760602951,-1,True,0.1,0.6850506459593184
603,82,GENE:G0082,G0082,31,GENE:G0031,G0031,PPI,0.6863056624518966,0.114281386,0.114281386,0.959868059373282,0.19723378,0.3309464330250615,0.5593857077799123,0.6863056624518966,0.5005999032955162,0.6863056624518966,0.6863056624518966,0.114281386,-0.015801990404725075,0.08881399780511856,0.07301200181245804,-1,True,0.1,0.6850506459593184
1220,66,GENE:G0066,G0066,88,GENE:G0088,G0088,PPI,0.6859703133589885,0.02956042,0.02956042,0.7707531610775151,0.055304036,0.2800289393117277,0.33321148743646656,0.6859703133589885,0.3030759620778991,0.6859703133589885,0.6859703133589885,0.02956042,0.055388789623975754,0.17546004056930542,0.23084883391857147,1,True,0.1,0.6850506459593184
106,4,GENE:G0004,G0004,185,GENE:G0185,G0185,PPI,0.6855744914788345,0.034265745,0.034265745,0.7451896646509071,0.05814884,0.36912452622025194,0.13371950451950348,0.6855744914788345,0.24993005451340064,0.6855744914788345,0.6855744914788345,0.034265745,0.2655816376209259,0.41996851563453674,0.6855500936508179,1,True,0.1,0.6850506459593184
223,74,GENE:G0074,G0074,13,GENE:G0013,G0013,PPI,0.6849924409015943,0.029248811,0.029248811,0.7486256184716877,0.050943844,0.36293694327834747,0.5188656060119549,0.6849924409015943,0.43828127100638126,0.6849924409015943,0.6849924409015943,0.029248811,-0.057413067668676376,0.22077269852161407,0.163359597325325,-1,False,0.1,0.6850506459593184
1477,102,GENE:G0102,G0102,88,GENE:G0088,G0088,PPI,0.6847512369433755,0.03417418,0.03417418,0.752473886750962,0.06127787,0.25026447873115004,0.5050271529695743,0.6847512369433755,0.3985303703542983,0.6847512369433755,0.6847512369433755,0.03417418,0.00598740391433239,0.16451306641101837,0.1705004721879959,1,False,0.1,0.6850506459593184
188,10,GENE:G0010,G0010,134,GENE:G0134,G0134,PPI,0.6844420010995051,0.018576138,0.018576138,0.6844420010995051,0.033386983,0.1603893015141406,0.4328791299515813,0.6844420010995051,0.2967633462290003,0.6844420010995051,0.6844420010995051,0.018576138,-0.041756559163331985,0.3272364139556885,0.28547990322113037,-1,False,0.1,0.6850506459593184
120,6,GENE:G0006,G0006,17,GENE:G0017,G0017,PPI,0.6838565145684442,0.021662837,0.021662837,0.6907641561297416,0.029167695,0.22915216997123883,0.6483990867496121,0.6838565145684442,0.4486879780786683,0.6838565145684442,0.6838565145684442,0.021662837,-0.06119067594408989,0.2816024422645569,0.2204117625951767,-1,False,0.1,0.6850506459593184
383,32,GENE:G0032,G0032,23,GENE:G0023,G0023,PPI,0.6837451896646509,0.15806028,0.15806028,0.8188565145684442,0.27675784,0.4724336302400852,0.482031139230258,0.6837451896646509,0.5033537715951082,0.6837451896646509,0.6837451896646509,0.15806028,-0.009807062335312366,0.15082786977291107,0.1410207897424698,-1,False,0.1,0.6850506459593184
18,0,GENE:G0000,G0000,116,GENE:G0116,G0116,PPI,0.6827899945024739,0.035441883,0.035441883,0.7671797691039033,0.045890316,0.456498634675075,0.5318498302881992,0.6827899945024739,0.4885554534679478,0.6827899945024739,0.6827899945024739,0.035441883,-0.023051820695400238,0.24197953939437866,0.21892772614955902,-1,False,0.1,0.6850506459593184
1607,183,GENE:G0183,G0183,114,GENE:G0114,G0114,PPI,0.6825068719076416,0.0665504,0.0665504,0.8323254535459044,0.12758179,0.7092846332157674,0.6592206754245303,0.6825068719076416,0.6740945201888627,0.6825068719076416,0.6825068719076416,0.0665504,-0.05216196924448013,0.25756776332855225,0.20540578663349152,-1,False,0.1,0.6850506459593184
486,27,GENE:G0027,G0027,90,GENE:G0090,G0090,PPI,0.6818650357339198,0.043425232,0.043425232,0.7215503023639362,0.065835245,0.5491793671555144,0.5655085762023278,0.6818650357339198,0.5623651607444025,0.6818650357339198,0.6818650357339198,0.043425232,-0.0112895043566823,0.14355988800525665,0.13227039575576782,-1,False,0.1,0.6850506459593184
1233,70,GENE:G0070,G0070,67,GENE:G0067,G0067,PPI,0.6811352391423859,0.029842908,0.029842908,0.6880153930731171,0.035809115,0.29661708423237215,0.46176546625857334,0.6811352391423859,0.39694513900857403,0.6811352391423859,0.6811352391423859,0.029842908,-0.016118856146931648,0.13758186995983124,0.12146299332380295,-1,False,0.1,0.6850506459593184
1219,78,GENE:G0078,G0078,66,GENE:G0066,G0066,PPI,0.6811159978009895,0.21804024,0.21804024,0.9593183067619571,0.28711474,0.47382647651282117,0.3614988369881503,0.6811159978009895,0.40712708891018107,0.6811159978009895,0.6811159978009895,0.21804024,-0.016976162791252136,0.11989957094192505,0.10292338579893112,-1,False,0.1,0.6850506459593184
865,174,GENE:G0174,G0174,44,GENE:G0044,G0044,PPI,0.6807462891698736,0.022112243,0.022112243,0.6841671247938428,0.0363407,0.2980188004975792,0.4825682497716931,0.6807462891698736,0.3986908422982463,0.6807462891698736,0.6807462891698736,0.022112243,-0.03129250928759575,0.1562802791595459,0.12498777359724045,-1,False,0.1,0.6850506459593184
1056,54,GENE:G0054,G0054,64,GENE:G0064,G0064,PPI,0.6803064870808135,0.059462756,0.059462756,0.7199010445299615,0.06514289,0.6496007371496656,0.564215985171008,0.6803064870808135,0.6113435648919938,0.6803064870808135,0.6803064870808135,0.059462756,-0.002298004226759076,0.18529802560806274,0.18300004303455353,-1,False,0.1,0.6850506459593184
699,40,GENE:G0040,G0040,36,GENE:G0036,G0036,PPI,0.6799415887850467,0.113827124,0.113827124,0.8888125343595382,0.17967689,0.7297770639200318,0.48392353229977286,0.6799415887850467,0.5687044163962995,0.6799415887850467,0.6799415887850467,0.113827124,0.05148293077945709,0.12993919849395752,0.1814221441745758,1,False,0.1,0.6850506459593184
1428,83,GENE:G0083,G0083,95,GENE:G0095,G0095,PPI,0.6796261682242991,0.10780584,0.10780584,0.8884002199010446,0.20812804,0.7151293117662418,0.6570408866046273,0.6796261682242991,0.6812072303326202,0.6796261682242991,0.6796261682242991,0.10780584,-0.051620446145534515,0.1992381066083908,0.14761768281459808,-1,False,0.1,0.6850506459593184
1554,106,GENE:G0106,G0106,108,GENE:G0108,G0108,PPI,0.6796206706981859,0.13351974,0.13351974,0.7509620670698186,0.17918292,0.8851100904816477,0.4374797182545521,0.6796206706981859,0.5986136798620254,0.6796206706981859,0.6796206706981859,0.13351974,-0.10308989882469177,0.452962189912796,0.3498722314834595,-1,False,0.1,0.6850506459593184
1159,132,GENE:G0132,G0132,60,GENE:G0060,G0060,PPI,0.6793842770753161,0.12286826,0.12286826,0.9180868609125894,0.2276109,0.7450022569394562,0.611751801775906,0.6793842770753161,0.6566072249143473,0.6793842770753161,0.6793842770753161,0.12286826,-0.012013230472803116,0.13680167496204376,0.12478844821453094,-1,False,0.1,0.6850506459593184
1535,128,GENE:G0128,G0128,102,GENE:G0102,G0102,PPI,0.6793107476635514,0.07362806,0.07362806,0.8879879054425508,0.14241642,0.6659236459174345,0.6237601498458591,0.6793107476635514,0.6324293093467971,0.6793107476635514,0.6793107476635514,0.07362806,-0.015557496808469296,0.3516867756843567,0.3361293077468872,-1,False,0.1,0.6850506459593184
950,49,GENE:G0049,G0049,180,GENE:G0180,G0180,PPI,0.6789444749862561,0.040793788,0.040793788,0.6789444749862561,0.05060641,0.5584378061908654,0.6148103708411055,0.6789444749862561,0.5934153594525605,0.6789444749862561,0.6789444749862561,0.040793788,-0.0461091548204422,0.2926682233810425,0.24655906856060028,-1,False,0.1,0.6850506459593184
546,29,GENE:G0029,G0029,94,GENE:G0094,G0094,PPI,0.6788757559098406,0.05411277,0.05411277,0.7339197361187466,0.08167721,0.6104554220046838,0.6640351491726676,0.6788757559098406,0.6538177615955115,0.6788757559098406,0.6788757559098406,0.05411277,0.05528973042964935,0.12227227538824081,0.17756201326847076,1,False,0.1,0.6850506459593184
1782,159,GENE:G0159,G0159,170,GENE:G0170,G0170,PPI,0.6785005497526113,0.10235469,0.10235469,0.7935678944474986,0.18515448,0.5846365845770363,0.6182958348400396,0.6785005497526113,0.6318529986397616,0.6785005497526113,0.6785005497526113,0.10235469,-0.003709651529788971,0.3440187871456146,0.34030911326408386,-1,False,0.1,0.6850506459593184
58,2,GENE:G0002,G0002,68,GENE:G0068,G0068,PPI,0.678345244639912,0.057024196,0.057024196,0.8323254535459044,0.094544135,0.1920699978264758,0.3005605465541004,0.678345244639912,0.28969944560982414,0.678345244639912,0.678345244639912,0.057024196,-0.004080742597579956,0.11277056485414505,0.1086898148059845,-1,False,0.1,0.6850506459593184
641,42,GENE:G0042,G0042,33,GENE:G0033,G0033,PPI,0.6774945024738868,0.046197888,0.046197888,0.7655305112699285,0.07626182,0.5681534001709695,0.6600453611711671,0.6774945024738868,0.6207965035349176,0.6774945024738868,0.6774945024738868,0.046197888,-0.03375687450170517,0.2109229862689972,0.17716611921787262,-1,False,0.1,0.6850506459593184
1467,110,GENE:G0110,G0110,87,GENE:G0087,G0087,PPI,0.6771220450797142,0.026474934,0.026474934,0.7440901594282573,0.047436103,0.23689292935221384,0.44892754447716937,0.6771220450797142,0.34658802351971196,0.6771220450797142,0.6771220450797142,0.026474934,-0.04491705074906349,0.1727672517299652,0.1278502345085144,-1,False,0.1,0.6850506459593184
1101,64,GENE:G0064,G0064,57,GENE:G0057,G0057,PPI,0.6770079714128642,0.028311437,0.028311437,0.7649807586586036,0.048369624,0.324345602335236,0.5214369449745586,0.6770079714128642,0.4238174866464109,0.6770079714128642,0.6770079714128642,0.028311437,-0.017428932711482048,0.1229739561676979,0.10554501414299011,-1,False,0.1,0.6850506459593184
1181,78,GENE:G0078,G0078,63,GENE:G0063,G0063,PPI,0.6759648158328753,0.029967437,0.029967437,0.6827927432655305,0.053599138,0.22403722596697073,0.5038344262001451,0.6759648158328753,0.3866370534201122,0.6759648158328753,0.6759648158328753,0.029967437,-0.02050016075372696,0.14108699560165405,0.1205868348479271,-1,False,0.1,0.6850506459593184
1804,176,GENE:G0176,G0176,198,GENE:G0198,G0198,PPI,0.6757449147883452,0.05508746,0.05508746,0.8240791643760308,0.07913717,0.501374783173069,0.5381180153546883,0.6757449147883452,0.5210286330781841,0.6757449147883452,0.6757449147883452,0.05508746,0.00573698477819562,0.38012057542800903,0.3858574628829956,1,False,0.1,0.6850506459593184
1094,56,GENE:G0056,G0056,156,GENE:G0156,G0156,PPI,0.6749532710280374,0.04554636,0.04554636,0.733644859813084,0.071965486,0.6031114189779806,0.4478239376708413,0.6749532710280374,0.49609532935481043,0.6749532710280374,0.6749532710280374,0.04554636,0.2354850023984909,0.3540771007537842,0.5895620584487915,1,False,0.1,0.6850506459593184
1627,169,GENE:G0169,G0169,119,GENE:G0119,G0119,PPI,0.6749422759758109,0.07067219,0.07067219,0.8653106102253986,0.12085407,0.6045179954656734,0.5641798635336907,0.6749422759758109,0.5753764676193994,0.6749422759758109,0.6749422759758109,0.07067219,0.07427649199962616,0.3729568421840668,0.4472333490848541,1,False,0.1,0.6850506459593184
787,81,GENE:G0081,G0081,40,GENE:G0040,G0040,PPI,0.6731198460692688,0.028764445,0.028764445,0.739692138537658,0.041058958,0.29674919768785724,0.37998871423375696,0.6731198460692688,0.33802953295982036,0.6731198460692688,0.6731198460692688,0.028764445,-0.04508041962981224,0.1937929093837738,0.14871250092983246,-1,False,0.1,0.6850506459593184
228,14,GENE:G0014,G0014,79,GENE:G0079,G0079,PPI,0.6720395821880154,0.025583588,0.025583588,0.7344694887300715,0.043286577,0.31801850637761275,0.5961431448921658,0.6720395821880154,0.4605057328277897,0.6720395821880154,0.6720395821880154,0.025583588,0.034137412905693054,0.11720576137304306,0.1513431817293167,1,False,0.1,0.6850506459593184
1279,130,GENE:G0130,G0130,70,GENE:G0070,G0070,PPI,0.6716520065970314,0.049195904,0.049195904,0.8501924134139638,0.08627563,0.4699966620092271,0.6522422196891128,0.6716520065970314,0.581126525934815,0.6716520065970314,0.6716520065970314,0.049195904,-0.021129708737134933,0.18863587081432343,0.1675061583518982,-1,False,0.1,0.6850506459593184
194,11,GENE:G0011,G0011,19,GENE:G0019,G0019,PPI,0.6710335349092909,0.023792805,0.023792805,0.7713029136888401,0.04323834,0.26685995559994513,0.3907469585220659,0.6710335349092909,0.3281015609424129,0.6710335349092909,0.6710335349092909,0.023792805,0.05330055579543114,0.19525344669818878,0.24855400621891022,1,False,0.1,0.6850506459593184
1717,184,GENE:G0184,G0184,142,GENE:G0142,G0142,PPI,0.6708686091258934,0.043598842,0.043598842,0.860087960417812,0.07672947,0.5913357236426421,0.6100564554668432,0.6708686091258934,0.5828708351101319,0.6708686091258934,0.6708686091258934,0.043598842,-0.07536222040653229,0.4038313031196594,0.32846903800964355,-1,False,0.1,0.6850506459593184
1757,163,GENE:G0163,G0163,151,GENE:G0151,G0151,PPI,0.6705305112699285,0.023891775,0.023891775,0.7328202308960967,0.042242292,0.2977630814101818,0.5079110356628866,0.6705305112699285,0.4015592246619336,0.6705305112699285,0.6705305112699285,0.023891775,-0.053240884095430374,0.2750668227672577,0.22182592749595642,-1,False,0.1,0.6850506459593184
24,1,GENE:G0001,G0001,9,GENE:G0009,G0009,PPI,0.6684442001099504,0.04508042,0.04508042,0.7957669048927982,0.059166223,0.4284895819593102,0.5259290841471116,0.6684442001099504,0.4817719465868304,0.6684442001099504,0.6684442001099504,0.04508042,-0.020624903962016106,0.18181046843528748,0.16118556261062622,-1,False,0.1,0.6850506459593184
509,66,GENE:G0066,G0066,28,GENE:G0028,G0028,PPI,0.6683205057724025,0.20703208,0.20703208,0.9901044529961518,0.39480805,0.327966746135555,0.5665050288965136,0.6683205057724025,0.49680728255311746,0.6683205057724025,0.6683205057724025,0.20703208,0.0033621699549257755,0.15291154384613037,0.1562737077474594,1,False,0.1,0.6850506459593184
1179,143,GENE:G0143,G0143,62,GENE:G0062,G0062,PPI,0.6681280923584386,0.024601264,0.024601264,0.7724024189114898,0.045998514,0.2765882089622345,0.6445396205957425,0.6681280923584386,0.46539122934137644,0.6681280923584386,0.6681280923584386,0.024601264,-0.04675813764333725,0.18329612910747528,0.13653798401355743,-1,False,0.1,0.6850506459593184
177,192,GENE:G0192,G0192,9,GENE:G0009,G0009,PPI,0.6672814733369984,0.04517327,0.04517327,0.8238042880703683,0.077888384,0.5604065957784962,0.6548078225603656,0.6672814733369984,0.6078226122815833,0.6672814733369984,0.6672814733369984,0.04517327,0.07049549371004105,0.1747828722000122,0.24527829885482788,1,False,0.1,0.6850506459593184
14,0,GENE:G0000,G0000,91,GENE:G0091,G0091,PPI,0.6672196261682243,0.02568912,0.02568912,0.780373831775701,0.045501687,0.34314927072272683,0.6015589013011521,0.6672196261682243,0.4740478216990806,0.6672196261682243,0.6672196261682243,0.02568912,-0.011051553301513195,0.1428278684616089,0.13177631795406342,-1,False,0.1,0.6850506459593184
1794,168,GENE:G0168,G0168,198,GENE:G0198,G0198,PPI,0.6669337548103353,0.03475383,0.03475383,0.7369433754810335,0.064314306,0.19752898353583548,0.27600964464359956,0.6669337548103353,0.240135969048824,0.6669337548103353,0.6669337548103353,0.03475383,-0.0620596781373024,0.428907573223114,0.366847962141037,-1,False,0.1,0.6850506459593184
793,71,GENE:G0071,G0071,41,GENE:G0041,G0041,PPI,0.6665269378779549,0.04246654,0.04246654,0.6836173721825178,0.062284295,0.20632608631721197,0.22890976449796457,0.6665269378779549,0.22200262493657205,0.6665269378779549,0.6665269378779549,0.04246654,-0.01165179256349802,0.13883811235427856,0.1271863579750061,-1,False,0.1,0.6850506459593184
1374,78,GENE:G0078,G0078,113,GENE:G0113,G0113,PPI,0.6664857064321055,0.03111052,0.03111052,0.8078614623419461,0.049511947,0.34709731429910645,0.65012773528067,0.6664857064321055,0.5069515078435683,0.6664857064321055,0.6664857064321055,0.03111052,0.060554079711437225,0.3781023323535919,0.4386565089225769,1,False,0.1,0.6850506459593184
494,28,GENE:G0028,G0028,30,GENE:G0030,G0030,PPI,0.6656239692138538,0.029654324,0.029654324,0.6723474436503574,0.049094718,0.0656710674516582,0.19503871103279422,0.6656239692138538,0.14195914427779774,0.6656239692138538,0.6656239692138538,0.029654324,-0.016126779839396477,0.10368888080120087,0.08756211400032043,-1,False,0.1,0.6850506459593184
420,24,GENE:G0024,G0024,105,GENE:G0105,G0105,PPI,0.6646371632765256,0.058741454,0.058741454,0.7185266630016492,0.08523919,0.4947881124295279,0.4959265614619987,0.6646371632765256,0.5064827391788244,0.6646371632765256,0.6646371632765256,0.058741454,0.038156233727931976,0.3142532706260681,0.3524095118045807,1,False,0.1,0.6850506459593184
338,21,GENE:G0021,G0021,44,GENE:G0044,G0044,PPI,0.6645162177020341,0.12341107,0.12341107,0.880153930731171,0.16840339,0.27150572416886376,0.632961645217041,0.6645162177020341,0.5465871891110394,0.6645162177020341,0.6645162177020341,0.12341107,-0.0061857569962739944,0.1395840048789978,0.13339824974536896,-1,False,0.1,0.6850506459593184
1608,115,GENE:G0115,G0115,174,GENE:G0174,G0174,PPI,0.6642935678944475,0.033096913,0.033096913,0.7861462341946124,0.05587613,0.4934969716936831,0.6024542815234584,0.6642935678944475,0.5388261734849922,0.6642935678944475,0.6642935678944475,0.033096913,0.01555586326867342,0.235667884349823,0.25122368335723877,1,False,0.1,0.6850506459593184
281,69,GENE:G0069,G0069,19,GENE:G0019,G0019,PPI,0.6626236943375481,0.021984572,0.021984572,0.757284222100055,0.03938516,0.21557119634475833,0.3714747352790706,0.6626236943375481,0.2947447206942787,0.6626236943375481,0.6626236943375481,0.021984572,-0.0046729049645364285,0.23293925821781158,0.22826635837554932,-1,False,0.1,0.6850506459593184
85,71,GENE:G0071,G0071,3,GENE:G0003,G0003,PPI,0.6608466190214404,0.022833792,0.022833792,0.7509620670698186,0.042244494,0.2619254403238457,0.6551901958412704,0.6608466190214404,0.46258992739154,0.6608466190214404,0.6608466190214404,0.022833792,0.017062000930309296,0.27765005826950073,0.29471203684806824,1,False,0.1,0.6850506459593184
1014,52,GENE:G0052,G0052,116,GENE:G0116,G0116,PPI,0.6602226498075865,0.027042907,0.027042907,0.7460142935678944,0.04689309,0.34368245095824795,0.4707876274523137,0.6602226498075865,0.40588361474878804,0.6602226498075865,0.6602226498075865,0.027042907,-0.005381908267736435,0.23361274600028992,0.22823083400726318,-1,False,0.1,0.6850506459593184
166,9,GENE:G0009,G0009,76,GENE:G0076,G0076,PPI,0.659960142935679,0.029346688,0.029346688,0.6632765255634965,0.05239546,0.2975274201275833,0.6465585413858603,0.659960142935679,0.49927581031172613,0.659960142935679,0.659960142935679,0.029346688,0.020395910367369652,0.208156019449234,0.2285519242286682,1,False,0.1,0.6850506459593184
997,154,GENE:G0154,G0154,51,GENE:G0051,G0051,PPI,0.6594502473886751,0.14296393,0.14296393,0.8911489829576691,0.22152656,0.859184722250735,0.5913228460634703,0.6594502473886751,0.6803304995701295,0.6594502473886751,0.6594502473886751,0.14296393,-0.033431295305490494,0.12319085747003555,0.08975956588983536,-1,False,0.1,0.6850506459593184
653,134,GENE:G0134,G0134,33,GENE:G0033,G0033,PPI,0.6590654205607476,0.034362122,0.034362122,0.8037383177570093,0.063391775,0.517159274218498,0.6067558916296167,0.6590654205607476,0.5500447580511846,0.6590654205607476,0.6590654205607476,0.034362122,-0.01735672540962696,0.20343603193759918,0.18607932329177856,-1,False,0.1,0.6850506459593184
396,23,GENE:G0023,G0023,92,GENE:G0092,G0092,PPI,0.658758933479934,0.08838125,0.08838125,0.7704782847718527,0.158541,0.601920938245345,0.6087022267056371,0.658758933479934,0.6288036439425859,0.658758933479934,0.658758933479934,0.08838125,0.013787721283733845,0.12960456311702728,0.14339229464530945,1,False,0.1,0.6850506459593184
1082,56,GENE:G0056,G0056,59,GENE:G0059,G0059,PPI,0.6578807036833425,0.03446652,0.03446652,0.7561847168774052,0.046587683,0.4508261943064226,0.518303810687423,0.6578807036833425,0.4768758288038391,0.6578807036833425,0.6578807036833425,0.03446652,0.050725799053907394,0.08579883724451065,0.13652461767196655,1,False,0.1,0.6850506459593184
1237,99,GENE:G0099,G0099,67,GENE:G0067,G0067,PPI,0.6575590984057175,0.020158827,0.020158827,0.7306212204507971,0.034062814,0.2224539590413968,0.5860930311494357,0.6575590984057175,0.4064469344998769,0.6575590984057175,0.6575590984057175,0.020158827,0.022348811849951744,0.12873831391334534,0.15108712017536163,1,False,0.1,0.6850506459593184
401,196,GENE:G0196,G0196,23,GENE:G0023,G0023,PPI,0.6574285321605278,0.021226838,0.021226838,0.7600329851566795,0.03882759,0.24770265945995373,0.5677019055254398,0.6574285321605278,0.41010417041697195,0.6574285321605278,0.6574285321605278,0.021226838,-0.024299297481775284,0.1638806313276291,0.1395813226699829,-1,False,0.1,0.6850506459593184
1044,53,GENE:G0053,G0053,107,GENE:G0107,G0107,PPI,0.6574147883452447,0.029940892,0.029940892,0.6742715777899946,0.03301527,0.3675309624589082,0.5629763904632386,0.6574147883452447,0.47459552673310407,0.6574147883452447,0.6574147883452447,0.029940892,-0.0119683388620615,0.21077395975589752,0.19880566000938416,-1,False,0.1,0.6850506459593184
451,144,GENE:G0144,G0144,25,GENE:G0025,G0025,PPI,0.6563592633315007,0.07143753,0.07143753,0.9310060472787245,0.1141409,0.20252127591073618,0.6398592634664705,0.6563592633315007,0.49285878772474734,0.6563592633315007,0.6563592633315007,0.07143753,0.011323490180075169,0.1257621794939041,0.13708564639091492,1,False,0.1,0.6850506459593184
1430,83,GENE:G0083,G0083,137,GENE:G0137,G0137,PPI,0.6562067069818581,0.027107008,0.027107008,0.754260582737768,0.037505295,0.37366952936551856,0.5650161947386521,0.6562067069818581,0.46676816200483434,0.6562067069818581,0.6562067069818581,0.027107008,-0.054243769496679306,0.22900588810443878,0.17476209998130798,-1,False,0.1,0.6850506459593184
107,185,GENE:G0185,G0185,4,GENE:G0004,G0004,PPI,0.6557861462341947,0.052883424,0.052883424,0.8743815283122596,0.097115256,0.4485462473634654,0.646983248420615,0.6557861462341947,0.5671910957630176,0.6557861462341947,0.6557861462341947,0.052883424,-0.034975532442331314,0.2208380550146103,0.18586254119873047,-1,False,0.1,0.6850506459593184
1141,95,GENE:G0095,G0095,59,GENE:G0059,G0059,PPI,0.6554686641011545,0.076085836,0.076085836,0.7666300164925783,0.1324639,0.5645709589667518,0.48078154943207696,0.6554686641011545,0.5204638490481562,0.6554686641011545,0.6554686641011545,0.076085836,-0.013161138631403446,0.09440210461616516,0.08124096691608429,-1,False,0.1,0.6850506459593184
1721,192,GENE:G0192,G0192,143,GENE:G0143,G0143,PPI,0.6552281473336998,0.06646276,0.06646276,0.7122045079714128,0.108134456,0.47411233233254196,0.4757398170599101,0.6552281473336998,0.49484932102957213,0.6552281473336998,0.6552281473336998,0.06646276,0.1811671257019043,0.21823064982891083,0.39939773082733154,1,False,0.1,0.6850506459593184
545,89,GENE:G0089,G0089,29,GENE:G0029,G0029,PPI,0.6544103903243541,0.041769102,0.041769102,0.6643760307861463,0.06969193,0.5143340808037449,0.6460523156244785,0.6544103903243541,0.6048296760790177,0.6544103903243541,0.6544103903243541,0.041769102,0.025701837614178658,0.09641499817371368,0.12211683392524719,1,False,0.1,0.6850506459593184
1604,114,GENE:G0114,G0114,182,GENE:G0182,G0182,PPI,0.6541822429906542,0.06934947,0.06934947,0.7149532710280373,0.11589731,0.5617900937811064,0.2604187234029474,0.6541822429906542,0.3704015456327971,0.6541822429906542,0.6541822429906542,0.06934947,-0.07092798501253128,1.0124874114990234,0.9415595531463623,-1,False,0.1,0.6850506459593184
1588,112,GENE:G0112,G0112,143,GENE:G0143,G0143,PPI,0.653679219351292,0.022366296,0.022366296,0.7144035184167126,0.03417055,0.22397241154513353,0.31315819354807745,0.653679219351292,0.2676972392875894,0.653679219351292,0.653679219351292,0.022366296,-0.003898508846759796,0.24503286182880402,0.24113434553146362,-1,False,0.1,0.6850506459593184
33,41,GENE:G0041,G0041,1,GENE:G0001,G0001,PPI,0.6536476085761408,0.032093156,0.032093156,0.8119846069268829,0.054456383,0.27779531735797014,0.5402901887736969,0.6536476085761408,0.41898328804309415,0.6536476085761408,0.6536476085761408,0.032093156,-0.046983927488327026,0.1724192500114441,0.12543532252311707,-1,False,0.1,0.6850506459593184
78,3,GENE:G0003,G0003,31,GENE:G0031,G0031,PPI,0.6506610775151181,0.022722978,0.022722978,0.653930731170973,0.03949231,0.2496387882309474,0.618820286309005,0.6506610775151181,0.4445801614751667,0.6506610775151181,0.6506610775151181,0.022722978,0.031181583181023598,0.07706430554389954,0.10824588686227798,1,False,0.1,0.6850506459593184
220,13,GENE:G0013,G0013,70,GENE:G0070,G0070,PPI,0.6501415612974162,0.04202898,0.04202898,0.6737218251786696,0.07219906,0.5965247053876536,0.6083767768496964,0.6501415612974162,0.6024289060461803,0.6501415612974162,0.6501415612974162,0.04202898,0.03427666053175926,0.15749140083789825,0.191768079996109,1,False,0.1,0.6850506459593184
1574,108,GENE:G0108,G0108,185,GENE:G0185,G0185,PPI,0.6491520065970313,0.03823153,0.03823153,0.7461517317207257,0.04592616,0.5317514509093417,0.6378615452061532,0.6491520065970313,0.5845559768629256,0.6491520065970313,0.6491520065970313,0.03823153,-0.05174300819635391,0.5037872195243835,0.45204418897628784,-1,False,0.1,0.6850506459593184
1591,158,GENE:G0158,G0158,112,GENE:G0112,G0112,PPI,0.6482957669048929,0.022679754,0.022679754,0.7284222100054976,0.04151045,0.33137079699457783,0.591145029664373,0.6482957669048929,0.4609107478843533,0.6482957669048929,0.6482957669048929,0.022679754,-0.06741133332252502,0.3737049102783203,0.3062935173511505,-1,False,0.1,0.6850506459593184
288,19,GENE:G0019,G0019,144,GENE:G0144,G0144,PPI,0.648001649257834,0.039316837,0.039316837,0.7240241891148983,0.06641069,0.34639409920996445,0.32490459437507113,0.648001649257834,0.32833905407525615,0.648001649257834,0.648001649257834,0.039316837,-0.0066742361523211,0.21442419290542603,0.20774997770786285,-1,False,0.1,0.6850506459593184
790,41,GENE:G0041,G0041,70,GENE:G0070,G0070,PPI,0.6475769653655854,0.07868371,0.07868371,0.6852666300164926,0.11848616,0.6869790531382488,0.6032292810205361,0.6475769653655854,0.667948606590891,0.6475769653655854,0.6475769653655854,0.07868371,-0.0401744470000267,0.2031061053276062,0.1629316657781601,-1,False,0.1,0.6850506459593184
1385,96,GENE:G0096,G0096,79,GENE:G0079,G0079,PPI,0.6474986256184716,0.09485024,0.09485024,0.8576140736668498,0.14939992,0.4820342681175526,0.5867609727021841,0.6474986256184716,0.567709763619238,0.6474986256184716,0.6474986256184716,0.09485024,-0.0010412299307063222,0.13183437287807465,0.13079315423965454,-1,False,0.1,0.6850506459593184
1059,79,GENE:G0079,G0079,54,GENE:G0054,G0054,PPI,0.6473007146783948,0.031252693,0.031252693,0.6742715777899946,0.05197779,0.3410354333468671,0.3588239956946633,0.6473007146783948,0.34512094967872603,0.6473007146783948,0.6473007146783948,0.031252693,-0.014695866033434868,0.1804267317056656,0.165730819106102,-1,False,0.1,0.6850506459593184
300,20,GENE:G0020,G0020,40,GENE:G0040,G0040,PPI,0.647086311159978,0.05591012,0.05591012,0.6811434854315558,0.07265521,0.42206608161036085,0.46235044425078636,0.647086311159978,0.4659118865970907,0.647086311159978,0.647086311159978,0.05591012,0.003024000208824873,0.16941958665847778,0.17244361340999603,1,False,0.1,0.6850506459593184
795,77,GENE:G0077,G0077,41,GENE:G0041,G0041,PPI,0.6466052776250687,0.11674227,0.11674227,0.8397471137987905,0.21089867,0.23328574955638037,0.2993200813221497,0.6466052776250687,0.29390893428310555,0.6466052776250687,0.6466052776250687,0.11674227,0.016055291518568993,0.13808414340019226,0.1541394293308258,1,False,0.1,0.6850506459593184
1745,164,GENE:G0164,G0164,149,GENE:G0149,G0149,PPI,0.6465997800989555,0.03895215,0.03895215,0.7306212204507971,0.044078313,0.3639848574611001,0.12858725915412092,0.6465997800989555,0.24681095342195628,0.6465997800989555,0.6465997800989555,0.03895215,0.08909109979867935,0.3700599670410156,0.459151029586792,1,False,0.1,0.6850506459593184
1183,81,GENE:G0081,G0081,63,GENE:G0063,G0063,PPI,0.6452144035184166,0.023235386,0.023235386,0.6517317207256734,0.02971797,0.20526440349014513,0.592556401555252,0.6452144035184166,0.41458987889270515,0.6452144035184166,0.6452144035184166,0.023235386,-0.022000620141625404,0.13884733617305756,0.1168467104434967,-1,False,0.1,0.6850506459593184
76,3,GENE:G0003,G0003,23,GENE:G0023,G0023,PPI,0.644942275975811,0.021367438,0.021367438,0.7166025288620121,0.03817469,0.25438650990643513,0.63410213795794,0.644942275975811,0.44774652441221197,0.644942275975811,0.644942275975811,0.021367438,0.054060596972703934,0.13707643747329712,0.19113704562187195,1,False,0.1,0.6850506459593184
42,1,GENE:G0001,G0001,114,GENE:G0114,G0114,PPI,0.644040681693238,0.01580199,0.01580199,0.6673996701484333,0.024866309,0.18277519547727222,0.6097582683518665,0.644040681693238,0.3942634127678447,0.644040681693238,0.644040681693238,0.01580199,0.023388173431158066,0.21322593092918396,0.23661410808563232,1,False,0.1,0.6850506459593184
859,95,GENE:G0095,G0095,44,GENE:G0044,G0044,PPI,0.6438235294117647,0.019616628,0.019616628,0.6470588235294118,0.03514413,0.20075533639512602,0.5476732792105579,0.6438235294117647,0.3772087091740622,0.6438235294117647,0.6438235294117647,0.019616628,-0.026025956496596336,0.14368252456188202,0.11765656620264053,-1,False,0.1,0.6850506459593184
1198,64,GENE:G0064,G0064,94,GENE:G0094,G0094,PPI,0.6435555250137438,0.083913215,0.083913215,0.8523914238592634,0.15423036,0.4680622603460294,0.5831877488299594,0.6435555250137438,0.5575594802211951,0.6435555250137438,0.6435555250137438,0.083913215,-0.0014662576140835881,0.1360480636358261,0.1345817744731903,-1,False,0.1,0.6850506459593184
773,89,GENE:G0089,G0089,39,GENE:G0039,G0039,PPI,0.6432449147883453,0.027062614,0.027062614,0.666575041231446,0.035516787,0.3104407239642809,0.3526238670639271,0.6432449147883453,0.32603451368590347,0.6432449147883453,0.6432449147883453,0.027062614,0.034998819231987,0.15792055428028107,0.19291934370994568,1,False,0.1,0.6850506459593184
173,162,GENE:G0162,G0162,9,GENE:G0009,G0009,PPI,0.643111599780099,0.025538752,0.025538752,0.663001649257834,0.044480562,0.22434662612275863,0.45474857326423695,0.643111599780099,0.3481608712791591,0.643111599780099,0.643111599780099,0.025538752,-0.026515305042266846,0.19166463613510132,0.16514934599399567,-1,False,0.1,0.6850506459593184
802,41,GENE:G0041,G0041,96,GENE:G0096,G0096,PPI,0.6429466739967015,0.026357388,0.026357388,0.669736118746564,0.037028234,0.3606163235822978,0.6207987805667703,0.6429466739967015,0.4976002590742431,0.6429466739967015,0.6429466739967015,0.026357388,-0.03761136159300804,0.18805335462093353,0.150441974401474,-1,False,0.1,0.6850506459593184
1333,79,GENE:G0079,G0079,74,GENE:G0074,G0074,PPI,0.6424491478834524,0.024035055,0.024035055,0.742715777899945,0.044819377,0.20208176525020127,0.3276588953348717,0.6424491478834524,0.26768326576734247,0.6424491478834524,0.6424491478834524,0.024035055,-0.015230374410748482,0.13487444818019867,0.11964407563209534,-1,False,0.1,0.6850506459593184
0,0,GENE:G0000,G0000,7,GENE:G0007,G0007,PPI,0.6424312809235844,0.029921891,0.029921891,0.7693787795492029,0.056314297,0.35879022801494515,0.6047826189609798,0.6424312809235844,0.4912475540084935,0.6424312809235844,0.6424312809235844,0.029921891,-0.03137965500354767,0.2042580246925354,0.17287835478782654,-1,False,0.1,0.6850506459593184
1566,107,GENE:G0107,G0107,169,GENE:G0169,G0169,PPI,0.6417757009345795,0.04294084,0.04294084,0.8389224848818032,0.08328345,0.5529073126158668,0.6396749565062296,0.6417757009345795,0.5895584868903457,0.6417757009345795,0.6417757009345795,0.04294084,0.04916989430785179,0.3772691786289215,0.426439106464386,1,False,0.1,0.6850506459593184
559,46,GENE:G0046,G0046,30,GENE:G0030,G0030,PPI,0.640990241891149,0.027054286,0.027054286,0.7161902144035184,0.04470032,0.30286609947354,0.5867735543443815,0.640990241891149,0.45343139902901386,0.640990241891149,0.640990241891149,0.027054286,0.03804721683263779,0.08316105604171753,0.12120828777551651,1,False,0.1,0.6850506459593184
359,27,GENE:G0027,G0027,22,GENE:G0022,G0022,PPI,0.6409703133589885,0.045382366,0.045382366,0.8603628367234745,0.07010152,0.5595322865106624,0.5964027489053119,0.6409703133589885,0.564717390465672,0.6409703133589885,0.6409703133589885,0.045382366,-0.030456868931651115,0.19231215119361877,0.1618552803993225,-1,False,0.1,0.6850506459593184
1773,189,GENE:G0189,G0189,155,GENE:G0155,G0155,PPI,0.6401195711929631,0.052120976,0.052120976,0.8952721275426059,0.097749144,0.4872162598017233,0.3860066252018637,0.6401195711929631,0.4152859145955815,0.6401195711929631,0.6401195711929631,0.052120976,-0.1321887969970703,0.5581693649291992,0.4259805381298065,-1,False,0.1,0.6850506459593184
835,49,GENE:G0049,G0049,43,GENE:G0043,G0043,PPI,0.6389719626168224,0.11528633,0.11528633,0.8037383177570093,0.21424499,0.24014564969113955,0.3618831217859194,0.6389719626168224,0.34436665389849386,0.6389719626168224,0.6389719626168224,0.11528633,-0.022998251020908356,0.16180244088172913,0.13880416750907898,-1,False,0.1,0.6850506459593184
1320,73,GENE:G0073,G0073,87,GENE:G0087,G0087,PPI,0.6386256184716878,0.047284342,0.047284342,0.8402968664101155,0.09005841,0.28721482666387155,0.41439502159595737,0.6386256184716878,0.36506817803609665,0.6386256184716878,0.6386256184716878,0.047284342,-0.02480189874768257,0.14473719894886017,0.1199353039264679,-1,False,0.1,0.6850506459593184
1640,123,GENE:G0123,G0123,189,GENE:G0189,G0189,PPI,0.6368114348543156,0.052151963,0.052151963,0.6498075865860363,0.05182165,0.571762843875409,0.5458383727322705,0.6368114348543156,0.5718982636127472,0.6368114348543156,0.6368114348543156,0.052151963,-0.0729917362332344,0.2929781675338745,0.2199864387512207,-1,False,0.1,0.6850506459593184
1387,97,GENE:G0097,G0097,80,GENE:G0080,G0080,PPI,0.636421110500275,0.1301603,0.1301603,0.7531610775151183,0.22183207,0.8916202991650015,0.4895547003848269,0.636421110500275,0.6351303029335117,0.636421110500275,0.636421110500275,0.1301603,-0.0299408920109272,0.1383335143327713,0.1083926185965538,-1,False,0.1,0.6850506459593184
566,30,GENE:G0030,G0030,69,GENE:G0069,G0069,PPI,0.6359125893347994,0.017488765,0.017488765,0.7065695437053326,0.029302113,0.1872553196928587,0.630591051516946,0.6359125893347994,0.40711999810946825,0.6359125893347994,0.6359125893347994,0.017488765,0.019955657422542572,0.08823871612548828,0.10819437354803085,1,False,0.1,0.6850506459593184
1515,122,GENE:G0122,G0122,98,GENE:G0098,G0098,PPI,0.6345519516217701,0.048423287,0.048423287,0.7421660252886201,0.068235196,0.48227530389473655,0.5863346457742491,0.6345519516217701,0.5509162059414509,0.6345519516217701,0.6345519516217701,0.048423287,-0.011804780922830105,0.22685356438159943,0.21504880487918854,-1,False,0.1,0.6850506459593184
268,18,GENE:G0018,G0018,61,GENE:G0061,G0061,PPI,0.6343320505772401,0.02723793,0.02723793,0.6748213304013193,0.041157745,0.32764357118414184,0.4189330821235766,0.6343320505772401,0.3711810503382086,0.6343320505772401,0.6343320505772401,0.02723793,-0.025092599913477898,0.20374229550361633,0.1786496937274933,-1,False,0.1,0.6850506459593184
1057,64,GENE:G0064,G0064,54,GENE:G0054,G0054,PPI,0.6336448598130842,0.046758138,0.046758138,0.7454645409565696,0.06084022,0.38819087885247394,0.4761645637634371,0.6336448598130842,0.44474557749481514,0.6336448598130842,0.6336448598130842,0.046758138,-0.02145472541451454,0.18570758402347565,0.1642528474330902,-1,False,0.1,0.6850506459593184
1751,184,GENE:G0184,G0184,149,GENE:G0149,G0149,PPI,0.6324299065420561,0.10524475,0.10524475,0.9439252336448598,0.18171723,0.4255327630202402,0.5677692625884408,0.6324299065420561,0.5399316213268,0.6324299065420561,0.6324299065420561,0.10524475,-0.017814969643950462,0.44073060154914856,0.4229155480861664,-1,False,0.1,0.6850506459593184
1453,91,GENE:G0091,G0091,85,GENE:G0085,G0085,PPI,0.6321976360637713,0.109941855,0.109941855,0.7952171522814733,0.18950695,0.29138435700096327,0.48867048388368306,0.6321976360637713,0.4582258890430683,0.6321976360637713,0.6321976360637713,0.109941855,-0.01699981279671192,0.11180107295513153,0.09480122476816177,-1,False,0.1,0.6850506459593184
780,40,GENE:G0040,G0040,58,GENE:G0058,G0058,PPI,0.632016217702034,0.04296335,0.04296335,0.7660802638812534,0.07187756,0.24069433106329693,0.5842460794376425,0.632016217702034,0.4691153091953599,0.632016217702034,0.632016217702034,0.04296335,0.05927694961428642,0.15737298130989075,0.21664991974830627,1,False,0.1,0.6850506459593184
225,84,GENE:G0084,G0084,13,GENE:G0013,G0013,PPI,0.6319131390874106,0.037274558,0.037274558,0.799890049477735,0.068433285,0.4039359665813669,0.5927017945836933,0.6319131390874106,0.5120022820626279,0.6319131390874106,0.6319131390874106,0.037274558,-0.033161960542201996,0.20588350296020508,0.17272153496742249,-1,False,0.1,0.6850506459593184
1071,80,GENE:G0080,G0080,55,GENE:G0055,G0055,PPI,0.6318801539307312,0.016976163,0.016976163,0.6382627817482133,0.02517677,0.11507255554028704,0.4709756592740486,0.6318801539307312,0.292261079750636,0.6318801539307312,0.6318801539307312,0.016976163,0.01022220030426979,0.1550922393798828,0.1653144210577011,1,False,0.1,0.6850506459593184
216,13,GENE:G0013,G0013,31,GENE:G0031,G0031,PPI,0.6306102253985707,0.030872822,0.030872822,0.7982407916437604,0.05718021,0.3387623360107668,0.6185207290067262,0.6306102253985707,0.49019323424498007,0.6306102253985707,0.6306102253985707,0.030872822,0.007914960384368896,0.07871463894844055,0.08662959933280945,1,False,0.1,0.6850506459593184
1760,152,GENE:G0152,G0152,188,GENE:G0188,G0188,PPI,0.6296536558548653,0.07171052,0.07171052,0.777350192413414,0.073731616,0.5626059870179985,0.23203610270512823,0.6296536558548653,0.37210973714979034,0.6296536558548653,0.6296536558548653,0.07171052,-0.09677664935588837,0.44718846678733826,0.3504118025302887,-1,False,0.1,0.6850506459593184
908,47,GENE:G0047,G0047,85,GENE:G0085,G0085,PPI,0.6296426608026388,0.042534057,0.042534057,0.7155030236393622,0.06690745,0.4480358472026484,0.573474669152992,0.6296426608026388,0.5268081180508374,0.6296426608026388,0.6296426608026388,0.042534057,0.034275397658348083,0.10499759018421173,0.13927298784255981,1,False,0.1,0.6850506459593184
115,107,GENE:G0107,G0107,5,GENE:G0005,G0005,PPI,0.6296206706981858,0.05589235,0.05589235,0.6558548653106102,0.087495774,0.6764359716101309,0.5819025861306842,0.6296206706981858,0.6329078083058484,0.6296206706981858,0.6296206706981858,0.05589235,-0.02849472500383854,0.29324984550476074,0.26475512981414795,-1,False,0.1,0.6850506459593184
1462,86,GENE:G0086,G0086,105,GENE:G0105,G0105,PPI,0.6289169873556899,0.09436988,0.09436988,0.879604178119846,0.17778906,0.5179502701229352,0.13914715355299725,0.6289169873556899,0.2997253184949577,0.6289169873556899,0.6289169873556899,0.09436988,-0.09869333356618881,0.3616572916507721,0.26296401023864746,-1,False,0.1,0.6850506459593184
1814,187,GENE:G0187,G0187,190,GENE:G0190,G0190,PPI,0.6286242440901595,0.03765991,0.03765991,0.6946124244090159,0.06057626,0.5902756909933006,0.5835984612550016,0.6286242440901595,0.5741295491348603,0.6286242440901595,0.6286242440901595,0.03765991,-0.10584905743598938,0.5806825757026672,0.474833607673645,-1,False,0.1,0.6850506459593184
734,37,GENE:G0037,G0037,190,GENE:G0190,G0190,PPI,0.6285404068169325,0.027948044,0.027948044,0.7759758108851017,0.050744355,0.31993872336964846,0.6265974642801595,0.6285404068169325,0.4796255560118218,0.6285404068169325,0.6285404068169325,0.027948044,-0.03388417139649391,0.49330317974090576,0.45941898226737976,-1,False,0.1,0.6850506459593184
1062,54,GENE:G0054,G0054,116,GENE:G0116,G0116,PPI,0.628089609675646,0.024191057,0.024191057,0.7567344694887301,0.036902353,0.20551302684624884,0.36153380316583533,0.628089609675646,0.2879628110730189,0.628089609675646,0.628089609675646,0.024191057,0.0063456580974161625,0.24664625525474548,0.2529919147491455,1,False,0.1,0.6850506459593184
572,30,GENE:G0030,G0030,90,GENE:G0090,G0090,PPI,0.6275261132490378,0.02594702,0.02594702,0.633864760857614,0.041534953,0.17228450433516773,0.2522749895511672,0.6275261132490378,0.22271007400362045,0.6275261132490378,0.6275261132490378,0.02594702,0.012738612480461597,0.134663924574852,0.1474025398492813,1,False,0.1,0.6850506459593184
958,50,GENE:G0050,G0050,68,GENE:G0068,G0068,PPI,0.6274697636063771,0.026369825,0.026369825,0.7253985706432106,0.03497781,0.2589853013627405,0.3633153508952667,0.6274697636063771,0.3132838024390832,0.6274697636063771,0.6274697636063771,0.026369825,-0.010327527299523354,0.11716780811548233,0.10684026777744293,-1,False,0.1,0.6850506459593184
204,11,GENE:G0011,G0011,151,GENE:G0151,G0151,PPI,0.6272539857064321,0.0360218,0.0360218,0.760307861462342,0.060954377,0.3031769045962972,0.37824838524421533,0.6272539857064321,0.3421324830056591,0.6272539857064321,0.6272539857064321,0.0360218,0.0608329139649868,0.20752640068531036,0.2683592736721039,1,False,0.1,0.6850506459593184
231,144,GENE:G0144,G0144,14,GENE:G0014,G0014,PPI,0.6271302913688841,0.029976003,0.029976003,0.6271302913688841,0.047570307,0.357971070930841,0.5949480331232126,0.6271302913688841,0.49647222873287056,0.6271302913688841,0.6271302913688841,0.029976003,0.024784302338957787,0.3961944282054901,0.42097869515419006,1,False,0.1,0.6850506459593184
684,35,GENE:G0035,G0035,74,GENE:G0074,G0074,PPI,0.6266355140186916,0.018533403,0.018533403,0.737218251786696,0.033331197,0.17875916545983106,0.5767290000248545,0.6266355140186916,0.3763598912355116,0.6266355140186916,0.6266355140186916,0.018533403,0.0008746471139602363,0.1308085322380066,0.13168317079544067,1,False,0.1,0.6850506459593184
1534,102,GENE:G0102,G0102,128,GENE:G0128,G0128,PPI,0.6264252336448598,0.052145127,0.052145127,0.8188565145684442,0.0728237,0.5835943864092906,0.5751993457331109,0.6264252336448598,0.5690017348040859,0.6264252336448598,0.6264252336448598,0.052145127,0.03724551200866699,0.3595565855503082,0.3968020975589752,1,False,0.1,0.6850506459593184
233,50,GENE:G0050,G0050,15,GENE:G0015,G0015,PPI,0.6260788894997251,0.054944947,0.054944947,0.7875206157229246,0.09395629,0.26976333189280527,0.5324507195189244,0.6260788894997251,0.45448819476387353,0.6260788894997251,0.6260788894997251,0.054944947,0.012225660495460033,0.4858228266239166,0.49804848432540894,1,False,0.1,0.6850506459593184
34,1,GENE:G0001,G0001,67,GENE:G0067,G0067,PPI,0.6255222649807587,0.015700502,0.015700502,0.6415612974161627,0.028072156,0.186382123394496,0.5281203070695235,0.6255222649807587,0.3597644268475871,0.6255222649807587,0.6255222649807587,0.015700502,0.0002769184939097613,0.1316971331834793,0.13197405636310577,1,False,0.1,0.6850506459593184
1815,190,GENE:G0190,G0190,187,GENE:G0187,G0187,PPI,0.6243430456294667,0.03705227,0.03705227,0.6503573391973612,0.063397,0.4987428857948529,0.6011497424874616,0.6243430456294667,0.5617191883663455,0.6243430456294667,0.6243430456294667,0.03705227,0.06731010228395462,1.008675217628479,1.075985312461853,1,False,0.1,0.6850506459593184
1110,57,GENE:G0057,G0057,99,GENE:G0099,G0099,PPI,0.6242612699285321,0.02314386,0.02314386,0.6974986256184716,0.04295348,0.28144857202334933,0.6137096152079775,0.6242612699285321,0.4528275171826551,0.6242612699285321,0.6242612699285321,0.02314386,0.026399169117212296,0.14980171620845795,0.17620086669921875,1,False,0.1,0.6850506459593184
385,44,GENE:G0044,G0044,23,GENE:G0023,G0023,PPI,0.6240791643760307,0.057829097,0.057829097,0.6500824628916987,0.087892994,0.6828635405607741,0.6092767614134987,0.6240791643760307,0.6591586141437067,0.6240791643760307,0.6240791643760307,0.057829097,0.04279901087284088,0.1442606896162033,0.18705973029136658,1,False,0.1,0.6850506459593184
1457,168,GENE:G0168,G0168,85,GENE:G0085,G0085,PPI,0.6238537658053875,0.0789209,0.0789209,0.84304562946674,0.10666121,0.7333564956934809,0.5801722175705275,0.6238537658053875,0.6298124975820556,0.6238537658053875,0.6238537658053875,0.0789209,-0.020846696570515633,0.12532328069210052,0.10447658598423004,-1,False,0.1,0.6850506459593184
1767,199,GENE:G0199,G0199,154,GENE:G0154,G0154,PPI,0.6236599780098955,0.019365309,0.019365309,0.7127542605827377,0.034477904,0.21173730210991865,0.5657311558210953,0.6236599780098955,0.3889093341762102,0.6236599780098955,0.6236599780098955,0.019365309,0.03697538748383522,0.28188130259513855,0.31885668635368347,1,False,0.1,0.6850506459593184
913,55,GENE:G0055,G0055,48,GENE:G0048,G0048,PPI,0.6228009895547004,0.067841984,0.067841984,0.7284222100054976,0.12166403,0.5155874377871703,0.43909723423422337,0.6228009895547004,0.4770949760162264,0.6228009895547004,0.6228009895547004,0.067841984,-0.013276840560138226,0.16144989430904388,0.14817304909229279,-1,False,0.1,0.6850506459593184
1064,54,GENE:G0054,G0054,189,GENE:G0189,G0189,PPI,0.6224835074216604,0.19095507,0.19095507,0.9650907091808687,0.3417378,0.5550095428262267,0.4245302284752988,0.6224835074216604,0.4656418770592187,0.6224835074216604,0.6224835074216604,0.19095507,0.015555862337350845,0.24616609513759613,0.26172199845314026,1,False,0.1,0.6850506459593184
1678,130,GENE:G0130,G0130,170,GENE:G0170,G0170,PPI,0.6221825178669599,0.04602931,0.04602931,0.8295766904892798,0.08302335,0.3362908512742031,0.46281904383001493,0.6221825178669599,0.4095060875130985,0.6221825178669599,0.6221825178669599,0.04602931,0.00868249498307705,0.3046519160270691,0.3133344054222107,1,False,0.1,0.6850506459593184
1000,52,GENE:G0052,G0052,56,GENE:G0056,G0056,PPI,0.6214403518416712,0.1251321,0.1251321,0.7916437603078614,0.1900804,0.2597431853876958,0.4652549041688348,0.6214403518416712,0.44467868903510466,0.6214403518416712,0.6214403518416712,0.1251321,-0.0044342223554849625,0.09392888844013214,0.08949464559555054,-1,False,0.1,0.6850506459593184
1091,97,GENE:G0097,G0097,56,GENE:G0056,G0056,PPI,0.6213125343595381,0.036766674,0.036766674,0.8068993952721275,0.067326516,0.2005645519842561,0.41739011262459513,0.6213125343595381,0.3292669471201693,0.6213125343595381,0.6213125343595381,0.036766674,-0.0193116907030344,0.1004205197095871,0.08110883086919785,-1,False,0.1,0.6850506459593184
1353,77,GENE:G0077,G0077,76,GENE:G0076,G0076,PPI,0.6211407366684992,0.038843084,0.038843084,0.6979109400769654,0.068962924,0.37327882495688924,0.3292039320270989,0.6211407366684992,0.3407104196656742,0.6211407366684992,0.6211407366684992,0.038843084,0.06387757509946823,0.21275211870670319,0.2766296863555908,1,False,0.1,0.6850506459593184
1105,77,GENE:G0077,G0077,57,GENE:G0057,G0057,PPI,0.6210527762506872,0.038367722,0.038367722,0.7811984606926883,0.06362438,0.15786578133006385,0.35173455270710774,0.6210527762506872,0.27612062418431366,0.6210527762506872,0.6210527762506872,0.038367722,0.024188000708818436,0.1106657087802887,0.13485370576381683,1,False,0.1,0.6850506459593184
518,28,GENE:G0028,G0028,192,GENE:G0192,G0192,PPI,0.6201621770203408,0.06167242,0.06167242,0.7339197361187466,0.106942795,0.7232707361811708,0.5624310949886833,0.6201621770203408,0.6212114330560637,0.6201621770203408,0.6201621770203408,0.06167242,-0.03305463865399361,0.23454004526138306,0.20148536562919617,-1,False,0.1,0.6850506459593184
1073,89,GENE:G0089,G0089,55,GENE:G0055,G0055,PPI,0.6197086311159978,0.046908155,0.046908155,0.8262781748213304,0.05354455,0.3482796953705703,0.37525221128712455,0.6197086311159978,0.36263185167054485,0.6197086311159978,0.6197086311159978,0.046908155,0.03131286799907684,0.1551988124847412,0.18651166558265686,1,False,0.1,0.6850506459593184
875,76,GENE:G0076,G0076,45,GENE:G0045,G0045,PPI,0.6193815283122595,0.034404147,0.034404147,0.6385376580538757,0.0561695,0.29730954934322046,0.4379688788112862,0.6193815283122595,0.384869327511159,0.6193815283122595,0.6193815283122595,0.034404147,0.029042255133390427,0.13755568861961365,0.16659796237945557,1,False,0.1,0.6850506459593184
1169,68,GENE:G0068,G0068,62,GENE:G0062,G0062,PPI,0.6192028587135788,0.036033913,0.036033913,0.759758108851017,0.07206769,0.04905038090491196,0.19996943116178192,0.6192028587135788,0.14200371184898836,0.6192028587135788,0.6192028587135788,0.036033913,0.010828916914761066,0.14926005899906158,0.16008895635604858,1,False,0.1,0.6850506459593184
1067,56,GENE:G0056,G0056,55,GENE:G0055,G0055,PPI,0.6184496976360638,0.02162037,0.02162037,0.6948873007146784,0.02933854,0.21691312987412714,0.47272769892341765,0.6184496976360638,0.3461801041703103,0.6184496976360638,0.6184496976360638,0.02162037,0.06410875171422958,0.1488913595676422,0.2130001038312912,1,False,0.1,0.6850506459593184
1415,90,GENE:G0090,G0090,82,GENE:G0082,G0082,PPI,0.6181294667399669,0.028480433,0.028480433,0.6275426058273776,0.03947867,0.3319654212235288,0.5742100572544714,0.6181294667399669,0.4697864444801183,0.6181294667399669,0.6181294667399669,0.028480433,-0.02636982500553131,0.1147470772266388,0.08837725967168808,-1,False,0.1,0.6850506459593184
851,183,GENE:G0183,G0183,43,GENE:G0043,G0043,PPI,0.6175797141286422,0.03388785,0.03388785,0.7671797691039033,0.05357085,0.3788653613706568,0.535393099325647,0.6175797141286422,0.4598641118044744,0.6175797141286422,0.6175797141286422,0.03388785,-0.04624916985630989,0.17872591316699982,0.13247676193714142,-1,False,0.1,0.6850506459593184
111,68,GENE:G0068,G0068,5,GENE:G0005,G0005,PPI,0.6167757009345793,0.019001087,0.019001087,0.6261682242990654,0.033352505,0.1994142755422444,0.5273213903497678,0.6167757009345793,0.3652636709311029,0.6167757009345793,0.6167757009345793,0.019001087,-0.02621602453291416,0.2880868911743164,0.2618708610534668,-1,False,0.1,0.6850506459593184
964,50,GENE:G0050,G0050,83,GENE:G0083,G0083,PPI,0.6164101154480484,0.20874658,0.20874658,0.9862561847168774,0.29647833,0.3419845156136928,0.389851987516635,0.6164101154480484,0.3937676474912405,0.6164101154480484,0.6164101154480484,0.20874658,0.002707437612116337,0.10099168866872787,0.10369913280010223,1,False,0.1,0.6850506459593184
448,25,GENE:G0025,G0025,98,GENE:G0098,G0098,PPI,0.6144296316657504,0.16314289,0.16314289,0.7358438702583837,0.2435589,0.5464346681383462,0.38626546803318884,0.6144296316657504,0.470418646046419,0.6144296316657504,0.6144296316657504,0.16314289,-0.021964039653539658,0.22131769359111786,0.1993536502122879,-1,False,0.1,0.6850506459593184
71,163,GENE:G0163,G0163,2,GENE:G0002,G0002,PPI,0.6141437603078614,0.05159509,0.05159509,0.8243540406816932,0.07013007,0.3660976915282097,0.5824106511280398,0.6141437603078614,0.5144989154730311,0.6141437603078614,0.6141437603078614,0.05159509,-0.027038032189011574,0.1830323189496994,0.1559942662715912,-1,False,0.1,0.6850506459593184
637,100,GENE:G0100,G0100,32,GENE:G0032,G0032,PPI,0.6137713029136889,0.045987595,0.045987595,0.6819681143485432,0.07319058,0.17829356335493202,0.42915251549919947,0.6137713029136889,0.3629683725510937,0.6137713029136889,0.6137713029136889,0.045987595,-0.008869487792253494,0.10557400435209274,0.09670454263687134,-1,False,0.1,0.6850506459593184
445,95,GENE:G0095,G0095,25,GENE:G0025,G0025,PPI,0.6137300714678394,0.01931169,0.01931169,0.6294667399670149,0.027466636,0.18151641454129455,0.5524444833394585,0.6137300714678394,0.3706775516846283,0.6137300714678394,0.6137300714678394,0.01931169,-0.022876977920532227,0.1358993500471115,0.11302236467599869,-1,False,0.1,0.6850506459593184
938,49,GENE:G0049,G0049,70,GENE:G0070,G0070,PPI,0.6132765255634964,0.013725704,0.013725704,0.6814183617372183,0.024780901,0.10687185815250305,0.35111234124665064,0.6132765255634964,0.23649920847808384,0.6132765255634964,0.6132765255634964,0.013725704,-0.022125525400042534,0.18720293045043945,0.16507740318775177,-1,False,0.1,0.6850506459593184
214,13,GENE:G0013,G0013,19,GENE:G0019,G0019,PPI,0.6124752611324904,0.026774075,0.026774075,0.6346893897746014,0.043535434,0.4104527789364589,0.5731301418792122,0.6124752611324904,0.49185729821341057,0.6124752611324904,0.6124752611324904,0.026774075,0.005139744840562344,0.21166551113128662,0.21680523455142975,1,False,0.1,0.6850506459593184
469,104,GENE:G0104,G0104,26,GENE:G0026,G0026,PPI,0.6123364485981309,0.022578068,0.022578068,0.6728971962616822,0.040214457,0.19138677760524658,0.563267608833935,0.6123364485981309,0.3906478363113709,0.6123364485981309,0.6123364485981309,0.022578068,-0.04531443491578102,0.18879762291908264,0.1434832066297531,-1,False,0.1,0.6850506459593184
948,49,GENE:G0049,G0049,172,GENE:G0172,G0172,PPI,0.6115860362836724,0.017389415,0.017389415,0.6272677295217153,0.030012567,0.17390839351717371,0.5255590288050697,0.6115860362836724,0.3497078618756771,0.6115860362836724,0.6115860362836724,0.017389415,-0.016680706292390823,0.32471898198127747,0.30803826451301575,-1,False,0.1,0.6850506459593184
1271,142,GENE:G0142,G0142,69,GENE:G0069,G0069,PPI,0.6115681693238042,0.077268146,0.077268146,0.7237493128092358,0.13296962,0.7592418671215555,0.5742416055125741,0.6115681693238042,0.6509674082779431,0.6115681693238042,0.6115681693238042,0.077268146,-0.028015658259391785,0.11543726176023483,0.08742159605026245,-1,False,0.1,0.6850506459593184
1685,144,GENE:G0144,G0144,132,GENE:G0132,G0132,PPI,0.6113785046728971,0.032818757,0.032818757,0.6401869158878504,0.05927278,0.3608127366583708,0.6065580995962939,0.6113785046728971,0.5134902549063256,0.6113785046728971,0.6113785046728971,0.032818757,0.057607248425483704,0.36082524061203003,0.41843247413635254,1,False,0.1,0.6850506459593184
1172,62,GENE:G0062,G0062,74,GENE:G0074,G0074,PPI,0.6105882352941175,0.025893535,0.025893535,0.7058823529411764,0.038598865,0.3257055920628816,0.5666547254322258,0.6105882352941175,0.45052518834902155,0.6105882352941175,0.6105882352941175,0.025893535,-0.02778274565935135,0.14083819091320038,0.11305544525384903,-1,False,0.1,0.6850506459593184
436,25,GENE:G0025,G0025,68,GENE:G0068,G0068,PPI,0.6105552501374383,0.03233108,0.03233108,0.6783947223749314,0.046424795,0.23642503379087942,0.48589356022135155,0.6105552501374383,0.38624066311044564,0.6105552501374383,0.6105552501374383,0.03233108,-0.022284438833594322,0.12416652590036392,0.10188208520412445,-1,False,0.1,0.6850506459593184
320,20,GENE:G0020,G0020,71,GENE:G0071,G0071,PPI,0.607649807586586,0.026193127,0.026193127,0.6264431006047279,0.031292215,0.2268466944589641,0.3637013407555387,0.607649807586586,0.29963541966734,0.607649807586586,0.607649807586586,0.026193127,0.027585286647081375,0.08038339763879776,0.10796869546175003,1,False,0.1,0.6850506459593184
553,34,GENE:G0034,G0034,30,GENE:G0030,G0030,PPI,0.605695437053326,0.13837641,0.13837641,0.9463991203958219,0.25529134,0.49015456314450223,0.527272576562341,0.605695437053326,0.5229687264314508,0.605695437053326,0.605695437053326,0.13837641,-0.010461308993399143,0.09665222465991974,0.08619090914726257,-1,False,0.1,0.6850506459593184
94,4,GENE:G0004,G0004,35,GENE:G0035,G0035,PPI,0.6026903518416713,0.036283817,0.036283817,0.6810060472787246,0.059025906,0.4182427500759468,0.5906525273835813,0.6026903518416713,0.5227538999620698,0.6026903518416713,0.6026903518416713,0.036283817,0.021322159096598625,0.16608242690563202,0.1874045878648758,1,False,0.1,0.6850506459593184
1783,170,GENE:G0170,G0170,159,GENE:G0159,G0159,PPI,0.6020560747663551,0.08833842,0.08833842,0.8853765805387576,0.16145985,0.7092653118154976,0.24214685289017163,0.6020560747663551,0.4063238726608043,0.6020560747663551,0.6020560747663551,0.08833842,-0.16646349430084229,1.0659481287002563,0.8994845747947693,-1,False,0.1,0.6850506459593184
171,111,GENE:G0111,G0111,9,GENE:G0009,G0009,PPI,0.601993540406817,0.020358644,0.020358644,0.6579164376030786,0.035373215,0.1957295561303513,0.2883971282252109,0.601993540406817,0.24219743917881692,0.601993540406817,0.601993540406817,0.020358644,0.018202247098088264,0.17679446935653687,0.1949966847896576,1,False,0.1,0.6850506459593184
478,27,GENE:G0027,G0027,61,GENE:G0061,G0061,PPI,0.6018581638262782,0.09733361,0.09733361,0.7919186366135239,0.18426524,0.7248834302303249,0.258316041922455,0.6018581638262782,0.4260985741402764,0.6018581638262782,0.6018581638262782,0.09733361,-0.02671070583164692,0.1856725811958313,0.15896186232566833,-1,False,0.1,0.6850506459593184
1063,116,GENE:G0116,G0116,54,GENE:G0054,G0054,PPI,0.6009551951621771,0.036663402,0.036663402,0.7754260582737769,0.056346416,0.5370787308498963,0.4067292624771829,0.6009551951621771,0.4505754743930893,0.6009551951621771,0.6009551951621771,0.036663402,0.08691078424453735,0.16854983568191528,0.25546061992645264,1,False,0.1,0.6850506459593184
1392,80,GENE:G0080,G0080,115,GENE:G0115,G0115,PPI,0.6008734194612425,0.022026103,0.022026103,0.7464266080263882,0.038753323,0.21242155608804733,0.5952488954965991,0.6008734194612425,0.40817574753380126,0.6008734194612425,0.6008734194612425,0.022026103,0.047486379742622375,0.2084859311580658,0.2559722661972046,1,False,0.1,0.6850506459593184
1759,154,GENE:G0154,G0154,152,GENE:G0152,G0152,PPI,0.6000412314458494,0.041803412,0.041803412,0.7407916437603079,0.058643002,0.5374869996400011,0.588824518451847,0.6000412314458494,0.5631020995586259,0.6000412314458494,0.6000412314458494,0.041803412,-0.07550279796123505,0.43148329854011536,0.3559804856777191,-1,False,0.1,0.6850506459593184
565,62,GENE:G0062,G0062,30,GENE:G0030,G0030,PPI,0.6000164925783398,0.060725413,0.060725413,0.8955470038482682,0.096221186,0.3663543705200772,0.5386698478489051,0.6000164925783398,0.4886903075277715,0.6000164925783398,0.6000164925783398,0.060725413,-0.021817300468683243,0.10165176540613174,0.0798344537615776,-1,False,0.1,0.6850506459593184
743,58,GENE:G0058,G0058,38,GENE:G0038,G0038,PPI,0.5995093457943925,0.045314435,0.045314435,0.7836723474436503,0.063504495,0.6103138144248679,0.5526140448961772,0.5995093457943925,0.561732589718189,0.5995093457943925,0.5995093457943925,0.045314435,0.0435183160007,0.1419992595911026,0.1855175942182541,1,False,0.1,0.6850506459593184
696,36,GENE:G0036,G0036,37,GENE:G0037,G0037,PPI,0.5989334799340297,0.026225463,0.026225463,0.7880703683342496,0.049174573,0.25603759811515536,0.3258840113159098,0.5989334799340297,0.2861441620236131,0.5989334799340297,0.5989334799340297,0.026225463,-0.027054285630583763,0.2604856491088867,0.2334313839673996,-1,False,0.1,0.6850506459593184
3,16,GENE:G0016,G0016,0,GENE:G0000,G0000,PPI,0.5984620670698185,0.014395003,0.014395003,0.6918636613523914,0.024887685,0.13590019854469312,0.5773331761706348,0.5984620670698185,0.35130993773334424,0.5984620670698185,0.5984620670698185,0.014395003,-0.0010862781200557947,0.1738254874944687,0.1727392077445984,-1,False,0.1,0.6850506459593184
803,96,GENE:G0096,G0096,41,GENE:G0041,G0041,PPI,0.5978642111050028,0.077490464,0.077490464,0.8361737218251787,0.099661335,0.3520977557268335,0.4821431626433908,0.5978642111050028,0.454102870454501,0.5978642111050028,0.5978642111050028,0.077490464,-0.015786178410053253,0.1448712795972824,0.12908510863780975,-1,False,0.1,0.6850506459593184
698,36,GENE:G0036,G0036,40,GENE:G0040,G0040,PPI,0.5972292468389225,0.04277933,0.04277933,0.6786695986805937,0.0712073,0.471404423653875,0.5886847543023129,0.5972292468389225,0.5510643296433699,0.5972292468389225,0.5972292468389225,0.04277933,-0.03463856875896454,0.19544748961925507,0.16080892086029053,-1,False,0.1,0.6850506459593184
1142,59,GENE:G0059,G0059,144,GENE:G0144,G0144,PPI,0.5967014843320506,0.051620446,0.051620446,0.8905992303463441,0.08396799,0.28676800694795834,0.39594122719708086,0.5967014843320506,0.3666308924981081,0.5967014843320506,0.5967014843320506,0.051620446,0.001495589967817068,0.21611064672470093,0.21760621666908264,1,False,0.1,0.6850506459593184
1206,65,GENE:G0065,G0065,71,GENE:G0071,G0071,PPI,0.5959648158328753,0.053472504,0.053472504,0.8894997251236944,0.08696089,0.3169284517831351,0.5937369021809065,0.5959648158328753,0.4942442045873823,0.5959648158328753,0.5959648158328753,0.053472504,-0.0076124886982142925,0.08850070089101791,0.08088820427656174,-1,False,0.1,0.6850506459593184
1733,197,GENE:G0197,G0197,145,GENE:G0145,G0145,PPI,0.5956088510170423,0.023110889,0.023110889,0.6885651456844419,0.042114653,0.3036893408009151,0.5508951501882229,0.5956088510170423,0.43062139709256886,0.5956088510170423,0.5956088510170423,0.023110889,0.0332677997648716,0.188824862241745,0.2220926731824875,1,False,0.1,0.6850506459593184
30,1,GENE:G0001,G0001,29,GENE:G0029,G0029,PPI,0.595373831775701,0.032230087,0.032230087,0.6401869158878505,0.05299687,0.3028269851338718,0.5128292802129422,0.595373831775701,0.43152360336605533,0.595373831775701,0.595373831775701,0.032230087,-0.0005406502750702202,0.09650596976280212,0.09596532583236694,-1,False,0.1,0.6850506459593184
423,31,GENE:G0031,G0031,25,GENE:G0025,G0025,PPI,0.595303738317757,0.044687375,0.044687375,0.6962616822429906,0.066024266,0.4456000672304631,0.436651009218878,0.595303738317757,0.43994621930181077,0.595303738317757,0.595303738317757,0.044687375,-0.009020901285111904,0.13460753858089447,0.1255866438150406,-1,False,0.1,0.6850506459593184
985,71,GENE:G0071,G0071,51,GENE:G0051,G0051,PPI,0.5936297416162726,0.020416422,0.020416422,0.6088510170423309,0.023485199,0.20427648943326615,0.3919293693640457,0.5936297416162726,0.3009733265495855,0.5936297416162726,0.5936297416162726,0.020416422,-0.009347224608063698,0.09529123455286026,0.08594401180744171,-1,False,0.1,0.6850506459593184
235,59,GENE:G0059,G0059,15,GENE:G0015,G0015,PPI,0.5926786695986807,0.02857541,0.02857541,0.6017042330951072,0.04551158,0.2413928722711484,0.4158838458222569,0.5926786695986807,0.3435832137696885,0.5926786695986807,0.5926786695986807,0.02857541,-0.0018661967478692532,0.5022681951522827,0.5004019737243652,-1,False,0.1,0.6850506459593184
279,32,GENE:G0032,G0032,19,GENE:G0019,G0019,PPI,0.5912589334799341,0.054257687,0.054257687,0.6569543705332601,0.08076763,0.4169589973480359,0.453726761881237,0.5912589334799341,0.4607314287526509,0.5912589334799341,0.5912589334799341,0.054257687,-0.02122333087027073,0.2309676706790924,0.20974433422088623,-1,False,0.1,0.6850506459593184
1484,90,GENE:G0090,G0090,160,GENE:G0160,G0160,PPI,0.5909895547003847,0.01849772,0.01849772,0.6124244090159428,0.03161984,0.2643681666861422,0.5754753099189922,0.5909895547003847,0.42021843496765754,0.5909895547003847,0.5909895547003847,0.01849772,-0.058471087366342545,0.4214106798171997,0.36293965578079224,-1,False,0.1,0.6850506459593184
1409,170,GENE:G0170,G0170,81,GENE:G0081,G0081,PPI,0.5904672897196263,0.04624917,0.04624917,0.7289719626168225,0.0672374,0.2109267311266088,0.22248577795111862,0.5904672897196263,0.21782426242514197,0.5904672897196263,0.5904672897196263,0.04624917,-0.03177224099636078,0.14513157308101654,0.11335932463407516,-1,False,0.1,0.6850506459593184
837,53,GENE:G0053,G0053,43,GENE:G0043,G0043,PPI,0.5902556349642661,0.044710156,0.044710156,0.8809785596481583,0.08122424,0.17599217627739988,0.3815766195041409,0.5902556349642661,0.3000395878461799,0.5902556349642661,0.5902556349642661,0.044710156,-0.015791485086083412,0.15259909629821777,0.1368076205253601,-1,False,0.1,0.6850506459593184
596,31,GENE:G0031,G0031,68,GENE:G0068,G0068,PPI,0.5898048378229797,0.093417,0.093417,0.7811984606926883,0.13664074,0.3053782150433725,0.2958773056000043,0.5898048378229797,0.3142654871503133,0.5898048378229797,0.5898048378229797,0.093417,-0.0067665153183043,0.11623477190732956,0.1094682514667511,-1,False,0.1,0.6850506459593184
944,49,GENE:G0049,G0049,94,GENE:G0094,G0094,PPI,0.5886118746564046,0.026156595,0.026156595,0.5945574491478834,0.034535307,0.2256575430699391,0.32130865930828933,0.5886118746564046,0.28665657500091035,0.5886118746564046,0.5886118746564046,0.026156595,-0.014953085221350193,0.13780373334884644,0.12285064905881882,-1,False,0.1,0.6850506459593184
1481,91,GENE:G0091,G0091,90,GENE:G0090,G0090,PPI,0.5883177570093457,0.030291755,0.030291755,0.6921385376580539,0.04331749,0.3559645225429201,0.5124864074777897,0.5883177570093457,0.439635948636428,0.5883177570093457,0.5883177570093457,0.030291755,-0.01927773468196392,0.1426038295030594,0.12332609295845032,-1,False,0.1,0.6850506459593184
1513,183,GENE:G0183,G0183,97,GENE:G0097,G0097,PPI,0.5880717427157779,0.040125705,0.040125705,0.6094007696536559,0.06273166,0.36848018957374545,0.39483103612914516,0.5880717427157779,0.3912630937396449,0.5880717427157779,0.5880717427157779,0.040125705,-0.04246653988957405,0.15814891457557678,0.11568237096071243,-1,False,0.1,0.6850506459593184
387,53,GENE:G0053,G0053,23,GENE:G0023,G0023,PPI,0.5877954920285872,0.027716966,0.027716966,0.8163826278174822,0.051438592,0.2405017477443311,0.3632673365586716,0.5877954920285872,0.30269959584964934,0.5877954920285872,0.5877954920285872,0.027716966,-0.025356406345963478,0.15581434965133667,0.13045793771743774,-1,False,0.1,0.6850506459593184
904,47,GENE:G0047,G0047,67,GENE:G0067,G0067,PPI,0.5877047828477185,0.021454725,0.021454725,0.6319406267179769,0.030095734,0.20369627351322936,0.4969681696553915,0.5877047828477185,0.35790785556957655,0.5877047828477185,0.5877047828477185,0.021454725,0.02374093607068062,0.1331619769334793,0.15690293908119202,1,False,0.1,0.6850506459593184
833,178,GENE:G0178,G0178,42,GENE:G0042,G0042,PPI,0.5871976360637713,0.017595524,0.017595524,0.6022539857064321,0.021115184,0.1778527075969447,0.5046011534232724,0.5871976360637713,0.3422878611163223,0.5871976360637713,0.5871976360637713,0.017595524,-0.025291265919804573,0.15903989970684052,0.1337486058473587,-1,False,0.1,0.6850506459593184
533,57,GENE:G0057,G0057,29,GENE:G0029,G0029,PPI,0.5866733095107202,0.1321888,0.1321888,0.8956844420010995,0.19142392,0.39648634031132113,0.44685588194528464,0.5866733095107202,0.4398749390164305,0.5866733095107202,0.5866733095107202,0.1321888,-0.004391603637486696,0.10146670043468475,0.09707509726285934,-1,False,0.1,0.6850506459593184
1324,73,GENE:G0073,G0073,99,GENE:G0099,G0099,PPI,0.5864595931830676,0.03894159,0.03894159,0.7240241891148983,0.05412151,0.23087686443110275,0.5471295154158032,0.5864595931830676,0.44130163558733054,0.5864595931830676,0.5864595931830676,0.03894159,-0.029885882511734962,0.1628199815750122,0.1329340934753418,-1,False,0.1,0.6850506459593184
1399,88,GENE:G0088,G0088,81,GENE:G0081,G0081,PPI,0.584546454095657,0.06322953,0.06322953,0.8724573941726224,0.07677106,0.3110812538579714,0.5272054366958512,0.584546454095657,0.4591549136904945,0.584546454095657,0.584546454095657,0.06322953,-0.02061958611011505,0.12724119424819946,0.10662159323692322,-1,False,0.1,0.6850506459593184
1786,162,GENE:G0162,G0162,171,GENE:G0171,G0171,PPI,0.5842056074766355,0.05380738,0.05380738,0.6214953271028038,0.07347954,0.40770512151569055,0.24844270842465319,0.5842056074766355,0.311423845723421,0.5842056074766355,0.5842056074766355,0.05380738,0.034207772463560104,0.4711444079875946,0.5053521394729614,1,False,0.1,0.6850506459593184
1079,137,GENE:G0137,G0137,55,GENE:G0055,G0055,PPI,0.5841258933479934,0.025998326,0.025998326,0.753710830126443,0.04514052,0.3035611860653975,0.4807676739197164,0.5841258933479934,0.39005946253260804,0.5841258933479934,0.5841258933479934,0.025998326,-0.03836772218346596,0.17899984121322632,0.14063210785388947,-1,False,0.1,0.6850506459593184
98,4,GENE:G0004,G0004,61,GENE:G0061,G0061,PPI,0.5838826278174821,0.049514532,0.049514532,0.8462067069818582,0.090099804,0.43775522874588024,0.5534735272482273,0.5838826278174821,0.5027768129097614,0.5838826278174821,0.5838826278174821,0.049514532,0.02482137642800808,0.1635589748620987,0.18838036060333252,1,False,0.1,0.6850506459593184
887,192,GENE:G0192,G0192,45,GENE:G0045,G0045,PPI,0.5835280373831776,0.05486582,0.05486582,0.6308411214953271,0.079318814,0.48002344287056214,0.43540606677708,0.5835280373831776,0.469160048245887,0.5835280373831776,0.5835280373831776,0.05486582,0.05494305118918419,0.13266490399837494,0.18760795891284943,1,False,0.1,0.6850506459593184
481,75,GENE:G0075,G0075,27,GENE:G0027,G0027,PPI,0.5832572842221001,0.05424377,0.05424377,0.8705332600329851,0.09016365,0.13539829748537355,0.3598262644573375,0.5832572842221001,0.27999948956579096,0.5832572842221001,0.5832572842221001,0.05424377,0.0014282758347690105,0.1439504772424698,0.14537875354290009,1,False,0.1,0.6850506459593184
1089,96,GENE:G0096,G0096,56,GENE:G0056,G0056,PPI,0.5814843320505771,0.16316038,0.16316038,0.9378779549202858,0.29724833,0.4282882978972755,0.44309150411426546,0.5814843320505771,0.4438274782514438,0.5814843320505771,0.5814843320505771,0.16316038,-0.003957422915846109,0.09246620535850525,0.08850877732038498,-1,False,0.1,0.6850506459593184
767,72,GENE:G0072,G0072,39,GENE:G0039,G0039,PPI,0.5797017592083563,0.040685482,0.040685482,0.6550302363936229,0.05458679,0.5348743760382674,0.3773537036250184,0.5797017592083563,0.43659356612569533,0.5797017592083563,0.5797017592083563,0.040685482,0.016700929030776024,0.15918530523777008,0.17588624358177185,1,False,0.1,0.6850506459593184
598,31,GENE:G0031,G0031,69,GENE:G0069,G0069,PPI,0.5793196811434854,0.12328705,0.12328705,0.9123144584936779,0.19632265,0.2716463904561687,0.42077877394308394,0.5793196811434854,0.40083777778522695,0.5793196811434854,0.5793196811434854,0.12328705,0.001287761377170682,0.09102766960859299,0.09231541305780411,1,False,0.1,0.6850506459593184
555,37,GENE:G0037,G0037,30,GENE:G0030,G0030,PPI,0.5792317207256733,0.07539594,0.07539594,0.8216052776250686,0.120997675,0.17587124953999927,0.5231084087086885,0.5792317207256733,0.42632249470458977,0.5792317207256733,0.5792317207256733,0.07539594,-0.012873032130300999,0.10119520872831345,0.08832217007875443,-1,False,0.1,0.6850506459593184
1375,113,GENE:G0113,G0113,78,GENE:G0078,G0078,PPI,0.5791203958218801,0.016399832,0.016399832,0.5970313358988455,0.030292876,0.14009313164725962,0.26945896709591816,0.5791203958218801,0.20874402537855563,0.5791203958218801,0.5791203958218801,0.016399832,-0.029654324054718018,0.12069327384233475,0.09103894233703613,-1,False,0.1,0.6850506459593184
799,86,GENE:G0086,G0086,41,GENE:G0041,G0041,PPI,0.5783534909290818,0.022851836,0.022851836,0.5931830676195712,0.026751675,0.30002593774224273,0.5463245035585412,0.5783534909290818,0.4303823877753996,0.5783534909290818,0.5783534909290818,0.022851836,-0.05327407270669937,0.16844512522220612,0.11517105251550674,-1,False,0.1,0.6850506459593184
413,72,GENE:G0072,G0072,24,GENE:G0024,G0024,PPI,0.5775343595382078,0.04340626,0.04340626,0.7086311159978009,0.06714577,0.20371122172558567,0.459095078528639,0.5775343595382078,0.38796324684748906,0.5775343595382078,0.5775343595382078,0.04340626,0.0023445377591997385,0.1909356266260147,0.1932801604270935,1,False,0.1,0.6850506459593184
1421,103,GENE:G0103,G0103,82,GENE:G0082,G0082,PPI,0.5774986256184717,0.06517619,0.06517619,0.7910940076965366,0.111736886,0.4143405789966977,0.501269025772456,0.5774986256184717,0.4804702441474196,0.5774986256184717,0.5774986256184717,0.06517619,-0.011337466537952423,0.11361094564199448,0.10227347165346146,-1,False,0.1,0.6850506459593184
1336,74,GENE:G0074,G0074,86,GENE:G0086,G0086,PPI,0.5765805387575591,0.033431295,0.033431295,0.7586586036283672,0.047019195,0.22552510513918006,0.37413485757436776,0.5765805387575591,0.3099868055191877,0.5765805387575591,0.5765805387575591,0.033431295,-0.016010329127311707,0.16527515649795532,0.14926481246948242,-1,False,0.1,0.6850506459593184
1302,72,GENE:G0072,G0072,83,GENE:G0083,G0083,PPI,0.5763166575041232,0.08826122,0.08826122,0.6333150082462892,0.11557699,0.5571643927585335,0.4718515583388652,0.5763166575041232,0.5410761439873261,0.5763166575041232,0.5763166575041232,0.08826122,0.044710155576467514,0.09855964779853821,0.14326979219913483,1,False,0.1,0.6850506459593184
1433,161,GENE:G0161,G0161,83,GENE:G0083,G0083,PPI,0.5759620670698186,0.06318652,0.06318652,0.6294667399670149,0.088683456,0.4070338730364767,0.47601796493350823,0.5759620670698186,0.49695440560890575,0.5759620670698186,0.5759620670698186,0.06318652,-0.05696297064423561,0.18668577075004578,0.12972284853458405,-1,False,0.1,0.6850506459593184
1755,198,GENE:G0198,G0198,150,GENE:G0150,G0150,PPI,0.5756775700934579,0.05881408,0.05881408,0.602803738317757,0.07816303,0.5710778548005278,0.4038560113697318,0.5756775700934579,0.5002505594962984,0.5756775700934579,0.5756775700934579,0.05881408,-0.045222703367471695,0.313188374042511,0.2679656744003296,-1,False,0.1,0.6850506459593184
721,116,GENE:G0116,G0116,36,GENE:G0036,G0036,PPI,0.5754425508521166,0.059532423,0.059532423,0.7776250687190764,0.084694594,0.7031455341149557,0.5159939332244162,0.5754425508521166,0.5743921763459653,0.5754425508521166,0.5754425508521166,0.059532423,0.03340873494744301,0.13456963002681732,0.16797836124897003,1,False,0.1,0.6850506459593184
103,112,GENE:G0112,G0112,4,GENE:G0004,G0004,PPI,0.5726869158878505,0.021294074,0.021294074,0.5934579439252337,0.033867277,0.25845341433318053,0.3953962263644103,0.5726869158878505,0.3254053886295267,0.5726869158878505,0.5726869158878505,0.021294074,-0.02947857789695263,0.21271196007728577,0.18323339521884918,-1,False,0.1,0.6850506459593184
1405,115,GENE:G0115,G0115,81,GENE:G0081,G0081,PPI,0.5723213304013194,0.08201222,0.08201222,0.7199010445299615,0.1347037,0.30849363882884373,0.48673243784295395,0.5723213304013194,0.4670036684413959,0.5723213304013194,0.5723213304013194,0.08201222,0.023042600601911545,0.11542549729347229,0.13846811652183533,1,False,0.1,0.6850506459593184
226,13,GENE:G0013,G0013,111,GENE:G0111,G0111,PPI,0.5700989554700385,0.045733772,0.045733772,0.7308960967564596,0.0583196,0.5902685970059341,0.4743510037005428,0.5700989554700385,0.505541745035194,0.5700989554700385,0.5700989554700385,0.045733772,0.05952565744519234,0.3525985777378082,0.41212424635887146,1,False,0.1,0.6850506459593184
1478,89,GENE:G0089,G0089,91,GENE:G0091,G0091,PPI,0.569026937877955,0.08162033,0.08162033,0.7295217152281473,0.12597016,0.7754248402813914,0.5635289641312022,0.569026937877955,0.6486359331260729,0.569026937877955,0.569026937877955,0.08162033,0.06574912369251251,0.13243870437145233,0.19818778336048126,1,False,0.1,0.6850506459593184
656,34,GENE:G0034,G0034,35,GENE:G0035,G0035,PPI,0.5679301814183616,0.02050016,0.02050016,0.573666849917537,0.022696046,0.15672310668728937,0.42714110334001504,0.5679301814183616,0.3012938576663215,0.5679301814183616,0.5679301814183616,0.02050016,-0.0180429108440876,0.18424202501773834,0.16619911789894104,-1,False,0.1,0.6850506459593184
1282,71,GENE:G0071,G0071,78,GENE:G0078,G0078,PPI,0.5678353490929081,0.12123613,0.12123613,0.9233095107201759,0.15617727,0.19206336492829418,0.4374528992866735,0.5678353490929081,0.3680752808508416,0.5678353490929081,0.5678353490929081,0.12123613,0.0003875421825796366,0.09264206886291504,0.09302959591150284,1,False,0.1,0.6850506459593184
83,59,GENE:G0059,G0059,3,GENE:G0003,G0003,PPI,0.5674024189114898,0.020012118,0.020012118,0.6836173721825178,0.032085266,0.20300796611868627,0.5587918675338366,0.5674024189114898,0.38322770306554044,0.5674024189114898,0.5674024189114898,0.020012118,-0.04737415164709091,0.3056153357028961,0.2582411766052246,-1,False,0.1,0.6850506459593184
874,45,GENE:G0045,G0045,76,GENE:G0076,G0076,PPI,0.566808686091259,0.029719992,0.029719992,0.640461792193513,0.030000407,0.29578915388786703,0.43447674230150246,0.566808686091259,0.3719505945140666,0.566808686091259,0.566808686091259,0.029719992,-0.017132820561528206,0.22195331752300262,0.20482051372528076,-1,False,0.1,0.6850506459593184
1023,56,GENE:G0056,G0056,53,GENE:G0053,G0053,PPI,0.5665860362836723,0.023777924,0.023777924,0.6366135239142385,0.03981423,0.2663960468096925,0.39153025629271415,0.5665860362836723,0.32752567421762036,0.5665860362836723,0.5665860362836723,0.023777924,0.061897773295640945,0.08108536899089813,0.14298315346240997,1,False,0.1,0.6850506459593184
1085,66,GENE:G0066,G0066,56,GENE:G0056,G0056,PPI,0.5664925783397471,0.067531504,0.067531504,0.7655305112699284,0.10126363,0.3929428302782682,0.3226145761593719,0.5664925783397471,0.34944705088348627,0.5664925783397471,0.5664925783397471,0.067531504,0.028866484761238098,0.09226597100496292,0.12113244831562042,1,False,0.1,0.6850506459593184
8,0,GENE:G0000,G0000,72,GENE:G0072,G0072,PPI,0.5657174271577791,0.034249414,0.034249414,0.7443650357339198,0.040211312,0.45125869384549055,0.4768586240764287,0.5657174271577791,0.4508865864628305,0.5657174271577791,0.5657174271577791,0.034249414,-0.005495824851095676,0.11180140823125839,0.1063055694103241,-1,False,0.1,0.6850506459593184
248,16,GENE:G0016,G0016,188,GENE:G0188,G0188,PPI,0.565695437053326,0.2496057,0.2496057,0.94282572842221,0.35759208,0.6521364997644278,0.2422163152546531,0.565695437053326,0.397678338076824,0.565695437053326,0.565695437053326,0.2496057,0.043780338019132614,0.34309151768684387,0.3868717849254608,1,False,0.1,0.6850506459593184
1184,63,GENE:G0063,G0063,85,GENE:G0085,G0085,PPI,0.5655181418361738,0.09255499,0.09255499,0.8633864760857615,0.15526992,0.25441813747677533,0.4349724443128203,0.5655181418361738,0.38972823557766256,0.5655181418361738,0.5655181418361738,0.09255499,-0.0005046126316301525,0.10615484416484833,0.10565023124217987,-1,False,0.1,0.6850506459593184
1452,85,GENE:G0085,G0085,91,GENE:G0091,G0091,PPI,0.5654755360087961,0.026569663,0.026569663,0.7641561297416163,0.049323153,0.2658256951701205,0.4157458825100004,0.5654755360087961,0.3395986619250944,0.5654755360087961,0.5654755360087961,0.026569663,0.028446435928344727,0.1352880597114563,0.16373451054096222,1,False,0.1,0.6850506459593184
1764,154,GENE:G0154,G0154,178,GENE:G0178,G0178,PPI,0.5638812534359539,0.06527386,0.06527386,0.7229246838922485,0.09157458,0.7524977981696392,0.4924916118588278,0.5638812534359539,0.5810780211163175,0.5638812534359539,0.5638812534359539,0.06527386,-0.07377372682094574,0.42883923649787903,0.3550654947757721,-1,False,0.1,0.6850506459593184
1350,75,GENE:G0075,G0075,124,GENE:G0124,G0124,PPI,0.5621660252886201,0.036471013,0.036471013,0.657504123144585,0.06299092,0.3855337750594758,0.5420821443449888,0.5621660252886201,0.48427424794808516,0.5621660252886201,0.5621660252886201,0.036471013,0.019783783704042435,0.19721737504005432,0.21700116991996765,1,False,0.1,0.6850506459593184
186,10,GENE:G0010,G0010,99,GENE:G0099,G0099,PPI,0.560087960417812,0.028890932,0.028890932,0.7778999450247388,0.0416071,0.200577371483324,0.5402905734177516,0.560087960417812,0.38909533778953703,0.560087960417812,0.560087960417812,0.028890932,-0.025200199335813522,0.16152292490005493,0.1363227218389511,-1,False,0.1,0.6850506459593184
880,45,GENE:G0045,G0045,87,GENE:G0087,G0087,PPI,0.5596976360637713,0.14730315,0.14730315,0.9175371083012644,0.17058557,0.30906067972830886,0.40538114431414046,0.5596976360637713,0.3842164166970031,0.5596976360637713,0.5596976360637713,0.14730315,0.0006984927458688617,0.13094769418239594,0.13164618611335754,1,False,0.1,0.6850506459593184
1281,183,GENE:G0183,G0183,70,GENE:G0070,G0070,PPI,0.5586366135239142,0.022904245,0.022904245,0.6421110500274876,0.03659471,0.2756284377268607,0.43395972141336014,0.5586366135239142,0.3534595946178525,0.5586366135239142,0.5586366135239142,0.022904245,-0.05353696644306183,0.20844610035419464,0.154909148812294,-1,False,0.1,0.6850506459593184
158,9,GENE:G0009,G0009,13,GENE:G0013,G0013,PPI,0.5584964266080263,0.06604266,0.06604266,0.7921935129191864,0.10393684,0.30307120239572327,0.5173727224344091,0.5584964266080263,0.4762582097043967,0.5584964266080263,0.5584964266080263,0.06604266,0.0007453435100615025,0.1947626918554306,0.19550801813602448,1,False,0.1,0.6850506459593184
1657,138,GENE:G0138,G0138,126,GENE:G0126,G0126,PPI,0.5582737768004398,0.13841194,0.13841194,0.9304562946673997,0.25268525,0.6345596634121413,0.2390385501857145,0.5582737768004398,0.38963021999799785,0.5582737768004398,0.5582737768004398,0.13841194,-0.0962001383304596,0.5682253837585449,0.4720253050327301,-1,False,0.1,0.6850506459593184
1149,188,GENE:G0188,G0188,59,GENE:G0059,G0059,PPI,0.5578422210005497,0.03853848,0.03853848,0.8326003298515667,0.05730146,0.20380668232442786,0.4310265036909857,0.5578422210005497,0.3396314414453632,0.5578422210005497,0.5578422210005497,0.03853848,0.002221622271463275,0.0935131087899208,0.09573473036289215,1,False,0.1,0.6850506459593184
1287,90,GENE:G0090,G0090,71,GENE:G0071,G0071,PPI,0.5578422210005497,0.044912692,0.044912692,0.8326003298515667,0.06928731,0.2250618630439691,0.3232698777682393,0.5578422210005497,0.29420224726978306,0.5578422210005497,0.5578422210005497,0.044912692,-0.017863929271697998,0.09585101157426834,0.07798705995082855,-1,False,0.1,0.6850506459593184
1570,108,GENE:G0108,G0108,116,GENE:G0116,G0116,PPI,0.557350192413414,0.022711933,0.022711933,0.6091258933479934,0.032860827,0.2846269375939343,0.3951814261529615,0.557350192413414,0.33651719030216937,0.557350192413414,0.557350192413414,0.022711933,-0.057324785739183426,0.27292901277542114,0.2156042456626892,-1,False,0.1,0.6850506459593184
1503,95,GENE:G0095,G0095,94,GENE:G0094,G0094,PPI,0.5573172072567344,0.121025704,0.121025704,0.8708081363386475,0.22524878,0.4812779666416024,0.48515815351423075,0.5573172072567344,0.4975586077184994,0.5573172072567344,0.5573172072567344,0.121025704,-0.007550469134002924,0.12927557528018951,0.12172510474920273,-1,False,0.1,0.6850506459593184
246,16,GENE:G0016,G0016,91,GENE:G0091,G0091,PPI,0.5573020890599231,0.018883618,0.018883618,0.5775151181968114,0.023217348,0.222496313735258,0.4626343090607559,0.5573020890599231,0.34349410975167954,0.5573020890599231,0.5573020890599231,0.018883618,0.013317405246198177,0.12966208159923553,0.14297950267791748,1,False,0.1,0.6850506459593184
435,66,GENE:G0066,G0066,25,GENE:G0025,G0025,PPI,0.5567069818581638,0.092444256,0.092444256,0.7091808686091259,0.10856147,0.540710908096832,0.46386338271137656,0.5567069818581638,0.5140607108536424,0.5567069818581638,0.5567069818581638,0.092444256,0.009188570082187653,0.1328512728214264,0.14203983545303345,1,False,0.1,0.6850506459593184
88,4,GENE:G0004,G0004,5,GENE:G0005,G0005,PPI,0.5566451346893897,0.024079569,0.024079569,0.5709180868609125,0.040878404,0.24991052792119559,0.5509063717785653,0.5566451346893897,0.42037994097899706,0.5566451346893897,0.5566451346893897,0.024079569,0.011101167649030685,0.266483336687088,0.2775844931602478,1,False,0.1,0.6850506459593184
932,49,GENE:G0049,G0049,54,GENE:G0054,G0054,PPI,0.556624518966465,0.024213271,0.024213271,0.6871907641561297,0.04305767,0.2537881369882749,0.5137411679924592,0.556624518966465,0.38868629287973483,0.556624518966465,0.556624518966465,0.024213271,-0.026152677834033966,0.1902579367160797,0.16410526633262634,-1,False,0.1,0.6850506459593184
1397,86,GENE:G0086,G0086,81,GENE:G0081,G0081,PPI,0.5561187465640461,0.040174447,0.040174447,0.7515118196811434,0.059475817,0.3670103139169425,0.266548434439511,0.5561187465640461,0.2947775274363135,0.5561187465640461,0.5561187465640461,0.040174447,-0.034189894795417786,0.13345830142498016,0.09926839917898178,-1,False,0.1,0.6850506459593184
1489,156,GENE:G0156,G0156,91,GENE:G0091,G0091,PPI,0.5548034634414514,0.042328477,0.042328477,0.8280648708081364,0.063084304,0.19531099725459822,0.5117280109772913,0.5548034634414514,0.3886665375199873,0.5548034634414514,0.5548034634414514,0.042328477,-0.010527797974646091,0.14793692529201508,0.13740913569927216,-1,False,0.1,0.6850506459593184
112,5,GENE:G0005,G0005,99,GENE:G0099,G0099,PPI,0.5532943925233645,0.029914282,0.029914282,0.5560747663551402,0.03465499,0.40534104710533836,0.3922199956963178,0.5532943925233645,0.4005631186252403,0.5532943925233645,0.5532943925233645,0.029914282,-0.011420751921832561,0.15049926936626434,0.1390785276889801,-1,False,0.1,0.6850506459593184
1355,80,GENE:G0080,G0080,76,GENE:G0076,G0076,PPI,0.5530208905992303,0.030378496,0.030378496,0.5557998900494777,0.04170202,0.2749709321043502,0.30618218401465735,0.5530208905992303,0.29544152491791087,0.5530208905992303,0.5530208905992303,0.030378496,0.030613403767347336,0.21261495351791382,0.24322836101055145,1,False,0.1,0.6850506459593184
489,97,GENE:G0097,G0097,27,GENE:G0027,G0027,PPI,0.5529631665750413,0.02193016,0.02193016,0.6283672347443651,0.03058582,0.2979903590549077,0.4168116696400464,0.5529631665750413,0.35958135110320694,0.5529631665750413,0.5529631665750413,0.02193016,-0.03502964600920677,0.16307953000068665,0.12804989516735077,-1,False,0.1,0.6850506459593184
514,28,GENE:G0028,G0028,92,GENE:G0092,G0092,PPI,0.5524518966465091,0.09866021,0.09866021,0.9692138537658054,0.18587692,0.2462334741733996,0.38720063132091814,0.5524518966465091,0.3414747320934289,0.5524518966465091,0.5524518966465091,0.09866021,-0.018146369606256485,0.14859037101268768,0.1304439902305603,-1,False,0.1,0.6850506459593184
1719,162,GENE:G0162,G0162,143,GENE:G0143,G0143,PPI,0.5521907641561298,0.05275232,0.05275232,0.5692688290269379,0.05033166,0.622259944229195,0.4324757436872463,0.5521907641561298,0.5190994723420796,0.5521907641561298,0.5521907641561298,0.05275232,0.0018260350916534662,0.23561328649520874,0.2374393343925476,1,False,0.1,0.6850506459593184
531,56,GENE:G0056,G0056,29,GENE:G0029,G0029,PPI,0.5519516217702034,0.022441285,0.022441285,0.5519516217702034,0.031711664,0.2576700120928746,0.49213536883253206,0.5519516217702034,0.38496220263610864,0.5519516217702034,0.5519516217702034,0.022441285,0.0473632775247097,0.09233332425355911,0.1396966129541397,1,False,0.1,0.6850506459593184
1354,76,GENE:G0076,G0076,80,GENE:G0080,G0080,PPI,0.551390874106652,0.015658896,0.015658896,0.5684442001099506,0.025807107,0.2031159860096715,0.5413517091455572,0.551390874106652,0.37223753850186164,0.551390874106652,0.551390874106652,0.015658896,0.03416024148464203,0.1272570639848709,0.16141733527183533,1,False,0.1,0.6850506459593184
770,39,GENE:G0039,G0039,88,GENE:G0088,G0088,PPI,0.5509373282023089,0.030485006,0.030485006,0.82847718526663,0.056939222,0.2952688625815653,0.44043907404331273,0.5509373282023089,0.36639415914712364,0.5509373282023089,0.5509373282023089,0.030485006,-0.02059837430715561,0.1888396441936493,0.16824127733707428,-1,False,0.1,0.6850506459593184
1601,143,GENE:G0143,G0143,114,GENE:G0114,G0114,PPI,0.5486214953271028,0.13111787,0.13111787,0.717152281473337,0.18362576,0.855316087893111,0.5057067846840149,0.5486214953271028,0.6418452831183563,0.5486214953271028,0.5486214953271028,0.13111787,-0.051538847386837006,0.2615426778793335,0.21000385284423828,-1,False,0.1,0.6850506459593184
777,135,GENE:G0135,G0135,39,GENE:G0039,G0039,PPI,0.5479824079164376,0.053274073,0.053274073,0.7405167674546455,0.06697756,0.4009208331740073,0.48093699375220367,0.5479824079164376,0.4670311060074194,0.5479824079164376,0.5479824079164376,0.053274073,-0.03387860953807831,0.19649457931518555,0.16261596977710724,-1,False,0.1,0.6850506459593184
1676,130,GENE:G0130,G0130,145,GENE:G0145,G0145,PPI,0.5477336448598131,0.029673548,0.029673548,0.5560747663551402,0.03804458,0.37562397822540017,0.44151075807705153,0.5477336448598131,0.41420117994067657,0.5477336448598131,0.5477336448598131,0.029673548,-0.016939114779233932,0.19917425513267517,0.18223515152931213,-1,False,0.1,0.6850506459593184
528,29,GENE:G0029,G0029,51,GENE:G0051,G0051,PPI,0.5476415612974161,0.08828262,0.08828262,0.8556899395272127,0.14982283,0.606511915399317,0.40353742407370113,0.5476415612974161,0.46890212533203557,0.5476415612974161,0.5476415612974161,0.08828262,0.006638097111135721,0.09484503418207169,0.10148313641548157,1,False,0.1,0.6850506459593184
646,33,GENE:G0033,G0033,66,GENE:G0066,G0066,PPI,0.5476113249037933,0.11385268,0.11385268,0.829714128642111,0.19101305,0.7632580815642224,0.49303453885427745,0.5476113249037933,0.5838377993700516,0.5476113249037933,0.5476113249037933,0.11385268,0.03756600245833397,0.10733110457658768,0.14489710330963135,1,False,0.1,0.6850506459593184
1136,59,GENE:G0059,G0059,84,GENE:G0084,G0084,PPI,0.5474683892248489,0.06929729,0.06929729,0.7251236943375481,0.083399974,0.2665000720514415,0.1260130629621785,0.5474683892248489,0.19704490196971522,0.5474683892248489,0.5474683892248489,0.06929729,-0.0058370898477733135,0.14868326485157013,0.14284616708755493,-1,False,0.1,0.6850506459593184
1228,66,GENE:G0066,G0066,152,GENE:G0152,G0152,PPI,0.5469928532160528,0.06904624,0.06904624,0.5945574491478834,0.06938133,0.49799885540323907,0.24194908884277,0.5469928532160528,0.33590991449521085,0.5469928532160528,0.5469928532160528,0.06904624,0.17740237712860107,0.3643406629562378,0.5417429804801941,1,False,0.1,0.6850506459593184
1424,83,GENE:G0083,G0083,93,GENE:G0093,G0093,PPI,0.5468389224848819,0.06523114,0.06523114,0.5579989004947774,0.06870408,0.5321892072653949,0.3050677512221923,0.5468389224848819,0.39963684528027676,0.5468389224848819,0.5468389224848819,0.06523114,-0.0714375302195549,0.30456259846687317,0.23312506079673767,-1,False,0.1,0.6850506459593184
1080,55,GENE:G0055,G0055,150,GENE:G0150,G0150,PPI,0.5461902144035183,0.03387861,0.03387861,0.6206706981858163,0.042024016,0.2086478686557651,0.5256314995304365,0.5461902144035183,0.42655624905770534,0.5461902144035183,0.5461902144035183,0.03387861,-0.033879268914461136,0.2927538752555847,0.2588745951652527,-1,False,0.1,0.6850506459593184
586,31,GENE:G0031,G0031,58,GENE:G0058,G0058,PPI,0.5460802638812534,0.05064481,0.05064481,0.7185266630016492,0.10128914,0.5826043896028842,0.2343763046113493,0.5460802638812534,0.36293475846617457,0.5460802638812534,0.5460802638812534,0.05064481,-0.021498585119843483,0.17153842747211456,0.15003985166549683,-1,False,0.1,0.6850506459593184
169,102,GENE:G0102,G0102,9,GENE:G0009,G0009,PPI,0.5452363936228697,0.037843373,0.037843373,0.7368059373282023,0.06664441,0.4544585303042982,0.3072577937760987,0.5452363936228697,0.35233471149033363,0.5452363936228697,0.5452363936228697,0.037843373,-0.02000819705426693,0.17439407110214233,0.15438586473464966,-1,False,0.1,0.6850506459593184
1788,162,GENE:G0162,G0162,177,GENE:G0177,G0177,PPI,0.5450261132490379,0.030345028,0.030345028,0.5956569543705332,0.04887532,0.23303102057591918,0.3041789760667959,0.5450261132490379,0.2735114747945526,0.5450261132490379,0.5450261132490379,0.030345028,0.009536548517644405,0.3056017756462097,0.3151383101940155,1,False,0.1,0.6850506459593184
928,48,GENE:G0048,G0048,194,GENE:G0194,G0194,PPI,0.5447704782847719,0.019465972,0.019465972,0.6225948323254535,0.030800343,0.2612728703138308,0.4855142045147365,0.5447704782847719,0.3736401145842329,0.5447704782847719,0.5447704782847719,0.019465972,-0.03912404179573059,0.49422988295555115,0.45510587096214294,-1,False,0.1,0.6850506459593184
131,167,GENE:G0167,G0167,6,GENE:G0006,G0006,PPI,0.5442688290269379,0.009946334,0.009946334,0.5470038482682793,0.017024567,0.06575635452233163,0.520502258412859,0.5442688290269379,0.28139532029605896,0.5442688290269379,0.5442688290269379,0.009946334,0.04305190220475197,0.27693304419517517,0.3199850022792816,1,False,0.1,0.6850506459593184
1529,110,GENE:G0110,G0110,101,GENE:G0101,G0101,PPI,0.5440131940626718,0.019541934,0.019541934,0.6289169873556899,0.031108327,0.2388116231656264,0.4893847130470559,0.5440131940626718,0.3667133633764273,0.5440131940626718,0.5440131940626718,0.019541934,-0.08908546715974808,0.33895570039749146,0.24987024068832397,-1,False,0.1,0.6850506459593184
1203,198,GENE:G0198,G0198,64,GENE:G0064,G0064,PPI,0.5431006047278725,0.036276165,0.036276165,0.5871357888949973,0.05036342,0.4092230756408267,0.47581550986116156,0.5431006047278725,0.45788857101756814,0.5431006047278725,0.5431006047278725,0.036276165,-0.019681673496961594,0.1973782330751419,0.17769655585289001,-1,False,0.1,0.6850506459593184
543,87,GENE:G0087,G0087,29,GENE:G0029,G0029,PPI,0.5430799890049478,0.05556391,0.05556391,0.8045629466739967,0.11112773,0.05396844832748524,0.20903158522900378,0.5430799890049478,0.16253956703503292,0.5430799890049478,0.5430799890049478,0.05556391,-0.011732179671525955,0.10288752615451813,0.09115535765886307,-1,False,0.1,0.6850506459593184
1552,105,GENE:G0105,G0105,135,GENE:G0135,G0135,PPI,0.5429782847718526,0.014709068,0.014709068,0.562671797691039,0.022896668,0.15732901277799902,0.3539245861986814,0.5429782847718526,0.25858795212268376,0.5429782847718526,0.5429782847718526,0.014709068,-0.043405257165431976,0.3108687698841095,0.2674635052680969,-1,False,0.1,0.6850506459593184
1634,121,GENE:G0121,G0121,134,GENE:G0134,G0134,PPI,0.5428408466190215,0.019484032,0.019484032,0.5836998350742166,0.024966609,0.19959766624330422,0.5220117401678251,0.5428408466190215,0.36755032405911503,0.5428408466190215,0.5428408466190215,0.019484032,-0.05111117288470268,0.37611711025238037,0.3250059187412262,-1,False,0.1,0.6850506459593184
791,70,GENE:G0070,G0070,41,GENE:G0041,G0041,PPI,0.5417811984606926,0.021453228,0.021453228,0.6019791094007696,0.03505195,0.2436988783782825,0.5372473848753595,0.5417811984606926,0.397436214903205,0.5417811984606926,0.5417811984606926,0.021453228,-0.022499417886137962,0.14627982676029205,0.12378039211034775,-1,False,0.1,0.6850506459593184
52,2,GENE:G0002,G0002,21,GENE:G0021,G0021,PPI,0.5408878504672897,0.023291059,0.023291059,0.6363386476085762,0.03359499,0.2388807658190283,0.5344865853486315,0.5408878504672897,0.3965861773595726,0.5408878504672897,0.5408878504672897,0.023291059,-0.008985592052340508,0.14934545755386353,0.14035986363887787,-1,False,0.1,0.6850506459593184
176,9,GENE:G0009,G0009,192,GENE:G0192,G0192,PPI,0.5398350742166025,0.043526564,0.043526564,0.6465090709180868,0.0748421,0.38587948592194193,0.5012843065987164,0.5398350742166025,0.47241994261501535,0.5398350742166025,0.5398350742166025,0.043526564,0.015066857449710369,0.20126914978027344,0.21633602678775787,1,False,0.1,0.6850506459593184
681,146,GENE:G0146,G0146,34,GENE:G0034,G0034,PPI,0.5396289169873557,0.019536816,0.019536816,0.5450797141286421,0.020804916,0.17486567883416443,0.514515984422559,0.5396289169873557,0.3560891543333363,0.5396289169873557,0.5396289169873557,0.019536816,0.021135704591870308,0.13617368042469025,0.1573093682527542,1,False,0.1,0.6850506459593184
671,77,GENE:G0077,G0077,34,GENE:G0034,G0034,PPI,0.5393760307861463,0.056619275,0.056619275,0.645959318306762,0.0943283,0.48199199730030456,0.3981567691082495,0.5393760307861463,0.4477235016085893,0.5393760307861463,0.5393760307861463,0.056619275,0.02159074693918228,0.12687541544437408,0.14846615493297577,1,False,0.1,0.6850506459593184
881,87,GENE:G0087,G0087,45,GENE:G0045,G0045,PPI,0.5392963166575041,0.04748638,0.04748638,0.754260582737768,0.07190569,0.4281504400061192,0.48989210332638383,0.5392963166575041,0.46574207788128386,0.5392963166575041,0.5392963166575041,0.04748638,-0.015772294253110886,0.14419764280319214,0.12842534482479095,-1,False,0.1,0.6850506459593184
1007,72,GENE:G0072,G0072,52,GENE:G0052,G0052,PPI,0.5390516767454645,0.15632099,0.15632099,0.8229796591533809,0.25694385,0.27590302271934625,0.41461556774039593,0.5390516767454645,0.39766456370772213,0.5390516767454645,0.5390516767454645,0.15632099,0.0023276503197848797,0.1150551587343216,0.11738280206918716,1,False,0.1,0.6850506459593184
1572,108,GENE:G0108,G0108,149,GENE:G0149,G0149,PPI,0.5366437603078614,0.041066132,0.041066132,0.6063771302913689,0.058984283,0.45539122494217493,0.4873891745370456,0.5366437603078614,0.4852416136063377,0.5366437603078614,0.5366437603078614,0.041066132,-0.013172444887459278,0.3984536826610565,0.38528120517730713,-1,False,0.1,0.6850506459593184
1772,155,GENE:G0155,G0155,189,GENE:G0189,G0189,PPI,0.5358878504672896,0.028013665,0.028013665,0.5700934579439252,0.037013203,0.3499974242529576,0.49745350312552605,0.5358878504672896,0.43441040700884626,0.5358878504672896,0.5358878504672896,0.028013665,-0.06026465445756912,0.2841876149177551,0.2239229381084442,-1,False,0.1,0.6850506459593184
1675,133,GENE:G0133,G0133,130,GENE:G0130,G0130,PPI,0.53543155579989,0.029883672,0.029883672,0.6225948323254535,0.038149938,0.3864082432573503,0.5049931124028493,0.53543155579989,0.44937637285667426,0.53543155579989,0.53543155579989,0.029883672,0.03948068246245384,0.2659386396408081,0.30541926622390747,1,False,0.1,0.6850506459593184
148,7,GENE:G0007,G0007,119,GENE:G0119,G0119,PPI,0.5345890599230346,0.03463857,0.03463857,0.597306212204508,0.03765272,0.4739818991226969,0.5179027204346596,0.5345890599230346,0.5010057353803181,0.5345890599230346,0.5345890599230346,0.03463857,0.0363774411380291,0.39379775524139404,0.43017521500587463,1,False,0.1,0.6850506459593184
35,67,GENE:G0067,G0067,1,GENE:G0001,G0001,PPI,0.5334084661902144,0.05336801,0.05336801,0.6388125343595382,0.08646212,0.4806124462592912,0.3915821834061302,0.5334084661902144,0.44179757596068797,0.5334084661902144,0.5334084661902144,0.05336801,-0.022032126784324646,0.14458279311656952,0.12255068123340607,-1,False,0.1,0.6850506459593184
501,56,GENE:G0056,G0056,28,GENE:G0028,G0028,PPI,0.5330428807036834,0.038293812,0.038293812,0.585761407366685,0.05072099,0.3744068671752418,0.42920765290566654,0.5330428807036834,0.418754134781035,0.5330428807036834,0.5330428807036834,0.038293812,0.0434911735355854,0.1416688859462738,0.1851600706577301,1,False,0.1,0.6850506459593184
127,67,GENE:G0067,G0067,6,GENE:G0006,G0006,PPI,0.5326168224299065,0.04558067,0.04558067,0.6495327102803738,0.06452281,0.395196730076984,0.3696634402324066,0.5326168224299065,0.38283868923619746,0.5326168224299065,0.5326168224299065,0.04558067,-0.03885168582201004,0.2868747413158417,0.24802307784557343,-1,False,0.1,0.6850506459593184
442,25,GENE:G0025,G0025,88,GENE:G0088,G0088,PPI,0.5325714678394723,0.019110747,0.019110747,0.5406816932380429,0.023044964,0.14758882672294465,0.3163276717947645,0.5325714678394723,0.2344801533652289,0.5325714678394723,0.5325714678394723,0.019110747,-0.02615869976580143,0.18794339895248413,0.16178470849990845,-1,False,0.1,0.6850506459593184
276,18,GENE:G0018,G0018,103,GENE:G0103,G0103,PPI,0.5318471687740517,0.0152531,0.0152531,0.5975810885101704,0.027694102,0.12138600401396271,0.23244291278999782,0.5318471687740517,0.18206906367217188,0.5318471687740517,0.5318471687740517,0.0152531,-0.03298508748412132,0.2923165559768677,0.25933149456977844,-1,False,0.1,0.6850506459593184
1637,156,GENE:G0156,G0156,122,GENE:G0122,G0122,PPI,0.5316135239142387,0.037305385,0.037305385,0.6110500274876306,0.04993239,0.45058850238304293,0.48696508564006097,0.5316135239142387,0.4758867940926356,0.5316135239142387,0.5316135239142387,0.037305385,-0.0533851683139801,0.3485288619995117,0.29514363408088684,-1,False,0.1,0.6850506459593184
1803,185,GENE:G0185,G0185,175,GENE:G0175,G0175,PPI,0.5313537658053875,0.22096312,0.22096312,0.9573941726223199,0.40434733,0.6466392590494087,0.2715946885572975,0.5313537658053875,0.3912174280412658,0.5313537658053875,0.5313537658053875,0.22096312,-0.07775312662124634,0.6878476738929749,0.610094428062439,-1,False,0.1,0.6850506459593184
1406,81,GENE:G0081,G0081,120,GENE:G0120,G0120,PPI,0.531280923584387,0.040842686,0.040842686,0.6641011544804838,0.059503995,0.3402321169774334,0.505764371186564,0.531280923584387,0.46487154864783525,0.531280923584387,0.531280923584387,0.040842686,-0.10938961803913116,0.6972381472587585,0.5878484845161438,-1,False,0.1,0.6850506459593184
124,6,GENE:G0006,G0006,63,GENE:G0063,G0063,PPI,0.5309579439252337,0.028402677,0.028402677,0.6246564046179219,0.03399744,0.313130450355665,0.5183142743616899,0.5309579439252337,0.42874568457039647,0.5309579439252337,0.5309579439252337,0.028402677,-0.014483446255326271,0.14025230705738068,0.12576885521411896,-1,False,0.1,0.6850506459593184
73,196,GENE:G0196,G0196,2,GENE:G0002,G0002,PPI,0.5308301264431006,0.09869333,0.09869333,0.9312809235843871,0.16177164,0.3484348637661751,0.5045703764258055,0.5308301264431006,0.45916033348369356,0.5308301264431006,0.5308301264431006,0.09869333,-0.01304929330945015,0.17118841409683228,0.15813910961151123,-1,False,0.1,0.6850506459593184
1546,104,GENE:G0104,G0104,196,GENE:G0196,G0196,PPI,0.5307916437603079,0.01247859,0.01247859,0.5832875206157229,0.020354703,0.10241117688969943,0.5084480882517236,0.5307916437603079,0.29841283760126625,0.5307916437603079,0.5307916437603079,0.01247859,-0.04551559314131737,0.29593661427497864,0.25042101740837097,-1,False,0.1,0.6850506459593184
1308,72,GENE:G0072,G0072,104,GENE:G0104,G0104,PPI,0.5299422759758108,0.031317946,0.031317946,0.7625068719076415,0.054726075,0.35678973478871867,0.3452607203376165,0.5299422759758108,0.33630579646538655,0.5299422759758108,0.5299422759758108,0.031317946,-0.029755599796772003,0.3384353220462799,0.3086797297000885,-1,False,0.1,0.6850506459593184
1162,61,GENE:G0061,G0061,83,GENE:G0083,G0083,PPI,0.5286214953271028,0.05032075,0.05032075,0.5841121495327103,0.06171061,0.6571317958832994,0.509284164152741,0.5286214953271028,0.5790175932994187,0.5286214953271028,0.5286214953271028,0.05032075,0.10524474829435349,0.08874982595443726,0.19399459660053253,1,False,0.1,0.6850506459593184
1294,71,GENE:G0071,G0071,109,GENE:G0109,G0109,PPI,0.528455195162177,0.032036137,0.032036137,0.71412864211105,0.056156635,0.44849520446873475,0.4914533489560581,0.528455195162177,0.4579721537866636,0.528455195162177,0.528455195162177,0.032036137,0.03357815369963646,0.22883376479148865,0.2624119520187378,1,False,0.1,0.6850506459593184
49,176,GENE:G0176,G0176,1,GENE:G0001,G0001,PPI,0.5281088510170423,0.061718773,0.061718773,0.7438152831225948,0.0861053,0.38470632842077923,0.28029107532662884,0.5281088510170423,0.3232529584517317,0.5281088510170423,0.5281088510170423,0.061718773,-0.01637965627014637,0.1447417289018631,0.12836208939552307,-1,False,0.1,0.6850506459593184
1758,152,GENE:G0152,G0152,154,GENE:G0154,G0154,PPI,0.5279824079164376,0.03745636,0.03745636,0.5387575590984057,0.042219542,0.40107051527374177,0.2796873096287864,0.5279824079164376,0.3241244004976964,0.5279824079164376,0.5279824079164376,0.03745636,-0.07178109884262085,0.3319878876209259,0.26020678877830505,-1,False,0.1,0.6850506459593184
939,70,GENE:G0070,G0070,49,GENE:G0049,G0049,PPI,0.5278229796591535,0.03039497,0.03039497,0.7877954920285872,0.045962658,0.13217197393832214,0.34121640920401497,0.5278229796591535,0.24958390790374257,0.5278229796591535,0.5278229796591535,0.03039497,-0.016001801937818527,0.14363454282283783,0.12763270735740662,-1,False,0.1,0.6850506459593184
951,180,GENE:G0180,G0180,49,GENE:G0049,G0049,PPI,0.5277528862012095,0.051230006,0.051230006,0.6990104452996152,0.06603664,0.388965199429203,0.3889099636118654,0.5277528862012095,0.40276289013901356,0.5277528862012095,0.5277528862012095,0.051230006,0.019732998684048653,0.1344120353460312,0.1541450172662735,1,False,0.1,0.6850506459593184
818,42,GENE:G0042,G0042,85,GENE:G0085,G0085,PPI,0.5273089609675645,0.05784896,0.05784896,0.7273227047828477,0.078149036,0.1777203767774463,0.2515579926344654,0.5273089609675645,0.2395863865066611,0.5273089609675645,0.5273089609675645,0.05784896,-0.011336540803313255,0.11464593559503555,0.10330939292907715,-1,False,0.1,0.6850506459593184
255,30,GENE:G0030,G0030,17,GENE:G0017,G0017,PPI,0.5270313358988454,0.024179732,0.024179732,0.7122045079714128,0.04444216,0.2591844511009859,0.3212823923732395,0.5270313358988454,0.2841335006220873,0.5270313358988454,0.5270313358988454,0.024179732,-0.03384949266910553,0.2500794529914856,0.21622997522354126,-1,False,0.1,0.6850506459593184
291,186,GENE:G0186,G0186,19,GENE:G0019,G0019,PPI,0.5252164650907092,0.041426692,0.041426692,0.724436503573392,0.05355724,0.11655029079217542,0.31148663662398085,0.5252164650907092,0.24413655157816183,0.5252164650907092,0.5252164650907092,0.041426692,0.0012002617586404085,0.22798225283622742,0.22918254137039185,1,False,0.1,0.6850506459593184
240,16,GENE:G0016,G0016,18,GENE:G0018,G0018,PPI,0.5250742166025288,0.04782565,0.04782565,0.6731720725673447,0.062330663,0.6047565831557236,0.43688815647334683,0.5250742166025288,0.4911116238654334,0.5250742166025288,0.5250742166025288,0.04782565,0.00042485923040658236,0.2711124122142792,0.27153730392456055,1,False,0.1,0.6850506459593184
138,7,GENE:G0007,G0007,35,GENE:G0035,G0035,PPI,0.523565145684442,0.017228225,0.017228225,0.6052776250687191,0.02570772,0.17898795336241713,0.3797242840754721,0.523565145684442,0.28301524407640316,0.523565145684442,0.523565145684442,0.017228225,-0.0123782679438591,0.18932770192623138,0.1769494265317917,-1,False,0.1,0.6850506459593184
889,50,GENE:G0050,G0050,46,GENE:G0046,G0046,PPI,0.523230483782298,0.027536338,0.027536338,0.5311984606926883,0.0393444,0.2362473530111635,0.20418345705736565,0.523230483782298,0.21733466919335007,0.523230483782298,0.523230483782298,0.027536338,-0.014782221056520939,0.13373111188411713,0.11894889920949936,-1,False,0.1,0.6850506459593184
1259,75,GENE:G0075,G0075,69,GENE:G0069,G0069,PPI,0.5227996151731721,0.038140967,0.038140967,0.6298790544255086,0.064078294,0.2283325102773125,0.3036513586872341,0.5227996151731721,0.27998109687560563,0.5227996151731721,0.5227996151731721,0.038140967,0.023344330489635468,0.08707250654697418,0.11041685193777084,1,False,0.1,0.6850506459593184
407,44,GENE:G0044,G0044,24,GENE:G0024,G0024,PPI,0.522306212204508,0.02220961,0.02220961,0.5868609125893348,0.028828075,0.2213477944481203,0.27682173882546524,0.522306212204508,0.24653605174812326,0.522306212204508,0.522306212204508,0.02220961,0.05292835831642151,0.1852869838476181,0.23821532726287842,1,False,0.1,0.6850506459593184
1707,146,GENE:G0146,G0146,139,GENE:G0139,G0139,PPI,0.5218540406816933,0.14252105,0.14252105,0.848543155579989,0.17044358,0.49596213068116807,0.3793614294976084,0.5218540406816933,0.4679759034115452,0.5218540406816933,0.5218540406816933,0.14252105,0.09703244268894196,0.9903929829597473,1.0874254703521729,1,False,0.1,0.6850506459593184
334,20,GENE:G0020,G0020,197,GENE:G0197,G0197,PPI,0.5213840021990105,0.021050826,0.021050826,0.5698185816382628,0.034582306,0.24813915167421777,0.27792897668595024,0.5213840021990105,0.25955867626503143,0.5213840021990105,0.5213840021990105,0.021050826,0.13444417715072632,0.24658077955245972,0.38102492690086365,1,False,0.1,0.6850506459593184
1152,60,GENE:G0060,G0060,68,GENE:G0068,G0068,PPI,0.5213304013194062,0.02203676,0.02203676,0.5992303463441451,0.02701746,0.24486600321533428,0.3035739022017475,0.5213304013194062,0.2706722403269647,0.5213304013194062,0.5213304013194062,0.02203676,0.04263174161314964,0.11341602355241776,0.1560477614402771,1,False,0.1,0.6850506459593184
1509,155,GENE:G0155,G0155,96,GENE:G0096,G0096,PPI,0.5208521165475536,0.014936592,0.014936592,0.5986805937328202,0.021615585,0.12459870057470207,0.4141294844730655,0.5208521165475536,0.26837295789441634,0.5208521165475536,0.5208521165475536,0.014936592,-0.05392671748995781,0.2025267630815506,0.14860005676746368,-1,False,0.1,0.6850506459593184
1597,154,GENE:G0154,G0154,113,GENE:G0113,G0113,PPI,0.5202199010445299,0.031179596,0.031179596,0.634414513468939,0.05217769,0.3532330682365041,0.510615015231867,0.5202199010445299,0.4467367814190388,0.5202199010445299,0.5202199010445299,0.031179596,-0.04081634059548378,0.40418529510498047,0.363368958234787,-1,False,0.1,0.6850506459593184
558,30,GENE:G0030,G0030,46,GENE:G0046,G0046,PPI,0.5193430456294668,0.0546271,0.0546271,0.8243540406816933,0.08292739,0.09624580019365327,0.04626675578450405,0.5193430456294668,0.07919111557359877,0.5193430456294668,0.5193430456294668,0.0546271,-0.003279180033132434,0.12821297347545624,0.12493378669023514,-1,False,0.1,0.6850506459593184
315,61,GENE:G0061,G0061,20,GENE:G0020,G0020,PPI,0.519158878504673,0.030414516,0.030414516,0.5552501374381529,0.042914387,0.3334052319010599,0.4017801658114745,0.519158878504673,0.374926175686168,0.519158878504673,0.519158878504673,0.030414516,0.03544188290834427,0.0762164443731308,0.11165834218263626,1,False,0.1,0.6850506459593184
576,30,GENE:G0030,G0030,99,GENE:G0099,G0099,PPI,0.5188949972512369,0.02250812,0.02250812,0.7012094557449148,0.032966565,0.21674085491403985,0.2487070432535452,0.5188949972512369,0.2285922887524493,0.5188949972512369,0.5188949972512369,0.02250812,0.030443234369158745,0.1435086578130722,0.1739518940448761,1,False,0.1,0.6850506459593184
888,46,GENE:G0046,G0046,50,GENE:G0050,G0050,PPI,0.518785046728972,0.0218173,0.0218173,0.5700934579439252,0.029154748,0.24721445603295647,0.5013906331757927,0.518785046728972,0.38226447534989577,0.518785046728972,0.518785046728972,0.0218173,0.045382365584373474,0.1260625123977661,0.1714448779821396,1,False,0.1,0.6850506459593184
271,72,GENE:G0072,G0072,18,GENE:G0018,G0018,PPI,0.518714953271028,0.027502406,0.027502406,0.6962616822429907,0.04655018,0.3333190069176954,0.4354419670102632,0.518714953271028,0.37915180402835563,0.518714953271028,0.518714953271028,0.027502406,0.007580854929983616,0.28330153226852417,0.2908823788166046,1,False,0.1,0.6850506459593184
505,59,GENE:G0059,G0059,28,GENE:G0028,G0028,PPI,0.518714953271028,0.036489278,0.036489278,0.6962616822429906,0.06251995,0.5399564438120751,0.42494784737016855,0.518714953271028,0.45542291593998147,0.518714953271028,0.518714953271028,0.036489278,-0.023795785382390022,0.16211660206317902,0.13832080364227295,-1,False,0.1,0.6850506459593184
197,35,GENE:G0035,G0035,11,GENE:G0011,G0011,PPI,0.5185266630016493,0.022210302,0.022210302,0.540131940626718,0.03005136,0.2510784201963502,0.45831714954312236,0.5185266630016493,0.3634393899640971,0.5185266630016493,0.5185266630016493,0.022210302,-0.034511495381593704,0.22982637584209442,0.19531488418579102,-1,False,0.1,0.6850506459593184
1128,59,GENE:G0059,G0059,67,GENE:G0067,G0067,PPI,0.5177075316107752,0.020138383,0.020138383,0.6723474436503574,0.025127621,0.13584518333982062,0.3177152927964626,0.5177075316107752,0.2380995751106541,0.5177075316107752,0.5177075316107752,0.020138383,-0.01836969144642353,0.14473707973957062,0.12636739015579224,-1,False,0.1,0.6850506459593184
1170,62,GENE:G0062,G0062,69,GENE:G0069,G0069,PPI,0.5176511819681143,0.057185307,0.057185307,0.659428257284222,0.0722477,0.4494810721601915,0.4253440053737283,0.5176511819681143,0.44973597515496616,0.5176511819681143,0.5176511819681143,0.057185307,-0.009837301447987556,0.09694492071866989,0.08710762113332748,-1,False,0.1,0.6850506459593184
19,116,GENE:G0116,G0116,0,GENE:G0000,G0000,PPI,0.5166794942275975,0.011448136,0.011448136,0.5805387575590983,0.019826949,0.09164849013591257,0.49895946875189856,0.5166794942275975,0.2890248236675271,0.5166794942275975,0.5166794942275975,0.011448136,0.0534311980009079,0.17532294988632202,0.22875413298606873,1,False,0.1,0.6850506459593184
612,31,GENE:G0031,G0031,151,GENE:G0151,G0151,PPI,0.5164623419461243,0.015114336,0.015114336,0.5324354040681694,0.026680717,0.1313546160244171,0.2749914177261199,0.5164623419461243,0.20577397200233394,0.5164623419461243,0.5164623419461243,0.015114336,-0.029117710888385773,0.25005990266799927,0.2209421694278717,-1,False,0.1,0.6850506459593184
702,36,GENE:G0036,G0036,48,GENE:G0048,G0048,PPI,0.515867234744365,0.031010754,0.031010754,0.6033534909290819,0.04908588,0.38279267043100057,0.4480585246657175,0.515867234744365,0.417283848601966,0.515867234744365,0.515867234744365,0.031010754,-0.03026369772851467,0.16867652535438538,0.13841284811496735,-1,False,0.1,0.6850506459593184
1298,71,GENE:G0071,G0071,145,GENE:G0145,G0145,PPI,0.5146921385376579,0.031769484,0.031769484,0.6019791094007696,0.05220839,0.3680804827663772,0.499415960611837,0.5146921385376579,0.4468972350933782,0.5146921385376579,0.5146921385376579,0.031769484,0.04597056284546852,0.18005220592021942,0.22602277994155884,1,False,0.1,0.6850506459593184
1158,60,GENE:G0060,G0060,132,GENE:G0132,G0132,PPI,0.5140186915887851,0.07054164,0.07054164,0.7559098405717427,0.10479714,0.7966750324921662,0.3470605913021962,0.5140186915887851,0.49189662983262133,0.5140186915887851,0.5140186915887851,0.07054164,0.11748667806386948,0.37365657091140747,0.49114325642585754,1,False,0.1,0.6850506459593184
1736,146,GENE:G0146,G0146,174,GENE:G0174,G0174,PPI,0.5129961517317208,0.030263698,0.030263698,0.5288620120945575,0.03528835,0.40671535788236035,0.49276489162321063,0.5129961517317208,0.46245323793408283,0.5129961517317208,0.5129961517317208,0.030263698,0.03726015239953995,0.23777979612350464,0.275039941072464,1,False,0.1,0.6850506459593184
323,75,GENE:G0075,G0075,20,GENE:G0020,G0020,PPI,0.5119956019791094,0.16241485,0.16241485,0.8752061572292469,0.27719268,0.5711559733803349,0.4338233688923324,0.5119956019791094,0.48766602291616384,0.5119956019791094,0.5119956019791094,0.16241485,-0.0015194994630292058,0.08298876136541367,0.08146926015615463,-1,False,0.1,0.6850506459593184
552,30,GENE:G0030,G0030,34,GENE:G0034,G0034,PPI,0.5108741066520066,0.06104153,0.06104153,0.8444200109950523,0.09336917,0.2554961157972515,0.39681002551095385,0.5108741066520066,0.3574674091943712,0.5108741066520066,0.5108741066520066,0.06104153,-0.0005182027816772461,0.12926308810710907,0.12874488532543182,-1,False,0.1,0.6850506459593184
563,60,GENE:G0060,G0060,30,GENE:G0030,G0030,PPI,0.510307861462342,0.03947443,0.03947443,0.645959318306762,0.051682286,0.4219011657292061,0.3515882454929324,0.510307861462342,0.3905542601852761,0.510307861462342,0.510307861462342,0.03947443,0.017214132472872734,0.09332017600536346,0.11053431779146194,1,False,0.1,0.6850506459593184
1436,84,GENE:G0084,G0084,93,GENE:G0093,G0093,PPI,0.5102473886750962,0.02310211,0.02310211,0.5486531061022539,0.030500617,0.2546735245602336,0.5005538823503961,0.5102473886750962,0.39281097288193456,0.5102473886750962,0.5102473886750962,0.02310211,0.036361947655677795,0.266278475522995,0.3026404082775116,1,False,0.1,0.6850506459593184
564,30,GENE:G0030,G0030,62,GENE:G0062,G0062,PPI,0.5102089059923035,0.027271027,0.027271027,0.7135788894997251,0.048007783,0.16229289260751414,0.41585489616169885,0.5102089059923035,0.309351369636848,0.5102089059923035,0.5102089059923035,0.027271027,0.009767208248376846,0.14775900542736053,0.15752622485160828,1,False,0.1,0.6850506459593184
1417,91,GENE:G0091,G0091,82,GENE:G0082,G0082,PPI,0.5098680593732821,0.019228708,0.019228708,0.5665200659703133,0.033221137,0.18890446888647006,0.3441347112966753,0.5098680593732821,0.2704926539379518,0.5098680593732821,0.5098680593732821,0.019228708,-0.01609247736632824,0.10380145907402039,0.0877089872956276,-1,False,0.1,0.6850506459593184
259,46,GENE:G0046,G0046,17,GENE:G0017,G0017,PPI,0.5095560747663551,0.025165636,0.025165636,0.5280373831775701,0.028839823,0.29091834317757853,0.3829363363334876,0.5095560747663551,0.33975215002589887,0.5095560747663551,0.5095560747663551,0.025165636,0.04293810948729515,0.22553375363349915,0.268471896648407,1,False,0.1,0.6850506459593184
1454,85,GENE:G0085,G0085,97,GENE:G0097,G0097,PPI,0.5095519516217701,0.16468452,0.16468452,0.8152831225948323,0.30773702,0.3391488231127501,0.32226895066174455,0.5095519516217701,0.3581394895444893,0.5095519516217701,0.5095519516217701,0.16468452,0.006784719415009022,0.12900249660015106,0.135787233710289,1,False,0.1,0.6850506459593184
1264,69,GENE:G0069,G0069,87,GENE:G0087,G0087,PPI,0.5087575590984058,0.033408735,0.033408735,0.5684442001099506,0.046129785,0.2850780518048844,0.3745158709718699,0.5087575590984058,0.345979647784662,0.5087575590984058,0.5087575590984058,0.033408735,0.033577777445316315,0.13011454045772552,0.16369232535362244,1,False,0.1,0.6850506459593184
215,19,GENE:G0019,G0019,13,GENE:G0013,G0013,PPI,0.5082297965915338,0.029625798,0.029625798,0.5266630016492578,0.04105494,0.4119263599900803,0.4138914487257655,0.5082297965915338,0.40917464154667227,0.5082297965915338,0.5082297965915338,0.029625798,-0.034307561814785004,0.21631664037704468,0.18200907111167908,-1,False,0.1,0.6850506459593184
616,32,GENE:G0032,G0032,51,GENE:G0051,G0051,PPI,0.5080470038482683,0.041549813,0.041549813,0.7105552501374381,0.053429462,0.3238313183433971,0.370375859151718,0.5080470038482683,0.35050341359658227,0.5080470038482683,0.5080470038482683,0.041549813,-0.003972355276346207,0.09674537926912308,0.09277302771806717,-1,False,0.1,0.6850506459593184
1321,87,GENE:G0087,G0087,73,GENE:G0073,G0073,PPI,0.5078559648158328,0.017428933,0.017428933,0.6118746564046179,0.02335129,0.15989976181282564,0.4545821036877619,0.5078559648158328,0.3080969805166509,0.5078559648158328,0.5078559648158328,0.017428933,0.014733756892383099,0.15910933911800385,0.173843115568161,1,False,0.1,0.6850506459593184
1299,145,GENE:G0145,G0145,71,GENE:G0071,G0071,PPI,0.507548103353491,0.031155562,0.031155562,0.6591533809785597,0.051784515,0.22936802808210682,0.4873725005759387,0.507548103353491,0.38565478938881587,0.507548103353491,0.507548103353491,0.031155562,-0.019368905574083328,0.09906449913978577,0.07969558984041214,-1,False,0.1,0.6850506459593184
781,58,GENE:G0058,G0058,40,GENE:G0040,G0040,PPI,0.5069420010995052,0.07259398,0.07259398,0.6297416162726772,0.09055181,0.6884764224062109,0.3221083737143371,0.5069420010995052,0.46604748462573004,0.5069420010995052,0.5069420010995052,0.07259398,0.10473567992448807,0.16230915486812592,0.2670447826385498,1,False,0.1,0.6850506459593184
60,2,GENE:G0002,G0002,80,GENE:G0080,G0080,PPI,0.5067138537658055,0.057324786,0.057324786,0.7506871907641561,0.08570962,0.25849148962564483,0.42951838809449705,0.5067138537658055,0.38413430921708897,0.5067138537658055,0.5067138537658055,0.057324786,-0.007006242871284485,0.12661752104759216,0.11961130797863007,-1,False,0.1,0.6850506459593184
38,1,GENE:G0001,G0001,92,GENE:G0092,G0092,PPI,0.5061572292468389,0.024633365,0.024633365,0.5751786695986806,0.032317523,0.30788907451469333,0.43333519694716527,0.5061572292468389,0.37283494858226063,0.5061572292468389,0.5061572292468389,0.024633365,-0.00018815271323546767,0.13253381848335266,0.13234563171863556,-1,False,0.1,0.6850506459593184
84,3,GENE:G0003,G0003,71,GENE:G0071,G0071,PPI,0.5058603628367235,0.16013153,0.16013153,0.9367784496976361,0.30957407,0.823331417717876,0.3924419741822256,0.5058603628367235,0.5326444317573343,0.5058603628367235,0.5058603628367235,0.16013153,0.11496371030807495,0.07536202669143677,0.19032569229602814,1,False,0.1,0.6850506459593184
27,11,GENE:G0011,G0011,1,GENE:G0001,G0001,PPI,0.504524463991204,0.018223088,0.018223088,0.622869708631116,0.031674135,0.18012260253053639,0.4756702263502513,0.504524463991204,0.328682732960121,0.504524463991204,0.504524463991204,0.018223088,0.03198198601603508,0.12089844048023224,0.15288041532039642,1,False,0.1,0.6850506459593184
737,48,GENE:G0048,G0048,38,GENE:G0038,G0038,PPI,0.504458493677845,0.03214857,0.03214857,0.6910390324354041,0.03995464,0.2904328108719993,0.4257608071147213,0.504458493677845,0.3645766146625976,0.504458493677845,0.504458493677845,0.03214857,-0.013163959607481956,0.15638622641563416,0.14322228729724884,-1,False,0.1,0.6850506459593184
380,23,GENE:G0023,G0023,31,GENE:G0031,G0031,PPI,0.5044392523364486,0.12924033,0.12924033,0.794392523364486,0.14846915,0.2656140304833118,0.15505923459394078,0.5044392523364486,0.19285557518265412,0.5044392523364486,0.5044392523364486,0.12924033,0.001978766405954957,0.08195666968822479,0.08393543213605881,1,False,0.1,0.6850506459593184
1104,57,GENE:G0057,G0057,77,GENE:G0077,G0077,PPI,0.5043251786695987,0.032105226,0.032105226,0.7583837273227048,0.04620001,0.28383135781453134,0.4459657437143715,0.5043251786695987,0.36929985155102785,0.5043251786695987,0.5043251786695987,0.032105226,0.013248348608613014,0.11201784014701843,0.1252661794424057,1,False,0.1,0.6850506459593184
1565,151,GENE:G0151,G0151,107,GENE:G0107,G0107,PPI,0.5036627267729521,0.043610845,0.043610845,0.6105002748763056,0.058652744,0.4096721762952189,0.2827479807467378,0.5036627267729521,0.33548638235310524,0.5036627267729521,0.5036627267729521,0.043610845,0.13664376735687256,0.19186848402023315,0.3285122811794281,1,False,0.1,0.6850506459593184
988,51,GENE:G0051,G0051,78,GENE:G0078,G0078,PPI,0.5024759483232545,0.050570574,0.050570574,0.8305387575590983,0.08114306,0.4096495144481188,0.33255273822852105,0.5024759483232545,0.35240491073276814,0.5024759483232545,0.5024759483232545,0.050570574,0.003735368140041828,0.09615255147218704,0.099887914955616,1,False,0.1,0.6850506459593184
725,44,GENE:G0044,G0044,37,GENE:G0037,G0037,PPI,0.5023474436503573,0.036908828,0.036908828,0.7611324903793293,0.061741523,0.40027655399708767,0.23545950675028285,0.5023474436503573,0.29056948611421285,0.5023474436503573,0.5023474436503573,0.036908828,0.1190088763833046,0.2231491655111313,0.34215807914733887,1,False,0.1,0.6850506459593184
395,91,GENE:G0091,G0091,23,GENE:G0023,G0023,PPI,0.5003930731170974,0.009677169,0.009677169,0.5590984057174272,0.016868243,0.04534688724627612,0.46413587067484463,0.5003930731170974,0.2405707980180103,0.5003930731170974,0.5003930731170974,0.009677169,-0.03244955465197563,0.1572594940662384,0.12480991333723068,-1,False,0.1,0.6850506459593184
500,28,GENE:G0028,G0028,56,GENE:G0056,G0056,PPI,0.5002748763056624,0.07616227,0.07616227,0.7696536558548652,0.1013464,0.41314282556520243,0.331264155066743,0.5002748763056624,0.36719813979352334,0.5002748763056624,0.5002748763056624,0.07616227,-0.01202018279582262,0.10095623880624771,0.08893605321645737,-1,False,0.1,0.6850506459593184
217,31,GENE:G0031,G0031,13,GENE:G0013,G0013,PPI,0.4996137987905443,0.034501825,0.034501825,0.5912589334799341,0.053210482,0.5000706407893716,0.46912027856344357,0.4996137987905443,0.4756075124199582,0.4996137987905443,0.4996137987905443,0.034501825,-0.027479657903313637,0.20697152614593506,0.17949186265468597,-1,False,0.1,0.6850506459593184
1720,143,GENE:G0143,G0143,192,GENE:G0192,G0192,PPI,0.4983507421660252,0.059452068,0.059452068,0.5085211654755359,0.052920908,0.6733026607386178,0.36992948803766285,0.4983507421660252,0.49892497806339425,0.4983507421660252,0.4983507421660252,0.059452068,-0.07285292446613312,0.2572474777698517,0.18439456820487976,-1,False,0.1,0.6850506459593184
1789,177,GENE:G0177,G0177,162,GENE:G0162,G0162,PPI,0.4978174821330401,0.011765561,0.011765561,0.59978009895547,0.021435633,0.07906992028511793,0.35622595770886073,0.4978174821330401,0.2182445619754633,0.4978174821330401,0.4978174821330401,0.011765561,-0.020602846518158913,0.26062169671058655,0.2400188446044922,-1,False,0.1,0.6850506459593184
1810,183,GENE:G0183,G0183,185,GENE:G0185,G0185,PPI,0.4977130291368885,0.019372493,0.019372493,0.6300164925783398,0.032902688,0.20391423859263333,0.4685052740889417,0.4977130291368885,0.341448085713261,0.4977130291368885,0.4977130291368885,0.019372493,-0.09055160731077194,0.5211843848228455,0.43063274025917053,-1,False,0.1,0.6850506459593184
1174,62,GENE:G0062,G0062,84,GENE:G0084,G0084,PPI,0.4966946124244091,0.1030899,0.1030899,0.7358438702583838,0.13142708,0.06483122988984537,0.1911778454588463,0.4966946124244091,0.17148929750777564,0.4966946124244091,0.4966946124244091,0.1030899,-0.009674102999269962,0.15160612761974335,0.14193202555179596,-1,False,0.1,0.6850506459593184
134,7,GENE:G0007,G0007,31,GENE:G0031,G0031,PPI,0.4966739967014843,0.060310677,0.060310677,0.5228147333699835,0.057505023,0.4912391294748941,0.28142296879070416,0.4966739967014843,0.37284572345133865,0.4966739967014843,0.4966739967014843,0.060310677,-0.008194150403141975,0.0903245136141777,0.08213036507368088,-1,False,0.1,0.6850506459593184
1568,107,GENE:G0107,G0107,190,GENE:G0190,G0190,PPI,0.49623419461242435,0.04835113,0.04835113,0.7089059923034634,0.08275504,0.3357295942435462,0.2551076790634235,0.49623419461242435,0.27971827901720653,0.49623419461242435,0.49623419461242435,0.04835113,0.003536984557285905,0.45983996987342834,0.4633769690990448,1,False,0.1,0.6850506459593184
1521,105,GENE:G0105,G0105,99,GENE:G0099,G0099,PPI,0.49611874656404614,0.031537,0.031537,0.5637713029136888,0.033602163,0.37416753758665655,0.48902083073067787,0.49611874656404614,0.44767641739881375,0.49611874656404614,0.49611874656404614,0.031537,-0.03465336933732033,0.18090848624706268,0.14625512063503265,-1,False,0.1,0.6850506459593184
1309,104,GENE:G0104,G0104,72,GENE:G0072,G0072,PPI,0.4959620670698186,0.025551574,0.025551574,0.740241891148983,0.038437936,0.14351053930958588,0.27766472350272275,0.4959620670698186,0.2239585713128505,0.4959620670698186,0.4959620670698186,0.025551574,-0.01866801828145981,0.12262234836816788,0.10395433753728867,-1,False,0.1,0.6850506459593184
836,43,GENE:G0043,G0043,53,GENE:G0053,G0053,PPI,0.4956418361737219,0.05338517,0.05338517,0.6313908741066521,0.05143056,0.434635246164739,0.4072593498722193,0.4956418361737219,0.4329298262263916,0.4956418361737219,0.4956418361737219,0.05338517,-0.0049851941876113415,0.08853204548358917,0.08354684710502625,-1,False,0.1,0.6850506459593184
426,25,GENE:G0025,G0025,40,GENE:G0040,G0040,PPI,0.4955057724024189,0.02394784,0.02394784,0.6393622869708631,0.03832638,0.2132309742727152,0.353749972467755,0.4955057724024189,0.2847508849984006,0.4955057724024189,0.4955057724024189,0.02394784,-0.03823152929544449,0.18994039297103882,0.15170885622501373,-1,False,0.1,0.6850506459593184
109,46,GENE:G0046,G0046,5,GENE:G0005,G0005,PPI,0.4948873007146784,0.025539111,0.025539111,0.7069818581638263,0.041767627,0.20760524766799374,0.4161595727641827,0.4948873007146784,0.32216496682595114,0.4948873007146784,0.4948873007146784,0.025539111,0.08738460391759872,0.2563033401966095,0.34368792176246643,1,False,0.1,0.6850506459593184
1028,53,GENE:G0053,G0053,64,GENE:G0064,G0064,PPI,0.49278312259483226,0.048141237,0.048141237,0.5901594282572842,0.07376816,0.41701688654277524,0.34530631099505876,0.49278312259483226,0.3882933165158713,0.49278312259483226,0.49278312259483226,0.048141237,-0.01500603836029768,0.1759161800146103,0.16091012954711914,-1,False,0.1,0.6850506459593184
1628,119,GENE:G0119,G0119,176,GENE:G0176,G0176,PPI,0.49236943375481035,0.03440778,0.03440778,0.5563496426608027,0.040766407,0.3998180585085536,0.44717846294786057,0.49236943375481035,0.4352933966998597,0.49236943375481035,0.49236943375481035,0.03440778,-0.003508409019559622,0.399933397769928,0.39642494916915894,-1,False,0.1,0.6850506459593184
1054,54,GENE:G0054,G0054,60,GENE:G0060,G0060,PPI,0.49141286421110497,0.14888589,0.14888589,0.840021990104453,0.27460518,0.7775803468362452,0.2403989719238746,0.49141286421110497,0.41794079030722825,0.49141286421110497,0.49141286421110497,0.14888589,-0.0020422241650521755,0.13614054024219513,0.13409830629825592,-1,False,0.1,0.6850506459593184
1805,198,GENE:G0198,G0198,176,GENE:G0176,G0176,PPI,0.4913757559098406,0.027012961,0.027012961,0.5615722924683892,0.027888618,0.3757408843327723,0.4899698138124622,0.4913757559098406,0.4365406701907051,0.4913757559098406,0.4913757559098406,0.027012961,-0.04610111564397812,0.4190150201320648,0.3729139268398285,-1,False,0.1,0.6850506459593184
604,31,GENE:G0031,G0031,85,GENE:G0085,G0085,PPI,0.4908823529411765,0.15637167,0.15637167,0.9175371083012644,0.2928348,0.5700910660909384,0.3454804412379208,0.4908823529411765,0.4165699046131876,0.4908823529411765,0.4908823529411765,0.15637167,-0.0032471073791384697,0.1087925136089325,0.10554540902376175,-1,False,0.1,0.6850506459593184
306,20,GENE:G0020,G0020,52,GENE:G0052,G0052,PPI,0.4906212204507972,0.108562335,0.108562335,0.8840021990104453,0.1807503,0.677279124855457,0.3882194065493035,0.4906212204507972,0.47747504984462935,0.4906212204507972,0.4906212204507972,0.108562335,0.00019991426961496472,0.11259473860263824,0.1127946600317955,1,False,0.1,0.6850506459593184
1379,82,GENE:G0082,G0082,79,GENE:G0079,G0079,PPI,0.4905992303463441,0.104332596,0.104332596,0.8532160527762507,0.13806204,0.24855171581397978,0.25057547929052465,0.4905992303463441,0.27679813919194957,0.4905992303463441,0.4905992303463441,0.104332596,-0.010332993231713772,0.13447004556655884,0.12413705885410309,-1,False,0.1,0.6850506459593184
286,19,GENE:G0019,G0019,84,GENE:G0084,G0084,PPI,0.49051539307311715,0.023285119,0.023285119,0.5670698185816383,0.025069132,0.3062666195064391,0.4536912953446323,0.49051539307311715,0.38337281307883975,0.49051539307311715,0.49051539307311715,0.023285119,-0.0009366750600747764,0.14664249122142792,0.14570581912994385,-1,False,0.1,0.6850506459593184
561,47,GENE:G0047,G0047,30,GENE:G0030,G0030,PPI,0.49030786146234195,0.07427649,0.07427649,0.7157778999450247,0.08955231,0.10887656254795394,0.1451106194743964,0.49030786146234195,0.15072708042719085,0.49030786146234195,0.49030786146234195,0.07427649,0.01028760988265276,0.09153831750154495,0.10182592272758484,1,False,0.1,0.6850506459593184
549,174,GENE:G0174,G0174,29,GENE:G0029,G0029,PPI,0.4889224848818033,0.14077988,0.14077988,0.8889499725123695,0.2651877,0.29329390176349335,0.35195010215435674,0.4889224848818033,0.3423137817058175,0.4889224848818033,0.4889224848818033,0.14077988,-0.02007044106721878,0.1120033711194992,0.09193293750286102,-1,False,0.1,0.6850506459593184
155,43,GENE:G0043,G0043,8,GENE:G0008,G0008,PPI,0.4889224848818032,0.040436495,0.040436495,0.4989004947773502,0.04169279,0.5313738949768088,0.3331445177020972,0.4889224848818032,0.41038008595685305,0.4889224848818032,0.4889224848818032,0.040436495,-0.07171051949262619,0.5136306881904602,0.4419201910495758,-1,False,0.1,0.6850506459593184
1241,118,GENE:G0118,G0118,67,GENE:G0067,G0067,PPI,0.48886613523914235,0.026096009,0.026096009,0.5065970313358988,0.03417965,0.3726466262908565,0.4352682754544543,0.48886613523914235,0.40513004257621066,0.48886613523914235,0.48886613523914235,0.026096009,-0.05242780223488808,0.17811937630176544,0.12569159269332886,-1,False,0.1,0.6850506459593184
1617,170,GENE:G0170,G0170,117,GENE:G0117,G0117,PPI,0.48882902693787794,0.028152525,0.028152525,0.5313358988455195,0.038445853,0.19360215044239995,0.1570814406253416,0.48882902693787794,0.16700022352267313,0.48882902693787794,0.48882902693787794,0.028152525,-0.17291226983070374,1.0629568099975586,0.890044629573822,-1,False,0.1,0.6850506459593184
1610,115,GENE:G0115,G0115,195,GENE:G0195,G0195,PPI,0.4885459043430456,0.10121475,0.10121475,0.5489279824079164,0.08553097,0.7670174180897501,0.25632644578397745,0.4885459043430456,0.446407702882314,0.4885459043430456,0.4885459043430456,0.10121475,0.08329589664936066,0.3079785108566284,0.39127445220947266,1,False,0.1,0.6850506459593184
562,30,GENE:G0030,G0030,60,GENE:G0060,G0060,PPI,0.48753161077515117,0.15362206,0.15362206,0.840571742715778,0.17501533,0.3431604331376239,0.4481122570206785,0.48753161077515117,0.43570428922061194,0.48753161077515117,0.48753161077515117,0.15362206,0.010076666250824928,0.1237412765622139,0.13381792604923248,1,False,0.1,0.6850506459593184
1689,145,GENE:G0145,G0145,133,GENE:G0133,G0133,PPI,0.4873556899395272,0.04737415,0.04737415,0.5415063221550303,0.038904294,0.3895441850895647,0.195617987797313,0.4873556899395272,0.2806325157898938,0.4873556899395272,0.4873556899395272,0.04737415,-0.12123613059520721,0.5479204654693604,0.42668434977531433,-1,False,0.1,0.6850506459593184
309,55,GENE:G0055,G0055,20,GENE:G0020,G0020,PPI,0.4871990104452996,0.060264654,0.060264654,0.7438152831225948,0.092188515,0.32837549004168576,0.3710885427478718,0.4871990104452996,0.36478225808462716,0.4871990104452996,0.4871990104452996,0.060264654,-0.005032462999224663,0.09091816842556,0.08588569611310959,-1,False,0.1,0.6850506459593184
1314,73,GENE:G0073,G0073,82,GENE:G0082,G0082,PPI,0.48707256734469484,0.033775803,0.033775803,0.6165475536008795,0.058250047,0.24673711958623032,0.40640727097624524,0.48707256734469484,0.3490227833429351,0.48707256734469484,0.48707256734469484,0.033775803,-0.023078443482518196,0.11207525432109833,0.08899682760238647,-1,False,0.1,0.6850506459593184
376,22,GENE:G0022,G0022,94,GENE:G0094,G0094,PPI,0.48705882352941177,0.026292313,0.026292313,0.6764705882352942,0.0371657,0.1978056912740723,0.35384003188741936,0.48705882352941177,0.2802187107202197,0.48705882352941177,0.48705882352941177,0.026292313,0.016822073608636856,0.1297442615032196,0.14656634628772736,1,False,0.1,0.6850506459593184
771,88,GENE:G0088,G0088,39,GENE:G0039,G0039,PPI,0.48700934579439253,0.09496549,0.09496549,0.5046728971962617,0.084654436,0.5256308121262628,0.3269777998796169,0.48700934579439253,0.4438850946806362,0.48700934579439253,0.48700934579439253,0.09496549,-0.042534057050943375,0.18205314874649048,0.1395190954208374,-1,False,0.1,0.6850506459593184
421,105,GENE:G0105,G0105,24,GENE:G0024,G0024,PPI,0.4865365585486531,0.032216266,0.032216266,0.5175920835623969,0.046015963,0.25037229207617373,0.35306458074819025,0.4865365585486531,0.3277346921188359,0.4865365585486531,0.4865365585486531,0.032216266,-0.058741454035043716,0.23975059390068054,0.18100915849208832,-1,False,0.1,0.6850506459593184
1592,113,GENE:G0113,G0113,135,GENE:G0135,G0135,PPI,0.4860995052226498,0.023290457,0.023290457,0.5461792193512919,0.031619627,0.18028948876469106,0.22459856449900933,0.4860995052226498,0.20055278155682696,0.4860995052226498,0.4860995052226498,0.023290457,-0.06392715126276016,0.3158540427684784,0.25192686915397644,-1,False,0.1,0.6850506459593184
1813,191,GENE:G0191,G0191,186,GENE:G0186,G0186,PPI,0.4857586586036284,0.030693004,0.030693004,0.6841671247938428,0.051338993,0.3419624477506801,0.36687564983823345,0.4857586586036284,0.3521662854382645,0.4857586586036284,0.4857586586036284,0.030693004,-0.02618369646370411,0.4955345392227173,0.4693508446216583,-1,False,0.1,0.6850506459593184
284,19,GENE:G0019,G0019,80,GENE:G0080,G0080,PPI,0.48472237493128095,0.01915103,0.01915103,0.6550302363936229,0.0315945,0.19254704148097598,0.2954905214301158,0.48472237493128095,0.24307414983177342,0.48472237493128095,0.48472237493128095,0.01915103,-0.009023170918226242,0.13405267894268036,0.12502950429916382,-1,False,0.1,0.6850506459593184
1194,64,GENE:G0064,G0064,83,GENE:G0083,G0083,PPI,0.483859950522265,0.0692183,0.0692183,0.6408741066520066,0.06987876,0.26632611639083353,0.11137204560133404,0.483859950522265,0.18638401942715874,0.483859950522265,0.483859950522265,0.0692183,0.0020942194387316704,0.10678242892026901,0.10887663811445236,1,False,0.1,0.6850506459593184
967,92,GENE:G0092,G0092,50,GENE:G0050,G0050,PPI,0.4838262781748213,0.071876064,0.071876064,0.8488180318856515,0.105553456,0.22307962071598308,0.12816871212818073,0.4838262781748213,0.1840087253477815,0.4838262781748213,0.4838262781748213,0.071876064,-0.008501695469021797,0.14428521692752838,0.13578352332115173,-1,False,0.1,0.6850506459593184
105,133,GENE:G0133,G0133,4,GENE:G0004,G0004,PPI,0.4835953820780649,0.023712745,0.023712745,0.5970313358988455,0.038199738,0.1583038276234522,0.2843273591461826,0.4835953820780649,0.22517946911280348,0.4835953820780649,0.4835953820780649,0.023712745,-0.030512236058712006,0.21337562799453735,0.18286338448524475,-1,False,0.1,0.6850506459593184
1718,143,GENE:G0143,G0143,162,GENE:G0162,G0162,PPI,0.4834057174271578,0.016332664,0.016332664,0.5283122594832326,0.024878949,0.19798823394442183,0.3408842485413193,0.4834057174271578,0.2697101942922154,0.4834057174271578,0.4834057174271578,0.016332664,-0.05706685408949852,0.2757207453250885,0.21865393221378326,-1,False,0.1,0.6850506459593184
7,63,GENE:G0063,G0063,0,GENE:G0000,G0000,PPI,0.48329851566794935,0.015034688,0.015034688,0.6712479384277075,0.025317233,0.1425133406112826,0.3820810248223235,0.48329851566794935,0.2680419310785217,0.48329851566794935,0.48329851566794935,0.015034688,-0.02575303055346012,0.18426315486431122,0.15851011872291565,-1,False,0.1,0.6850506459593184
1312,72,GENE:G0072,G0072,166,GENE:G0166,G0166,PPI,0.48326553051126997,0.02575303,0.02575303,0.5252886201209456,0.029203374,0.2873114069625895,0.3770386914596402,0.48326553051126997,0.33687398772524474,0.48326553051126997,0.48326553051126997,0.02575303,0.21341396868228912,0.933992326259613,1.1474062204360962,1,False,0.1,0.6850506459593184
257,43,GENE:G0043,G0043,17,GENE:G0017,G0017,PPI,0.48326553051126997,0.016077315,0.016077315,0.5310610225398571,0.025735812,0.148542633497206,0.27281241021910757,0.48326553051126997,0.21357217070111154,0.48326553051126997,0.48326553051126997,0.016077315,-0.044876884669065475,0.25974419713020325,0.21486732363700867,-1,False,0.1,0.6850506459593184
249,188,GENE:G0188,G0188,16,GENE:G0016,G0016,PPI,0.48263881253435953,0.017898109,0.017898109,0.5453545904343046,0.029583568,0.18870337463052328,0.37173226691682515,0.48263881253435953,0.2807943250762014,0.48263881253435953,0.48263881253435953,0.017898109,0.005454552359879017,0.24378260970115662,0.24923714995384216,1,False,0.1,0.6850506459593184
1130,59,GENE:G0059,G0059,74,GENE:G0074,G0074,PPI,0.48113523914238593,0.09710595,0.09710595,0.851566794942276,0.1779504,0.2792906387408826,0.3036226746214948,0.48113523914238593,0.3152495795464678,0.48113523914238593,0.48113523914238593,0.09710595,-0.01723734475672245,0.13723812997341156,0.12000077962875366,-1,False,0.1,0.6850506459593184
548,29,GENE:G0029,G0029,174,GENE:G0174,G0174,PPI,0.4806542056074766,0.026217837,0.026217837,0.6495327102803738,0.046951488,0.23623084780609752,0.4218463683134585,0.4806542056074766,0.3417740501866795,0.4806542056074766,0.4806542056074766,0.026217837,0.03374803066253662,0.23028968274593353,0.26403772830963135,1,False,0.1,0.6850506459593184
1055,60,GENE:G0060,G0060,54,GENE:G0054,G0054,PPI,0.48054288070368334,0.016880818,0.016880818,0.482957669048928,0.025802806,0.17101661147761602,0.43757004281912865,0.48054288070368334,0.30865557153670203,0.48054288070368334,0.48054288070368334,0.016880818,0.05671939253807068,0.17307406663894653,0.2297934740781784,1,False,0.1,0.6850506459593184
476,27,GENE:G0027,G0027,57,GENE:G0057,G0057,PPI,0.480263881253436,0.10938962,0.10938962,0.9235843870258384,0.15926139,0.392078433600092,0.43162133102848843,0.480263881253436,0.42111106560247513,0.480263881253436,0.480263881253436,0.10938962,-0.0153713533654809,0.12026169896125793,0.10489034652709961,-1,False,0.1,0.6850506459593184
1469,154,GENE:G0154,G0154,87,GENE:G0087,G0087,PPI,0.4798405717427157,0.01735028,0.01735028,0.648433205057724,0.032038722,0.15948417698570766,0.2556176002721459,0.4798405717427157,0.20942137883727538,0.4798405717427157,0.4798405717427157,0.01735028,-0.03413210064172745,0.15811602771282196,0.12398391962051392,-1,False,0.1,0.6850506459593184
1373,101,GENE:G0101,G0101,78,GENE:G0078,G0078,PPI,0.47962891698735566,0.093976505,0.093976505,0.6525563496426607,0.124821745,0.2064759872148836,0.23403494753809315,0.47962891698735566,0.25232010994706155,0.47962891698735566,0.47962891698735566,0.093976505,-0.008067029528319836,0.10206374526023865,0.09399673342704773,-1,False,0.1,0.6850506459593184
1066,55,GENE:G0055,G0055,56,GENE:G0056,G0056,PPI,0.47827102803738314,0.1021686,0.1021686,0.8317757009345794,0.14286642,0.22435723544770692,0.17273119714946464,0.47827102803738314,0.22144722593757557,0.47827102803738314,0.47827102803738314,0.1021686,0.005325311329215765,0.09810882806777954,0.10343413054943085,1,False,0.1,0.6850506459593184
1507,154,GENE:G0154,G0154,96,GENE:G0096,G0096,PPI,0.477042330951072,0.09828449,0.09828449,0.5547003848268279,0.09852688,0.2393197291283223,0.12600370579246786,0.477042330951072,0.17606815795827527,0.477042330951072,0.477042330951072,0.09828449,-0.049958351999521255,0.1958501935005188,0.14589184522628784,-1,False,0.1,0.6850506459593184
1095,156,GENE:G0156,G0156,56,GENE:G0056,G0056,PPI,0.4764994502473886,0.0491269,0.0491269,0.5846619021440351,0.05120211,0.21918928023904932,0.37878015206765525,0.4764994502473886,0.36750756431374765,0.4764994502473886,0.4764994502473886,0.0491269,-0.011617825366556644,0.1019328385591507,0.09031501412391663,-1,False,0.1,0.6850506459593184
1249,94,GENE:G0094,G0094,68,GENE:G0068,G0068,PPI,0.4754810335349093,0.0647018,0.0647018,0.7669048927982408,0.089703225,0.35730524852479184,0.3623169098706919,0.4754810335349093,0.36668422302649306,0.4754810335349093,0.4754810335349093,0.0647018,-0.00394683051854372,0.11441182345151901,0.11046499013900757,-1,False,0.1,0.6850506459593184
1384,79,GENE:G0079,G0079,96,GENE:G0096,G0096,PPI,0.47531610775151184,0.03929365,0.03929365,0.8642111050027488,0.06582787,0.26333720131876337,0.33609924299828975,0.47531610775151184,0.30232421582596375,0.47531610775151184,0.47531610775151184,0.03929365,-0.013483715243637562,0.16424590349197388,0.15076221525669098,-1,False,0.1,0.6850506459593184
607,90,GENE:G0090,G0090,31,GENE:G0031,G0031,PPI,0.4752611324903793,0.038866457,0.038866457,0.6253435953820781,0.061401714,0.36066530796221274,0.2585929981666184,0.4752611324903793,0.290608189512281,0.4752611324903793,0.4752611324903793,0.038866457,-0.027062613517045975,0.09978155046701431,0.07271894812583923,-1,False,0.1,0.6850506459593184
1578,109,GENE:G0109,G0109,145,GENE:G0145,G0145,PPI,0.47413413963716317,0.025037505,0.025037505,0.5043980208905992,0.03425601,0.2326947924974894,0.3092910096783623,0.47413413963716317,0.2755169284573653,0.47413413963716317,0.47413413963716317,0.025037505,-0.05883879214525223,0.22830140590667725,0.16946260631084442,-1,False,0.1,0.6850506459593184
871,59,GENE:G0059,G0059,45,GENE:G0045,G0045,PPI,0.4737493128092358,0.035330698,0.035330698,0.5263881253435954,0.055981766,0.3435942275956415,0.45632112658172275,0.4737493128092358,0.43538174257801804,0.4737493128092358,0.4737493128092358,0.035330698,-0.020315298810601234,0.14801746606826782,0.12770217657089233,-1,False,0.1,0.6850506459593184
826,42,GENE:G0042,G0042,97,GENE:G0097,G0097,PPI,0.473063496426608,0.059640273,0.059640273,0.6616272677295217,0.067933775,0.3957938335308187,0.344872221655004,0.473063496426608,0.3752315318708826,0.473063496426608,0.473063496426608,0.059640273,-0.01504240557551384,0.13753323256969452,0.12249081581830978,-1,False,0.1,0.6850506459593184
667,71,GENE:G0071,G0071,34,GENE:G0034,G0034,PPI,0.4728642111050027,0.08908547,0.08908547,0.8152831225948323,0.120434426,0.3684992581558778,0.3400815537160294,0.4728642111050027,0.35941638902451134,0.4728642111050027,0.4728642111050027,0.08908547,-0.008517024107277393,0.12793655693531036,0.11941953748464584,-1,False,0.1,0.6850506459593184
719,85,GENE:G0085,G0085,36,GENE:G0036,G0036,PPI,0.4710280373831776,0.098400824,0.098400824,0.7850467289719627,0.13736995,0.43351473078810004,0.2355140186915888,0.4710280373831776,0.3043060555516326,0.4710280373831776,0.4710280373831776,0.098400824,-0.003127673175185919,0.1387907862663269,0.13566310703754425,-1,False,0.1,0.6850506459593184
914,48,GENE:G0048,G0048,59,GENE:G0059,G0059,PPI,0.4709263331500825,0.12020504,0.12020504,0.7416162726772952,0.16578813,0.26993302446131895,0.3420491509787407,0.4709263331500825,0.3629740065033258,0.4709263331500825,0.4709263331500825,0.12020504,0.0017262776382267475,0.09295112639665604,0.0946773886680603,1,False,0.1,0.6850506459593184
292,20,GENE:G0020,G0020,21,GENE:G0021,G0021,PPI,0.4707641561297416,0.057486378,0.057486378,0.7355689939527212,0.10142694,0.5319560561000771,0.3468892215937116,0.4707641561297416,0.40726068055381764,0.4707641561297416,0.4707641561297416,0.057486378,0.005813383497297764,0.14530158042907715,0.15111495554447174,1,False,0.1,0.6850506459593184
1231,196,GENE:G0196,G0196,66,GENE:G0066,G0066,PPI,0.47017592083562404,0.19347267,0.19347267,0.8548653106102254,0.3566676,0.37893300814808517,0.293966789264396,0.47017592083562404,0.33492963881979293,0.47017592083562404,0.47017592083562404,0.19347267,-0.004228752106428146,0.11589725315570831,0.11166849732398987,-1,False,0.1,0.6850506459593184
163,48,GENE:G0048,G0048,9,GENE:G0009,G0009,PPI,0.4697910940076965,0.024569066,0.024569066,0.5219901044529961,0.02680275,0.23392260276065596,0.365579450621243,0.4697910940076965,0.3092322281316927,0.4697910940076965,0.4697910940076965,0.024569066,-0.014494533650577068,0.18836626410484314,0.1738717406988144,-1,False,0.1,0.6850506459593184
345,60,GENE:G0060,G0060,21,GENE:G0021,G0021,PPI,0.4687822979659153,0.02866728,0.02866728,0.47113798790544253,0.036593333,0.37496654540145635,0.3594492619941934,0.4687822979659153,0.37194179502332325,0.4687822979659153,0.4687822979659153,0.02866728,0.024324340745806694,0.15012453496456146,0.1744488924741745,1,False,0.1,0.6850506459593184
67,132,GENE:G0132,G0132,2,GENE:G0002,G0002,PPI,0.46873556899395274,0.024119848,0.024119848,0.4832325453545905,0.03401813,0.2287361308753929,0.21809800375443103,0.46873556899395274,0.21946624774845547,0.46873556899395274,0.46873556899395274,0.024119848,-0.02681649848818779,0.17531301081180573,0.14849653840065002,-1,False,0.1,0.6850506459593184
1724,144,GENE:G0144,G0144,177,GENE:G0177,G0177,PPI,0.46824079164376026,0.048411794,0.048411794,0.7094557449147882,0.06925875,0.5502483900406847,0.191158502714011,0.46824079164376026,0.3186712248261466,0.46824079164376026,0.46824079164376026,0.048411794,0.09762716293334961,0.2869601249694824,0.38458728790283203,1,False,0.1,0.6850506459593184
1703,158,GENE:G0158,G0158,137,GENE:G0137,G0137,PPI,0.4679026937877954,0.018181628,0.018181628,0.6781198460692688,0.03203544,0.1281637191007775,0.23224985997143666,0.4679026937877954,0.18488891472858912,0.4679026937877954,0.4679026937877954,0.018181628,-0.028664685785770416,0.24012954533100128,0.21146486699581146,-1,False,0.1,0.6850506459593184
425,34,GENE:G0034,G0034,25,GENE:G0025,G0025,PPI,0.46778449697636065,0.04467053,0.04467053,0.6981858163826278,0.07352342,0.06277942243265545,0.1457018618937916,0.46778449697636065,0.11969997559398407,0.46778449697636065,0.46778449697636065,0.04467053,-0.013982806354761124,0.13641610741615295,0.12243331223726273,-1,False,0.1,0.6850506459593184
172,9,GENE:G0009,G0009,162,GENE:G0162,G0162,PPI,0.46739967014843325,0.047574688,0.047574688,0.8576140736668499,0.08466818,0.44982590156878843,0.4029189207946788,0.46739967014843325,0.41273575630086656,0.46739967014843325,0.46739967014843325,0.047574688,0.0770619586110115,0.21994046866893768,0.2970024347305298,1,False,0.1,0.6850506459593184
348,21,GENE:G0021,G0021,78,GENE:G0078,G0078,PPI,0.46674409015942825,0.09288597,0.09288597,0.7589334799340297,0.13569397,0.13716782270601163,0.3620279756259658,0.46674409015942825,0.31745736816722947,0.46674409015942825,0.46674409015942825,0.09288597,0.008688454516232014,0.09548033773899078,0.10416878759860992,1,False,0.1,0.6850506459593184
1024,53,GENE:G0053,G0053,60,GENE:G0060,G0060,PPI,0.4665956569543705,0.017303303,0.017303303,0.47855964815832874,0.019248828,0.14862562650395245,0.24780195659372656,0.4665956569543705,0.2005756236095684,0.4665956569543705,0.4665956569543705,0.017303303,-0.013029681518673897,0.12931764125823975,0.1162879467010498,-1,False,0.1,0.6850506459593184
91,14,GENE:G0014,G0014,4,GENE:G0004,G0004,PPI,0.4661586036283672,0.03052348,0.03052348,0.5582737768004398,0.049531195,0.3058266864120479,0.4633588269304826,0.4661586036283672,0.4073554699899315,0.4661586036283672,0.4661586036283672,0.03052348,0.025243423879146576,0.17668470740318298,0.20192812383174896,1,False,0.1,0.6850506459593184
577,99,GENE:G0099,G0099,30,GENE:G0030,G0030,PPI,0.46549340296866404,0.070770785,0.070770785,0.6165475536008795,0.09502662,0.23976522690213128,0.4433894347975712,0.46549340296866404,0.4349337689803176,0.46549340296866404,0.46549340296866404,0.070770785,0.010313767939805984,0.08910803496837616,0.09942180663347244,1,False,0.1,0.6850506459593184
397,92,GENE:G0092,G0092,23,GENE:G0023,G0023,PPI,0.4653380978559648,0.015167269,0.015167269,0.47003848268279275,0.022223312,0.11268861157032983,0.25401655451556854,0.4653380978559648,0.1910030823091144,0.4653380978559648,0.4653380978559648,0.015167269,-0.011938128620386124,0.15427204966545105,0.14233390986919403,-1,False,0.1,0.6850506459593184
101,102,GENE:G0102,G0102,4,GENE:G0004,G0004,PPI,0.4649202858713578,0.019499704,0.019499704,0.6117372182517866,0.036099438,0.22085599138476028,0.44299236928818675,0.4649202858713578,0.3330913593284396,0.4649202858713578,0.4649202858713578,0.019499704,-0.017490189522504807,0.18738500773906708,0.16989482939243317,-1,False,0.1,0.6850506459593184
1792,164,GENE:G0164,G0164,193,GENE:G0193,G0193,PPI,0.4637163276525563,0.03757467,0.03757467,0.662451896646509,0.06310404,0.35877826996562434,0.25398789293876173,0.4637163276525563,0.284397444912254,0.4637163276525563,0.4637163276525563,0.03757467,-0.08954350650310516,0.5115548372268677,0.4220113456249237,-1,False,0.1,0.6850506459593184
266,18,GENE:G0018,G0018,53,GENE:G0053,G0053,PPI,0.46311159978009897,0.018017758,0.018017758,0.6432105552501375,0.03165724,0.16579429103292745,0.2645777641276269,0.46311159978009897,0.22281000238075566,0.46311159978009897,0.46311159978009897,0.018017758,-0.011876557022333145,0.10040437430143356,0.08852782845497131,-1,False,0.1,0.6850506459593184
12,0,GENE:G0000,G0000,77,GENE:G0077,G0077,PPI,0.46297141286421106,0.019336823,0.019336823,0.6709730621220451,0.03470871,0.1557624161874976,0.4170841091148197,0.46297141286421106,0.28716967078227607,0.46297141286421106,0.46297141286421106,0.019336823,-0.008275517262518406,0.11548163741827011,0.10720611363649368,-1,False,0.1,0.6850506459593184
894,46,GENE:G0046,G0046,82,GENE:G0082,G0082,PPI,0.4628305387575591,0.011777323,0.011777323,0.5542880703683343,0.020097002,0.0851337670954309,0.4600507506180789,0.4628305387575591,0.26500568084879744,0.4628305387575591,0.4628305387575591,0.011777323,0.06311005353927612,0.08914551138877869,0.152255579829216,1,False,0.1,0.6850506459593184
375,76,GENE:G0076,G0076,22,GENE:G0022,G0022,PPI,0.4623144584936778,0.017147506,0.017147506,0.6652006597031336,0.028575702,0.2069806294302391,0.37406818451324164,0.4623144584936778,0.2926284264672137,0.4623144584936778,0.4623144584936778,0.017147506,0.031967755407094955,0.18034519255161285,0.2123129814863205,1,False,0.1,0.6850506459593184
750,38,GENE:G0038,G0038,78,GENE:G0078,G0078,PPI,0.46115035733919735,0.056684703,0.056684703,0.7622319956019791,0.08173302,0.3485095947756382,0.3557264125321593,0.46115035733919735,0.35575593713140063,0.46115035733919735,0.46115035733919735,0.056684703,-0.005054973531514406,0.09977564960718155,0.09472067654132843,-1,False,0.1,0.6850506459593184
1165,97,GENE:G0097,G0097,61,GENE:G0061,G0061,PPI,0.4602803738317757,0.011857496,0.011857496,0.4672897196261683,0.019094467,0.11911815846656715,0.3767699952392756,0.4602803738317757,0.2505672944344592,0.4602803738317757,0.4602803738317757,0.011857496,-0.042049068957567215,0.19157075881958008,0.14952167868614197,-1,False,0.1,0.6850506459593184
1432,83,GENE:G0083,G0083,161,GENE:G0161,G0161,PPI,0.46009895547003843,0.12435134,0.12435134,0.754260582737768,0.16831295,0.5628748471080449,0.4563120683939027,0.46009895547003843,0.5144844042101293,0.46009895547003843,0.46009895547003843,0.12435134,0.0,2.0,2.0,0,False,0.1,0.6850506459593184
1157,92,GENE:G0092,G0092,60,GENE:G0060,G0060,PPI,0.4600742166025289,0.13241702,0.13241702,0.8933479934029687,0.24544185,0.5798461620331247,0.39908015681012743,0.4600742166025289,0.46613703276339974,0.4600742166025289,0.4600742166025289,0.13241702,0.01106080412864685,0.12804478406906128,0.13910557329654694,1,False,0.1,0.6850506459593184
1009,76,GENE:G0076,G0076,52,GENE:G0052,G0052,PPI,0.4600563496426608,0.10269019,0.10269019,0.7864211105002749,0.16491623,0.5382905737947624,0.3898142771359808,0.4600563496426608,0.4495265601540924,0.4600563496426608,0.4600563496426608,0.10269019,0.009306791238486767,0.11558417975902557,0.12489096820354462,1,False,0.1,0.6850506459593184
1771,188,GENE:G0188,G0188,155,GENE:G0155,G0155,PPI,0.4599230346344145,0.0073603005,0.0073603005,0.5167674546454095,0.01170606,0.03252938277239904,0.437409386081688,0.4599230346344145,0.22894705901335494,0.4599230346344145,0.4599230346344145,0.0073603005,0.018975162878632545,0.4783507287502289,0.4973258674144745,1,False,0.1,0.6850506459593184
1510,97,GENE:G0097,G0097,143,GENE:G0143,G0143,PPI,0.4597897196261682,0.032916173,0.032916173,0.4917537108301264,0.033096656,0.5075029106681144,0.4371010057176903,0.4597897196261682,0.46837116929437156,0.4597897196261682,0.4597897196261682,0.032916173,-0.034169334918260574,0.25221696496009827,0.218047633767128,-1,False,0.1,0.6850506459593184
1400,81,GENE:G0081,G0081,93,GENE:G0093,G0093,PPI,0.45907916437603075,0.043006312,0.043006312,0.4637163276525563,0.04119871,0.30181418361737217,0.2527147626512491,0.45907916437603075,0.2998453596514402,0.45907916437603075,0.45907916437603075,0.043006312,-0.011490082368254662,0.2869746685028076,0.275484561920166,-1,False,0.1,0.6850506459593184
342,21,GENE:G0021,G0021,56,GENE:G0056,G0056,PPI,0.4587328202308961,0.12019594,0.12019594,0.7281473336998351,0.18037552,0.499890049477735,0.44204600638402297,0.4587328202308961,0.5039948277390496,0.4587328202308961,0.4587328202308961,0.12019594,0.005834354553371668,0.09156438708305359,0.09739875048398972,1,False,0.1,0.6850506459593184
812,42,GENE:G0042,G0042,56,GENE:G0056,G0056,PPI,0.4579301814183618,0.045515593,0.045515593,0.7045079714128643,0.07027336,0.3314106775593232,0.3032250105128795,0.4579301814183618,0.3141666592065585,0.4579301814183618,0.4579301814183618,0.045515593,-0.010971613228321075,0.09779977053403854,0.08682816475629807,-1,False,0.1,0.6850506459593184
241,18,GENE:G0018,G0018,16,GENE:G0016,G0016,PPI,0.4569488730071467,0.026710706,0.026710706,0.5313358988455195,0.03198487,0.3363019755466325,0.36208894444525325,0.4569488730071467,0.3461346307156024,0.4569488730071467,0.4569488730071467,0.026710706,-0.048113562166690826,0.2792261242866516,0.231112539768219,-1,False,0.1,0.6850506459593184
290,19,GENE:G0019,G0019,186,GENE:G0186,G0186,PPI,0.4567289719626169,0.031544432,0.031544432,0.5046728971962617,0.038516376,0.40308370171496055,0.3074158108176547,0.4567289719626169,0.3399615252562558,0.4567289719626169,0.4567289719626169,0.031544432,-0.0416349321603775,0.49588480591773987,0.45424988865852356,-1,False,0.1,0.6850506459593184
502,28,GENE:G0028,G0028,57,GENE:G0057,G0057,PPI,0.4564073666849917,0.034189895,0.034189895,0.8007146783947223,0.057784505,0.21073578712269633,0.435930132558786,0.4564073666849917,0.33851087041985284,0.4564073666849917,0.4564073666849917,0.034189895,-0.015604862943291664,0.1254122108221054,0.1098073422908783,-1,False,0.1,0.6850506459593184
180,10,GENE:G0010,G0010,56,GENE:G0056,G0056,PPI,0.4561228697086311,0.019108856,0.019108856,0.5153930731170973,0.028699625,0.15499209100503247,0.4254569038155956,0.4561228697086311,0.3016415975180082,0.4561228697086311,0.4561228697086311,0.019108856,-0.019009465351700783,0.10220462828874588,0.08319514989852905,-1,False,0.1,0.6850506459593184
869,53,GENE:G0053,G0053,45,GENE:G0045,G0045,PPI,0.45580126443100605,0.014264833,0.014264833,0.5269378779549203,0.017131317,0.13975771862602607,0.3287560310804955,0.45580126443100605,0.2386348835930309,0.45580126443100605,0.45580126443100605,0.014264833,-0.017962317913770676,0.1428963541984558,0.12493403255939484,-1,False,0.1,0.6850506459593184
1532,101,GENE:G0101,G0101,147,GENE:G0147,G0147,PPI,0.45544804837822983,0.065930925,0.065930925,0.4950522264980759,0.05122578,0.47254138358392517,0.33068599402736326,0.45544804837822983,0.42426999194708725,0.45544804837822983,0.45544804837822983,0.065930925,0.18679450452327728,0.626760721206665,0.8135552406311035,1,False,0.1,0.6850506459593184
1798,171,GENE:G0171,G0171,197,GENE:G0197,G0197,PPI,0.45527487630566255,0.012431622,0.012431622,0.511544804837823,0.020053927,0.12159656098749821,0.4527099270147087,0.45527487630566255,0.28476116624095604,0.45527487630566255,0.45527487630566255,0.012431622,-0.06793752312660217,0.3091225326061249,0.2411850392818451,-1,False,0.1,0.6850506459593184
1435,179,GENE:G0179,G0179,83,GENE:G0083,G0083,PPI,0.4549134139637163,0.024729295,0.024729295,0.471412864211105,0.029482827,0.3869418264112137,0.4477863923131016,0.4549134139637163,0.41911490025351283,0.4549134139637163,0.4549134139637163,0.024729295,-0.044670529663562775,0.1532997488975525,0.10862920433282852,-1,False,0.1,0.6850506459593184
899,101,GENE:G0101,G0101,46,GENE:G0046,G0046,PPI,0.4540956569543706,0.035026714,0.035026714,0.8108851017042331,0.0656215,0.2861767557190269,0.39559227275501796,0.4540956569543706,0.3423556628816485,0.4540956569543706,0.4540956569543706,0.035026714,-0.021389078348875046,0.14013604819774628,0.11874695122241974,-1,False,0.1,0.6850506459593184
1619,130,GENE:G0130,G0130,118,GENE:G0118,G0118,PPI,0.4536015667949423,0.012532498,0.012532498,0.495739417262232,0.016123982,0.12006821159154768,0.40237431205577134,0.4536015667949423,0.2601748780634364,0.4536015667949423,0.4536015667949423,0.012532498,-0.03692279011011124,0.49136486649513245,0.45444202423095703,-1,False,0.1,0.6850506459593184
453,27,GENE:G0027,G0027,26,GENE:G0026,G0026,PPI,0.4516217702034085,0.07582442,0.07582442,0.903243540406817,0.1446138,0.4062559956087197,0.3379627865019014,0.4516217702034085,0.3626366837564191,0.4516217702034085,0.4516217702034085,0.07582442,-0.029883671551942825,0.17111839354038239,0.14123469591140747,-1,False,0.1,0.6850506459593184
636,32,GENE:G0032,G0032,100,GENE:G0100,G0100,PPI,0.45123694337548104,0.018688345,0.018688345,0.5013743815283123,0.029259512,0.1727640769148817,0.4346369372767949,0.45123694337548104,0.3115556032878528,0.45123694337548104,0.45123694337548104,0.018688345,0.008332189172506332,0.38647499680519104,0.3948071300983429,1,False,0.1,0.6850506459593184
850,43,GENE:G0043,G0043,183,GENE:G0183,G0183,PPI,0.45094420010995057,0.024605978,0.024605978,0.6396371632765256,0.038209066,0.1247113089940271,0.3872843243099983,0.45094420010995057,0.27712794102632404,0.45094420010995057,0.45094420010995057,0.024605978,0.009612968191504478,0.2681782841682434,0.27779126167297363,1,False,0.1,0.6850506459593184
679,99,GENE:G0099,G0099,34,GENE:G0034,G0034,PPI,0.450453545904343,0.045453288,0.045453288,0.7902693787795492,0.071637064,0.23507078538064646,0.2830113423088301,0.450453545904343,0.2701834282522005,0.450453545904343,0.450453545904343,0.045453288,0.01700747199356556,0.12488863617181778,0.1418960988521576,1,False,0.1,0.6850506459593184
1296,71,GENE:G0071,G0071,110,GENE:G0110,G0110,PPI,0.4502473886750961,0.015098294,0.015098294,0.5002748763056624,0.023623798,0.12170067335888157,0.4218358576204033,0.4502473886750961,0.27227186589707647,0.4502473886750961,0.4502473886750961,0.015098294,0.020334672182798386,0.4767555296421051,0.497090220451355,1,False,0.1,0.6850506459593184
663,53,GENE:G0053,G0053,34,GENE:G0034,G0034,PPI,0.4495547003848268,0.02334433,0.02334433,0.5838372732270478,0.03231041,0.17402844035436044,0.4316844000097138,0.4495547003848268,0.31999993951618627,0.4495547003848268,0.4495547003848268,0.02334433,-0.018889566883444786,0.13473021984100342,0.11584062874317169,-1,False,0.1,0.6850506459593184
573,90,GENE:G0090,G0090,30,GENE:G0030,G0030,PPI,0.4493430456294667,0.012675646,0.012675646,0.5835623969213853,0.022344958,0.0741913714670684,0.4253605485652919,0.4493430456294667,0.24340738985872232,0.4493430456294667,0.4493430456294667,0.012675646,-0.028764445334672928,0.1092761904001236,0.08051173388957977,-1,False,0.1,0.6850506459593184
6,0,GENE:G0000,G0000,63,GENE:G0063,G0063,PPI,0.4487080813633864,0.046749264,0.046749264,0.5098955470038482,0.041181162,0.5765661947168441,0.338226442336958,0.4487080813633864,0.4396545138696726,0.4487080813633864,0.4487080813633864,0.046749264,-0.01008613221347332,0.13445641100406647,0.1243702620267868,-1,False,0.1,0.6850506459593184
736,38,GENE:G0038,G0038,48,GENE:G0048,G0048,PPI,0.4484167124793843,0.041697014,0.041697014,0.5640461792193513,0.053445056,0.20359329047195088,0.3466131465362315,0.4484167124793843,0.32239334556622545,0.4484167124793843,0.4484167124793843,0.041697014,-0.024121839553117752,0.1610766351222992,0.13695478439331055,-1,False,0.1,0.6850506459593184
316,20,GENE:G0020,G0020,63,GENE:G0063,G0063,PPI,0.44820505772402414,0.022264788,0.022264788,0.4620670698185816,0.022650255,0.15806190796331554,0.3103254274639604,0.44820505772402414,0.25114373152939,0.44820505772402414,0.44820505772402414,0.022264788,0.02646571956574917,0.12112893909215927,0.1475946456193924,1,False,0.1,0.6850506459593184
63,107,GENE:G0107,G0107,2,GENE:G0002,G0002,PPI,0.4480786146234195,0.027394254,0.027394254,0.6687740516767455,0.04301951,0.1372849914312404,0.4132893778282986,0.4480786146234195,0.29580946064453434,0.4480786146234195,0.4480786146234195,0.027394254,-0.0008959944825619459,0.164165198802948,0.16326917707920074,-1,False,0.1,0.6850506459593184
1075,109,GENE:G0109,G0109,55,GENE:G0055,G0055,PPI,0.44775288620120945,0.026852941,0.026852941,0.4840571742715778,0.033834837,0.3477814510639891,0.4304776269689961,0.44775288620120945,0.3999591843284331,0.44775288620120945,0.44775288620120945,0.026852941,-0.054944947361946106,0.20169872045516968,0.14675375819206238,-1,False,0.1,0.6850506459593184
195,19,GENE:G0019,G0019,11,GENE:G0011,G0011,PPI,0.4477295217152282,0.015371353,0.015371353,0.5206157229246839,0.01832136,0.1502466595923394,0.43985096766594944,0.4477295217152282,0.29566229647018266,0.4477295217152282,0.4477295217152282,0.015371353,-0.0498574823141098,0.24130696058273315,0.19144946336746216,-1,False,0.1,0.6850506459593184
1083,59,GENE:G0059,G0059,56,GENE:G0056,G0056,PPI,0.44771715228147335,0.020417027,0.020417027,0.5175920835623969,0.026540905,0.17440565241214626,0.265855468962512,0.44771715228147335,0.22165071570859202,0.44771715228147335,0.44771715228147335,0.020417027,-0.01187147293239832,0.09753094613552094,0.08565948158502579,-1,False,0.1,0.6850506459593184
774,39,GENE:G0039,G0039,90,GENE:G0090,G0090,PPI,0.44623694337548103,0.05696297,0.05696297,0.6660252886201209,0.08976513,0.1020830648679674,0.20030648270992896,0.44623694337548103,0.18066237537150856,0.44623694337548103,0.44623694337548103,0.05696297,-0.014601903967559338,0.14687177538871765,0.13226987421512604,-1,False,0.1,0.6850506459593184
1319,86,GENE:G0086,G0086,73,GENE:G0073,G0073,PPI,0.44549477735019244,0.023704369,0.023704369,0.48955470038482685,0.035571024,0.2532221565560377,0.4267417743526484,0.44549477735019244,0.35564722884851574,0.44549477735019244,0.44549477735019244,0.023704369,-0.04545328766107559,0.1786973923444748,0.1332440823316574,-1,False,0.1,0.6850506459593184
113,99,GENE:G0099,G0099,5,GENE:G0005,G0005,PPI,0.44431006047278726,0.1441049,0.1441049,0.9873556899395273,0.2575886,0.3187410016162731,0.38620629531865724,0.44431006047278726,0.3812129914685977,0.44431006047278726,0.44431006047278726,0.1441049,0.007530034054070711,0.2725324332714081,0.2800624966621399,1,False,0.1,0.6850506459593184
593,66,GENE:G0066,G0066,31,GENE:G0031,G0031,PPI,0.44404411764705887,0.11385272,0.11385272,0.8299890049477735,0.19101308,0.5474278714143109,0.31251593538583045,0.44404411764705887,0.38880862515235215,0.44404411764705887,0.44404411764705887,0.11385272,0.0009249738068319857,0.0866454541683197,0.08757040649652481,1,False,0.1,0.6850506459593184
1702,137,GENE:G0137,G0137,158,GENE:G0158,G0158,PPI,0.44392248488180325,0.047301054,0.047301054,0.5691313908741067,0.059986327,0.6447116378721893,0.38772010735882245,0.44392248488180325,0.4789869873992372,0.44392248488180325,0.44392248488180325,0.047301054,-0.07376404851675034,0.41393551230430603,0.3401714265346527,-1,False,0.1,0.6850506459593184
488,27,GENE:G0027,G0027,97,GENE:G0097,G0097,PPI,0.44371632765255636,0.023774173,0.023774173,0.5013743815283123,0.035255864,0.2319941364017604,0.2473432833562981,0.44371632765255636,0.2363907585366136,0.44371632765255636,0.44371632765255636,0.023774173,-0.01747332140803337,0.13650834560394287,0.1190350279211998,-1,False,0.1,0.6850506459593184
1463,105,GENE:G0105,G0105,86,GENE:G0086,G0086,PPI,0.44349367784496974,0.020092702,0.020092702,0.45024738867509617,0.027269475,0.2054597878229455,0.43668774447899206,0.44349367784496974,0.3372231793095965,0.44349367784496974,0.44349367784496974,0.020092702,-0.026242509484291077,0.187191903591156,0.16094940900802612,-1,False,0.1,0.6850506459593184
1113,115,GENE:G0115,G0115,57,GENE:G0057,G0057,PPI,0.4426498075865861,0.045546956,0.045546956,0.6970863111599781,0.06991468,0.42203427565162216,0.29129951667348686,0.4426498075865861,0.3305807868719742,0.4426498075865861,0.4426498075865861,0.045546956,0.010451097041368484,0.1148139089345932,0.1252650022506714,1,False,0.1,0.6850506459593184
82,3,GENE:G0003,G0003,59,GENE:G0059,G0059,PPI,0.4418361737218251,0.030456869,0.030456869,0.4700384826827927,0.026615638,0.4002514990750924,0.4226166158989689,0.4418361737218251,0.4241577549504492,0.4418361737218251,0.4418361737218251,0.030456869,0.0605589859187603,0.08319798111915588,0.1437569558620453,1,False,0.1,0.6850506459593184
1317,83,GENE:G0083,G0083,73,GENE:G0073,G0073,PPI,0.4414925783397471,0.008463084,0.008463084,0.4851566794942276,0.014000674,0.03388321850147802,0.2927067292213535,0.4414925783397471,0.15952785148881055,0.4414925783397471,0.4414925783397471,0.008463084,-0.04491269215941429,0.17883293330669403,0.13392020761966705,-1,False,0.1,0.6850506459593184
1639,188,GENE:G0188,G0188,122,GENE:G0122,G0122,PPI,0.44145684442001104,0.02196404,0.02196404,0.5074216602528863,0.029105468,0.1576025202891166,0.3227417166875162,0.44145684442001104,0.2534497702227159,0.44145684442001104,0.44145684442001104,0.02196404,-0.005619529634714127,0.32366707921028137,0.31804755330085754,-1,False,0.1,0.6850506459593184
455,31,GENE:G0031,G0031,26,GENE:G0026,G0026,PPI,0.4411922759758109,0.019007817,0.019007817,0.44791094007696536,0.025833013,0.22578944105482615,0.3556311321238534,0.4411922759758109,0.29365815457573397,0.4411922759758109,0.4411922759758109,0.019007817,-0.01651778258383274,0.1661466807126999,0.1496288925409317,-1,False,0.1,0.6850506459593184
1258,69,GENE:G0069,G0069,75,GENE:G0075,G0075,PPI,0.4408851017042331,0.01735114,0.01735114,0.4431006047278725,0.02427911,0.16107748472231578,0.43193218761459046,0.4408851017042331,0.3066249918124859,0.4408851017042331,0.4408851017042331,0.01735114,0.02549034170806408,0.1593874841928482,0.18487781286239624,1,False,0.1,0.6850506459593184
701,44,GENE:G0044,G0044,36,GENE:G0036,G0036,PPI,0.44074216602528865,0.015794005,0.015794005,0.48433205057724027,0.020580173,0.16129235850930695,0.42596446270768895,0.44074216602528865,0.29556066050384733,0.44074216602528865,0.44074216602528865,0.015794005,0.0400204136967659,0.13235536217689514,0.17237579822540283,1,False,0.1,0.6850506459593184
1468,87,GENE:G0087,G0087,154,GENE:G0154,G0154,PPI,0.4404521715228148,0.025502667,0.025502667,0.5274876305662453,0.033976108,0.20609520782285595,0.3105128419546375,0.4404521715228148,0.26714992698388734,0.4404521715228148,0.4404521715228148,0.025502667,0.017731422558426857,0.2675342559814453,0.2852656841278076,1,False,0.1,0.6850506459593184
422,25,GENE:G0025,G0025,31,GENE:G0031,G0031,PPI,0.43932930181418356,0.03133372,0.03133372,0.7707531610775151,0.0486961,0.1408520231822734,0.3079156466885577,0.43932930181418356,0.23444088853562242,0.43932930181418356,0.43932930181418356,0.03133372,-0.01812107115983963,0.09302952885627747,0.07490846514701843,-1,False,0.1,0.6850506459593184
310,20,GENE:G0020,G0020,57,GENE:G0057,G0057,PPI,0.4392317207256734,0.058838792,0.058838792,0.7638812534359538,0.07526891,0.1407955436010898,0.3499501682275874,0.4392317207256734,0.2911986147205612,0.4392317207256734,0.4392317207256734,0.058838792,0.009823794476687908,0.10935544967651367,0.11917925626039505,1,False,0.1,0.6850506459593184
1501,174,GENE:G0174,G0174,93,GENE:G0093,G0093,PPI,0.43892523364485986,0.03150174,0.03150174,0.4719626168224299,0.033419855,0.3017952571143698,0.32978335081796184,0.43892523364485986,0.3338014483572095,0.43892523364485986,0.43892523364485986,0.03150174,0.010885114781558514,0.288202166557312,0.2990872859954834,1,False,0.1,0.6850506459593184
579,115,GENE:G0115,G0115,30,GENE:G0030,G0030,PPI,0.43807586586036285,0.043061923,0.043061923,0.7685541506322155,0.065975286,0.2634380928240295,0.3124718503315894,0.43807586586036285,0.3001929089752185,0.43807586586036285,0.43807586586036285,0.043061923,0.00474237697198987,0.0953499972820282,0.10009238123893738,1,False,0.1,0.6850506459593184
923,98,GENE:G0098,G0098,48,GENE:G0048,G0048,PPI,0.43787795492028586,0.022950701,0.022950701,0.48653106102253985,0.030496549,0.22001186047817342,0.25069336184210234,0.43787795492028586,0.23747184046486494,0.43787795492028586,0.43787795492028586,0.022950701,-0.022264787927269936,0.16283859312534332,0.14057382941246033,-1,False,0.1,0.6850506459593184
1346,75,GENE:G0075,G0075,104,GENE:G0104,G0104,PPI,0.4378614623419461,0.014684072,0.014684072,0.45849367784496975,0.024222197,0.1314448721794604,0.42742087940660944,0.4378614623419461,0.28159817715764124,0.4378614623419461,0.4378614623419461,0.014684072,-0.04517928138375282,0.3304273188114166,0.2852481007575989,-1,False,0.1,0.6850506459593184
1232,67,GENE:G0067,G0067,70,GENE:G0070,G0070,PPI,0.43782985156679494,0.045760326,0.045760326,0.6039032435404068,0.05543846,0.25654426043602047,0.3690115672336048,0.43782985156679494,0.3545851313720966,0.43782985156679494,0.43782985156679494,0.045760326,0.010779034346342087,0.1743122935295105,0.1850912868976593,1,False,0.1,0.6850506459593184
1177,87,GENE:G0087,G0087,62,GENE:G0062,G0062,PPI,0.43732133040131943,0.09122521,0.09122521,0.6478834524463991,0.10851641,0.05146146366170381,0.05322905723088276,0.43732133040131943,0.05853300721462657,0.43732133040131943,0.43732133040131943,0.09122521,-0.010053737089037895,0.15559616684913635,0.14554241299629211,-1,False,0.1,0.6850506459593184
1061,92,GENE:G0092,G0092,54,GENE:G0054,G0054,PPI,0.43709730621220455,0.086086705,0.086086705,0.840571742715778,0.16000488,0.09498565418492716,0.21854865310610228,0.43709730621220455,0.19218970584253353,0.43709730621220455,0.43709730621220455,0.086086705,0.007832033559679985,0.17507946491241455,0.1829114854335785,1,False,0.1,0.6850506459593184
687,79,GENE:G0079,G0079,35,GENE:G0035,G0035,PPI,0.4360417811984607,0.013283849,0.013283849,0.5519516217702034,0.021440653,0.09666592108137453,0.41627545828487433,0.4360417811984607,0.25258092293938794,0.4360417811984607,0.4360417811984607,0.013283849,-0.02476063184440136,0.18594913184642792,0.16118848323822021,-1,False,0.1,0.6850506459593184
717,82,GENE:G0082,G0082,36,GENE:G0036,G0036,PPI,0.43576140736668495,0.036983237,0.036983237,0.5250137438152831,0.0545336,0.23751214902552778,0.33652111420599,0.43576140736668495,0.32066375385179746,0.43576140736668495,0.43576140736668495,0.036983237,-0.021660657599568367,0.14356879889965057,0.12190815061330795,-1,False,0.1,0.6850506459593184
1455,97,GENE:G0097,G0097,85,GENE:G0085,G0085,PPI,0.43503023639362287,0.0216503,0.0216503,0.5959318306761957,0.03550789,0.17883812849290417,0.3776064099634068,0.43503023639362287,0.2830816857110903,0.43503023639362287,0.43503023639362287,0.0216503,-0.020416421815752983,0.11686992645263672,0.09645351767539978,-1,False,0.1,0.6850506459593184
1191,109,GENE:G0109,G0109,63,GENE:G0063,G0063,PPI,0.4349890049477736,0.014060948,0.014060948,0.4780098955470039,0.020565508,0.1233696673643559,0.2972706607590996,0.4349890049477736,0.21146350897515973,0.4349890049477736,0.4349890049477736,0.014060948,-0.04525535926222801,0.16169345378875732,0.11643808335065842,-1,False,0.1,0.6850506459593184
1726,145,GENE:G0145,G0145,174,GENE:G0174,G0174,PPI,0.43495052226498077,0.02165423,0.02165423,0.5272127542605828,0.02949785,0.1820747304711776,0.2622850335858297,0.43495052226498077,0.22331718123074504,0.43495052226498077,0.43495052226498077,0.02165423,-0.06104153022170067,0.27034199237823486,0.2093004584312439,-1,False,0.1,0.6850506459593184
1266,69,GENE:G0069,G0069,90,GENE:G0090,G0090,PPI,0.43462616822429906,0.0362041,0.0362041,0.6121495327102804,0.04325306,0.44876745098716264,0.4158563859776676,0.43462616822429906,0.4288790421513362,0.43462616822429906,0.43462616822429906,0.0362041,0.013938679359853268,0.13699987530708313,0.15093855559825897,1,False,0.1,0.6850506459593184
754,38,GENE:G0038,G0038,99,GENE:G0099,G0099,PPI,0.4343320505772402,0.055846203,0.055846203,0.7553600879604179,0.090769604,0.25578865301524456,0.31109924991676785,0.4343320505772402,0.3141291788475884,0.4343320505772402,0.4343320505772402,0.055846203,-0.0010785460472106934,0.1546950489282608,0.1536165028810501,-1,False,0.1,0.6850506459593184
924,48,GENE:G0048,G0048,116,GENE:G0116,G0116,PPI,0.43401869158878503,0.01229041,0.01229041,0.602803738317757,0.020394368,0.09240487940434769,0.34691342047140605,0.43401869158878503,0.22197032448668874,0.43401869158878503,0.43401869158878503,0.01229041,0.024144025519490242,0.23349201679229736,0.25763604044914246,1,False,0.1,0.6850506459593184
1464,86,GENE:G0086,G0086,144,GENE:G0144,G0144,PPI,0.4339912039582188,0.015202136,0.015202136,0.48763056624518963,0.023897579,0.17278686639570595,0.33805145070987647,0.4339912039582188,0.25601851384327257,0.4339912039582188,0.4339912039582188,0.015202136,-0.06599338352680206,0.2402760535478592,0.17428262531757355,-1,False,0.1,0.6850506459593184
1133,78,GENE:G0078,G0078,59,GENE:G0059,G0059,PPI,0.4339197361187465,0.10214034,0.10214034,0.9642660802638812,0.19271208,0.47565077896969443,0.2744349375668941,0.4339197361187465,0.334332138881157,0.4339197361187465,0.4339197361187465,0.10214034,-0.019536815583705902,0.10326416790485382,0.08372735232114792,-1,False,0.1,0.6850506459593184
1195,83,GENE:G0083,G0083,64,GENE:G0064,G0064,PPI,0.4336847168774052,0.0261587,0.0261587,0.4984881803188565,0.028310936,0.3277746687010222,0.3972609909168918,0.4336847168774052,0.367233659194486,0.4336847168774052,0.4336847168774052,0.0261587,-0.053472504019737244,0.19959352910518646,0.1461210399866104,-1,False,0.1,0.6850506459593184
1134,59,GENE:G0059,G0059,80,GENE:G0080,G0080,PPI,0.4331363386476086,0.17291255,0.17291255,0.7875206157229246,0.34582445,0.4215760476439677,0.16519171797732182,0.4331363386476086,0.2776144501787313,0.4331363386476086,0.4331363386476086,0.17291255,-0.019892524927854538,0.1365010142326355,0.11660849303007126,-1,False,0.1,0.6850506459593184
1704,137,GENE:G0137,G0137,170,GENE:G0170,G0170,PPI,0.4330648708081363,0.045273457,0.045273457,0.6099505222649808,0.05885723,0.5165371213019828,0.41436251481115605,0.4330648708081363,0.46007733573815773,0.4330648708081363,0.4330648708081363,0.045273457,-0.0007833067793399096,0.3191506564617157,0.3183673620223999,-1,False,0.1,0.6850506459593184
1527,110,GENE:G0110,G0110,100,GENE:G0100,G0100,PPI,0.43280373831775704,0.022032127,0.022032127,0.6364760857614074,0.026768487,0.2836303078041022,0.33606901672071776,0.43280373831775704,0.30181710249908156,0.43280373831775704,0.43280373831775704,0.022032127,-0.15362206101417542,0.49727368354797363,0.343651682138443,-1,False,0.1,0.6850506459593184
1593,135,GENE:G0135,G0135,113,GENE:G0113,G0113,PPI,0.43228971962616825,0.017974736,0.017974736,0.46234194612424406,0.01790237,0.25272650462908164,0.38974082336690685,0.43228971962616825,0.3195694169650665,0.43228971962616825,0.43228971962616825,0.017974736,0.03603391349315643,0.39616549015045166,0.4321993887424469,1,False,0.1,0.6850506459593184
11,75,GENE:G0075,G0075,0,GENE:G0000,G0000,PPI,0.43171522814733365,0.08507399,0.08507399,0.7317207256734469,0.11515124,0.3449626408416402,0.22481814162535715,0.43171522814733365,0.273907089894846,0.43171522814733365,0.43171522814733365,0.08507399,-0.009075142443180084,0.17903949320316315,0.16996438801288605,-1,False,0.1,0.6850506459593184
321,71,GENE:G0071,G0071,20,GENE:G0020,G0020,PPI,0.43165200659703135,0.038154986,0.038154986,0.5953820780648709,0.044356517,0.29061062370946666,0.4055596577085936,0.43165200659703135,0.3849304776421932,0.43165200659703135,0.43165200659703135,0.038154986,-0.0076123992912471294,0.08321236819028854,0.07559996843338013,-1,False,0.1,0.6850506459593184
1221,88,GENE:G0088,G0088,66,GENE:G0066,G0066,PPI,0.43130978559648153,0.027782746,0.027782746,0.48735568993952716,0.025819581,0.32905863425092874,0.422695027669461,0.43130978559648153,0.3914897048174091,0.43130978559648153,0.43130978559648153,0.027782746,-0.021650299429893494,0.11867260932922363,0.09702232480049133,-1,False,0.1,0.6850506459593184
766,39,GENE:G0039,G0039,72,GENE:G0072,G0072,PPI,0.43125893347993405,0.039626144,0.039626144,0.7069818581638263,0.074008934,0.20071581222804774,0.3123547942408536,0.43125893347993405,0.2720372541531115,0.43125893347993405,0.43125893347993405,0.039626144,-0.0030228623654693365,0.1135152280330658,0.11049235612154007,-1,False,0.1,0.6850506459593184
756,38,GENE:G0038,G0038,127,GENE:G0127,G0127,PPI,0.4309868059373282,0.018952886,0.018952886,0.4736118746564046,0.022025121,0.2550351522414429,0.3990162476735505,0.4309868059373282,0.32829184257168625,0.4309868059373282,0.4309868059373282,0.018952886,-0.07602924853563309,0.5218167901039124,0.4457876682281494,-1,False,0.1,0.6850506459593184
570,30,GENE:G0030,G0030,85,GENE:G0085,G0085,PPI,0.42977185266630014,0.06599338,0.06599338,0.7539857064321056,0.07602971,0.21674294975955746,0.11384934500246106,0.42977185266630014,0.1711287094933377,0.42977185266630014,0.42977185266630014,0.06599338,0.01012528408318758,0.10585422813892365,0.11597952991724014,1,False,0.1,0.6850506459593184
521,31,GENE:G0031,G0031,29,GENE:G0029,G0029,PPI,0.42976498075865854,0.053926717,0.053926717,0.6561297416162726,0.071930885,0.41766508170170275,0.25742119698756694,0.42976498075865854,0.3238903625975714,0.42976498075865854,0.42976498075865854,0.053926717,-0.007078748196363449,0.10097748786211014,0.09389873594045639,-1,False,0.1,0.6850506459593184
1485,160,GENE:G0160,G0160,90,GENE:G0090,G0090,PPI,0.42971412864211106,0.018121071,0.018121071,0.44529961517317207,0.019962024,0.24924942979614378,0.4080145051629441,0.42971412864211106,0.3297444496344106,0.42971412864211106,0.42971412864211106,0.018121071,0.046707555651664734,0.13571743667125702,0.18242500722408295,1,False,0.1,0.6850506459593184
1713,197,GENE:G0197,G0197,141,GENE:G0141,G0141,PPI,0.42908191313908745,0.013481197,0.013481197,0.4903793293018142,0.020779314,0.1253779326755667,0.22236688531222668,0.42908191313908745,0.18152378059657678,0.42908191313908745,0.42908191313908745,0.013481197,-0.02695169672369957,0.39535972476005554,0.36840805411338806,-1,False,0.1,0.6850506459593184
1040,53,GENE:G0053,G0053,96,GENE:G0096,G0096,PPI,0.4289183617372183,0.04671262,0.04671262,0.5835623969213855,0.076011,0.282472680934693,0.2647341603052205,0.4289183617372183,0.2817446637266097,0.4289183617372183,0.4289183617372183,0.04671262,-0.01693057455122471,0.16121536493301392,0.14428479969501495,-1,False,0.1,0.6850506459593184
739,51,GENE:G0051,G0051,38,GENE:G0038,G0038,PPI,0.42848680593732824,0.21341397,0.21341397,0.962891698735569,0.3327258,0.30920845002359304,0.3398884946086528,0.42848680593732824,0.33331707763155244,0.42848680593732824,0.42848680593732824,0.21341397,-0.0179747361689806,0.1570155769586563,0.13904084265232086,-1,False,0.1,0.6850506459593184
998,52,GENE:G0052,G0052,53,GENE:G0053,G0053,PPI,0.42848680593732824,0.2134139,0.2134139,0.962891698735569,0.3327258,0.09015559365127465,0.11125462531348151,0.42848680593732824,0.10606423178771317,0.42848680593732824,0.42848680593732824,0.2134139,-0.002690340857952833,0.08867738395929337,0.08598703145980835,-1,False,0.1,0.6850506459593184
391,71,GENE:G0071,G0071,23,GENE:G0023,G0023,PPI,0.42648433205057723,0.025662167,0.025662167,0.7754260582737768,0.04190778,0.1932352129830002,0.30968540280432344,0.42648433205057723,0.25519610773868495,0.42648433205057723,0.42648433205057723,0.025662167,-0.017741728574037552,0.148117795586586,0.13037608563899994,-1,False,0.1,0.6850506459593184
1042,53,GENE:G0053,G0053,97,GENE:G0097,G0097,PPI,0.42547141286421114,0.027162427,0.027162427,0.4807586586036284,0.03367605,0.2726857106248983,0.3261372627834025,0.42547141286421114,0.3071192830787556,0.42547141286421114,0.42547141286421114,0.027162427,-0.014858534559607506,0.1322721540927887,0.11741361021995544,-1,False,0.1,0.6850506459593184
1362,77,GENE:G0077,G0077,175,GENE:G0175,G0175,PPI,0.42528862012094565,0.03895693,0.03895693,0.531610775151182,0.04710293,0.60271234911955,0.2710693716132064,0.42528862012094565,0.38349440763510395,0.42528862012094565,0.42528862012094565,0.03895693,0.07760336250066757,0.6640118360519409,0.7416151165962219,1,False,0.1,0.6850506459593184
792,41,GENE:G0041,G0041,71,GENE:G0071,G0071,PPI,0.4252281473336999,0.026596144,0.026596144,0.48048378229796596,0.034303863,0.21899510156114216,0.34126189398343043,0.4252281473336999,0.30110628318151134,0.4252281473336999,0.4252281473336999,0.026596144,-0.01672532968223095,0.09860088676214218,0.08187555521726608,-1,False,0.1,0.6850506459593184
980,51,GENE:G0051,G0051,63,GENE:G0063,G0063,PPI,0.4251992853216053,0.07837892,0.07837892,0.8589884551951622,0.13378942,0.2765102932315179,0.28666929968329513,0.4251992853216053,0.2942339354248073,0.4251992853216053,0.4251992853216053,0.07837892,0.009669802151620388,0.12789952754974365,0.13756932318210602,1,False,0.1,0.6850506459593184
1018,52,GENE:G0052,G0052,160,GENE:G0160,G0160,PPI,0.42496701484332056,0.0120860115,0.0120860115,0.5379329301814184,0.021172445,0.09961564487507964,0.3985970487973498,0.42496701484332056,0.2501057205313735,0.42496701484332056,0.42496701484332056,0.0120860115,0.028180712834000587,0.371882826089859,0.40006351470947266,1,False,0.1,0.6850506459593184
1369,95,GENE:G0095,G0095,78,GENE:G0078,G0078,PPI,0.4248914238592634,0.02269413,0.02269413,0.4912039582188016,0.0324809,0.24103617870781258,0.309848092842171,0.4248914238592634,0.2774394267227675,0.4248914238592634,0.4248914238592634,0.02269413,-0.010784292593598366,0.0975446105003357,0.08676032721996307,-1,False,0.1,0.6850506459593184
592,31,GENE:G0031,G0031,66,GENE:G0066,G0066,PPI,0.4234263331500824,0.046431854,0.046431854,0.7363936228697086,0.058745153,0.12420840402230583,0.337357502944119,0.4234263331500824,0.2685812465869254,0.4234263331500824,0.4234263331500824,0.046431854,-0.0005030942847952247,0.10869637131690979,0.1081932932138443,-1,False,0.1,0.6850506459593184
299,39,GENE:G0039,G0039,20,GENE:G0020,G0020,PPI,0.42292605827377683,0.11907861,0.11907861,0.666025288620121,0.16656816,0.5799200134053267,0.27831968805199475,0.42292605827377683,0.38480545492042434,0.42292605827377683,0.42292605827377683,0.11907861,-0.016543960198760033,0.09272684901952744,0.07618290185928345,-1,False,0.1,0.6850506459593184
326,20,GENE:G0020,G0020,81,GENE:G0081,G0081,PPI,0.42277899945024733,0.01654771,0.01654771,0.5063221550302364,0.026518906,0.1440365155275056,0.39258745440256615,0.42277899945024733,0.27110574318190017,0.42277899945024733,0.42277899945024733,0.01654771,0.025209495797753334,0.11025986820459366,0.13546936213970184,1,False,0.1,0.6850506459593184
757,127,GENE:G0127,G0127,38,GENE:G0038,G0038,PPI,0.4223996701484332,0.045680337,0.045680337,0.4667399670148433,0.045332313,0.6346641671521815,0.27190357305864915,0.4223996701484332,0.40424615425103505,0.4223996701484332,0.4223996701484332,0.045680337,0.09568087756633759,0.1425733119249344,0.23825418949127197,1,False,0.1,0.6850506459593184
1127,65,GENE:G0065,G0065,59,GENE:G0059,G0059,PPI,0.42153793293018144,0.022004843,0.022004843,0.5302363936228697,0.033727605,0.17573789783468566,0.3506181888217954,0.42153793293018144,0.27192362930555963,0.42153793293018144,0.42153793293018144,0.022004843,-0.012635607272386551,0.09752044081687927,0.08488481491804123,-1,False,0.1,0.6850506459593184
727,77,GENE:G0077,G0077,37,GENE:G0037,G0037,PPI,0.42152968664101154,0.021324096,0.021324096,0.5236393622869708,0.030870868,0.1800683493028073,0.34842681435812206,0.42152968664101154,0.27075000811757044,0.42152968664101154,0.42152968664101154,0.021324096,0.04690815508365631,0.22956949472427368,0.2764776349067688,1,False,0.1,0.6850506459593184
556,30,GENE:G0030,G0030,45,GENE:G0045,G0045,PPI,0.42023089609675646,0.07178138,0.07178138,0.5717427157778999,0.05735063,0.26900859803888943,0.28581417789880126,0.42023089609675646,0.32047274572479817,0.42023089609675646,0.42023089609675646,0.07178138,0.0014663826441392303,0.1369359791278839,0.13840237259864807,1,False,0.1,0.6850506459593184
529,51,GENE:G0051,G0051,29,GENE:G0029,G0029,PPI,0.42011544804837825,0.10253218,0.10253218,0.6668499175371083,0.12885447,0.27527017806147225,0.14495360082293393,0.42011544804837825,0.21544260115136563,0.42011544804837825,0.42011544804837825,0.10253218,-0.004275583196431398,0.10047459602355957,0.09619901329278946,-1,False,0.1,0.6850506459593184
1706,139,GENE:G0139,G0139,146,GENE:G0146,G0146,PPI,0.4198350742166025,0.046983927,0.046983927,0.5673446948873007,0.047438625,0.6663900138513021,0.40245498806375324,0.4198350742166025,0.49657058517044544,0.4198350742166025,0.4198350742166025,0.046983927,0.1462947428226471,0.34888190031051636,0.4951765835285187,1,False,0.1,0.6850506459593184
457,33,GENE:G0033,G0033,26,GENE:G0026,G0026,PPI,0.41952996151731725,0.064748,0.064748,0.762781748213304,0.11695259,0.34286549449335946,0.29665248069982636,0.41952996151731725,0.3203792268776797,0.41952996151731725,0.41952996151731725,0.064748,0.008839363232254982,0.16251365840435028,0.1713530421257019,1,False,0.1,0.6850506459593184
898,46,GENE:G0046,G0046,101,GENE:G0101,G0101,PPI,0.4182737768004398,0.050054803,0.050054803,0.45464540956569544,0.0456113,0.43285839034068324,0.18501331157926101,0.4182737768004398,0.277426460697826,0.4182737768004398,0.4182737768004398,0.050054803,0.19095507264137268,0.23470939695835114,0.4256644546985626,1,False,0.1,0.6850506459593184
1252,68,GENE:G0068,G0068,172,GENE:G0172,G0172,PPI,0.41813084112149534,0.038591586,0.038591586,0.6148982957669049,0.048001245,0.24964058508746947,0.349465695406953,0.41813084112149534,0.33541070702839054,0.41813084112149534,0.41813084112149534,0.038591586,0.14410489797592163,0.2995607554912567,0.44366559386253357,1,False,0.1,0.6850506459593184
337,30,GENE:G0030,G0030,21,GENE:G0021,G0021,PPI,0.4180868609125893,0.08954351,0.08954351,0.6968114348543155,0.11714783,0.4244345299636934,0.20904343045629464,0.4180868609125893,0.28510894878804943,0.4180868609125893,0.4180868609125893,0.08954351,-0.0019246268784627318,0.1492558717727661,0.14733126759529114,-1,False,0.1,0.6850506459593184
1749,170,GENE:G0170,G0170,149,GENE:G0149,G0149,PPI,0.4179439252336449,0.02641633,0.02641633,0.48598130841121495,0.032283,0.23088560426040622,0.2832483178641816,0.4179439252336449,0.2628664417417298,0.4179439252336449,0.4179439252336449,0.02641633,-0.050353776663541794,0.41545748710632324,0.3651038110256195,-1,False,0.1,0.6850506459593184
1612,116,GENE:G0116,G0116,125,GENE:G0125,G0125,PPI,0.4170093457943925,0.029623978,0.029623978,0.4532710280373832,0.033366896,0.32406972192262856,0.22799127195814045,0.4170093457943925,0.26131343894876585,0.4170093457943925,0.4170093457943925,0.029623978,0.1872991919517517,0.9421032667160034,1.1294025182724,1,False,0.1,0.6850506459593184
1618,118,GENE:G0118,G0118,130,GENE:G0130,G0130,PPI,0.41608301264431,0.009423051,0.009423051,0.4202858713578889,0.012920268,0.0452689230423881,0.37983008636665977,0.41608301264431,0.20154915653507458,0.41608301264431,0.41608301264431,0.009423051,-0.06168532744050026,0.3157670497894287,0.25408172607421875,-1,False,0.1,0.6850506459593184
328,20,GENE:G0020,G0020,85,GENE:G0085,G0085,PPI,0.4160637713029137,0.0163008,0.0163008,0.5266630016492578,0.020955032,0.14445757386392,0.4147450238609787,0.4160637713029137,0.2818195171351061,0.4160637713029137,0.4160637713029137,0.0163008,0.019748760387301445,0.10290659219026566,0.12265534698963165,1,False,0.1,0.6850506459593184
1335,81,GENE:G0081,G0081,74,GENE:G0074,G0074,PPI,0.41575041231445853,0.2207466,0.2207466,0.8315008246289171,0.40043482,0.7080169710040973,0.20787520615722926,0.41575041231445853,0.3618684280664951,0.41575041231445853,0.41575041231445853,0.2207466,-0.029719991609454155,0.14181482791900635,0.11209484934806824,-1,False,0.1,0.6850506459593184
1437,93,GENE:G0093,G0093,84,GENE:G0084,G0084,PPI,0.41551401869158877,0.019850051,0.019850051,0.5467289719626168,0.029722523,0.2311668404021039,0.3453492651570822,0.41551401869158877,0.285535384913876,0.41551401869158877,0.41551401869158877,0.019850051,-0.026998233050107956,0.16052745282649994,0.13352923095226288,-1,False,0.1,0.6850506459593184
1099,62,GENE:G0062,G0062,57,GENE:G0057,G0057,PPI,0.4154562946673997,0.017852057,0.017852057,0.500549752611325,0.024394918,0.10168407791016316,0.2413044399604858,0.4154562946673997,0.17403647175599135,0.4154562946673997,0.4154562946673997,0.017852057,-0.023291058838367462,0.12365474551916122,0.10036369413137436,-1,False,0.1,0.6850506459593184
1666,128,GENE:G0128,G0128,176,GENE:G0176,G0176,PPI,0.41542056074766354,0.023944162,0.023944162,0.4887300714678395,0.02317325,0.27492163254648877,0.30226285606163555,0.41542056074766354,0.28898357033640004,0.41542056074766354,0.41542056074766354,0.023944162,-0.00048384041292592883,0.41651034355163574,0.4160265028476715,-1,False,0.1,0.6850506459593184
408,24,GENE:G0024,G0024,49,GENE:G0049,G0049,PPI,0.4153051126992854,0.018250054,0.018250054,0.5849367784496977,0.031217027,0.15435580122320933,0.26770045617316857,0.4153051126992854,0.21374593630686484,0.4153051126992854,0.4153051126992854,0.018250054,0.0052419789135456085,0.1436808854341507,0.148922860622406,1,False,0.1,0.6850506459593184
824,42,GENE:G0042,G0042,95,GENE:G0095,G0095,PPI,0.4143141836173722,0.026188025,0.026188025,0.7891698735568994,0.045165196,0.2683992997039938,0.38781898493130756,0.4143141836173722,0.3241212519954464,0.4143141836173722,0.4143141836173722,0.026188025,-0.011195680126547813,0.18254779279232025,0.17135211825370789,-1,False,0.1,0.6850506459593184
372,22,GENE:G0022,G0022,70,GENE:G0070,G0070,PPI,0.41395547003848265,0.022284439,0.022284439,0.4758108851017042,0.020624973,0.2963486413844593,0.2977146844988774,0.41395547003848265,0.28921418400609433,0.41395547003848265,0.41395547003848265,0.022284439,0.03565923869609833,0.1767028272151947,0.21236209571361542,1,False,0.1,0.6850506459593184
785,74,GENE:G0074,G0074,40,GENE:G0040,G0040,PPI,0.4135637713029137,0.020070441,0.020070441,0.5137438152831226,0.024883933,0.21856189798953657,0.35852730298804525,0.4135637713029137,0.2899246738398994,0.4135637713029137,0.4135637713029137,0.020070441,-0.03783934935927391,0.1904074251651764,0.15256807208061218,-1,False,0.1,0.6850506459593184
838,43,GENE:G0043,G0043,62,GENE:G0062,G0062,PPI,0.41315008246289175,0.016983239,0.016983239,0.5365585486531061,0.028058928,0.10830899752769484,0.25354875369529645,0.41315008246289175,0.18995492273290754,0.41315008246289175,0.41315008246289175,0.016983239,-0.009801282547414303,0.15268735587596893,0.14288607239723206,-1,False,0.1,0.6850506459593184
45,115,GENE:G0115,G0115,1,GENE:G0001,G0001,PPI,0.41230071467839474,0.07846251,0.07846251,0.6294667399670149,0.07858762,0.20189425696096247,0.3379245746791123,0.41230071467839474,0.34216542285365026,0.41230071467839474,0.41230071467839474,0.07846251,-0.0018426583847030997,0.1455533802509308,0.14371071755886078,-1,False,0.1,0.6850506459593184
1027,62,GENE:G0062,G0062,53,GENE:G0053,G0053,PPI,0.41195437053326006,0.020619586,0.020619586,0.5643210555250138,0.031297017,0.18096426417969314,0.3476877235507251,0.41195437053326006,0.26682899369201296,0.41195437053326006,0.41195437053326006,0.020619586,-0.015585381537675858,0.09422734379768372,0.07864196598529816,-1,False,0.1,0.6850506459593184
285,80,GENE:G0080,G0080,19,GENE:G0019,G0019,PPI,0.41175371083012646,0.048278388,0.048278388,0.5640461792193513,0.044124436,0.4106182039103668,0.3557741116471964,0.41175371083012646,0.39263928113273444,0.41175371083012646,0.41175371083012646,0.048278388,0.009902732446789742,0.2226783037185669,0.23258104920387268,1,False,0.1,0.6850506459593184
746,38,GENE:G0038,G0038,61,GENE:G0061,G0061,PPI,0.41141423859263326,0.04525536,0.04525536,0.7155030236393622,0.069079444,0.21107929917564935,0.40601250441524145,0.41141423859263326,0.3472384295726452,0.41141423859263326,0.41141423859263326,0.04525536,-0.021117059513926506,0.18546459078788757,0.16434746980667114,-1,False,0.1,0.6850506459593184
506,28,GENE:G0028,G0028,60,GENE:G0060,G0060,PPI,0.4105277625068719,0.04491705,0.04491705,0.7078064870808136,0.06527082,0.24942253559174607,0.31776491179270344,0.4105277625068719,0.2953176348619698,0.4105277625068719,0.4105277625068719,0.04491705,-0.01385163888335228,0.13840539753437042,0.12455376982688904,-1,False,0.1,0.6850506459593184
1013,87,GENE:G0087,G0087,52,GENE:G0052,G0052,PPI,0.41039857064321056,0.028015658,0.028015658,0.5329851566794942,0.037696756,0.11644025252900977,0.18997762280970484,0.41039857064321056,0.16539997331064918,0.41039857064321056,0.41039857064321056,0.028015658,-0.019110746681690216,0.12118693441152573,0.10207619518041611,-1,False,0.1,0.6850506459593184
289,144,GENE:G0144,G0144,19,GENE:G0019,G0019,PPI,0.4100962067069818,0.014374955,0.014374955,0.414238592633315,0.018567126,0.1127868262427739,0.3910113910866346,0.4100962067069818,0.2556859323489288,0.4100962067069818,0.4100962067069818,0.014374955,0.017190424725413322,0.2192385345697403,0.23642893135547638,1,False,0.1,0.6850506459593184
716,36,GENE:G0036,G0036,82,GENE:G0082,G0082,PPI,0.40966739967014837,0.04136874,0.04136874,0.5810885101704233,0.051594652,0.13362158997721918,0.3699736286417422,0.40966739967014837,0.31295740652017506,0.40966739967014837,0.40966739967014837,0.04136874,-0.013191732577979565,0.11043722927570343,0.09724549949169159,-1,False,0.1,0.6850506459593184
1538,103,GENE:G0103,G0103,142,GENE:G0142,G0142,PPI,0.40936778449697636,0.0600626,0.0600626,0.45739417262231996,0.05527342,0.19457000264435156,0.18101775283225582,0.40936778449697636,0.2223456838556525,0.40936778449697636,0.40936778449697636,0.0600626,-0.018018975853919983,0.3277217447757721,0.3097027838230133,-1,False,0.1,0.6850506459593184
414,24,GENE:G0024,G0024,74,GENE:G0074,G0074,PPI,0.40891698735569,0.0353544,0.0353544,0.5310610225398571,0.049995165,0.2671306533561426,0.33765208951743664,0.40891698735569,0.33160180175326714,0.40891698735569,0.40891698735569,0.0353544,0.004935302305966616,0.13233345746994019,0.1372687816619873,1,False,0.1,0.6850506459593184
535,63,GENE:G0063,G0063,29,GENE:G0029,G0029,PPI,0.4088716327652557,0.109824136,0.109824136,0.826003298515668,0.16250262,0.24125961229223247,0.2499598441884492,0.4088716327652557,0.260228840139073,0.4088716327652557,0.4088716327652557,0.109824136,-0.007329658139497042,0.09817545861005783,0.09084581583738327,-1,False,0.1,0.6850506459593184
758,39,GENE:G0039,G0039,46,GENE:G0046,G0046,PPI,0.40773776800439804,0.030121097,0.030121097,0.43842770753161076,0.03662979,0.2147247729599501,0.26063411760950467,0.40773776800439804,0.257560238334321,0.40773776800439804,0.40773776800439804,0.030121097,-0.024633364751935005,0.14142493903636932,0.11679155379533768,-1,False,0.1,0.6850506459593184
1687,179,GENE:G0179,G0179,132,GENE:G0132,G0132,PPI,0.4072897196261683,0.04051956,0.04051956,0.5989554700384827,0.059448123,0.6297338074275485,0.29428164050529787,0.4072897196261683,0.401720191319723,0.4072897196261683,0.4072897196261683,0.04051956,-0.16463613510131836,0.5214700102806091,0.356833815574646,-1,False,0.1,0.6850506459593184
905,67,GENE:G0067,G0067,47,GENE:G0047,G0047,PPI,0.4072237493128092,0.012776058,0.012776058,0.5503023639362287,0.020226238,0.10103966492262224,0.21693363109149474,0.4072237493128092,0.16463984489643244,0.4072237493128092,0.4072237493128092,0.012776058,-0.031389765441417694,0.20515477657318115,0.17376498878002167,-1,False,0.1,0.6850506459593184
1337,86,GENE:G0086,G0086,74,GENE:G0074,G0074,PPI,0.40626168224299064,0.007078393,0.007078393,0.5046728971962616,0.011212578,0.019155190784688934,0.2863768567446728,0.40626168224299064,0.14890643991645464,0.40626168224299064,0.40626168224299064,0.007078393,-0.04630183055996895,0.1516556739807129,0.10535383224487305,-1,False,0.1,0.6850506459593184
1625,129,GENE:G0129,G0129,119,GENE:G0119,G0119,PPI,0.40612424409015946,0.12470499,0.12470499,0.9444749862561848,0.23636532,0.6638182536788331,0.23583523385835867,0.40612424409015946,0.365589946887304,0.40612424409015946,0.40612424409015946,0.12470499,-0.12341106683015823,0.4757554233074188,0.3523443937301636,-1,False,0.1,0.6850506459593184
1491,157,GENE:G0157,G0157,91,GENE:G0091,G0091,PPI,0.40489279824079166,0.021222992,0.021222992,0.40489279824079166,0.027870912,0.23008972832678087,0.36998429518854015,0.40489279824079166,0.31530074035825173,0.40489279824079166,0.40489279824079166,0.021222992,-0.048656072467565536,0.17167320847511292,0.12301711738109589,-1,False,0.1,0.6850506459593184
262,17,GENE:G0017,G0017,65,GENE:G0065,G0065,PPI,0.4041162726772952,0.024098756,0.024098756,0.5214403518416713,0.03795691,0.35507115987360743,0.26169605023420384,0.4041162726772952,0.2942541320026584,0.4041162726772952,0.4041162726772952,0.024098756,0.1155584454536438,0.18155279755592346,0.2971111834049225,1,False,0.1,0.6850506459593184
1371,98,GENE:G0098,G0098,78,GENE:G0078,G0078,PPI,0.4038372732270478,0.085450724,0.085450724,0.7619571192963166,0.1254337,0.20269583071928035,0.2801164128893611,0.4038372732270478,0.2716684349577262,0.4038372732270478,0.4038372732270478,0.085450724,0.0025051331613212824,0.10289832204580307,0.10540345311164856,1,False,0.1,0.6850506459593184
415,74,GENE:G0074,G0074,24,GENE:G0024,G0024,PPI,0.4037383177570094,0.016175855,0.016175855,0.44859813084112155,0.015203776,0.17883411833864715,0.39695231651222024,0.4037383177570094,0.29156125343857436,0.4037383177570094,0.4037383177570094,0.016175855,-0.04010108485817909,0.21105609834194183,0.17095500230789185,-1,False,0.1,0.6850506459593184
1439,94,GENE:G0094,G0094,84,GENE:G0084,G0084,PPI,0.4032325453545904,0.018104281,0.018104281,0.4582188015393073,0.023156779,0.18097885539878988,0.3916095618718222,0.4032325453545904,0.29281573059851684,0.4032325453545904,0.4032325453545904,0.018104281,0.03141369670629501,0.14082756638526917,0.17224128544330597,1,False,0.1,0.6850506459593184
1143,144,GENE:G0144,G0144,59,GENE:G0059,G0059,PPI,0.4029205607476635,0.06816678,0.06816678,0.9480483782297966,0.1309833,0.3539085008442912,0.38099279518838647,0.4029205607476635,0.36579944032229,0.4029205607476635,0.4029205607476635,0.06816678,0.013940712437033653,0.0875154435634613,0.10145614296197891,1,False,0.1,0.6850506459593184
497,33,GENE:G0033,G0033,28,GENE:G0028,G0028,PPI,0.40206844420010995,0.03202579,0.03202579,0.8122594832325454,0.05864009,0.16956971925617376,0.2710744897805239,0.40206844420010995,0.2289836456943814,0.40206844420010995,0.40206844420010995,0.03202579,0.009034561924636364,0.15246206521987915,0.1614966243505478,1,False,0.1,0.6850506459593184
895,82,GENE:G0082,G0082,46,GENE:G0046,G0046,PPI,0.4020670698185817,0.04169256,0.04169256,0.7179769103903244,0.065818235,0.22610400560692603,0.3780133091786953,0.4020670698185817,0.3252115451084769,0.4020670698185817,0.4020670698185817,0.04169256,-0.021052652969956398,0.13453251123428345,0.1134798601269722,-1,False,0.1,0.6850506459593184
221,70,GENE:G0070,G0070,13,GENE:G0013,G0013,PPI,0.4017729521715229,0.054803666,0.054803666,0.5184167124793844,0.05463946,0.5701934945997881,0.3912672648912824,0.4017729521715229,0.4830898000598217,0.4017729521715229,0.4017729521715229,0.054803666,-0.0381329171359539,0.20632629096508026,0.16819339990615845,-1,False,0.1,0.6850506459593184
694,35,GENE:G0035,G0035,141,GENE:G0141,G0141,PPI,0.40175920835623974,0.08485558,0.08485558,0.6377130291368884,0.10124484,0.18575590984057178,0.07158310998336073,0.40175920835623974,0.1318056454227825,0.40175920835623974,0.40175920835623974,0.08485558,-0.0022338381968438625,0.3920679986476898,0.38983413577079773,-1,False,0.1,0.6850506459593184
1084,56,GENE:G0056,G0056,66,GENE:G0066,G0066,PPI,0.4014513468938977,0.08008402,0.08008402,0.6272677295217152,0.10480015,0.762989435137685,0.29899030683660505,0.4014513468938977,0.45748737522356936,0.4014513468938977,0.4014513468938977,0.08008402,0.08530695736408234,0.10039546340703964,0.18570241332054138,1,False,0.1,0.6850506459593184
341,45,GENE:G0045,G0045,21,GENE:G0021,G0021,PPI,0.4014485981308411,0.034594286,0.034594286,0.5654205607476636,0.040202737,0.28262466531610864,0.23821591648465873,0.4014485981308411,0.2563061998648154,0.4014485981308411,0.4014485981308411,0.034594286,-0.012757649645209312,0.15552246570587158,0.14276480674743652,-1,False,0.1,0.6850506459593184
1150,60,GENE:G0060,G0060,67,GENE:G0067,G0067,PPI,0.40133177570093453,0.005405664,0.005405664,0.4158878504672897,0.008392705,0.013406152251087657,0.36655388780367354,0.40133177570093453,0.18469099772616834,0.40133177570093453,0.40133177570093453,0.005405664,0.03609631583094597,0.13493895530700684,0.1710352748632431,1,False,0.1,0.6850506459593184
910,47,GENE:G0047,G0047,186,GENE:G0186,G0186,PPI,0.4013304013194063,0.04012883,0.04012883,0.4362286970863112,0.029820979,0.5562543757402627,0.3360376996027465,0.4013304013194063,0.430646594995283,0.4013304013194063,0.4013304013194063,0.04012883,0.19954036176204681,0.4658299684524536,0.6653702259063721,1,False,0.1,0.6850506459593184
909,85,GENE:G0085,G0085,47,GENE:G0047,G0047,PPI,0.3998625618471688,0.022075951,0.022075951,0.41011544804837824,0.02670318,0.18425918534685234,0.2545112500761822,0.3998625618471688,0.22769004938532383,0.3998625618471688,0.3998625618471688,0.022075951,-0.005482784006744623,0.2017308473587036,0.19624806940555573,-1,False,0.1,0.6850506459593184
1649,173,GENE:G0173,G0173,124,GENE:G0124,G0124,PPI,0.3997416162726773,0.008644845,0.008644845,0.4491478834524464,0.014638363,0.04621229941966044,0.37780519477238894,0.3997416162726773,0.20581644471763572,0.3997416162726773,0.3997416162726773,0.008644845,-0.06662429124116898,0.24995540082454681,0.18333114683628082,-1,False,0.1,0.6850506459593184
1673,180,GENE:G0180,G0180,129,GENE:G0129,G0129,PPI,0.3994626168224299,0.09290852,0.09290852,0.5747663551401869,0.06334506,0.7810210684621701,0.23717383858684402,0.3994626168224299,0.4174958270260621,0.3994626168224299,0.3994626168224299,0.09290852,0.07998952269554138,0.3738234043121338,0.45381298661231995,1,False,0.1,0.6850506459593184
153,32,GENE:G0032,G0032,8,GENE:G0008,G0008,PPI,0.39881940626717977,0.022124536,0.022124536,0.40489279824079166,0.024115823,0.2901482283159433,0.39372571821053237,0.39881940626717977,0.35498956003888216,0.39881940626717977,0.39881940626717977,0.022124536,-0.02787594124674797,0.5050565004348755,0.4771806299686432,-1,False,0.1,0.6850506459593184
940,49,GENE:G0049,G0049,71,GENE:G0071,G0071,PPI,0.3981308411214953,0.093514614,0.093514614,0.7806487080813633,0.13483638,0.1668284626733739,0.384226697686665,0.3981308411214953,0.33740778075618233,0.3981308411214953,0.3981308411214953,0.093514614,-0.009709297679364681,0.0921967402100563,0.08248745650053024,-1,False,0.1,0.6850506459593184
1205,70,GENE:G0070,G0070,65,GENE:G0065,G0065,PPI,0.39786695986805937,0.13837838,0.13837838,0.7168774051676745,0.1442543,0.5927776806153288,0.26703081928504324,0.39786695986805937,0.3747855268918884,0.39786695986805937,0.39786695986805937,0.13837838,-0.0015028277412056923,0.19499167799949646,0.19348886609077454,-1,False,0.1,0.6850506459593184
1254,68,GENE:G0068,G0068,180,GENE:G0180,G0180,PPI,0.3976168224299066,0.018715093,0.018715093,0.5934579439252337,0.03249878,0.09733382822962651,0.23041917005666185,0.3976168224299066,0.17251119628742942,0.3976168224299066,0.3976168224299066,0.018715093,0.0012010694481432438,0.2674970030784607,0.2686980664730072,1,False,0.1,0.6850506459593184
638,32,GENE:G0032,G0032,139,GENE:G0139,G0139,PPI,0.3970959318306762,0.03213264,0.03213264,0.6456844420010995,0.050584607,0.2737307922156786,0.2886686096177137,0.3970959318306762,0.3038208813431914,0.3970959318306762,0.3970959318306762,0.03213264,-0.09703244268894196,1.009606957435608,0.9125745296478271,-1,False,0.1,0.6850506459593184
999,53,GENE:G0053,G0053,52,GENE:G0052,G0052,PPI,0.3963592633315008,0.010588389,0.010588389,0.4582188015393073,0.018221937,0.05295494504114148,0.17571361736037908,0.3963592633315008,0.12080741158719663,0.3963592633315008,0.3963592633315008,0.010588389,-0.016436640173196793,0.12064851820468903,0.10421187430620193,-1,False,0.1,0.6850506459593184
1642,124,GENE:G0124,G0124,137,GENE:G0137,G0137,PPI,0.3960060472787246,0.022307629,0.022307629,0.5142935678944476,0.032956075,0.20510846606548974,0.39342617585983264,0.3960060472787246,0.3171656705179635,0.3960060472787246,0.3960060472787246,0.022307629,-0.027157193049788475,0.22265379130840302,0.19549663364887238,-1,False,0.1,0.6850506459593184
490,27,GENE:G0027,G0027,160,GENE:G0160,G0160,PPI,0.3950934579439252,0.015585382,0.015585382,0.4648158328752061,0.016380802,0.14192599148039514,0.36362741947875793,0.3950934579439252,0.2546970279992192,0.3950934579439252,0.3950934579439252,0.015585382,0.009092033840715885,0.3861631453037262,0.39525511860847473,1,False,0.1,0.6850506459593184
165,52,GENE:G0052,G0052,9,GENE:G0009,G0009,PPI,0.3948598130841121,0.03471526,0.03471526,0.7897196261682242,0.06447388,0.41265514676821424,0.3640427601127331,0.3948598130841121,0.3688976824689842,0.3948598130841121,0.3948598130841121,0.03471526,-0.029805386438965797,0.19104714691638947,0.16124175488948822,-1,False,0.1,0.6850506459593184
1331,77,GENE:G0077,G0077,74,GENE:G0074,G0074,PPI,0.39475810885101703,0.008940187,0.008940187,0.4007696536558549,0.012318011,0.03495565892897163,0.3490264235452497,0.39475810885101703,0.1799382932810947,0.39475810885101703,0.39475810885101703,0.008940187,0.02527458220720291,0.12550464272499084,0.15077923238277435,1,False,0.1,0.6850506459593184
1008,52,GENE:G0052,G0052,76,GENE:G0076,G0076,PPI,0.39473611874656406,0.034762863,0.034762863,0.7177020340846618,0.058940075,0.2210967967674906,0.24679977066538195,0.39473611874656406,0.23513895876047103,0.39473611874656406,0.39473611874656406,0.034762863,-0.013544413261115551,0.223165363073349,0.20962096750736237,-1,False,0.1,0.6850506459593184
1670,129,GENE:G0129,G0129,177,GENE:G0177,G0177,PPI,0.39468114348543154,0.09959817,0.09959817,0.8397471137987905,0.15916039,0.42102265017151835,0.32311173083083766,0.39468114348543154,0.3702677235038717,0.39468114348543154,0.39468114348543154,0.09959817,-0.09341699630022049,0.3777000308036804,0.2842830717563629,-1,False,0.1,0.6850506459593184
394,23,GENE:G0023,G0023,91,GENE:G0091,G0091,PPI,0.3945849367784497,0.01618601,0.01618601,0.43842770753161076,0.02147182,0.13910597444167005,0.30705593667239733,0.3945849367784497,0.22626082711489257,0.3945849367784497,0.3945849367784497,0.01618601,0.02262778952717781,0.1292446255683899,0.1518724113702774,1,False,0.1,0.6850506459593184
1811,185,GENE:G0185,G0185,183,GENE:G0183,G0183,PPI,0.39390461792193515,0.013359997,0.013359997,0.4081913139087411,0.020825014,0.14995765380327009,0.32078747461261053,0.39390461792193515,0.23562208379543445,0.39390461792193515,0.39390461792193515,0.013359997,0.01251655351370573,0.2768760919570923,0.2893926501274109,1,False,0.1,0.6850506459593184
1343,89,GENE:G0089,G0089,75,GENE:G0075,G0075,PPI,0.39390461792193515,0.012320068,0.012320068,0.4081913139087411,0.017015643,0.09753977150675792,0.07501730149805201,0.39390461792193515,0.1079776284567577,0.39390461792193515,0.39390461792193515,0.012320068,0.09205976128578186,0.15359905362129211,0.24565880000591278,1,False,0.1,0.6850506459593184
467,92,GENE:G0092,G0092,26,GENE:G0026,G0026,PPI,0.3925233644859813,0.01986778,0.01986778,0.46179219351291917,0.022290034,0.1719159955498383,0.3186031485641492,0.3925233644859813,0.2520174262089059,0.3925233644859813,0.3925233644859813,0.01986778,-0.00996954832226038,0.1644226461648941,0.1544530838727951,-1,False,0.1,0.6850506459593184
984,51,GENE:G0051,G0051,71,GENE:G0071,G0071,PPI,0.3918031885651457,0.021471407,0.021471407,0.6319406267179769,0.036789488,0.23979453144933535,0.3337938864619631,0.3918031885651457,0.2842728552064498,0.3918031885651457,0.3918031885651457,0.021471407,0.014237284660339355,0.08453673124313354,0.0987740308046341,1,False,0.1,0.6850506459593184
330,20,GENE:G0020,G0020,124,GENE:G0124,G0124,PPI,0.39180181418361737,0.017798696,0.017798696,0.4477735019241341,0.02418697,0.12616642770911285,0.2946897399751601,0.39180181418361737,0.21755420165911618,0.39180181418361737,0.39180181418361737,0.017798696,0.0343908965587616,0.19523029029369354,0.22962121665477753,1,False,0.1,0.6850506459593184
1785,178,GENE:G0178,G0178,159,GENE:G0159,G0159,PPI,0.39112149532710283,0.08562707,0.08562707,0.5751786695986806,0.07873071,0.7036051220956686,0.15730900020884325,0.39112149532710283,0.3339205834206594,0.39112149532710283,0.39112149532710283,0.08562707,0.16646350920200348,0.9340518116950989,1.1005154848098755,1,False,0.1,0.6850506459593184
389,56,GENE:G0056,G0056,23,GENE:G0023,G0023,PPI,0.3908741066520066,0.0073446482,0.0073446482,0.3908741066520066,0.010511547,0.03309601492036685,0.3728701331541772,0.3908741066520066,0.1950388163205723,0.3908741066520066,0.3908741066520066,0.0073446482,0.04165448620915413,0.14053389430046082,0.18218837678432465,1,False,0.1,0.6850506459593184
1167,63,GENE:G0063,G0063,62,GENE:G0062,G0062,PPI,0.39056487080813634,0.054343678,0.054343678,0.5786146234194612,0.066075146,0.13456183487296414,0.2751463116063512,0.39056487080813634,0.2602677001808204,0.39056487080813634,0.39056487080813634,0.054343678,-0.0051653217524290085,0.14903336763381958,0.14386804401874542,-1,False,0.1,0.6850506459593184
464,26,GENE:G0026,G0026,80,GENE:G0080,G0080,PPI,0.38988455195162186,0.0784553,0.0784553,0.48735568993952727,0.057782803,0.5810301197386594,0.22439541110611805,0.38988455195162186,0.3564747451925027,0.38988455195162186,0.38988455195162186,0.0784553,0.10401565581560135,0.12278805673122406,0.2268037050962448,1,False,0.1,0.6850506459593184
1653,191,GENE:G0191,G0191,124,GENE:G0124,G0124,PPI,0.3898227047828477,0.019846255,0.019846255,0.4081913139087411,0.02206173,0.20097229141122763,0.38052758148610016,0.3898227047828477,0.3069976832521732,0.3898227047828477,0.3898227047828477,0.019846255,0.000796569453086704,0.2082933634519577,0.2090899497270584,1,False,0.1,0.6850506459593184
1712,141,GENE:G0141,G0141,197,GENE:G0197,G0197,PPI,0.3892935678944475,0.056962084,0.056962084,0.7078064870808136,0.09350313,0.3829245068409908,0.35602033068054073,0.3892935678944475,0.3751377447565425,0.3892935678944475,0.3892935678944475,0.056962084,-0.015575573779642582,0.30499160289764404,0.28941604495048523,-1,False,0.1,0.6850506459593184
670,34,GENE:G0034,G0034,77,GENE:G0077,G0077,PPI,0.3892640186915888,0.09076173,0.09076173,0.8948598130841121,0.16764978,0.476418150482342,0.3673968994358909,0.3892640186915888,0.4089750160698467,0.3892640186915888,0.3892640186915888,0.09076173,0.0010117128258571029,0.11235928535461426,0.11337099224328995,1,False,0.1,0.6850506459593184
973,54,GENE:G0054,G0054,51,GENE:G0051,G0051,PPI,0.3888207806487081,0.050624903,0.050624903,0.8361737218251787,0.08606942,0.19819455763761853,0.3514914697764949,0.3888207806487081,0.29707340636766677,0.3888207806487081,0.3888207806487081,0.050624903,-0.012660067528486252,0.10582853108644485,0.09316848963499069,-1,False,0.1,0.6850506459593184
144,7,GENE:G0007,G0007,80,GENE:G0080,G0080,PPI,0.3888194062671798,0.069472566,0.069472566,0.6590159428257285,0.07960642,0.3291072151135151,0.20247990028053864,0.3888194062671798,0.25469820268273724,0.3888194062671798,0.3888194062671798,0.069472566,-0.005576342344284058,0.13530847430229187,0.1297321319580078,-1,False,0.1,0.6850506459593184
979,61,GENE:G0061,G0061,51,GENE:G0051,G0051,PPI,0.3888097855964816,0.037865497,0.037865497,0.46564046179219354,0.043703362,0.4391749239090038,0.366024207402608,0.3888097855964816,0.41749144036928354,0.3888097855964816,0.3888097855964816,0.037865497,0.03424941375851631,0.08664868026971817,0.12089810520410538,1,False,0.1,0.6850506459593184
1382,79,GENE:G0079,G0079,92,GENE:G0092,G0092,PPI,0.38852597581088516,0.033876553,0.033876553,0.5842495876855416,0.04929386,0.221627030245103,0.20767586962090745,0.38852597581088516,0.21105998383937496,0.38852597581088516,0.38852597581088516,0.033876553,-0.014998624101281166,0.14185291528701782,0.1268543004989624,-1,False,0.1,0.6850506459593184
1553,135,GENE:G0135,G0135,105,GENE:G0105,G0105,PPI,0.3873007146783947,0.015662648,0.015662648,0.3873007146783947,0.01840647,0.15852278326710165,0.35284774362326327,0.3873007146783947,0.2610670966227151,0.3873007146783947,0.3873007146783947,0.015662648,-0.04912690073251724,0.36227840185165405,0.3131515085697174,-1,False,0.1,0.6850506459593184
744,38,GENE:G0038,G0038,60,GENE:G0060,G0060,PPI,0.3864238592633315,0.079895005,0.079895005,0.5118196811434854,0.06019631,0.2953779581529285,0.19385064849655456,0.3864238592633315,0.25857805229371056,0.3864238592633315,0.3864238592633315,0.079895005,-0.00913175381720066,0.13409416377544403,0.12496240437030792,-1,False,0.1,0.6850506459593184
1502,94,GENE:G0094,G0094,95,GENE:G0095,G0095,PPI,0.3861764705882353,0.10455565,0.10455565,0.7647058823529411,0.1498715,0.18810952573485828,0.23687374179121884,0.3861764705882353,0.24593892029911593,0.3861764705882353,0.3861764705882353,0.10455565,0.00674440385773778,0.1715678721666336,0.1783122569322586,1,False,0.1,0.6850506459593184
1103,72,GENE:G0072,G0072,57,GENE:G0057,G0057,PPI,0.3855882352941176,0.026089465,0.026089465,0.6764705882352942,0.045665212,0.14972661489213152,0.24225770901635862,0.3855882352941176,0.20367828144276706,0.3855882352941176,0.3855882352941176,0.026089465,0.017840752378106117,0.1122480034828186,0.13008874654769897,1,False,0.1,0.6850506459593184
540,29,GENE:G0029,G0029,82,GENE:G0082,G0082,PPI,0.3854810335349093,0.017459404,0.017459404,0.48488180318856516,0.026799848,0.1289625475839498,0.32062751948245055,0.3854810335349093,0.2286194367282091,0.3854810335349093,0.3854810335349093,0.017459404,0.024400677531957626,0.09732083231210709,0.12172150611877441,1,False,0.1,0.6850506459593184
843,75,GENE:G0075,G0075,43,GENE:G0043,G0043,PPI,0.38504672897196257,0.15781169,0.15781169,0.9059923034634414,0.29615325,0.3820038579897146,0.16175197979987102,0.38504672897196257,0.2364684094601713,0.38504672897196257,0.38504672897196257,0.15781169,0.00867665745317936,0.14346931874752045,0.15214598178863525,1,False,0.1,0.6850506459593184
623,68,GENE:G0068,G0068,32,GENE:G0032,G0032,PPI,0.38487493128092354,0.038909666,0.038909666,0.5236393622869708,0.053968694,0.18437963746764122,0.17674282971116143,0.38487493128092354,0.186858245001434,0.38487493128092354,0.38487493128092354,0.038909666,-0.007029497995972633,0.09822320193052292,0.09119369834661484,-1,False,0.1,0.6850506459593184
1549,107,GENE:G0107,G0107,105,GENE:G0105,G0105,PPI,0.3843018141836174,0.020517979,0.020517979,0.44172622319956023,0.02080444,0.1932877278146019,0.3055583478182812,0.3843018141836174,0.255580332112431,0.3843018141836174,0.3843018141836174,0.020517979,0.010001459158957005,0.3081716299057007,0.31817305088043213,1,False,0.1,0.6850506459593184
1738,147,GENE:G0147,G0147,157,GENE:G0157,G0157,PPI,0.38409015942825725,0.0077493237,0.0077493237,0.39802089059923035,0.012316186,0.04046449978392078,0.2622864050932032,0.38409015942825725,0.15946306795724233,0.38409015942825725,0.38409015942825725,0.0077493237,0.0068730320781469345,0.501683235168457,0.5085562467575073,1,False,0.1,0.6850506459593184
50,2,GENE:G0002,G0002,16,GENE:G0016,G0016,PPI,0.3836998350742167,0.03824464,0.03824464,0.5684442001099506,0.059311967,0.12510017863976172,0.18386775574803177,0.3836998350742167,0.17151720086121083,0.3836998350742167,0.3836998350742167,0.03824464,-0.00290307542309165,0.24156489968299866,0.23866184055805206,-1,False,0.1,0.6850506459593184
1289,95,GENE:G0095,G0095,71,GENE:G0071,G0071,PPI,0.38322979659153383,0.094192974,0.094192974,0.6083012644310061,0.09519205,0.4768004398020891,0.3692894723019414,0.38322979659153383,0.454856774846448,0.38322979659153383,0.38322979659153383,0.094192974,-0.0040329862385988235,0.08582841604948044,0.08179543167352676,-1,False,0.1,0.6850506459593184
1048,53,GENE:G0053,G0053,162,GENE:G0162,G0162,PPI,0.38207394172622317,0.08034654,0.08034654,0.7418911489829576,0.11425624,0.30984470800361746,0.37458156846505286,0.38207394172622317,0.3743553282958188,0.38207394172622317,0.38207394172622317,0.08034654,-0.005468422546982765,0.23601669073104858,0.23054824769496918,-1,False,0.1,0.6850506459593184
178,10,GENE:G0010,G0010,52,GENE:G0052,G0052,PPI,0.37966739967014845,0.034321938,0.034321938,0.5096206706981858,0.036900114,0.1993705864874419,0.25648657012234904,0.37966739967014845,0.2518855803650315,0.37966739967014845,0.37966739967014845,0.034321938,-0.02727661095559597,0.13047759234905243,0.10320097953081131,-1,False,0.1,0.6850506459593184
1003,62,GENE:G0062,G0062,52,GENE:G0052,G0052,PPI,0.37951896646509065,0.016377514,0.016377514,0.5500274876305662,0.029065162,0.1151312974858992,0.2889608026241226,0.37951896646509065,0.20237670655501022,0.37951896646509065,0.37951896646509065,0.016377514,-0.02848043292760849,0.12723293900489807,0.09875250607728958,-1,False,0.1,0.6850506459593184
2,0,GENE:G0000,G0000,16,GENE:G0016,G0016,PPI,0.3787080813633865,0.010457464,0.010457464,0.4161627267729522,0.016113479,0.08850059533195997,0.280717106524647,0.3787080813633865,0.19265796217676476,0.3787080813633865,0.3787080813633865,0.010457464,-0.03551745414733887,0.25661832094192505,0.22110086679458618,-1,False,0.1,0.6850506459593184
433,61,GENE:G0061,G0061,25,GENE:G0025,G0025,PPI,0.3778449697636064,0.014655578,0.014655578,0.434304562946674,0.020549973,0.11999812541659957,0.18563662579217577,0.3778449697636064,0.15346722759016582,0.3778449697636064,0.3778449697636064,0.014655578,0.05368470028042793,0.11766116321086884,0.17134588956832886,1,False,0.1,0.6850506459593184
907,72,GENE:G0072,G0072,47,GENE:G0047,G0047,PPI,0.3766492578339747,0.04563165,0.04563165,0.519516217702034,0.05049576,0.11199603334463898,0.10835369799785831,0.3766492578339747,0.12281270252238202,0.3766492578339747,0.3766492578339747,0.04563165,0.005521638318896294,0.19828572869300842,0.20380736887454987,1,False,0.1,0.6850506459593184
1473,89,GENE:G0089,G0089,88,GENE:G0088,G0088,PPI,0.37636063771302913,0.049038887,0.049038887,0.5376580538757559,0.05696199,0.33933958988057356,0.19348221025515952,0.37636063771302913,0.2476070739206914,0.37636063771302913,0.37636063771302913,0.049038887,0.07893969863653183,0.17002305388450623,0.24896280467510223,1,False,0.1,0.6850506459593184
1575,185,GENE:G0185,G0185,108,GENE:G0108,G0108,PPI,0.3760417811984607,0.048607577,0.048607577,0.817482133040132,0.0790071,0.4967648007231336,0.3528455925040909,0.3760417811984607,0.3930344673999588,0.3760417811984607,0.3760417811984607,0.048607577,-0.012847637757658958,0.37726446986198425,0.36441683769226074,-1,False,0.1,0.6850506459593184
519,192,GENE:G0192,G0192,28,GENE:G0028,G0028,PPI,0.3755408191313909,0.018332753,0.018332753,0.41959868059373284,0.02416898,0.1907473991876622,0.3437765613919395,0.3755408191313909,0.2734182308935932,0.3755408191313909,0.3755408191313909,0.018332753,0.03797566518187523,0.14488568902015686,0.182861328125,1,False,0.1,0.6850506459593184
1267,90,GENE:G0090,G0090,69,GENE:G0069,G0069,PPI,0.3755360087960418,0.046814937,0.046814937,0.6827927432655305,0.07839728,0.3001883919021249,0.14322381412065183,0.3755360087960418,0.21674802964596604,0.3755360087960418,0.3755360087960418,0.046814937,-0.02013838291168213,0.1030123233795166,0.08287393301725388,-1,False,0.1,0.6850506459593184
460,26,GENE:G0026,G0026,46,GENE:G0046,G0046,PPI,0.37497526113249036,0.025362933,0.025362933,0.38262781748213304,0.02480425,0.32702147972022294,0.32140736668499176,0.37497526113249036,0.33158409545157314,0.37497526113249036,0.37497526113249036,0.025362933,0.07327184826135635,0.12557072937488556,0.1988425850868225,1,False,0.1,0.6850506459593184
541,82,GENE:G0082,G0082,29,GENE:G0029,G0029,PPI,0.3743856514568444,0.01975622,0.01975622,0.43787795492028586,0.029864533,0.19605890726380554,0.2639554317491011,0.3743856514568444,0.23049808243736492,0.3743856514568444,0.3743856514568444,0.01975622,-0.014321519993245602,0.10259583592414856,0.08827430754899979,-1,False,0.1,0.6850506459593184
1407,120,GENE:G0120,G0120,81,GENE:G0081,G0081,PPI,0.3738152831225948,0.024215262,0.024215262,0.38537658053875756,0.025339477,0.3579858945823664,0.3670092341499377,0.3738152831225948,0.3691675381843205,0.3738152831225948,0.3738152831225948,0.024215262,-0.03613270819187164,0.14906930923461914,0.1129366084933281,-1,False,0.1,0.6850506459593184
1646,124,GENE:G0124,G0124,165,GENE:G0165,G0165,PPI,0.37351291918636614,0.041609515,0.041609515,0.40599230346344145,0.0332195,0.48514961079996727,0.328126184581507,0.37351291918636614,0.418586926111798,0.37351291918636614,0.37351291918636614,0.041609515,-0.20874658226966858,1.063145399093628,0.8543987274169922,-1,False,0.1,0.6850506459593184
303,41,GENE:G0041,G0041,20,GENE:G0020,G0020,PPI,0.3730621220450797,0.010837251,0.010837251,0.41451346893897745,0.014385862,0.07289248527684442,0.2517977412107648,0.3730621220450797,0.16528682234312755,0.3730621220450797,0.3730621220450797,0.010837251,-0.02208930440247059,0.10241061449050903,0.080321304500103,-1,False,0.1,0.6850506459593184
1065,189,GENE:G0189,G0189,54,GENE:G0054,G0054,PPI,0.3727322704782847,0.021541832,0.021541832,0.3727322704782847,0.019818965,0.2653537527857669,0.2514216621185081,0.3727322704782847,0.256137272674242,0.3727322704782847,0.3727322704782847,0.021541832,-0.048400525003671646,0.2003345489501953,0.15193399786949158,-1,False,0.1,0.6850506459593184
966,50,GENE:G0050,G0050,92,GENE:G0092,G0092,PPI,0.3721893897746014,0.10217984,0.10217984,0.9077789994502474,0.18130773,0.26283119461372195,0.17437865140837258,0.3721893897746014,0.20137073459479785,0.3721893897746014,0.3721893897746014,0.10217984,-0.012091216631233692,0.13882358372211456,0.12673236429691315,-1,False,0.1,0.6850506459593184
728,37,GENE:G0037,G0037,88,GENE:G0088,G0088,PPI,0.3714953271028037,0.050968856,0.050968856,0.874106652006597,0.096920036,0.3066844002758571,0.3359203350080935,0.3714953271028037,0.31820277098680844,0.3714953271028037,0.3714953271028037,0.050968856,-0.007386377546936274,0.18720628321170807,0.17981992661952972,-1,False,0.1,0.6850506459593184
1659,163,GENE:G0163,G0163,126,GENE:G0126,G0126,PPI,0.370629466739967,0.006754113,0.006754113,0.4164376030786146,0.010761351,0.024863703720027882,0.3568386730394913,0.370629466739967,0.18454311198722304,0.370629466739967,0.370629466739967,0.006754113,-0.013892748393118382,0.4642197787761688,0.450327068567276,-1,False,0.1,0.6850506459593184
1705,170,GENE:G0170,G0170,137,GENE:G0137,G0137,PPI,0.3704288070368334,0.029704852,0.029704852,0.4307311709730621,0.040601406,0.17038635938082655,0.24865167022189447,0.3704288070368334,0.2382783243694348,0.3704288070368334,0.3704288070368334,0.029704852,-0.04999220743775368,0.24857494235038757,0.19858278334140778,-1,False,0.1,0.6850506459593184
329,85,GENE:G0085,G0085,20,GENE:G0020,G0020,PPI,0.3700549752611325,0.10584906,0.10584906,0.891698735568994,0.15672527,0.16005846664497447,0.19899071944129473,0.3700549752611325,0.1908435740977304,0.3700549752611325,0.3700549752611325,0.10584906,-8.730534318601713e-05,0.08502814173698425,0.0849408432841301,-1,False,0.1,0.6850506459593184
1235,72,GENE:G0072,G0072,67,GENE:G0067,G0067,PPI,0.3697910940076966,0.049251154,0.049251154,0.6723474436503574,0.08323247,0.3238592705521947,0.26851843149924676,0.3697910940076966,0.29520296057872,0.3697910940076966,0.3697910940076966,0.049251154,0.019659699872136116,0.13392047584056854,0.1535801738500595,1,False,0.1,0.6850506459593184
1679,170,GENE:G0170,G0170,130,GENE:G0130,G0130,PPI,0.36970863111599783,0.01612678,0.01612678,0.36970863111599783,0.017887847,0.1883927003159344,0.35267955632374715,0.36970863111599783,0.2759959929301888,0.36970863111599783,0.36970863111599783,0.01612678,-0.049713291227817535,0.31101924180984497,0.26130592823028564,-1,False,0.1,0.6850506459593184
1154,60,GENE:G0060,G0060,78,GENE:G0078,G0078,PPI,0.3689774601429356,0.04088898,0.04088898,0.4499725123694337,0.039377812,0.31226554690625896,0.1752583727769339,0.3689774601429356,0.229206954966798,0.3689774601429356,0.3689774601429356,0.04088898,0.03690798208117485,0.09489364922046661,0.13180164992809296,1,False,0.1,0.6850506459593184
1223,90,GENE:G0090,G0090,66,GENE:G0066,G0066,PPI,0.3687025838372732,0.007917239,0.007917239,0.4788345244639912,0.012755822,0.024160563857664217,0.3565308107418813,0.3687025838372732,0.17619783039415857,0.3687025838372732,0.3687025838372732,0.007917239,-0.025662166997790337,0.12388994544744492,0.09822778403759003,-1,False,0.1,0.6850506459593184
333,177,GENE:G0177,G0177,20,GENE:G0020,G0020,PPI,0.3686860912589335,0.02107138,0.02107138,0.4442001099505223,0.027604833,0.17385291189966456,0.21221889789901557,0.3686860912589335,0.1951044985016344,0.3686860912589335,0.3686860912589335,0.02107138,-0.02329045720398426,0.09966080635786057,0.07637035101652145,-1,False,0.1,0.6850506459593184
1499,109,GENE:G0109,G0109,93,GENE:G0093,G0093,PPI,0.3685596481583288,0.024917169,0.024917169,0.47251236943375485,0.025551982,0.36838096790441466,0.3351508619199436,0.3685596481583288,0.3390774115081144,0.3685596481583288,0.3685596481583288,0.024917169,-0.07539594173431396,0.32589733600616455,0.2505013942718506,-1,False,0.1,0.6850506459593184
367,51,GENE:G0051,G0051,22,GENE:G0022,G0022,PPI,0.3685197910940077,0.028722685,0.028722685,0.4521715228147334,0.026018891,0.1791439771752133,0.27535166711405057,0.3685197910940077,0.2701357913522492,0.3685197910940077,0.3685197910940077,0.028722685,-0.010797799564898014,0.18413174152374268,0.17333394289016724,-1,False,0.1,0.6850506459593184
393,79,GENE:G0079,G0079,23,GENE:G0023,G0023,PPI,0.36768279274326554,0.03989703,0.03989703,0.3790544255085212,0.034505036,0.5276473211300191,0.2879691214605083,0.36768279274326554,0.39944850180847774,0.36768279274326554,0.36768279274326554,0.03989703,-0.02590903453528881,0.15785759687423706,0.1319485604763031,-1,False,0.1,0.6850506459593184
1332,74,GENE:G0074,G0074,79,GENE:G0079,G0079,PPI,0.36700109950522264,0.019732999,0.019732999,0.5318856514568444,0.026037816,0.19058731047439684,0.34788737216999177,0.36700109950522264,0.2711279625211692,0.36700109950522264,0.36700109950522264,0.019732999,-0.027195366099476814,0.14235325157642365,0.11515790224075317,-1,False,0.1,0.6850506459593184
1711,172,GENE:G0172,G0172,141,GENE:G0141,G0141,PPI,0.3668938977460143,0.031332638,0.031332638,0.37438152831225946,0.02628971,0.3451155828998174,0.19435414067061585,0.3668938977460143,0.25375018824233814,0.3668938977460143,0.3668938977460143,0.031332638,-0.07178138196468353,0.4271576404571533,0.355376273393631,-1,False,0.1,0.6850506459593184
1030,53,GENE:G0053,G0053,68,GENE:G0068,G0068,PPI,0.36667674546454093,0.013031577,0.013031577,0.5472787245739417,0.023651982,0.05661296731234107,0.2833191709636027,0.36667674546454093,0.16805248405291617,0.36667674546454093,0.36667674546454093,0.013031577,-0.014774603769183159,0.11754997074604034,0.10277537256479263,-1,False,0.1,0.6850506459593184
1492,91,GENE:G0091,G0091,189,GENE:G0189,G0189,PPI,0.36641011544804836,0.037975665,0.037975665,0.36641011544804836,0.026197067,0.4513037276490418,0.35619134212387343,0.36641011544804836,0.44262708718159954,0.36641011544804836,0.36641011544804836,0.037975665,-0.026494035497307777,0.2398589551448822,0.21336494386196136,-1,False,0.1,0.6850506459593184
428,25,GENE:G0025,G0025,46,GENE:G0046,G0046,PPI,0.365585486531061,0.019459283,0.019459283,0.4810335349092908,0.029013041,0.180608561976357,0.19217274668508416,0.365585486531061,0.18098253053016372,0.365585486531061,0.365585486531061,0.019459283,-0.027107007801532745,0.14134354889392853,0.11423653364181519,-1,False,0.1,0.6850506459593184
665,56,GENE:G0056,G0056,34,GENE:G0034,G0034,PPI,0.3652460142935679,0.010658,0.010658,0.3708081363386476,0.014235419,0.08735268856392411,0.3471861352936377,0.3652460142935679,0.2149638681315697,0.3652460142935679,0.3652460142935679,0.010658,0.06157694011926651,0.12180855125188828,0.18338550627231598,1,False,0.1,0.6850506459593184
796,41,GENE:G0041,G0041,82,GENE:G0082,G0082,PPI,0.3650357339197361,0.041796636,0.041796636,0.439802089059923,0.041021675,0.3502250798820868,0.30776720460773443,0.3650357339197361,0.3565723757337292,0.3650357339197361,0.3650357339197361,0.041796636,-0.022781774401664734,0.1189233586192131,0.09614158421754837,-1,False,0.1,0.6850506459593184
167,76,GENE:G0076,G0076,9,GENE:G0009,G0009,PPI,0.36483782297965917,0.015886169,0.015886169,0.3881253435953821,0.020250186,0.13119380879090223,0.2379939540413339,0.36483782297965917,0.18618438535327145,0.36483782297965917,0.36483782297965917,0.015886169,0.035970259457826614,0.18369431793689728,0.2196645885705948,1,False,0.1,0.6850506459593184
1180,63,GENE:G0063,G0063,78,GENE:G0078,G0078,PPI,0.36454095656954366,0.21804027,0.21804027,0.9593183067619571,0.28711474,0.3623193672786927,0.26446580618358917,0.36454095656954366,0.30136887679421104,0.36454095656954366,0.36454095656954366,0.21804027,-0.0013774888357147574,0.09413845092058182,0.09276098012924194,-1,False,0.1,0.6850506459593184
890,46,GENE:G0046,G0046,58,GENE:G0058,G0058,PPI,0.3636654755360088,0.01241194,0.01241194,0.37685541506322157,0.015243242,0.1290238182811125,0.35314992056041955,0.3636654755360088,0.24104346391360057,0.3636654755360088,0.3636654755360088,0.01241194,0.04614797607064247,0.14913000166416168,0.19527798891067505,1,False,0.1,0.6850506459593184
1459,189,GENE:G0189,G0189,85,GENE:G0085,G0085,PPI,0.36354727872457393,0.036290202,0.036290202,0.523089609675646,0.05332591,0.11981093044942477,0.06895067152078373,0.36354727872457393,0.08572280621342052,0.36354727872457393,0.36354727872457393,0.036290202,-0.03241153806447983,0.12476750463247299,0.09235594421625137,-1,False,0.1,0.6850506459593184
1709,148,GENE:G0148,G0148,141,GENE:G0141,G0141,PPI,0.3628999450247389,0.078986414,0.078986414,0.7721275426058274,0.10179717,0.42228130239140604,0.2593245269219592,0.3628999450247389,0.31772621776047705,0.3628999450247389,0.3628999450247389,0.078986414,0.059010885655879974,0.39994075894355774,0.4589516520500183,1,False,0.1,0.6850506459593184
1451,89,GENE:G0089,G0089,85,GENE:G0085,G0085,PPI,0.36280098955470036,0.01654396,0.01654396,0.40764156129741613,0.01936496,0.19228245111171866,0.3607570240530966,0.36280098955470036,0.27985752992192353,0.36280098955470036,0.36280098955470036,0.01654396,0.060503944754600525,0.10427099466323853,0.16477489471435547,1,False,0.1,0.6850506459593184
102,4,GENE:G0004,G0004,112,GENE:G0112,G0112,PPI,0.3626374381528312,0.04115467,0.04115467,0.6418361737218252,0.05906768,0.24283162577599526,0.24599998921869395,0.3626374381528312,0.2627765029315033,0.3626374381528312,0.3626374381528312,0.04115467,0.12763747572898865,0.28551703691482544,0.4131545126438141,1,False,0.1,0.6850506459593184
503,57,GENE:G0057,G0057,28,GENE:G0028,G0028,PPI,0.3626085761407367,0.08865816,0.08865816,0.6841671247938428,0.110101685,0.4829466719941421,0.3378150955824009,0.3626085761407367,0.4026406297613265,0.3626085761407367,0.3626085761407367,0.08865816,-0.013393077068030834,0.1564122438430786,0.1430191844701767,-1,False,0.1,0.6850506459593184
840,43,GENE:G0043,G0043,72,GENE:G0072,G0072,PPI,0.36244090159428255,0.107404545,0.107404545,0.7550852116547554,0.09747587,0.15185118513338244,0.12268682516511811,0.36244090159428255,0.13726900514925028,0.36244090159428255,0.36244090159428255,0.107404545,0.0012644847156479955,0.10795946419239044,0.10922393202781677,1,False,0.1,0.6850506459593184
705,54,GENE:G0054,G0054,36,GENE:G0036,G0036,PPI,0.36230346344145137,0.042926215,0.042926215,0.6140736668499176,0.037322998,0.315389562878748,0.34013251605825173,0.36230346344145137,0.33936098035075296,0.36230346344145137,0.36230346344145137,0.042926215,-0.015402777120471,0.1506548821926117,0.13525208830833435,-1,False,0.1,0.6850506459593184
319,70,GENE:G0070,G0070,20,GENE:G0020,G0020,PPI,0.36205607476635515,0.037215903,0.037215903,0.6962616822429907,0.062129103,0.14194689606740465,0.24078979938343895,0.36205607476635515,0.20468951089193774,0.36205607476635515,0.36205607476635515,0.037215903,-0.014320863410830498,0.08761660754680634,0.07329573482275009,-1,False,0.1,0.6850506459593184
66,2,GENE:G0002,G0002,132,GENE:G0132,G0132,PPI,0.36204507971412864,0.0183074,0.0183074,0.377130291368884,0.024303645,0.1923504892004047,0.33765273424785447,0.36204507971412864,0.275202094291485,0.36204507971412864,0.36204507971412864,0.0183074,-0.0024869476910680532,0.3611389994621277,0.3586520254611969,-1,False,0.1,0.6850506459593184
1360,77,GENE:G0077,G0077,97,GENE:G0097,G0097,PPI,0.3619351291918637,0.05758654,0.05758654,0.6641011544804838,0.06806758,0.36779127123847133,0.2707586911416229,0.3619351291918637,0.3100071288100859,0.3619351291918637,0.3619351291918637,0.05758654,0.020517010241746902,0.12531089782714844,0.14582790434360504,1,False,0.1,0.6850506459593184
972,51,GENE:G0051,G0051,54,GENE:G0054,G0054,PPI,0.36193375481033535,0.09575582,0.09575582,0.5885101704233096,0.08637719,0.3437941378960389,0.36045947676886103,0.36193375481033535,0.4105382123569625,0.36193375481033535,0.36193375481033535,0.09575582,0.0009858395205810666,0.17536918818950653,0.1763550043106079,1,False,0.1,0.6850506459593184
934,49,GENE:G0049,G0049,63,GENE:G0063,G0063,PPI,0.36164513468938975,0.011542681,0.011542681,0.4180868609125893,0.017151223,0.06400864630824402,0.3412085739360605,0.36164513468938975,0.1983886183763222,0.36164513468938975,0.36164513468938975,0.011542681,-0.018031420186161995,0.13892428576946259,0.12089285999536514,-1,False,0.1,0.6850506459593184
1471,182,GENE:G0182,G0182,87,GENE:G0087,G0087,PPI,0.36157778999450246,0.012806772,0.012806772,0.40626717976910387,0.018043322,0.103169481664151,0.2868142706432137,0.36157778999450246,0.1949277555712053,0.36157778999450246,0.36157778999450246,0.012806772,-0.06537024676799774,0.21844890713691711,0.15307867527008057,-1,False,0.1,0.6850506459593184
620,32,GENE:G0032,G0032,63,GENE:G0063,G0063,PPI,0.36028449697636067,0.025288215,0.025288215,0.6320780648708082,0.028849732,0.1672109106786428,0.2569846279819349,0.36028449697636067,0.22061714453992048,0.36028449697636067,0.36028449697636067,0.025288215,0.004539320711046457,0.12562209367752075,0.13016140460968018,1,False,0.1,0.6850506459593184
59,68,GENE:G0068,G0068,2,GENE:G0002,G0002,PPI,0.3596866410115448,0.009497587,0.009497587,0.3727322704782848,0.013514995,0.06699122742004665,0.24562179924474,0.3596866410115448,0.16200977543076092,0.3596866410115448,0.3596866410115448,0.009497587,0.03364275395870209,0.15937839448451996,0.19302116334438324,1,False,0.1,0.6850506459593184
1651,187,GENE:G0187,G0187,124,GENE:G0124,G0124,PPI,0.35953820780648704,0.017561235,0.017561235,0.35953820780648704,0.019793151,0.23545716700551816,0.3255756943563425,0.35953820780648704,0.2830362175222051,0.35953820780648704,0.35953820780648704,0.017561235,-0.0494464673101902,0.26873618364334106,0.21928972005844116,-1,False,0.1,0.6850506459593184
695,141,GENE:G0141,G0141,35,GENE:G0035,G0035,PPI,0.3594213853765806,0.013717748,0.013717748,0.37245739417262236,0.018428447,0.16487316367838306,0.34127139166406745,0.3594213853765806,0.2534101038542393,0.3594213853765806,0.3594213853765806,0.013717748,-0.05480366572737694,0.22205646336078644,0.1672528088092804,-1,False,0.1,0.6850506459593184
1493,189,GENE:G0189,G0189,91,GENE:G0091,G0091,PPI,0.35933205057724027,0.014078956,0.014078956,0.41066520065970313,0.017661382,0.09315867292468805,0.3144338769885054,0.35933205057724027,0.2082707941363586,0.35933205057724027,0.35933205057724027,0.014078956,-0.03914140537381172,0.15859979391098022,0.11945840716362,-1,False,0.1,0.6850506459593184
1488,91,GENE:G0091,G0091,156,GENE:G0156,G0156,PPI,0.35923584387025836,0.029715933,0.029715933,0.5131940626717977,0.039749812,0.2407902297121104,0.30208783917213416,0.35923584387025836,0.28672370475975,0.35923584387025836,0.35923584387025836,0.029715933,-0.05341322720050812,0.39675572514533997,0.34334251284599304,-1,False,0.1,0.6850506459593184
981,63,GENE:G0063,G0063,51,GENE:G0051,G0051,PPI,0.35919736118746565,0.03177224,0.03177224,0.6907641561297416,0.051095594,0.05675686003148734,0.17959868059373282,0.35919736118746565,0.1357656400910498,0.35919736118746565,0.35919736118746565,0.03177224,-0.010755671188235283,0.09656000137329102,0.08580431342124939,-1,False,0.1,0.6850506459593184
1674,130,GENE:G0130,G0130,133,GENE:G0133,G0133,PPI,0.35883040131940624,0.07706196,0.07706196,0.7634689389774602,0.10170204,0.35183078872669815,0.16132515999675132,0.35883040131940624,0.2199582020408684,0.35883040131940624,0.35883040131940624,0.07706196,-0.0664462074637413,0.5126996636390686,0.4462534785270691,-1,False,0.1,0.6850506459593184
1662,128,GENE:G0128,G0128,143,GENE:G0143,G0143,PPI,0.35878504672897193,0.019201411,0.019201411,0.3837273227047828,0.019404389,0.2238514394806768,0.3380395969239249,0.35878504672897193,0.28868670633798227,0.35878504672897193,0.35878504672897193,0.019201411,-0.018125051632523537,0.2616817355155945,0.2435566931962967,-1,False,0.1,0.6850506459593184
201,100,GENE:G0100,G0100,11,GENE:G0011,G0011,PPI,0.3586641011544805,0.014578644,0.014578644,0.5434304562946674,0.02507923,0.13191242139424972,0.3303771145861375,0.3586641011544805,0.23319337713386923,0.3586641011544805,0.3586641011544805,0.014578644,-0.041990965604782104,0.2423315942287445,0.20034067332744598,-1,False,0.1,0.6850506459593184
1226,66,GENE:G0066,G0066,117,GENE:G0117,G0117,PPI,0.35808686091258934,0.051557116,0.051557116,0.3892248488180319,0.032222323,0.3026012802290459,0.11506845314303348,0.35808686091258934,0.18783535924472108,0.35808686091258934,0.35808686091258934,0.051557116,0.17291225492954254,0.9370431303977966,1.1099553108215332,1,False,0.1,0.6850506459593184
866,45,GENE:G0045,G0045,47,GENE:G0047,G0047,PPI,0.3577515118196811,0.034124322,0.034124322,0.7155030236393622,0.058432296,0.4328847726127101,0.32395777232781325,0.3577515118196811,0.3506262508528886,0.3577515118196811,0.3577515118196811,0.034124322,-0.029892290011048317,0.20718486607074738,0.17729255557060242,-1,False,0.1,0.6850506459593184
993,80,GENE:G0080,G0080,51,GENE:G0051,G0051,PPI,0.3564334799340297,0.053001624,0.053001624,0.5203408466190214,0.055212535,0.20335349092908192,0.23588147365503523,0.3564334799340297,0.26778027798075865,0.3564334799340297,0.3564334799340297,0.053001624,0.000968962034676224,0.09475545585155487,0.09572441875934601,1,False,0.1,0.6850506459593184
977,57,GENE:G0057,G0057,51,GENE:G0051,G0051,PPI,0.3560170423309511,0.087108746,0.087108746,0.5788894997251237,0.09704973,0.3359288897081705,0.3545668650514813,0.3560170423309511,0.40219668909655193,0.3560170423309511,0.3560170423309511,0.087108746,-0.008608951233327389,0.09993413090705872,0.09132518619298935,-1,False,0.1,0.6850506459593184
1596,113,GENE:G0113,G0113,154,GENE:G0154,G0154,PPI,0.3559510720175921,0.014402578,0.014402578,0.3999450247388675,0.019141912,0.06532072641707116,0.14854606473112927,0.3559510720175921,0.10754807708942062,0.3559510720175921,0.3559510720175921,0.014402578,-0.06368682533502579,0.31538230180740356,0.251695454120636,-1,False,0.1,0.6850506459593184
1339,88,GENE:G0088,G0088,74,GENE:G0074,G0074,PPI,0.35581088510170417,0.013570282,0.013570282,0.42358438702583834,0.018770257,0.14685863033889218,0.2604269015449765,0.35581088510170417,0.20471687462677665,0.35581088510170417,0.35581088510170417,0.013570282,-0.034407779574394226,0.14511024951934814,0.11070247739553452,-1,False,0.1,0.6850506459593184
872,45,GENE:G0045,G0045,69,GENE:G0069,G0069,PPI,0.35522539857064317,0.06733948,0.06733948,0.8559648158328752,0.13467874,0.14271408627826346,0.19101636878550915,0.35522539857064317,0.17653030604040063,0.35522539857064317,0.35522539857064317,0.06733948,0.0005741076893173158,0.09121731668710709,0.09179141372442245,1,False,0.1,0.6850506459593184
632,32,GENE:G0032,G0032,87,GENE:G0087,G0087,PPI,0.35495327102803736,0.06537025,0.06537025,0.6959868059373282,0.09746703,0.21148966695160284,0.29299721959864083,0.35495327102803736,0.2866890136063033,0.35495327102803736,0.35495327102803736,0.06537025,0.0081072598695755,0.12841837108135223,0.13652561604976654,1,False,0.1,0.6850506459593184
1590,112,GENE:G0112,G0112,158,GENE:G0158,G0158,PPI,0.3544873556899395,0.032182015,0.032182015,0.3916987355689939,0.031612426,0.3494664102951764,0.2788498869273744,0.3544873556899395,0.32288241145148255,0.3544873556899395,0.3544873556899395,0.032182015,0.005634428467601538,0.3917165696620941,0.3973510265350342,1,False,0.1,0.6850506459593184
1247,82,GENE:G0082,G0082,68,GENE:G0068,G0068,PPI,0.3543018141836174,0.009993657,0.009993657,0.3633864760857614,0.014745711,0.05875511067311334,0.23391901864526793,0.3543018141836174,0.14700133744696844,0.3543018141836174,0.3543018141836174,0.009993657,-0.014264833182096481,0.11749941855669022,0.10323458909988403,-1,False,0.1,0.6850506459593184
1277,82,GENE:G0082,G0082,70,GENE:G0070,G0070,PPI,0.35403793293018143,0.015383266,0.015383266,0.35761407366684994,0.014237294,0.1067527281235239,0.18659437435955065,0.35403793293018143,0.15303970114323948,0.35403793293018143,0.35403793293018143,0.015383266,0.0044504315592348576,0.17699934542179108,0.181449756026268,1,False,0.1,0.6850506459593184
853,52,GENE:G0052,G0052,44,GENE:G0044,G0044,PPI,0.3532710280373832,0.059728984,0.059728984,0.3925233644859813,0.046135366,0.14120755264761595,0.02633126777242743,0.3532710280373832,0.07325309209345246,0.3532710280373832,0.3532710280373832,0.059728984,-0.011622072197496891,0.14285297691822052,0.131230890750885,-1,False,0.1,0.6850506459593184
630,32,GENE:G0032,G0032,85,GENE:G0085,G0085,PPI,0.35320505772402416,0.09108778,0.09108778,0.7358438702583837,0.100565456,0.37501423312420373,0.2162930414985344,0.35320505772402416,0.274479075604681,0.35320505772402416,0.35320505772402416,0.09108778,0.0018882893491536379,0.1059659868478775,0.10785425454378128,1,False,0.1,0.6850506459593184
755,99,GENE:G0099,G0099,38,GENE:G0038,G0038,PPI,0.35294942275975816,0.018085416,0.018085416,0.35651456844420015,0.021135505,0.09335414473127898,0.24189191631612766,0.35294942275975816,0.1832576531536948,0.35294942275975816,0.35294942275975816,0.018085416,0.00022922434436623007,0.14673630893230438,0.14696554839611053,1,False,0.1,0.6850506459593184
920,48,GENE:G0048,G0048,87,GENE:G0087,G0087,PPI,0.3526553051126993,0.02200062,0.02200062,0.6297416162726773,0.026303308,0.16517614861442947,0.33982715511121064,0.3526553051126993,0.2554484320009177,0.3526553051126993,0.3526553051126993,0.02200062,0.020279966294765472,0.1301291584968567,0.15040911734104156,1,False,0.1,0.6850506459593184
1784,159,GENE:G0159,G0159,178,GENE:G0178,G0178,PPI,0.3525247388675096,0.012891425,0.012891425,0.36531061022539857,0.015134762,0.13406152251087658,0.32197628347064255,0.3525247388675096,0.22854778067828704,0.3525247388675096,0.3525247388675096,0.012891425,-0.04653950780630112,0.434958279132843,0.38841870427131653,-1,False,0.1,0.6850506459593184
1663,143,GENE:G0143,G0143,128,GENE:G0128,G0128,PPI,0.3522814733369984,0.020772118,0.020772118,0.44035184167124797,0.029007327,0.2249385205041216,0.20275321409588332,0.3522814733369984,0.2040088026076406,0.3522814733369984,0.3522814733369984,0.020772118,-0.10740454494953156,0.46211811900138855,0.3547135293483734,-1,False,0.1,0.6850506459593184
1171,69,GENE:G0069,G0069,62,GENE:G0062,G0062,PPI,0.35161902144035184,0.03008033,0.03008033,0.6062396921385377,0.041946355,0.20347519818251925,0.21157678401632604,0.35161902144035184,0.2080770455075507,0.35161902144035184,0.35161902144035184,0.03008033,0.01241718977689743,0.15123797953128815,0.16365516185760498,1,False,0.1,0.6850506459593184
1482,90,GENE:G0090,G0090,102,GENE:G0102,G0102,PPI,0.35130291368884004,0.011697122,0.011697122,0.39472237493128093,0.015714157,0.07951824000500061,0.17064611125490942,0.35130291368884004,0.12821430917469384,0.35130291368884004,0.35130291368884004,0.011697122,-0.06487388163805008,0.35459861159324646,0.289724737405777,-1,False,0.1,0.6850506459593184
1138,59,GENE:G0059,G0059,86,GENE:G0086,G0086,PPI,0.35043430456294666,0.057066854,0.057066854,0.7300714678394722,0.06824747,0.22331195657807443,0.15590060383394813,0.35043430456294666,0.17951864067814333,0.35043430456294666,0.35043430456294666,0.057066854,-0.0010616114595904946,0.16183732450008392,0.16077573597431183,-1,False,0.1,0.6850506459593184
1545,192,GENE:G0192,G0192,104,GENE:G0104,G0104,PPI,0.3504026937877955,0.011123359,0.011123359,0.36311159978009894,0.0153670255,0.0920849602348918,0.22839979402464977,0.3504026937877955,0.16266461780020725,0.3504026937877955,0.3504026937877955,0.011123359,0.036974865943193436,0.31990480422973633,0.35687968134880066,1,False,0.1,0.6850506459593184
1461,90,GENE:G0090,G0090,86,GENE:G0086,G0086,PPI,0.350343595382078,0.015878415,0.015878415,0.48323254535459037,0.023877624,0.09865259862521697,0.3491334239062702,0.350343595382078,0.22954469185199736,0.350343595382078,0.350343595382078,0.015878415,-0.025288214907050133,0.17380471527576447,0.14851650595664978,-1,False,0.1,0.6850506459593184
1161,190,GENE:G0190,G0190,60,GENE:G0060,G0060,PPI,0.34990654205607474,0.019295987,0.019295987,0.48598130841121495,0.02879186,0.1834849576702818,0.27968213743431186,0.34990654205607474,0.23205621709331764,0.34990654205607474,0.34990654205607474,0.019295987,-0.02550266683101654,0.15257270634174347,0.12707000970840454,-1,False,0.1,0.6850506459593184
1686,132,GENE:G0132,G0132,179,GENE:G0179,G0179,PPI,0.3494227597581088,0.03471772,0.03471772,0.436778449697636,0.036614247,0.4961298142675436,0.31375167519243546,0.3494227597581088,0.3855866412958593,0.3494227597581088,0.3494227597581088,0.03471772,0.10937435179948807,0.9459236264228821,1.0552979707717896,1,False,0.1,0.6850506459593184
200,11,GENE:G0011,G0011,100,GENE:G0100,G0100,PPI,0.348785046728972,0.03431927,0.03431927,0.5129191863661352,0.042567383,0.5489041597917,0.2899695068811588,0.348785046728972,0.37210739609725757,0.348785046728972,0.348785046728972,0.03431927,0.16556629538536072,0.32534167170524597,0.49090802669525146,1,False,0.1,0.6850506459593184
1295,109,GENE:G0109,G0109,71,GENE:G0071,G0071,PPI,0.3486036283672347,0.029048432,0.029048432,0.5052226498075866,0.040885635,0.17363030553573966,0.2861764118828604,0.3486036283672347,0.2516214664226054,0.3486036283672347,0.3486036283672347,0.029048432,-0.028441021218895912,0.10581302642822266,0.0773720070719719,-1,False,0.1,0.6850506459593184
1648,124,GENE:G0124,G0124,173,GENE:G0173,G0173,PPI,0.34816794942275975,0.020508632,0.020508632,0.34991753710830126,0.022243738,0.22410954194836696,0.33930726110289244,0.34816794942275975,0.30049615432288074,0.34816794942275975,0.34816794942275975,0.020508632,-0.021895045414566994,0.6660842895507812,0.6441892385482788,-1,False,0.1,0.6850506459593184
1209,83,GENE:G0083,G0083,65,GENE:G0065,G0065,PPI,0.34809648158328754,0.006883063,0.006883063,0.4219351291918637,0.010953565,0.020191245735889422,0.3406325965071184,0.34809648158328754,0.16829165221276693,0.34809648158328754,0.34809648158328754,0.006883063,-0.0632295310497284,0.22236163914203644,0.15913210809230804,-1,False,0.1,0.6850506459593184
956,50,GENE:G0050,G0050,58,GENE:G0058,G0058,PPI,0.3479521715228147,0.011842456,0.011842456,0.35871357888949973,0.01664228,0.12058592585990514,0.3237973775876365,0.3479521715228147,0.2221900703638658,0.3479521715228147,0.3479521715228147,0.011842456,-0.026348980143666267,0.17363573610782623,0.14728674292564392,-1,False,0.1,0.6850506459593184
1338,74,GENE:G0074,G0074,88,GENE:G0088,G0088,PPI,0.34777899945024743,0.034527004,0.034527004,0.5269378779549203,0.044074472,0.4635657309850382,0.31311817491590194,0.34777899945024743,0.36217596520295303,0.34777899945024743,0.34777899945024743,0.034527004,-0.02876800112426281,0.18891654908657074,0.1601485013961792,-1,False,0.1,0.6850506459593184
1511,143,GENE:G0143,G0143,97,GENE:G0097,G0097,PPI,0.34706569543705335,0.021440934,0.021440934,0.3966465090709181,0.025864407,0.19247844255727867,0.17599442950136227,0.34706569543705335,0.1794926399030445,0.34706569543705335,0.34706569543705335,0.021440934,-0.039326418191194534,0.15770064294338226,0.11837421357631683,-1,False,0.1,0.6850506459593184
524,29,GENE:G0029,G0029,38,GENE:G0038,G0038,PPI,0.34638812534359537,0.06945125,0.06945125,0.5412314458493678,0.07579391,0.68815537027242,0.33116996445071556,0.34638812534359537,0.4667772192749902,0.34638812534359537,0.34638812534359537,0.06945125,0.0019551916047930717,0.15058071911334991,0.15253591537475586,1,False,0.1,0.6850506459593184
48,1,GENE:G0001,G0001,176,GENE:G0176,G0176,PPI,0.34634414513468936,0.012449304,0.012449304,0.3958218801539307,0.01796649,0.08877305518496653,0.169673286196086,0.34634414513468936,0.13159076828454067,0.34634414513468936,0.34634414513468936,0.012449304,0.038666799664497375,0.3655156195163727,0.40418240427970886,1,False,0.1,0.6850506459593184
917,71,GENE:G0071,G0071,48,GENE:G0048,G0048,PPI,0.34614623419461243,0.020867549,0.020867549,0.4354040681693238,0.029762631,0.24346689074096592,0.29692993273102003,0.34614623419461243,0.2720222923255635,0.34614623419461243,0.34614623419461243,0.020867549,-0.016561903059482574,0.14777900278568268,0.1312170922756195,-1,False,0.1,0.6850506459593184
154,8,GENE:G0008,G0008,43,GENE:G0043,G0043,PPI,0.34546454095656953,0.023851277,0.023851277,0.4318306761957119,0.02993612,0.3357686809560113,0.2590984057174272,0.34546454095656953,0.28028496481665377,0.34546454095656953,0.34546454095656953,0.023851277,0.11119114607572556,0.1304064393043518,0.24159759283065796,1,False,0.1,0.6850506459593184
1636,122,GENE:G0122,G0122,156,GENE:G0156,G0156,PPI,0.34507421660252885,0.013880871,0.013880871,0.377130291368884,0.0146358255,0.15223095321059987,0.24333672684635277,0.34507421660252885,0.19726500390472448,0.34507421660252885,0.34507421660252885,0.013880871,-0.05718530714511871,0.41412439942359924,0.3569391369819641,-1,False,0.1,0.6850506459593184
1790,163,GENE:G0163,G0163,191,GENE:G0191,G0191,PPI,0.3445849367784497,0.043510374,0.043510374,0.4307311709730621,0.042297903,0.15446881029339768,0.09035093265984759,0.3445849367784497,0.11918459959000345,0.3445849367784497,0.3445849367784497,0.043510374,-0.09314621239900589,0.5399813652038574,0.44683513045310974,-1,False,0.1,0.6850506459593184
697,37,GENE:G0037,G0037,36,GENE:G0036,G0036,PPI,0.34345107201759206,0.028441021,0.028441021,0.597306212204508,0.04244963,0.1373483655036273,0.207558537212819,0.34345107201759206,0.18881842868217888,0.34345107201759206,0.34345107201759206,0.028441021,-0.017879996448755264,0.14964312314987183,0.13176313042640686,-1,False,0.1,0.6850506459593184
1699,145,GENE:G0145,G0145,137,GENE:G0137,G0137,PPI,0.3432517866959868,0.04771549,0.04771549,0.45766904892798244,0.049045593,0.3431918474329476,0.25533257388236413,0.3432517866959868,0.3135465378274823,0.3432517866959868,0.3432517866959868,0.04771549,-0.03614247217774391,0.22872428596019745,0.19258180260658264,-1,False,0.1,0.6850506459593184
1238,67,GENE:G0067,G0067,100,GENE:G0100,G0100,PPI,0.34290956569543707,0.02469492,0.02469492,0.6291918636613524,0.03831123,0.1944407000393597,0.2565259288175392,0.34290956569543707,0.2233391009490403,0.34290956569543707,0.34290956569543707,0.02469492,-0.0003772386990021914,0.38787394762039185,0.387496680021286,-1,False,0.1,0.6850506459593184
1629,176,GENE:G0176,G0176,119,GENE:G0119,G0119,PPI,0.34272402418911485,0.026515994,0.026515994,0.4931280923584387,0.03233966,0.29733377586630294,0.3157752968642948,0.34272402418911485,0.3064010368597454,0.34272402418911485,0.34272402418911485,0.026515994,0.01939075067639351,0.3668878972530365,0.3862787187099457,1,False,0.1,0.6850506459593184
1100,57,GENE:G0057,G0057,64,GENE:G0064,G0064,PPI,0.3426236943375481,0.014027391,0.014027391,0.3960967564595932,0.018697757,0.1221207883685751,0.2669248402771567,0.3426236943375481,0.1957151100465918,0.3426236943375481,0.3426236943375481,0.014027391,0.007110827136784792,0.17635490000247955,0.18346570432186127,1,False,0.1,0.6850506459593184
963,82,GENE:G0082,G0082,50,GENE:G0050,G0050,PPI,0.3413963716327652,0.022073355,0.022073355,0.4741616272677295,0.031549882,0.22247922318139368,0.32809791878736316,0.3413963716327652,0.28038986568839,0.3413963716327652,0.3413963716327652,0.022073355,-0.02589353546500206,0.1466970443725586,0.12080349773168564,-1,False,0.1,0.6850506459593184
1800,172,GENE:G0172,G0172,195,GENE:G0195,G0195,PPI,0.34130841121495326,0.035350665,0.035350665,0.3650357339197361,0.0206261,0.48720199129084896,0.2593809434897791,0.34130841121495326,0.3560598117585475,0.34130841121495326,0.34130841121495326,0.035350665,-0.011951749213039875,0.33781200647354126,0.32586026191711426,-1,False,0.1,0.6850506459593184
1348,75,GENE:G0075,G0075,123,GENE:G0123,G0123,PPI,0.34089059923034637,0.035042904,0.035042904,0.37053326003298515,0.023510717,0.38563089983952126,0.2659592653519597,0.34089059923034637,0.3346532649629401,0.34089059923034637,0.34089059923034637,0.035042904,0.21804024279117584,0.9185934662818909,1.1366336345672607,1,False,0.1,0.6850506459593184
726,37,GENE:G0037,G0037,77,GENE:G0077,G0077,PPI,0.34080263881253436,0.07007354,0.07007354,0.8114348543155581,0.122085705,0.25144062712650167,0.28073769746675253,0.34080263881253436,0.27462213237206606,0.34080263881253436,0.34080263881253436,0.07007354,-0.00010363921319367364,0.11634986102581024,0.11624622344970703,-1,False,0.1,0.6850506459593184
384,23,GENE:G0023,G0023,44,GENE:G0044,G0044,PPI,0.340519516217702,0.021735922,0.021735922,0.46646509070918085,0.026273914,0.17505973972612046,0.25206385462476505,0.340519516217702,0.21636726012314528,0.340519516217702,0.340519516217702,0.021735922,0.0028821793384850025,0.13371163606643677,0.13659383356571198,1,False,0.1,0.6850506459593184
1032,53,GENE:G0053,G0053,69,GENE:G0069,G0069,PPI,0.3396151731720725,0.0879414,0.0879414,0.7075316107751511,0.09730424,0.3443933773689402,0.19607691165177746,0.3396151731720725,0.2510019294584579,0.3396151731720725,0.3396151731720725,0.0879414,-0.006407583132386208,0.09211871027946472,0.08571110665798187,-1,False,0.1,0.6850506459593184
253,26,GENE:G0026,G0026,17,GENE:G0017,G0017,PPI,0.3391203958218802,0.03604839,0.03604839,0.4551951621770204,0.036965936,0.5437766727044095,0.2576380490856906,0.3391203958218802,0.35712412367350066,0.3391203958218802,0.3391203958218802,0.03604839,0.062351521104574203,0.24392937123775482,0.30628085136413574,1,False,0.1,0.6850506459593184
761,47,GENE:G0047,G0047,39,GENE:G0039,G0039,PPI,0.3385445299615173,0.033509336,0.033509336,0.40544255085211656,0.029569808,0.3084564207079107,0.21282837704480895,0.3385445299615173,0.26283016539771964,0.3385445299615173,0.3385445299615173,0.033509336,0.021859603002667427,0.15841111540794373,0.180270716547966,1,False,0.1,0.6850506459593184
87,191,GENE:G0191,G0191,3,GENE:G0003,G0003,PPI,0.3384277075316108,0.019079031,0.019079031,0.3958218801539307,0.021527752,0.23976113825718143,0.29734101698939697,0.3384277075316108,0.2682338477428178,0.3384277075316108,0.3384277075316108,0.019079031,-0.02631436102092266,0.3087449371814728,0.28243061900138855,-1,False,0.1,0.6850506459593184
1762,153,GENE:G0153,G0153,178,GENE:G0178,G0178,PPI,0.3382627817482133,0.012673488,0.012673488,0.4832325453545904,0.02016949,0.09726304984705435,0.18527415592794322,0.3382627817482133,0.1448354387414282,0.3382627817482133,0.3382627817482133,0.012673488,-0.025288023054599762,0.38530659675598145,0.3600185513496399,-1,False,0.1,0.6850506459593184
147,111,GENE:G0111,G0111,7,GENE:G0007,G0007,PPI,0.33796591533809783,0.021784944,0.021784944,0.3595382078064871,0.0253313,0.16682996064078717,0.24525144536305515,0.33796591533809783,0.22291749128789615,0.33796591533809783,0.33796591533809783,0.021784944,0.045760974287986755,0.1832846701145172,0.22904564440250397,1,False,0.1,0.6850506459593184
398,23,GENE:G0023,G0023,165,GENE:G0165,G0165,PPI,0.33760307861462346,0.021621613,0.021621613,0.3669598680593733,0.0184093,0.16973181470773507,0.18624794960417937,0.33760307861462346,0.1802349933643934,0.33760307861462346,0.33760307861462346,0.021621613,0.20874661207199097,0.9368546009063721,1.1456012725830078,1,False,0.1,0.6850506459593184
1111,99,GENE:G0099,G0099,57,GENE:G0057,G0057,PPI,0.33744639912039587,0.028636135,0.028636135,0.4469488730071468,0.03970176,0.2538236156631547,0.24866991774789352,0.33744639912039587,0.2602538896754672,0.33744639912039587,0.33744639912039587,0.028636135,0.019485730677843094,0.1085125282406807,0.1279982477426529,1,False,0.1,0.6850506459593184
764,39,GENE:G0039,G0039,69,GENE:G0069,G0069,PPI,0.33667674546454096,0.036394093,0.036394093,0.6352391423859263,0.058201272,0.13709928785786415,0.23353139617146954,0.33667674546454096,0.20350221378210467,0.33667674546454096,0.33667674546454096,0.036394093,-0.007973585277795792,0.0967177227139473,0.0887441411614418,-1,False,0.1,0.6850506459593184
1269,135,GENE:G0135,G0135,69,GENE:G0069,G0069,PPI,0.33643485431555803,0.08805913,0.08805913,0.5175920835623969,0.062060717,0.4142284237267872,0.23420684325374302,0.33643485431555803,0.32724610014935607,0.33643485431555803,0.33643485431555803,0.08805913,-0.012170669622719288,0.108751580119133,0.09658090770244598,-1,False,0.1,0.6850506459593184
947,98,GENE:G0098,G0098,49,GENE:G0049,G0049,PPI,0.33609813084112156,0.123268805,0.123268805,0.6590159428257285,0.15616795,0.17613041331940443,0.3243603900365421,0.33609813084112156,0.32320258347190334,0.33609813084112156,0.33609813084112156,0.123268805,-0.005116710439324379,0.15022344887256622,0.1451067328453064,-1,False,0.1,0.6850506459593184
962,50,GENE:G0050,G0050,82,GENE:G0082,G0082,PPI,0.33595794392523365,0.12326882,0.12326882,0.6587410665200659,0.15616794,0.2454237613160078,0.2773174710774655,0.33595794392523365,0.3046329701118278,0.33595794392523365,0.33595794392523365,0.12326882,-0.007023008540272713,0.10270870476961136,0.0956856906414032,-1,False,0.1,0.6850506459593184
1334,74,GENE:G0074,G0074,81,GENE:G0081,G0081,PPI,0.33592083562396924,0.01532397,0.01532397,0.44200109950522265,0.021865074,0.14103179739403782,0.2883527909832056,0.33592083562396924,0.21572371627506368,0.33592083562396924,0.33592083562396924,0.01532397,-0.015849001705646515,0.12452176958322525,0.10867276042699814,-1,False,0.1,0.6850506459593184
1458,85,GENE:G0085,G0085,189,GENE:G0189,G0189,PPI,0.33564595931830676,0.00838273,0.00838273,0.377130291368884,0.0116873225,0.04776466331137074,0.31921578601280637,0.33564595931830676,0.18019189531767485,0.33564595931830676,0.33564595931830676,0.00838273,0.06611745059490204,0.22987526655197144,0.29599273204803467,1,False,0.1,0.6850506459593184
742,38,GENE:G0038,G0038,58,GENE:G0058,G0058,PPI,0.3352735019241341,0.011727159,0.011727159,0.48240791643760306,0.018716043,0.09756614586440629,0.2621810469646559,0.3352735019241341,0.18333408522928865,0.3352735019241341,0.3352735019241341,0.011727159,-0.032916173338890076,0.17973904311656952,0.14682285487651825,-1,False,0.1,0.6850506459593184
1090,56,GENE:G0056,G0056,97,GENE:G0097,G0097,PPI,0.33449010445299615,0.015433102,0.015433102,0.40544255085211656,0.02230867,0.1461347456319714,0.2899693830979617,0.33449010445299615,0.2199391057277763,0.33449010445299615,0.33449010445299615,0.015433102,0.05813389644026756,0.12035220861434937,0.1784861534833908,1,False,0.1,0.6850506459593184
353,101,GENE:G0101,G0101,21,GENE:G0021,G0021,PPI,0.3343457943925234,0.018327354,0.018327354,0.39334799340296867,0.025999593,0.13431799925903173,0.31822314567266446,0.3343457943925234,0.2416529902695969,0.3343457943925234,0.3343457943925234,0.018327354,-0.02165422961115837,0.16118064522743225,0.13952641189098358,-1,False,0.1,0.6850506459593184
788,41,GENE:G0041,G0041,60,GENE:G0060,G0060,PPI,0.3317757009345794,0.02482162,0.02482162,0.6635514018691588,0.04527981,0.32149921708663265,0.3004356751438115,0.3317757009345794,0.29662001629617085,0.3317757009345794,0.3317757009345794,0.02482162,-0.028687212616205215,0.14838023483753204,0.11969299614429474,-1,False,0.1,0.6850506459593184
954,50,GENE:G0050,G0050,56,GENE:G0056,G0056,PPI,0.3316245189664651,0.018751627,0.018751627,0.6316657504123144,0.02985009,0.19203514219031537,0.30872562581647495,0.3316245189664651,0.24958834721754422,0.3316245189664651,0.3316245189664651,0.018751627,-0.007700292393565178,0.09456556290388107,0.08686527609825134,-1,False,0.1,0.6850506459593184
618,32,GENE:G0032,G0032,52,GENE:G0052,G0052,PPI,0.3313771302913689,0.028159875,0.028159875,0.7363936228697087,0.046925634,0.2499450247388675,0.3124253546122201,0.3313771302913689,0.2779354448685569,0.3313771302913689,0.3313771302913689,0.028159875,-0.004303616937249899,0.11669506132602692,0.11239144951105118,-1,False,0.1,0.6850506459593184
1536,103,GENE:G0103,G0103,125,GENE:G0125,G0125,PPI,0.33128092358438704,0.032894213,0.032894213,0.360087960417812,0.024533583,0.4235454440392432,0.23425098754426255,0.33128092358438704,0.31266004812967796,0.33128092358438704,0.33128092358438704,0.032894213,-0.1872991919517517,1.0578967332839966,0.8705974817276001,-1,False,0.1,0.6850506459593184
1582,109,GENE:G0109,G0109,168,GENE:G0168,G0168,PPI,0.33108851017042334,0.013419121,0.013419121,0.5016492578339747,0.020220902,0.11382827617148546,0.07624408625691717,0.33108851017042334,0.11515945764372762,0.33108851017042334,0.33108851017042334,0.013419121,-0.10216859728097916,0.4365386664867401,0.33437004685401917,-1,False,0.1,0.6850506459593184
183,71,GENE:G0071,G0071,10,GENE:G0010,G0010,PPI,0.33104727872457396,0.015402777,0.015402777,0.3559648158328752,0.01792815,0.1497018593378144,0.3247581551321458,0.33104727872457396,0.24493055087268514,0.33104727872457396,0.33104727872457396,0.015402777,-0.031847886741161346,0.32838213443756104,0.2965342402458191,-1,False,0.1,0.6850506459593184
1256,69,GENE:G0069,G0069,74,GENE:G0074,G0074,PPI,0.3309070918086861,0.051538847,0.051538847,0.6893897746014294,0.063302666,0.20901874738388523,0.3291791056280793,0.3309070918086861,0.3066177786937369,0.3309070918086861,0.3309070918086861,0.051538847,0.0025487008970230818,0.12967917323112488,0.13222786784172058,1,False,0.1,0.6850506459593184
32,1,GENE:G0001,G0001,41,GENE:G0041,G0041,PPI,0.3306885651456844,0.03235682,0.03235682,0.4758108851017042,0.042753756,0.16171087208041593,0.08414591403849703,0.3306885651456844,0.10955701927671278,0.3306885651456844,0.3306885651456844,0.03235682,-0.0035343272611498833,0.13999296724796295,0.136458620429039,-1,False,0.1,0.6850506459593184
470,26,GENE:G0026,G0026,131,GENE:G0131,G0131,PPI,0.33016561297416164,0.26558164,0.26558164,0.9855689939527212,0.38818753,0.30199337741083,0.3252004337027191,0.33016561297416164,0.36555034303574924,0.33016561297416164,0.33016561297416164,0.26558164,0.11382712423801422,0.4619414210319519,0.5757685899734497,1,False,0.1,0.6850506459593184
1230,66,GENE:G0066,G0066,196,GENE:G0196,G0196,PPI,0.33009345794392525,0.016931493,0.016931493,0.48543155579989006,0.025440857,0.05675626629549056,0.028305280501090713,0.33009345794392525,0.04425818130813919,0.33009345794392525,0.33009345794392525,0.016931493,0.13235029578208923,0.2623404860496521,0.39469078183174133,1,False,0.1,0.6850506459593184
1533,147,GENE:G0147,G0147,101,GENE:G0101,G0101,PPI,0.3299890049477735,0.023212673,0.023212673,0.3367234744365036,0.021952365,0.3237419360141483,0.22484960561160827,0.3299890049477735,0.2618163623831743,0.3299890049477735,0.3299890049477735,0.023212673,-0.07153685390949249,0.3269650936126709,0.255428284406662,-1,False,0.1,0.6850506459593184
324,20,GENE:G0020,G0020,78,GENE:G0078,G0078,PPI,0.3288304013194063,0.113277085,0.113277085,0.49079164376030787,0.065708496,0.08692535413752293,0.10242152535880508,0.3288304013194063,0.12437090278532617,0.3288304013194063,0.3288304013194063,0.113277085,0.014372428879141808,0.09125609695911407,0.10562851279973984,1,False,0.1,0.6850506459593184
523,32,GENE:G0032,G0032,29,GENE:G0029,G0029,PPI,0.32818031885651455,0.03613271,0.03613271,0.6311159978009895,0.05907593,0.24919069459442467,0.29494124286946705,0.32818031885651455,0.2776296652952488,0.32818031885651455,0.32818031885651455,0.03613271,-0.0025371641386300325,0.09850010275840759,0.09596293419599533,-1,False,0.1,0.6850506459593184
277,103,GENE:G0103,G0103,18,GENE:G0018,G0018,PPI,0.3279714128642111,0.021921959,0.021921959,0.35843870258383725,0.02087164,0.32967616697849167,0.2785463112117618,0.3279714128642111,0.2952232813903255,0.3279714128642111,0.3279714128642111,0.021921959,-0.057876233011484146,0.31793904304504395,0.2600628137588501,-1,False,0.1,0.6850506459593184
449,98,GENE:G0098,G0098,25,GENE:G0025,G0025,PPI,0.32788894997251233,0.026998233,0.026998233,0.4650907091808686,0.029534861,0.12043331971201103,0.24543176483238272,0.32788894997251233,0.21144569269941677,0.32788894997251233,0.32788894997251233,0.026998233,-0.013839755207300186,0.1426485925912857,0.12880882620811462,-1,False,0.1,0.6850506459593184
118,5,GENE:G0005,G0005,146,GENE:G0146,G0146,PPI,0.32744777350192417,0.024259958,0.024259958,0.4395272127542606,0.033128835,0.14109568007840892,0.053651133671133014,0.32744777350192417,0.08847257805608677,0.32744777350192417,0.32744777350192417,0.024259958,-0.023777900263667107,0.31649771332740784,0.2927197515964508,-1,False,0.1,0.6850506459593184
613,151,GENE:G0151,G0151,31,GENE:G0031,G0031,PPI,0.32723474436503575,0.048656072,0.048656072,0.7113798790544255,0.06944302,0.0796674747363919,0.08356821396957187,0.32723474436503575,0.0836448656213476,0.32723474436503575,0.32723474436503575,0.048656072,0.013067135587334633,0.08052566647529602,0.09359278529882431,1,False,0.1,0.6850506459593184
1160,60,GENE:G0060,G0060,190,GENE:G0190,G0190,PPI,0.3268238042880704,0.027790315,0.027790315,0.40599230346344145,0.029733697,0.38165085168717733,0.3003794357277593,0.3268238042880704,0.33615989808406394,0.3268238042880704,0.3268238042880704,0.027790315,0.13619621098041534,0.46617430448532104,0.6023704409599304,1,False,0.1,0.6850506459593184
381,31,GENE:G0031,G0031,23,GENE:G0023,G0023,PPI,0.32642935678944474,0.014535626,0.014535626,0.3347993402968664,0.016457664,0.10886390110665285,0.15149438931654755,0.32642935678944474,0.1316226373685921,0.32642935678944474,0.32642935678944474,0.014535626,-0.016098853200674057,0.15415450930595398,0.13805566728115082,-1,False,0.1,0.6850506459593184
498,28,GENE:G0028,G0028,55,GENE:G0055,G0055,PPI,0.3260582737768004,0.009506995,0.009506995,0.36228697086311157,0.013685867,0.038568485982414184,0.2160093340828669,0.3260582737768004,0.12418724099685037,0.3260582737768004,0.3260582737768004,0.009506995,-0.022441284731030464,0.1758410483598709,0.15339972078800201,-1,False,0.1,0.6850506459593184
418,24,GENE:G0024,G0024,89,GENE:G0089,G0089,PPI,0.3256748213304013,0.047921706,0.047921706,0.5764156129741617,0.060229965,0.22006572911836705,0.19854986998524302,0.3256748213304013,0.22666822717659998,0.3256748213304013,0.3256748213304013,0.047921706,0.002712954767048359,0.1830299198627472,0.18574286997318268,1,False,0.1,0.6850506459593184
1199,94,GENE:G0094,G0094,64,GENE:G0064,G0064,PPI,0.32561572292468394,0.12486441,0.12486441,0.731720725673447,0.18168174,0.08701931402674108,0.08454462249057602,0.32561572292468394,0.09166926868052458,0.32561572292468394,0.32561572292468394,0.12486441,0.0005302003119140863,0.1718875914812088,0.1724177747964859,1,False,0.1,0.6850506459593184
1243,129,GENE:G0129,G0129,67,GENE:G0067,G0067,PPI,0.32504123144584934,0.017991744,0.017991744,0.37795492028587135,0.015616731,0.23084941516115792,0.2847483373010047,0.32504123144584934,0.2561729097125863,0.32504123144584934,0.32504123144584934,0.017991744,-0.05123000591993332,0.17872129380702972,0.12749126553535461,-1,False,0.1,0.6850506459593184
662,34,GENE:G0034,G0034,53,GENE:G0053,G0053,PPI,0.32498075865860365,0.09677665,0.09677665,0.7385926333150082,0.108919516,0.18030847259552812,0.22716977082699394,0.32498075865860365,0.24631943356475222,0.32498075865860365,0.32498075865860365,0.09677665,-0.0035075361374765635,0.08971439301967621,0.08620685338973999,-1,False,0.1,0.6850506459593184
1310,72,GENE:G0072,G0072,141,GENE:G0141,G0141,PPI,0.3237259483232546,0.011869004,0.011869004,0.40214403518416714,0.010723082,0.06770187136840723,0.21269485079687714,0.3237259483232546,0.13962966301181373,0.3237259483232546,0.3237259483232546,0.011869004,0.04195604845881462,0.3854738175868988,0.4274299740791321,1,False,0.1,0.6850506459593184
499,55,GENE:G0055,G0055,28,GENE:G0028,G0028,PPI,0.3232545354590434,0.032726,0.032726,0.6734469488730072,0.048180524,0.15347638593990684,0.3215665106813374,0.3232545354590434,0.2609487966848425,0.3232545354590434,0.3232545354590434,0.032726,-0.010680378414690495,0.16296663880348206,0.15228624641895294,-1,False,0.1,0.6850506459593184
1715,172,GENE:G0172,G0172,142,GENE:G0142,G0142,PPI,0.32286421110500274,0.014259439,0.014259439,0.4248213304013194,0.019424254,0.11656297262303891,0.16971598857245576,0.32286421110500274,0.14296865293965505,0.32286421110500274,0.32286421110500274,0.014259439,-0.006107381545007229,0.32907330989837646,0.3229658901691437,-1,False,0.1,0.6850506459593184
39,92,GENE:G0092,G0092,1,GENE:G0001,G0001,PPI,0.32171522814733367,0.05216197,0.05216197,0.6772952171522815,0.070181325,0.1118335247479101,0.15829738251330333,0.32171522814733367,0.15335538621634962,0.32171522814733367,0.32171522814733367,0.05216197,-0.009136767126619816,0.14527229964733124,0.1361355185508728,-1,False,0.1,0.6850506459593184
1329,153,GENE:G0153,G0153,73,GENE:G0073,G0073,PPI,0.32133040131940627,0.009231707,0.009231707,0.32133040131940627,0.010342207,0.04882905045802455,0.3197197124732377,0.32133040131940627,0.17741880288738487,0.32133040131940627,0.32133040131940627,0.009231707,-0.007398432586342096,0.1734749674797058,0.16607652604579926,-1,False,0.1,0.6850506459593184
1076,55,GENE:G0055,G0055,114,GENE:G0114,G0114,PPI,0.3212754260582738,0.01949021,0.01949021,0.40159428257284224,0.024336496,0.15681044331036312,0.2527173821621646,0.3212754260582738,0.21417212836795102,0.3212754260582738,0.3212754260582738,0.01949021,0.09390413016080856,0.2311173379421234,0.32502150535583496,1,False,0.1,0.6850506459593184
809,193,GENE:G0193,G0193,41,GENE:G0041,G0041,PPI,0.32116547553600877,0.03359987,0.03359987,0.5585486531061022,0.03968685,0.15921712014853476,0.1940906339698335,0.32116547553600877,0.19541912394358701,0.32116547553600877,0.32116547553600877,0.03359987,0.016139572486281395,0.14254511892795563,0.15868468582630157,1,False,0.1,0.6850506459593184
318,20,GENE:G0020,G0020,70,GENE:G0070,G0070,PPI,0.32080126443100604,0.08831486,0.08831486,0.6110500274876305,0.0637687,0.6649534449917301,0.2465115466850918,0.32080126443100604,0.39122277695547797,0.32080126443100604,0.32080126443100604,0.08831486,0.06707873940467834,0.16615866124629974,0.2332373857498169,1,False,0.1,0.6850506459593184
1327,152,GENE:G0152,G0152,73,GENE:G0073,G0073,PPI,0.3206157229246839,0.016638143,0.016638143,0.3958218801539307,0.017840756,0.1720741445829774,0.3196246364022068,0.3206157229246839,0.24968835375731044,0.3206157229246839,0.3206157229246839,0.016638143,-0.04758007451891899,0.1994876116514206,0.1519075334072113,-1,False,0.1,0.6850506459593184
649,81,GENE:G0081,G0081,33,GENE:G0033,G0033,PPI,0.32036833424958766,0.028591745,0.028591745,0.34634414513468936,0.020480324,0.3305408099472363,0.28067768840124696,0.32036833424958766,0.3204157610647298,0.32036833424958766,0.32036833424958766,0.028591745,-0.055087458342313766,0.21794947981834412,0.16286201775074005,-1,False,0.1,0.6850506459593184
1465,144,GENE:G0144,G0144,86,GENE:G0086,G0086,PPI,0.3202913688840022,0.029662833,0.029662833,0.3268279274326553,0.022046005,0.2384968791167554,0.17120293804353773,0.3202913688840022,0.21050174340852462,0.3202913688840022,0.3202913688840022,0.029662833,0.07187606394290924,0.1454416662454605,0.21731771528720856,1,False,0.1,0.6850506459593184
1644,124,GENE:G0124,G0124,158,GENE:G0158,G0158,PPI,0.3202913688840022,0.02786173,0.02786173,0.3268279274326553,0.023570497,0.22636097597585852,0.17120293804353773,0.3202913688840022,0.20403989476201667,0.3202913688840022,0.3202913688840022,0.02786173,-0.07182018458843231,0.42315152287483215,0.35133135318756104,-1,False,0.1,0.6850506459593184
416,24,GENE:G0024,G0024,75,GENE:G0075,G0075,PPI,0.319956019791094,0.020808373,0.020808373,0.42660802638812534,0.02783508,0.11833299185429563,0.2519336219172553,0.319956019791094,0.199084989225067,0.319956019791094,0.319956019791094,0.020808373,0.02432652935385704,0.16044512391090393,0.18477165699005127,1,False,0.1,0.6850506459593184
1541,192,GENE:G0192,G0192,103,GENE:G0103,G0103,PPI,0.3199010445299615,0.028842526,0.028842526,0.3477185266630016,0.019707458,0.31866855989058473,0.1748993080818967,0.3199010445299615,0.2299467344765162,0.3199010445299615,0.3199010445299615,0.028842526,0.20537908375263214,0.24473300576210022,0.4501120448112488,1,False,0.1,0.6850506459593184
327,81,GENE:G0081,G0081,20,GENE:G0020,G0020,PPI,0.3191588785046729,0.019836579,0.019836579,0.3754810335349093,0.022794062,0.1503197965578326,0.21756849886253518,0.3191588785046729,0.19004700142373743,0.3191588785046729,0.3191588785046729,0.019836579,-0.02162037044763565,0.09356760233640671,0.07194722443819046,-1,False,0.1,0.6850506459593184
1620,118,GENE:G0118,G0118,134,GENE:G0134,G0134,PPI,0.3190791643760308,0.1655663,0.1655663,0.6511819681143486,0.12110179,0.5346312030794275,0.2715905049447536,0.3190791643760308,0.3978915885421223,0.3190791643760308,0.3190791643760308,0.1655663,-0.08604030311107635,0.3669203817844391,0.2808801233768463,-1,False,0.1,0.6850506459593184
1011,85,GENE:G0085,G0085,52,GENE:G0052,G0052,PPI,0.3182902693787795,0.08105482,0.08105482,0.5052226498075866,0.06528447,0.2609025768340644,0.10982057638604804,0.3182902693787795,0.18705382100654958,0.3182902693787795,0.3182902693787795,0.08105482,-0.0033194213174283504,0.11684052646160126,0.11352109909057617,-1,False,0.1,0.6850506459593184
297,30,GENE:G0030,G0030,20,GENE:G0020,G0020,PPI,0.31823254535459045,0.076804325,0.076804325,0.5733919736118747,0.08250803,0.5858926063680258,0.15102648246598963,0.31823254535459045,0.2874994330885616,0.31823254535459045,0.31823254535459045,0.076804325,-0.002773723565042019,0.08382803201675415,0.08105430006980896,-1,False,0.1,0.6850506459593184
1768,155,GENE:G0155,G0155,160,GENE:G0160,G0160,PPI,0.3172952171522815,0.029384,0.029384,0.6750962067069819,0.04725588,0.1998023831918749,0.1426515186145891,0.3172952171522815,0.157507804345312,0.3172952171522815,0.3172952171522815,0.029384,-0.0925549864768982,0.44807419180870056,0.35551920533180237,-1,False,0.1,0.6850506459593184
314,20,GENE:G0020,G0020,61,GENE:G0061,G0061,PPI,0.3171825178669599,0.011174229,0.011174229,0.36668499175371083,0.017254297,0.07141138824340272,0.18365391363936556,0.3171825178669599,0.13085888633840423,0.3171825178669599,0.3171825178669599,0.011174229,0.01207826379686594,0.1686168611049652,0.18069514632225037,1,False,0.1,0.6850506459593184
1556,106,GENE:G0106,G0106,113,GENE:G0113,G0113,PPI,0.31698873007146783,0.015772294,0.015772294,0.31858163826278174,0.011605739,0.10990449393902761,0.18733101493241824,0.31698873007146783,0.15304328584364724,0.31698873007146783,0.31698873007146783,0.015772294,-0.02479945868253708,0.43401509523391724,0.40921565890312195,-1,False,0.1,0.6850506459593184
692,35,GENE:G0035,G0035,87,GENE:G0087,G0087,PPI,0.31691039032435403,0.017536813,0.017536813,0.4169873556899395,0.020239502,0.16992611686013337,0.272034318359156,0.31691039032435403,0.22256503676648862,0.31691039032435403,0.31691039032435403,0.017536813,0.0076291002333164215,0.13088037073612213,0.13850945234298706,1,False,0.1,0.6850506459593184
879,81,GENE:G0081,G0081,45,GENE:G0045,G0045,PPI,0.31542056074766356,0.019269919,0.019269919,0.3710830126443101,0.0201139,0.1990357920076813,0.3079094699178356,0.31542056074766356,0.2624297573345529,0.31542056074766356,0.31542056074766356,0.019269919,-0.03219364956021309,0.1527484506368637,0.12055478990077972,-1,False,0.1,0.6850506459593184
175,180,GENE:G0180,G0180,9,GENE:G0009,G0009,PPI,0.3146041781198461,0.0114931725,0.0114931725,0.38840021990104456,0.017361598,0.08395770511677224,0.169455593036733,0.3146041781198461,0.13365164442059937,0.3146041781198461,0.3146041781198461,0.0114931725,0.015418623574078083,0.17785421013832092,0.19327285885810852,1,False,0.1,0.6850506459593184
347,68,GENE:G0068,G0068,21,GENE:G0021,G0021,PPI,0.31413276525563494,0.056874074,0.056874074,0.6220450797141286,0.07780397,0.18434491594617164,0.2778216562773376,0.31413276525563494,0.2741649856973904,0.31413276525563494,0.31413276525563494,0.056874074,-0.002179947914555669,0.15023571252822876,0.1480557769536972,-1,False,0.1,0.6850506459593184
733,98,GENE:G0098,G0098,37,GENE:G0037,G0037,PPI,0.3137053326003299,0.039141405,0.039141405,0.6819681143485432,0.052018695,0.28291280607452685,0.28512466215871474,0.3137053326003299,0.2817557623495904,0.3137053326003299,0.3137053326003299,0.039141405,-0.006092701572924852,0.2515748143196106,0.24548210203647614,-1,False,0.1,0.6850506459593184
749,63,GENE:G0063,G0063,38,GENE:G0038,G0038,PPI,0.3131129741616273,0.02605211,0.02605211,0.420285871357889,0.031263925,0.35606600050678516,0.2913417901201987,0.3131129741616273,0.3130084862017072,0.3131129741616273,0.3131129741616273,0.02605211,-0.021141914650797844,0.15258178114891052,0.13143984973430634,-1,False,0.1,0.6850506459593184
709,69,GENE:G0069,G0069,36,GENE:G0036,G0036,PPI,0.31243952721275425,0.020798039,0.020798039,0.5340846619021441,0.041595668,0.26835685370611156,0.15284528875919123,0.31243952721275425,0.20032116731795097,0.31243952721275425,0.31243952721275425,0.020798039,-0.008943113498389721,0.13957060873508453,0.13062748312950134,-1,False,0.1,0.6850506459593184
1743,163,GENE:G0163,G0163,148,GENE:G0148,G0148,PPI,0.31239417262231994,0.042398013,0.042398013,0.7264980758658603,0.06745561,0.6384936950510685,0.2475429591745485,0.31239417262231994,0.3683968777635546,0.31239417262231994,0.31239417262231994,0.042398013,-0.004612098913639784,0.6538628935813904,0.6492508053779602,-1,False,0.1,0.6850506459593184
1722,143,GENE:G0143,G0143,195,GENE:G0195,G0195,PPI,0.3114300439802089,0.051071424,0.051071424,0.8772677295217153,0.083919674,0.7140338171808887,0.27159902880641673,0.3114300439802089,0.41001907745562044,0.3114300439802089,0.3114300439802089,0.051071424,-0.08794140070676804,0.36496976017951965,0.277028352022171,-1,False,0.1,0.6850506459593184
80,3,GENE:G0003,G0003,32,GENE:G0032,G0032,PPI,0.31120808136338646,0.02797538,0.02797538,0.3477185266630016,0.02659249,0.24322135372242124,0.22909215511577144,0.31120808136338646,0.25287689731567486,0.31120808136338646,0.31120808136338646,0.02797538,0.0369088277220726,0.08893710374832153,0.12584592401981354,1,False,0.1,0.6850506459593184
978,51,GENE:G0051,G0051,61,GENE:G0061,G0061,PPI,0.3111132490379329,0.06435902,0.06435902,0.8408466190214403,0.0976817,0.06754730491666097,0.2315765474636753,0.3111132490379329,0.18118443259474765,0.3111132490379329,0.3111132490379329,0.06435902,-0.006267804652452469,0.17745935916900635,0.17119154334068298,-1,False,0.1,0.6850506459593184
1661,150,GENE:G0150,G0150,127,GENE:G0127,G0127,PPI,0.3110005497526113,0.03530843,0.03530843,0.5706432105552501,0.040050387,0.2501075027547598,0.1736950197132815,0.3110005497526113,0.2008749052488757,0.3110005497526113,0.3110005497526113,0.03530843,-0.0040519642643630505,0.5002635717391968,0.49621161818504333,-1,False,0.1,0.6850506459593184
885,150,GENE:G0150,G0150,45,GENE:G0045,G0045,PPI,0.3102913688840022,0.022222536,0.022222536,0.44969763606377133,0.028395671,0.16840116579520767,0.15401733721656685,0.3102913688840022,0.15809878047097423,0.3102913688840022,0.3102913688840022,0.022222536,0.017754552885890007,0.14336949586868286,0.16112405061721802,1,False,0.1,0.6850506459593184
484,27,GENE:G0027,G0027,84,GENE:G0084,G0084,PPI,0.31021577789994503,0.031450674,0.031450674,0.47361187465640464,0.040745568,0.28919914321439205,0.18581345723065684,0.31021577789994503,0.22867651933638897,0.31021577789994503,0.31021577789994503,0.031450674,-0.0008200143347494304,0.14733915030956268,0.14651913940906525,-1,False,0.1,0.6850506459593184
624,32,GENE:G0032,G0032,72,GENE:G0072,G0072,PPI,0.3101704233095107,0.058471087,0.058471087,0.80043980208906,0.08896821,0.2211758602597837,0.2683264767998976,0.3101704233095107,0.26698491966086385,0.3101704233095107,0.3101704233095107,0.058471087,0.012569879181683064,0.10520369559526443,0.11777359247207642,1,False,0.1,0.6850506459593184
860,44,GENE:G0044,G0044,127,GENE:G0127,G0127,PPI,0.31009620670698185,0.086014055,0.086014055,0.8380978559648158,0.13805941,0.19579099294966032,0.25994547727518824,0.31009620670698185,0.27374177544317313,0.31009620670698185,0.31009620670698185,0.086014055,0.13072600960731506,0.47197264432907104,0.6026986837387085,1,False,0.1,0.6850506459593184
390,23,GENE:G0023,G0023,71,GENE:G0071,G0071,PPI,0.309978009895547,0.01293807,0.01293807,0.34442001099505226,0.015636828,0.0802224508434215,0.20535636995890158,0.309978009895547,0.14406640998213113,0.309978009895547,0.309978009895547,0.01293807,0.022366296499967575,0.07966611534357071,0.10203242301940918,1,False,0.1,0.6850506459593184
20,0,GENE:G0000,G0000,162,GENE:G0162,G0162,PPI,0.3099532710280374,0.021760011,0.021760011,0.4051676745464541,0.023465512,0.2661119213308439,0.2390403437673775,0.3099532710280374,0.2438943784774905,0.3099532710280374,0.3099532710280374,0.021760011,-0.012979071587324142,0.23880094289779663,0.22582191228866577,-1,False,0.1,0.6850506459593184
1132,59,GENE:G0059,G0059,78,GENE:G0078,G0078,PPI,0.3095327102803739,0.033878077,0.033878077,0.6728971962616823,0.05757405,0.32151651246784163,0.297524065383039,0.3095327102803739,0.29699902648756815,0.3095327102803739,0.3095327102803739,0.033878077,-0.008958498015999794,0.10080262273550034,0.09184412658214569,-1,False,0.1,0.6850506459593184
1318,73,GENE:G0073,G0073,86,GENE:G0086,G0086,PPI,0.3092001099505223,0.015403515,0.015403515,0.31390874106652006,0.016296828,0.07797531041707141,0.19393552842433678,0.3092001099505223,0.14624771605991113,0.3092001099505223,0.3092001099505223,0.015403515,-0.02301624044775963,0.16974076628684998,0.14672450721263885,-1,False,0.1,0.6850506459593184
1043,97,GENE:G0097,G0097,53,GENE:G0053,G0053,PPI,0.30896096756459596,0.025653662,0.025653662,0.7724024189114899,0.047308486,0.16311626899732848,0.23172072567344698,0.30896096756459596,0.19660041504320128,0.30896096756459596,0.30896096756459596,0.025653662,-0.017595523968338966,0.09534870088100433,0.07775316387414932,-1,False,0.1,0.6850506459593184
1522,99,GENE:G0099,G0099,134,GENE:G0134,G0134,PPI,0.30874106652006605,0.03855205,0.03855205,0.3859263331500825,0.031171506,0.3283702829671657,0.2939127388849073,0.30874106652006605,0.3582084877793932,0.30874106652006605,0.30874106652006605,0.03855205,0.10982413589954376,0.28949692845344543,0.3993211090564728,1,False,0.1,0.6850506459593184
720,36,GENE:G0036,G0036,116,GENE:G0116,G0116,PPI,0.30860775151181963,0.010493346,0.010493346,0.414238592633315,0.017058488,0.08516801095521104,0.2398473645840091,0.30860775151181963,0.16829946753595895,0.30860775151181963,0.30860775151181963,0.010493346,-0.027040718123316765,0.252608060836792,0.2255672961473465,-1,False,0.1,0.6850506459593184
243,65,GENE:G0065,G0065,16,GENE:G0016,G0016,PPI,0.3084579439252337,0.0067644445,0.0067644445,0.38317757009345793,0.010139397,0.02663924628808912,0.29971247175628896,0.3084579439252337,0.16297713660644528,0.3084579439252337,0.3084579439252337,0.0067644445,-0.043307337909936905,0.2577255368232727,0.2144181877374649,-1,False,0.1,0.6850506459593184
1372,78,GENE:G0078,G0078,101,GENE:G0101,G0101,PPI,0.3082270478284772,0.007133943,0.007133943,0.3194062671797691,0.0070422627,0.022486424485131724,0.27532931392945653,0.3082270478284772,0.14033638567786522,0.3082270478284772,0.3082270478284772,0.007133943,-0.04300631210207939,0.289750337600708,0.24674400687217712,-1,False,0.1,0.6850506459593184
876,45,GENE:G0045,G0045,78,GENE:G0078,G0078,PPI,0.30776388125343596,0.10623414,0.10623414,0.88565145684442,0.15436675,0.10274326553051126,0.09042757264178863,0.30776388125343596,0.09743474993876483,0.30776388125343596,0.30776388125343596,0.10623414,-0.0026758837047964334,0.0975055992603302,0.09482970088720322,-1,False,0.1,0.6850506459593184
1550,105,GENE:G0105,G0105,131,GENE:G0131,G0131,PPI,0.30679356789444745,0.011616131,0.011616131,0.4290819131390874,0.016239215,0.08920356521369786,0.18500348232732855,0.30679356789444745,0.1430606823075627,0.30679356789444745,0.30679356789444745,0.011616131,-0.13241702318191528,0.5629323720932007,0.430515319108963,-1,False,0.1,0.6850506459593184
1700,137,GENE:G0137,G0137,156,GENE:G0156,G0156,PPI,0.30660252886201206,0.083381794,0.083381794,0.7130291368884002,0.102122724,0.800209477332315,0.2314326067086462,0.30660252886201206,0.40021758117353795,0.30660252886201206,0.30660252886201206,0.083381794,-0.08545072376728058,0.428463339805603,0.34301257133483887,-1,False,0.1,0.6850506459593184
1386,80,GENE:G0080,G0080,97,GENE:G0097,G0097,PPI,0.305739417262232,0.03483898,0.03483898,0.6646509070918087,0.04045934,0.32160183521555025,0.24275686292038876,0.305739417262232,0.2631938082212622,0.305739417262232,0.305739417262232,0.03483898,0.009893739596009254,0.12474298477172852,0.13463672995567322,1,False,0.1,0.6850506459593184
1265,87,GENE:G0087,G0087,69,GENE:G0069,G0069,PPI,0.30549065420560745,0.032411538,0.032411538,0.7188015393073117,0.045477785,0.22905422316938717,0.28886522453396074,0.30549065420560745,0.25829414242791027,0.30549065420560745,0.30549065420560745,0.032411538,0.007401815615594387,0.0930042490363121,0.10040605813264847,1,False,0.1,0.6850506459593184
830,42,GENE:G0042,G0042,126,GENE:G0126,G0126,PPI,0.3054714128642111,0.025291266,0.025291266,0.4395272127542606,0.028474454,0.08537491462695465,0.05793595573396383,0.3054714128642111,0.06618783689744867,0.3054714128642111,0.3054714128642111,0.025291266,-0.009553049691021442,0.4727991223335266,0.46324607729911804,-1,False,0.1,0.6850506459593184
447,97,GENE:G0097,G0097,25,GENE:G0025,G0025,PPI,0.3052803738317757,0.020172505,0.020172505,0.4392523364485982,0.022040881,0.2577494630640713,0.24700866068271085,0.3052803738317757,0.24163094135674495,0.3052803738317757,0.3052803738317757,0.020172505,-0.032778576016426086,0.1450391411781311,0.11226057261228561,-1,False,0.1,0.6850506459593184
1754,150,GENE:G0150,G0150,198,GENE:G0198,G0198,PPI,0.30526525563496426,0.041274834,0.041274834,0.5500274876305662,0.056638908,0.421597402375826,0.15603243520044568,0.30526525563496426,0.24022894492091218,0.30526525563496426,0.30526525563496426,0.041274834,0.08876927196979523,0.3927370309829712,0.48150634765625,1,False,0.1,0.6850506459593184
831,126,GENE:G0126,G0126,42,GENE:G0042,G0042,PPI,0.305065970313359,0.05244209,0.05244209,0.685541506322155,0.085850246,0.23293020655750798,0.24198741237624324,0.305065970313359,0.24431716199624387,0.305065970313359,0.305065970313359,0.05244209,-0.017879869788885117,0.15024520456790924,0.13236533105373383,-1,False,0.1,0.6850506459593184
854,44,GENE:G0044,G0044,60,GENE:G0060,G0060,PPI,0.30478284771852665,0.031317383,0.031317383,0.3809785596481583,0.02822703,0.2635632318779119,0.23974421059326495,0.30478284771852665,0.27169735899317715,0.30478284771852665,0.30478284771852665,0.031317383,0.10330519825220108,0.11926445364952087,0.22256965935230255,1,False,0.1,0.6850506459593184
1650,124,GENE:G0124,G0124,187,GENE:G0187,G0187,PPI,0.3045189664650907,0.005670389,0.005670389,0.3172072567344695,0.0075521786,0.015825930192946373,0.29320659460292925,0.3045189664650907,0.15038151499571456,0.3045189664650907,0.3045189664650907,0.005670389,-0.06731010973453522,0.991324782371521,0.924014687538147,-1,False,0.1,0.6850506459593184
444,25,GENE:G0025,G0025,95,GENE:G0095,G0095,PPI,0.3043457943925234,0.015952773,0.015952773,0.36448598130841126,0.015693836,0.1396476871794513,0.21326323632019,0.3043457943925234,0.17970329253295123,0.3043457943925234,0.3043457943925234,0.015952773,-0.022036759182810783,0.18377570807933807,0.16173894703388214,-1,False,0.1,0.6850506459593184
485,84,GENE:G0084,G0084,27,GENE:G0027,G0027,PPI,0.303785046728972,0.011989409,0.011989409,0.30841121495327106,0.013850514,0.10167626615760654,0.2822004749187547,0.303785046728972,0.19313313289066114,0.303785046728972,0.303785046728972,0.011989409,-0.014798164367675781,0.15090276300907135,0.13610459864139557,-1,False,0.1,0.6850506459593184
1658,126,GENE:G0126,G0126,163,GENE:G0163,G0163,PPI,0.30359538207806486,0.01082386,0.01082386,0.42166025288620124,0.017528117,0.05935189330298697,0.18762696777138124,0.30359538207806486,0.126512908008956,0.30359538207806486,0.30359538207806486,0.01082386,-0.01051468588411808,0.3290819227695465,0.3185672461986542,-1,False,0.1,0.6850506459593184
43,114,GENE:G0114,G0114,1,GENE:G0001,G0001,PPI,0.3030511269928532,0.022485662,0.022485662,0.34634414513468936,0.025850229,0.22929862866736744,0.16677648404456677,0.3030511269928532,0.19023904410657044,0.3030511269928532,0.3030511269928532,0.022485662,-0.03859158605337143,0.16398507356643677,0.12539346516132355,-1,False,0.1,0.6850506459593184
968,50,GENE:G0050,G0050,99,GENE:G0099,G0099,PPI,0.302913688840022,0.026304621,0.026304621,0.757284222100055,0.04780036,0.16871949961174051,0.22718526663001654,0.302913688840022,0.1965555495902019,0.302913688840022,0.302913688840022,0.026304621,-0.0059752617962658405,0.14995600283145905,0.14398075640201569,-1,False,0.1,0.6850506459593184
1483,102,GENE:G0102,G0102,90,GENE:G0090,G0090,PPI,0.3027570093457944,0.021203494,0.021203494,0.3238042880703683,0.021146148,0.28675056282160555,0.23008339716186726,0.3027570093457944,0.25033205714046924,0.3027570093457944,0.3027570093457944,0.021203494,0.005879486910998821,0.1288873553276062,0.1347668468952179,1,False,0.1,0.6850506459593184
409,49,GENE:G0049,G0049,24,GENE:G0024,G0024,PPI,0.30208905992303464,0.015207594,0.015207594,0.3452446399120396,0.014801256,0.1751974376460576,0.25936467670222374,0.30208905992303464,0.21684563025780285,0.30208905992303464,0.30208905992303464,0.015207594,-0.03744317963719368,0.2133040875196457,0.17586089670658112,-1,False,0.1,0.6850506459593184
794,41,GENE:G0041,G0041,77,GENE:G0077,G0077,PPI,0.3017853216052776,0.034587435,0.034587435,0.37960417811984604,0.033791576,0.4098424881293804,0.25887641231157743,0.3017853216052776,0.33400327530406715,0.3017853216052776,0.3017853216052776,0.034587435,-0.023653803393244743,0.12861491739749908,0.10496111959218979,-1,False,0.1,0.6850506459593184
1286,71,GENE:G0071,G0071,90,GENE:G0090,G0090,PPI,0.3017557724024189,0.06178193,0.06178193,0.7787245739417262,0.1088523,0.22397562922912193,0.10283145719299061,0.3017557724024189,0.1393824329477207,0.3017557724024189,0.3017557724024189,0.06178193,0.0013942240038886666,0.13293030858039856,0.13432452082633972,1,False,0.1,0.6850506459593184
804,41,GENE:G0041,G0041,102,GENE:G0102,G0102,PPI,0.3016410115448049,0.01858457,0.01858457,0.3389224848818032,0.015392166,0.2554916869581383,0.2750497439910083,0.3016410115448049,0.26270768930281874,0.3016410115448049,0.3016410115448049,0.01858457,-0.06753150373697281,0.3638432025909424,0.2963116765022278,-1,False,0.1,0.6850506459593184
1474,88,GENE:G0088,G0088,94,GENE:G0094,G0094,PPI,0.3014018691588785,0.011204559,0.011204559,0.35459043430456294,0.015516245,0.08488017616872469,0.21930207217070297,0.3014018691588785,0.15527741502961406,0.3014018691588785,0.3014018691588785,0.011204559,-0.021735921502113342,0.140967458486557,0.11923152953386307,-1,False,0.1,0.6850506459593184
933,54,GENE:G0054,G0054,49,GENE:G0049,G0049,PPI,0.30078889499725125,0.030972226,0.030972226,0.8240791643760308,0.061944395,0.03744335937717996,0.14515260316525014,0.30078889499725125,0.09723449517598773,0.30078889499725125,0.30078889499725125,0.030972226,-0.008831051178276539,0.15245312452316284,0.14362205564975739,-1,False,0.1,0.6850506459593184
412,24,GENE:G0024,G0024,72,GENE:G0072,G0072,PPI,0.3007009345794393,0.017473321,0.017473321,0.30841121495327106,0.016753897,0.19751617049790138,0.28241105660235205,0.3007009345794393,0.24881071671138766,0.3007009345794393,0.3007009345794393,0.017473321,0.04423239827156067,0.10791539400815964,0.1521477848291397,1,False,0.1,0.6850506459593184
44,1,GENE:G0001,G0001,115,GENE:G0115,G0115,PPI,0.3004920285871358,0.0066560362,0.0066560362,0.37328202308960967,0.010148633,0.025013475582900513,0.2720864931472758,0.3004920285871358,0.15200015971973635,0.3004920285871358,0.3004920285871358,0.0066560362,-0.000527341675478965,0.20965807139873505,0.20913070440292358,-1,False,0.1,0.6850506459593184
130,6,GENE:G0006,G0006,167,GENE:G0167,G0167,PPI,0.29983507421660255,0.0433821,0.0433821,0.6663001649257834,0.06881164,0.435185939632359,0.22790972213636426,0.29983507421660255,0.2910069499421962,0.29983507421660255,0.29983507421660255,0.0433821,-0.0876588523387909,0.5365263223648071,0.44886744022369385,-1,False,0.1,0.6850506459593184
121,17,GENE:G0017,G0017,6,GENE:G0006,G0006,PPI,0.2988922484881803,0.010210965,0.010210965,0.3081363386476086,0.012335064,0.08160774534515908,0.28710470036882485,0.2988922484881803,0.18299304080671908,0.2988922484881803,0.2988922484881803,0.010210965,0.03757328912615776,0.269929438829422,0.30750271677970886,1,False,0.1,0.6850506459593184
969,99,GENE:G0099,G0099,50,GENE:G0050,G0050,PPI,0.29813427707531615,0.14536591,0.14536591,0.7693787795492029,0.24122962,0.2702000632316019,0.10159733451577152,0.29813427707531615,0.15322661299824705,0.29813427707531615,0.29813427707531615,0.14536591,0.007853994145989418,0.13514040410518646,0.14299438893795013,1,False,0.1,0.6850506459593184
203,115,GENE:G0115,G0115,11,GENE:G0011,G0011,PPI,0.2976827927432655,0.030613404,0.030613404,0.3117097306212204,0.023520792,0.3248614489782396,0.25757580542949243,0.2976827927432655,0.3200684260801078,0.2976827927432655,0.2976827927432655,0.030613404,-0.012352348305284977,0.23175384104251862,0.2194015085697174,-1,False,0.1,0.6850506459593184
1569,190,GENE:G0190,G0190,107,GENE:G0107,G0107,PPI,0.2975494777350192,0.014048535,0.014048535,0.3993952721275426,0.018589187,0.15011671280021152,0.23253415632392746,0.2975494777350192,0.1902634214839697,0.2975494777350192,0.2975494777350192,0.014048535,-0.027537722140550613,0.24232256412506104,0.21478483080863953,-1,False,0.1,0.6850506459593184
156,8,GENE:G0008,G0008,193,GENE:G0193,G0193,PPI,0.29714128642111054,0.021477737,0.021477737,0.322979659153381,0.021116186,0.22985251778215496,0.057956627742684105,0.29714128642111054,0.12876136686537865,0.29714128642111054,0.29714128642111054,0.021477737,0.2496057003736496,0.41314128041267395,0.6627469658851624,1,False,0.1,0.6850506459593184
1396,81,GENE:G0081,G0081,86,GENE:G0086,G0086,PPI,0.29713441451346895,0.05164213,0.05164213,0.40984057174271576,0.047589675,0.120522297580234,0.08547902842053268,0.29713441451346895,0.11705063783014877,0.29713441451346895,0.29713441451346895,0.05164213,-0.010966493748128414,0.16632071137428284,0.15535420179367065,-1,False,0.1,0.6850506459593184
1222,66,GENE:G0066,G0066,90,GENE:G0090,G0090,PPI,0.296866410115448,0.012070291,0.012070291,0.296866410115448,0.012186841,0.09439233829906905,0.26386063690766454,0.296866410115448,0.18139166798550754,0.296866410115448,0.296866410115448,0.012070291,0.04119478538632393,0.13743548095226288,0.1786302626132965,1,False,0.1,0.6850506459593184
1229,152,GENE:G0152,G0152,66,GENE:G0066,G0066,PPI,0.2965585486531061,0.01716351,0.01716351,0.336998350742166,0.018913709,0.10733918736568497,0.16728158207789762,0.2965585486531061,0.14095741537235856,0.2965585486531061,0.2965585486531061,0.01716351,-0.03476286306977272,0.1397140920162201,0.10495123267173767,-1,False,0.1,0.6850506459593184
1731,196,GENE:G0196,G0196,145,GENE:G0145,G0145,PPI,0.29619296316657506,0.0603199,0.0603199,0.5151181968114349,0.06298947,0.19436295263384235,0.10697232764642986,0.29619296316657506,0.16594684171479773,0.29619296316657506,0.29619296316657506,0.0603199,0.009016887284815311,0.19449381530284882,0.20351070165634155,1,False,0.1,0.6850506459593184
1585,195,GENE:G0195,G0195,111,GENE:G0111,G0111,PPI,0.29569818581638263,0.11552713,0.11552713,0.9098405717427158,0.16881932,0.45466739967014846,0.25410464290750523,0.29569818581638263,0.32660054579896575,0.29569818581638263,0.29569818581638263,0.11552713,-0.11458846926689148,0.44917818903923035,0.3345896601676941,-1,False,0.1,0.6850506459593184
882,45,GENE:G0045,G0045,103,GENE:G0103,G0103,PPI,0.29569131390874104,0.020863008,0.020863008,0.5632215503023639,0.031680476,0.22018129475624282,0.27527363241860625,0.29569131390874104,0.2428606992327111,0.29569131390874104,0.29569131390874104,0.020863008,0.0007693322259001434,0.2643008828163147,0.26507019996643066,1,False,0.1,0.6850506459593184
492,27,GENE:G0027,G0027,169,GENE:G0169,G0169,PPI,0.29523914238592636,0.025057828,0.025057828,0.43100604727872455,0.0349548,0.11829721536820174,0.06673638401696748,0.29523914238592636,0.12275574375743263,0.29523914238592636,0.29523914238592636,0.025057828,0.03875301033258438,0.3954707086086273,0.4342236816883087,1,False,0.1,0.6850506459593184
1225,91,GENE:G0091,G0091,66,GENE:G0066,G0066,PPI,0.2951209455744914,0.01904753,0.01904753,0.29961517317207254,0.017958283,0.15129824605297781,0.11516686581760856,0.2951209455744914,0.13035894313977248,0.2951209455744914,0.2951209455744914,0.01904753,-0.014627182856202126,0.11173534393310547,0.0971081554889679,-1,False,0.1,0.6850506459593184
911,186,GENE:G0186,G0186,47,GENE:G0047,G0047,PPI,0.2946825178669598,0.011363991,0.011363991,0.39554700384826824,0.016432468,0.1160931054856703,0.24141332505553598,0.2946825178669598,0.18423444512172593,0.2946825178669598,0.2946825178669598,0.011363991,0.002150628948584199,0.2023008018732071,0.20445142686367035,1,False,0.1,0.6850506459593184
943,76,GENE:G0076,G0076,49,GENE:G0049,G0049,PPI,0.29447910940076966,0.018327404,0.018327404,0.3444200109950522,0.020051971,0.22775008704059155,0.26549957848902556,0.29447910940076966,0.24684845800366623,0.29447910940076966,0.29447910940076966,0.018327404,0.03270974010229111,0.13843950629234314,0.17114923894405365,1,False,0.1,0.6850506459593184
1438,84,GENE:G0084,G0084,94,GENE:G0094,G0094,PPI,0.29429631665750416,0.0510925,0.0510925,0.6195711929631667,0.063978255,0.1255531363878333,0.17345227239608504,0.29429631665750416,0.1720665190849875,0.29429631665750416,0.29429631665750416,0.0510925,0.0027040261775255203,0.12797093391418457,0.13067497313022614,1,False,0.1,0.6850506459593184
912,48,GENE:G0048,G0048,55,GENE:G0055,G0055,PPI,0.29424409015942826,0.072991736,0.072991736,0.774326553051127,0.115842484,0.3099887861171616,0.2134670991458942,0.29424409015942826,0.25068911484946943,0.29424409015942826,0.29424409015942826,0.072991736,-0.0018163928762078285,0.16131141781806946,0.1594950258731842,-1,False,0.1,0.6850506459593184
269,61,GENE:G0061,G0061,18,GENE:G0018,G0018,PPI,0.29403793293018143,0.03482224,0.03482224,0.32490379329301816,0.027892085,0.34505893365123735,0.14661227421582804,0.29403793293018143,0.22511121567068088,0.29403793293018143,0.29403793293018143,0.03482224,0.10417263954877853,0.2565254271030426,0.3606981337070465,1,False,0.1,0.6850506459593184
219,50,GENE:G0050,G0050,13,GENE:G0013,G0013,PPI,0.2940186915887851,0.013993034,0.013993034,0.31445849367784495,0.013117136,0.17446602883664414,0.26507937094633854,0.2940186915887851,0.2185778949864921,0.2940186915887851,0.2940186915887851,0.013993034,-0.036048389971256256,0.20901739597320557,0.1729689985513687,-1,False,0.1,0.6850506459593184
680,34,GENE:G0034,G0034,146,GENE:G0146,G0146,PPI,0.2938537658053876,0.019742854,0.019742854,0.35404068169323805,0.020154547,0.12435980942625184,0.22693151575775664,0.2938537658053876,0.19034051699224339,0.2938537658053876,0.2938537658053876,0.019742854,-0.021554889157414436,0.32573458552360535,0.30417975783348083,-1,False,0.1,0.6850506459593184
17,112,GENE:G0112,G0112,0,GENE:G0000,G0000,PPI,0.2938372732270478,0.025915587,0.025915587,0.3416712479384277,0.02840501,0.14894701614747752,0.19723932743191755,0.2938372732270478,0.19935271470624213,0.2938372732270478,0.2938372732270478,0.025915587,-0.0203983336687088,0.19509977102279663,0.17470146715641022,-1,False,0.1,0.6850506459593184
1530,101,GENE:G0101,G0101,119,GENE:G0119,G0119,PPI,0.29367097306212203,0.023138389,0.023138389,0.33562396921385373,0.026445083,0.23665222900363872,0.16161435477652067,0.29367097306212203,0.19060044046695526,0.29367097306212203,0.29367097306212203,0.023138389,-0.006633658427745104,0.3906019926071167,0.383968323469162,-1,False,0.1,0.6850506459593184
828,42,GENE:G0042,G0042,115,GENE:G0115,G0115,PPI,0.2934964266080264,0.010170065,0.010170065,0.29796591533809785,0.010048533,0.06062881877016666,0.262844109327468,0.2934964266080264,0.15917735912856124,0.2934964266080264,0.2934964266080264,0.010170065,-0.0264861062169075,0.229314923286438,0.2028288096189499,-1,False,0.1,0.6850506459593184
839,62,GENE:G0062,G0062,43,GENE:G0043,G0043,PPI,0.2924628916987355,0.024695063,0.024695063,0.4238592633315008,0.02655054,0.12016586136901097,0.20529845586671377,0.2924628916987355,0.18042063504553646,0.2924628916987355,0.2924628916987355,0.024695063,-0.028402676805853844,0.15989573299884796,0.13149304687976837,-1,False,0.1,0.6850506459593184
1819,199,GENE:G0199,G0199,193,GENE:G0193,G0193,PPI,0.29045492028587133,0.0049110344,0.0049110344,0.3009895547003848,0.006223499,0.008000961329297342,0.15505344790516445,0.29045492028587133,0.0869999438266486,0.29045492028587133,0.29045492028587133,0.0049110344,-0.039335642009973526,0.503680408000946,0.46434471011161804,-1,False,0.1,0.6850506459593184
919,77,GENE:G0077,G0077,48,GENE:G0048,G0048,PPI,0.2902212754260583,0.05304492,0.05304492,0.36970863111599783,0.030865196,0.20360657928332243,0.2172805021205149,0.2902212754260583,0.2849485421897887,0.2902212754260583,0.2902212754260583,0.05304492,0.008640987798571587,0.14669078588485718,0.15533176064491272,1,False,0.1,0.6850506459593184
732,37,GENE:G0037,G0037,98,GENE:G0098,G0098,PPI,0.2891781198460693,0.05518758,0.05518758,0.4348543155579989,0.045447893,0.3394828244170928,0.281465313368108,0.2891781198460693,0.35580360530910865,0.2891781198460693,0.2891781198460693,0.05518758,0.01264799851924181,0.21976341307163239,0.23241138458251953,1,False,0.1,0.6850506459593184
970,50,GENE:G0050,G0050,172,GENE:G0172,G0172,PPI,0.28891698735568994,0.018056285,0.018056285,0.380153930731171,0.022852082,0.2411051939718918,0.28605162411130236,0.28891698735568994,0.25916025828636935,0.28891698735568994,0.28891698735568994,0.018056285,0.014494179747998714,0.30397409200668335,0.31846827268600464,1,False,0.1,0.6850506459593184
569,76,GENE:G0076,G0076,30,GENE:G0030,G0030,PPI,0.2888400219901045,0.035027742,0.035027742,0.7221000549752612,0.06317086,0.2105193130940384,0.28702909490930273,0.2888400219901045,0.25214152001404877,0.2888400219901045,0.2888400219901045,0.035027742,0.014524009078741074,0.09266331046819687,0.10718733072280884,1,False,0.1,0.6850506459593184
751,78,GENE:G0078,G0078,38,GENE:G0038,G0038,PPI,0.28881803188565147,0.020622341,0.020622341,0.3282023089609676,0.019640762,0.2692538830127329,0.25012375268399817,0.28881803188565147,0.2589295186175174,0.28881803188565147,0.28881803188565147,0.020622341,-0.042259711772203445,0.17296697199344635,0.1307072788476944,-1,False,0.1,0.6850506459593184
1087,67,GENE:G0067,G0067,56,GENE:G0056,G0056,PPI,0.28853765805387577,0.18679453,0.18679453,0.9617921935129192,0.37358892,0.12601972310338372,0.11779500563494145,0.28853765805387577,0.12181969774104537,0.28853765805387577,0.28853765805387577,0.18679453,-0.005463333334773779,0.0934007465839386,0.08793742954730988,-1,False,0.1,0.6850506459593184
673,83,GENE:G0083,G0083,34,GENE:G0034,G0034,PPI,0.28832188015393073,0.0125900395,0.0125900395,0.3581638262781748,0.015329225,0.09032011117589844,0.24047707160052398,0.28832188015393073,0.16581321505143318,0.28832188015393073,0.28832188015393073,0.0125900395,-0.04705829173326492,0.1539347767829895,0.10687649995088577,-1,False,0.1,0.6850506459593184
1390,80,GENE:G0080,G0080,114,GENE:G0114,G0114,PPI,0.28801539307311713,0.12763748,0.12763748,0.886201209455745,0.1980238,0.5655776206536199,0.21434347702458378,0.28801539307311713,0.3209647051554007,0.28801539307311713,0.28801539307311713,0.12763748,0.11428138613700867,0.2135995328426361,0.32788094878196716,1,False,0.1,0.6850506459593184
987,73,GENE:G0073,G0073,51,GENE:G0051,G0051,PPI,0.28781061022539856,0.010342376,0.010342376,0.2921935129191864,0.013212062,0.06581677948904525,0.2833938170825205,0.28781061022539856,0.1724409515206276,0.28781061022539856,0.28781061022539856,0.010342376,-0.0250688549131155,0.10991649329662323,0.08484762907028198,-1,False,0.1,0.6850506459593184
209,20,GENE:G0020,G0020,12,GENE:G0012,G0012,PPI,0.2878023639362287,0.015128393,0.015128393,0.3713578889499725,0.020981915,0.13004728670049046,0.061161415457099556,0.2878023639362287,0.10305269685962709,0.2878023639362287,0.2878023639362287,0.015128393,0.03138051927089691,0.4025931656360626,0.4339737296104431,1,False,0.1,0.6850506459593184
278,19,GENE:G0019,G0019,32,GENE:G0032,G0032,PPI,0.28772127542605824,0.025327705,0.025327705,0.4169873556899395,0.03510306,0.12334065295075497,0.20197001138119638,0.28772127542605824,0.1813062075343071,0.28772127542605824,0.28772127542605824,0.025327705,-0.008260447531938553,0.10486908257007599,0.09660863131284714,-1,False,0.1,0.6850506459593184
1748,149,GENE:G0149,G0149,170,GENE:G0170,G0170,PPI,0.28703133589884555,0.018694017,0.018694017,0.5266630016492578,0.02933532,0.13230538005760584,0.17817251425429034,0.28703133589884555,0.15458340036095067,0.28703133589884555,0.28703133589884555,0.018694017,-0.005995719227939844,0.3358195424079895,0.3298237919807434,-1,False,0.1,0.6850506459593184
480,27,GENE:G0027,G0027,75,GENE:G0075,G0075,PPI,0.2869997251236943,0.017897509,0.017897509,0.40709180868609124,0.023788443,0.06615082505444654,0.27978493333151544,0.2869997251236943,0.1895142163829594,0.2869997251236943,0.2869997251236943,0.017897509,-0.014239831827580929,0.1656699925661087,0.1514301598072052,-1,False,0.1,0.6850506459593184
1615,151,GENE:G0151,G0151,116,GENE:G0116,G0116,PPI,0.28414650907091804,0.023506217,0.023506217,0.3444200109950522,0.02122204,0.24000322777262623,0.15951518229430997,0.28414650907091804,0.19308929849901954,0.28414650907091804,0.28414650907091804,0.023506217,0.1382197141647339,0.2164510190486908,0.35467079281806946,1,False,0.1,0.6850506459593184
1602,114,GENE:G0114,G0114,162,GENE:G0162,G0162,PPI,0.2839609675645959,0.018512651,0.018512651,0.2927432655305112,0.017195474,0.10316820559588011,0.17947693057778918,0.2839609675645959,0.1579098451381411,0.2839609675645959,0.2839609675645959,0.018512651,-0.01738228090107441,0.25527331233024597,0.23789101839065552,-1,False,0.1,0.6850506459593184
340,21,GENE:G0021,G0021,45,GENE:G0045,G0045,PPI,0.283587135788895,0.0900512,0.0900512,0.5019241341396372,0.063546,0.09449422759758108,0.0596530023519313,0.283587135788895,0.08451713252104497,0.283587135788895,0.283587135788895,0.0900512,0.0031076723244041204,0.13912862539291382,0.14223629236221313,1,False,0.1,0.6850506459593184
820,42,GENE:G0042,G0042,89,GENE:G0089,G0089,PPI,0.2821220450797141,0.0077980817,0.0077980817,0.39183617372182517,0.011870501,0.03344700851081122,0.22303706014914912,0.2821220450797141,0.13373015749252345,0.2821220450797141,0.2821220450797141,0.0077980817,-0.025218285620212555,0.19054533541202545,0.1653270572423935,-1,False,0.1,0.6850506459593184
256,17,GENE:G0017,G0017,43,GENE:G0043,G0043,PPI,0.28210555250137437,0.008138126,0.008138126,0.42743265530511265,0.013398278,0.0475270792012998,0.232940993433724,0.28210555250137437,0.15220315528931064,0.28210555250137437,0.28210555250137437,0.008138126,0.04180341213941574,0.14067289233207703,0.18247631192207336,1,False,0.1,0.6850506459593184
975,56,GENE:G0056,G0056,51,GENE:G0051,G0051,PPI,0.28198048378229795,0.0065194406,0.0065194406,0.2833974711379879,0.008863088,0.013641541402268064,0.1666421711780183,0.28198048378229795,0.08644322702644158,0.28198048378229795,0.28198048378229795,0.0065194406,0.028452696278691292,0.09088485687971115,0.11933755874633789,1,False,0.1,0.6850506459593184
1450,85,GENE:G0085,G0085,89,GENE:G0089,G0089,PPI,0.2807339197361187,0.052427802,0.052427802,0.6847168774051676,0.06974985,0.21288702461586506,0.13152981700477095,0.2807339197361187,0.1575524868975714,0.2807339197361187,0.2807339197361187,0.052427802,0.01442936435341835,0.1778239756822586,0.19225332140922546,1,False,0.1,0.6850506459593184
424,25,GENE:G0025,G0025,34,GENE:G0034,G0034,PPI,0.2805607476635514,0.027364245,0.027364245,0.3691588785046729,0.023107115,0.3360260257391407,0.2331845465590555,0.2805607476635514,0.2748493159573782,0.2805607476635514,0.2805607476635514,0.027364245,-0.027012960985302925,0.1420598179101944,0.11504683643579483,-1,False,0.1,0.6850506459593184
855,60,GENE:G0060,G0060,44,GENE:G0044,G0044,PPI,0.2804219351291919,0.046442833,0.046442833,0.7682792743265531,0.083553806,0.16940048990652587,0.2127037747044553,0.2804219351291919,0.2068315018124189,0.2804219351291919,0.2804219351291919,0.046442833,0.010913056321442127,0.13982178270816803,0.15073484182357788,1,False,0.1,0.6850506459593184
1358,77,GENE:G0077,G0077,78,GENE:G0078,G0078,PPI,0.2799381528312259,0.01979014,0.01979014,0.3757559098405717,0.025346225,0.24552987771560023,0.21877095092553944,0.2799381528312259,0.22231149432995068,0.2799381528312259,0.2799381528312259,0.01979014,0.027585163712501526,0.09212274849414825,0.11970791220664978,1,False,0.1,0.6850506459593184
1594,113,GENE:G0113,G0113,145,GENE:G0145,G0145,PPI,0.2796728971962617,0.024966337,0.024966337,0.36558548653106104,0.025090402,0.32675949096711293,0.1990469454024116,0.2796728971962617,0.24457833899827344,0.2796728971962617,0.2796728971962617,0.024966337,-0.05134935304522514,0.2264930158853531,0.17514362931251526,-1,False,0.1,0.6850506459593184
589,64,GENE:G0064,G0064,31,GENE:G0031,G0031,PPI,0.2795849367784497,0.08564091,0.08564091,0.7556349642660802,0.1575496,0.15441907983885111,0.18951228490793437,0.2795849367784497,0.20827671580684345,0.2795849367784497,0.2795849367784497,0.08564091,-0.018883617594838142,0.09265848249197006,0.07377484440803528,-1,False,0.1,0.6850506459593184
267,53,GENE:G0053,G0053,18,GENE:G0018,G0018,PPI,0.279494227597581,0.020506984,0.020506984,0.3408466190214403,0.02100193,0.28324412836364754,0.2699582686679054,0.279494227597581,0.2726248671266466,0.279494227597581,0.279494227597581,0.020506984,-0.052151963114738464,0.2995406687259674,0.24738870561122894,-1,False,0.1,0.6850506459593184
356,21,GENE:G0021,G0021,180,GENE:G0180,G0180,PPI,0.27915338097855963,0.03242573,0.03242573,0.5368334249587685,0.03643121,0.2814206421434798,0.18766148623490098,0.27915338097855963,0.22324756637548454,0.27915338097855963,0.27915338097855963,0.03242573,0.0047506908886134624,0.2693859338760376,0.27413666248321533,1,False,0.1,0.6850506459593184
1253,172,GENE:G0172,G0172,68,GENE:G0068,G0068,PPI,0.2787163276525564,0.034601104,0.034601104,0.3818031885651457,0.027084857,0.32950453872592084,0.2408237042290233,0.2787163276525564,0.2933405200899264,0.2787163276525564,0.2787163276525564,0.034601104,-0.020327795296907425,0.13180622458457947,0.11147842556238174,-1,False,0.1,0.6850506459593184
280,19,GENE:G0019,G0019,69,GENE:G0069,G0069,PPI,0.27786695986805937,0.012651517,0.012651517,0.38592633315008246,0.017182164,0.05227829713296301,0.10093283315114522,0.27786695986805937,0.07791869027122346,0.27786695986805937,0.27786695986805937,0.012651517,-0.002363472245633602,0.09512241184711456,0.09275893867015839,-1,False,0.1,0.6850506459593184
1315,82,GENE:G0082,G0082,73,GENE:G0073,G0073,PPI,0.27781335898845516,0.044010658,0.044010658,0.7611324903793293,0.06840237,0.0926671891545986,0.18103916685918292,0.27781335898845516,0.1505881145460445,0.27781335898845516,0.27781335898845516,0.044010658,0.0030541683081537485,0.15862244367599487,0.16167661547660828,1,False,0.1,0.6850506459593184
664,34,GENE:G0034,G0034,56,GENE:G0056,G0056,PPI,0.2777789994502474,0.0717811,0.0717811,0.8680593732820231,0.13666484,0.22534838658810524,0.22768983902963957,0.2777789994502474,0.2328500489179271,0.2777789994502474,0.2777789994502474,0.0717811,-0.005907773971557617,0.09433437138795853,0.08842659741640091,-1,False,0.1,0.6850506459593184
363,43,GENE:G0043,G0043,22,GENE:G0022,G0022,PPI,0.27707119296316657,0.015201516,0.015201516,0.3719076415612974,0.020864362,0.17555038992808805,0.21533741491848993,0.27707119296316657,0.19151929928657574,0.27707119296316657,0.27707119296316657,0.015201516,-0.0182776041328907,0.18540863692760468,0.16713103652000427,-1,False,0.1,0.6850506459593184
1262,69,GENE:G0069,G0069,82,GENE:G0082,G0082,PPI,0.27701346893897744,0.076564044,0.076564044,0.41039032435404066,0.04545381,0.15185298235484537,0.19515127944336452,0.27701346893897744,0.2467514466854353,0.27701346893897744,0.27701346893897744,0.076564044,0.008328449912369251,0.10036449134349823,0.1086929440498352,1,False,0.1,0.6850506459593184
1413,83,GENE:G0083,G0083,82,GENE:G0082,G0082,PPI,0.2770065970313359,0.015997762,0.015997762,0.39857064321055524,0.023484962,0.16380912351934884,0.1804715373069733,0.2770065970313359,0.16707545548451283,0.2770065970313359,0.2770065970313359,0.015997762,-0.03276737034320831,0.1163455992937088,0.08357822149991989,-1,False,0.1,0.6850506459593184
594,31,GENE:G0031,G0031,67,GENE:G0067,G0067,PPI,0.2765475536008796,0.063686825,0.063686825,0.8642111050027488,0.12077631,0.06652915762112517,0.14252934675032355,0.2765475536008796,0.1178128969413257,0.2765475536008796,0.2765475536008796,0.063686825,-0.0073168049566447735,0.13775983452796936,0.1304430365562439,-1,False,0.1,0.6850506459593184
1498,93,GENE:G0093,G0093,109,GENE:G0109,G0109,PPI,0.27648158328752065,0.017523648,0.017523648,0.4189114898295767,0.015911333,0.14555652624871393,0.20061880746326322,0.27648158328752065,0.17194708949327459,0.27648158328752065,0.27648158328752065,0.017523648,-0.041368741542100906,0.2661501169204712,0.22478137910366058,-1,False,0.1,0.6850506459593184
995,127,GENE:G0127,G0127,51,GENE:G0051,G0051,PPI,0.275937328202309,0.03171657,0.03171657,0.41808686091258934,0.035795733,0.4073103025128747,0.11265094251375853,0.275937328202309,0.21197683285006444,0.275937328202309,0.275937328202309,0.03171657,0.0919804647564888,0.09058026969432831,0.1825607866048813,1,False,0.1,0.6850506459593184
941,71,GENE:G0071,G0071,49,GENE:G0049,G0049,PPI,0.2754782847718527,0.03465337,0.03465337,0.5349092908191314,0.04226642,0.20313550988089385,0.27007622535494363,0.2754782847718527,0.25664271615732365,0.2754782847718527,0.2754782847718527,0.03465337,-0.005109742283821106,0.13687285780906677,0.13176313042640686,-1,False,0.1,0.6850506459593184
1323,94,GENE:G0094,G0094,73,GENE:G0073,G0073,PPI,0.27515118196811433,0.011696932,0.011696932,0.35733919736118747,0.01747292,0.06326580639017228,0.2660677692103592,0.27515118196811433,0.16454838706231337,0.27515118196811433,0.27515118196811433,0.011696932,0.02456308901309967,0.1542477309703827,0.17881080508232117,1,False,0.1,0.6850506459593184
229,79,GENE:G0079,G0079,14,GENE:G0014,G0014,PPI,0.2749835074216603,0.08276913,0.08276913,0.7746014293567896,0.114192024,0.8027579048347959,0.22844176803968783,0.2749835074216603,0.39764721893689303,0.2749835074216603,0.2749835074216603,0.08276913,-0.08831486105918884,0.4422576129436493,0.3539426922798157,-1,False,0.1,0.6850506459593184
160,9,GENE:G0009,G0009,45,GENE:G0045,G0045,PPI,0.27497251236943376,0.0105425045,0.0105425045,0.28202308960967565,0.010154786,0.05718983604802829,0.12761350036024446,0.27497251236943376,0.09497161842652477,0.27497251236943376,0.27497251236943376,0.0105425045,0.00840807519853115,0.1339750438928604,0.1423831433057785,1,False,0.1,0.6850506459593184
366,22,GENE:G0022,G0022,51,GENE:G0051,G0051,PPI,0.27429631665750415,0.061685327,0.061685327,0.7413413963716328,0.08646813,0.08500825722164851,0.13528211004024984,0.27429631665750415,0.1320233125994565,0.27429631665750415,0.27429631665750415,0.061685327,-0.010537398979067802,0.10085538029670715,0.0903179869055748,-1,False,0.1,0.6850506459593184
1490,91,GENE:G0091,G0091,157,GENE:G0157,G0157,PPI,0.27340021990104457,0.012787831,0.012787831,0.30043980208905996,0.014809522,0.10816033602625001,0.2482040107827258,0.27340021990104457,0.18081460412090594,0.27340021990104457,0.27340021990104457,0.012787831,0.04178258404135704,0.450852632522583,0.49263516068458557,1,False,0.1,0.6850506459593184
1793,193,GENE:G0193,G0193,164,GENE:G0164,G0164,PPI,0.27302089059923035,0.037899822,0.037899822,0.39857064321055524,0.03899826,0.17244626583583114,0.061714130627935494,0.27302089059923035,0.1459157134425117,0.27302089059923035,0.27302089059923035,0.037899822,0.09840082377195358,0.295131653547287,0.39353251457214355,1,False,0.1,0.6850506459593184
482,27,GENE:G0027,G0027,83,GENE:G0083,G0083,PPI,0.272997526113249,0.05164162,0.05164162,0.7479384277075316,0.08185266,0.13846389302960474,0.24123188435200466,0.272997526113249,0.21210035618088197,0.272997526113249,0.272997526113249,0.05164162,0.0008247066871263087,0.10346195101737976,0.10428664833307266,1,False,0.1,0.6850506459593184
1347,104,GENE:G0104,G0104,75,GENE:G0075,G0075,PPI,0.27233369983507427,0.013329969,0.013329969,0.363111599780099,0.018556584,0.06262427815665646,0.21443576968601438,0.27233369983507427,0.14109004444721884,0.27233369983507427,0.27233369983507427,0.013329969,-0.03620409965515137,0.18018683791160583,0.14398275315761566,-1,False,0.1,0.6850506459593184
213,96,GENE:G0096,G0096,12,GENE:G0012,G0012,PPI,0.27214403518416713,0.007585543,0.007585543,0.31280923584387027,0.010040036,0.03617196652192665,0.19572461638343297,0.27214403518416713,0.12201077190033872,0.27214403518416713,0.27214403518416713,0.007585543,-0.04887819662690163,0.42038989067077637,0.3715117573738098,-1,False,0.1,0.6850506459593184
152,8,GENE:G0008,G0008,32,GENE:G0032,G0032,PPI,0.2710280373831776,0.01814637,0.01814637,0.2710280373831776,0.013317484,0.21253061070710721,0.1828184062307146,0.2710280373831776,0.19544766908072367,0.2710280373831776,0.2710280373831776,0.01814637,0.04841179400682449,0.0874166488647461,0.13582845032215118,1,False,0.1,0.6850506459593184
768,39,GENE:G0039,G0039,82,GENE:G0082,G0082,PPI,0.2704404892798241,0.05481442,0.05481442,0.6979109400769654,0.09360446,0.21486973350689698,0.23395636146804258,0.2704404892798241,0.24599698972898873,0.2704404892798241,0.2704404892798241,0.05481442,-0.013420996256172657,0.10798908025026321,0.09456810355186462,-1,False,0.1,0.6850506459593184
1280,70,GENE:G0070,G0070,183,GENE:G0183,G0183,PPI,0.2701484332050577,0.04753315,0.04753315,0.32160527762506874,0.024614424,0.5882354996326061,0.25948583861588614,0.2701484332050577,0.4193396534657932,0.2701484332050577,0.2701484332050577,0.04753315,0.03293120488524437,0.2683149576187134,0.30124616622924805,1,False,0.1,0.6850506459593184
245,75,GENE:G0075,G0075,16,GENE:G0016,G0016,PPI,0.26939939527212753,0.015986517,0.015986517,0.2707531610775151,0.014846903,0.12962491621316186,0.14915403128310462,0.26939939527212753,0.1416991214712065,0.26939939527212753,0.26939939527212753,0.015986517,0.02545001730322838,0.23719380795955658,0.26264384388923645,1,False,0.1,0.6850506459593184
686,35,GENE:G0035,G0035,79,GENE:G0079,G0079,PPI,0.26939252336448594,0.011545019,0.011545019,0.316932380428807,0.012565799,0.0719990066832656,0.2186603751752762,0.26939252336448594,0.14528583553025695,0.26939252336448594,0.26939252336448594,0.011545019,-0.001179911894723773,0.13165880739688873,0.1304789036512375,-1,False,0.1,0.6850506459593184
974,51,GENE:G0051,G0051,56,GENE:G0056,G0056,PPI,0.2692468389224849,0.0755028,0.0755028,0.8413963716327653,0.104584776,0.22782634426727588,0.2206961992621047,0.2692468389224849,0.2305029204248344,0.2692468389224849,0.2692468389224849,0.0755028,0.0009751799516379833,0.09334272146224976,0.09431789070367813,1,False,0.1,0.6850506459593184
942,49,GENE:G0049,G0049,76,GENE:G0076,G0076,PPI,0.26889499725123694,0.01373041,0.01373041,0.2800989554700385,0.014359068,0.1641881492481652,0.2485158152838086,0.26889499725123694,0.2071179856927094,0.26889499725123694,0.26889499725123694,0.01373041,-0.04030461609363556,0.23958566784858704,0.19928106665611267,-1,False,0.1,0.6850506459593184
250,16,GENE:G0016,G0016,192,GENE:G0192,G0192,PPI,0.26789719626168224,0.006538647,0.006538647,0.29439252336448596,0.0076599782,0.024054601251557624,0.26493691538303105,0.26789719626168224,0.14059601904610378,0.26789719626168224,0.26789719626168224,0.006538647,0.004479557275772095,0.19988995790481567,0.20436954498291016,1,False,0.1,0.6850506459593184
1367,92,GENE:G0092,G0092,78,GENE:G0078,G0078,PPI,0.2676827927432655,0.16463614,0.16463614,0.8111599780098955,0.21284968,0.12776215582457717,0.11880101825275553,0.2676827927432655,0.13248615418567755,0.2676827927432655,0.2676827927432655,0.16463614,0.007296426687389612,0.09609480202198029,0.10339120775461197,1,False,0.1,0.6850506459593184
1761,188,GENE:G0188,G0188,152,GENE:G0152,G0152,PPI,0.2673117097306212,0.010476897,0.010476897,0.27844969763606375,0.013874112,0.07756321715452186,0.24780458716089848,0.2673117097306212,0.16199215186658883,0.2673117097306212,0.2673117097306212,0.010476897,0.05200084298849106,0.3580574095249176,0.41005825996398926,1,False,0.1,0.6850506459593184
1770,155,GENE:G0155,G0155,188,GENE:G0188,G0188,PPI,0.2672416162726773,0.019980712,0.019980712,0.35871357888949973,0.025067514,0.11132145726616403,0.04378657250833557,0.2672416162726773,0.07104746388112702,0.2672416162726773,0.2672416162726773,0.019980712,-0.07846251130104065,0.43490365147590637,0.35644111037254333,-1,False,0.1,0.6850506459593184
1242,67,GENE:G0067,G0067,129,GENE:G0129,G0129,PPI,0.26666849917537105,0.010850828,0.010850828,0.38647608576140735,0.01862567,0.055711814082595644,0.14711495345139106,0.26666849917537105,0.10485640223218205,0.26666849917537105,0.26666849917537105,0.010850828,-0.022640114650130272,0.3985338509082794,0.3758937418460846,-1,False,0.1,0.6850506459593184
388,23,GENE:G0023,G0023,56,GENE:G0056,G0056,PPI,0.2657023089609676,0.029308993,0.029308993,0.5593732820230897,0.043215305,0.0821293882803972,0.118825684923075,0.2657023089609676,0.11120071578184912,0.2657023089609676,0.2657023089609676,0.029308993,0.01081616897135973,0.08727114647626877,0.09808731824159622,1,False,0.1,0.6850506459593184
1245,74,GENE:G0074,G0074,68,GENE:G0068,G0068,PPI,0.2655964815832875,0.00746453,0.00746453,0.2682792743265531,0.008040204,0.029732113484837255,0.23270810862659272,0.2655964815832875,0.12810395613062675,0.2655964815832875,0.2655964815832875,0.00746453,-0.023470701649785042,0.12520582973957062,0.10173514485359192,-1,False,0.1,0.6850506459593184
1187,87,GENE:G0087,G0087,63,GENE:G0063,G0063,PPI,0.26542056074766357,0.064800076,0.064800076,0.7806487080813633,0.0958595,0.1310968108089322,0.18490007015837664,0.26542056074766357,0.17436831663173294,0.26542056074766357,0.26542056074766357,0.064800076,-0.0018550733802840114,0.13087309896945953,0.12901803851127625,-1,False,0.1,0.6850506459593184
738,38,GENE:G0038,G0038,51,GENE:G0051,G0051,PPI,0.26535321605277623,0.0341321,0.0341321,0.7636063771302913,0.046442308,0.13921612272785353,0.25463725287235217,0.26535321605277623,0.20504412174426798,0.26535321605277623,0.26535321605277623,0.0341321,-0.01399303413927555,0.10317285358905792,0.08917982131242752,-1,False,0.1,0.6850506459593184
1742,148,GENE:G0148,G0148,163,GENE:G0163,G0163,PPI,0.2653518416712479,0.03316196,0.03316196,0.6170973062122045,0.03620509,0.32472626632475454,0.25432346164685815,0.2653518416712479,0.2791023254092354,0.2653518416712479,0.2653518416712479,0.03316196,0.05546325817704201,0.330642431974411,0.38610565662384033,1,False,0.1,0.6850506459593184
1178,62,GENE:G0062,G0062,143,GENE:G0143,G0143,PPI,0.26517592083562397,0.019214433,0.019214433,0.3273776800439802,0.02003219,0.19115989884025414,0.14283199667852015,0.26517592083562397,0.1615515132611673,0.26517592083562397,0.26517592083562397,0.019214433,-0.029294583946466446,0.2521321773529053,0.2228376269340515,-1,False,0.1,0.6850506459593184
1010,52,GENE:G0052,G0052,85,GENE:G0085,G0085,PPI,0.2646728971962617,0.066341855,0.066341855,0.5514018691588786,0.06184944,0.3197938504140159,0.15280896844345984,0.2646728971962617,0.21651179830648845,0.2646728971962617,0.2646728971962617,0.066341855,-0.002997404895722866,0.10916437953710556,0.10616697371006012,-1,False,0.1,0.6850506459593184
903,58,GENE:G0058,G0058,47,GENE:G0047,G0047,PPI,0.2643293018141836,0.029744534,0.029744534,0.7144035184167125,0.04494753,0.11011730753040229,0.2215802871230614,0.2643293018141836,0.19246856096792078,0.2643293018141836,0.2643293018141836,0.029744534,0.10996928066015244,0.18581350147724152,0.29578280448913574,1,False,0.1,0.6850506459593184
1002,52,GENE:G0052,G0052,62,GENE:G0062,G0062,PPI,0.26387025838372735,0.041772004,0.041772004,0.5123694337548104,0.04848633,0.3935965420509101,0.22888781916740847,0.26387025838372735,0.29285086632830615,0.26387025838372735,0.26387025838372735,0.041772004,-0.006462559569627047,0.15280801057815552,0.14634545147418976,-1,False,0.1,0.6850506459593184
1114,57,GENE:G0057,G0057,146,GENE:G0146,G0146,PPI,0.2637293842770753,0.026710385,0.026710385,0.7589334799340297,0.04854564,0.15777345049077401,0.21221319082071322,0.2637293842770753,0.18382103423277518,0.2637293842770753,0.2637293842770753,0.026710385,-0.005197805818170309,0.3267284631729126,0.32153064012527466,-1,False,0.1,0.6850506459593184
526,29,GENE:G0029,G0029,43,GENE:G0043,G0043,PPI,0.26294117647058823,0.013631251,0.013631251,0.3529411764705882,0.018282237,0.13269943973872916,0.2207293666171251,0.26294117647058823,0.17564110987841575,0.26294117647058823,0.26294117647058823,0.013631251,0.02781246416270733,0.1436171978712082,0.17142963409423828,1,False,0.1,0.6850506459593184
1297,110,GENE:G0110,G0110,71,GENE:G0071,G0071,PPI,0.2622196261682243,0.021389078,0.021389078,0.40654205607476634,0.025035253,0.19526972816416632,0.17883230074479262,0.2622196261682243,0.179777686055049,0.2622196261682243,0.2622196261682243,0.021389078,-0.03008032962679863,0.11392487585544586,0.08384452760219574,-1,False,0.1,0.6850506459593184
1626,119,GENE:G0119,G0119,169,GENE:G0169,G0169,PPI,0.261786695986806,0.01586684,0.01586684,0.3537658053875756,0.018434018,0.1750416680617985,0.14752500674868085,0.261786695986806,0.1539427254229393,0.261786695986806,0.261786695986806,0.01586684,0.00014293640560936183,0.39691615104675293,0.3970590829849243,1,False,0.1,0.6850506459593184
1605,182,GENE:G0182,G0182,114,GENE:G0114,G0114,PPI,0.2612259483232546,0.033846416,0.033846416,0.5557998900494778,0.043224312,0.2697613596306909,0.18666934618590303,0.2612259483232546,0.2150337959680452,0.2612259483232546,0.2612259483232546,0.033846416,-0.09351461380720139,0.3364536166191101,0.24293895065784454,-1,False,0.1,0.6850506459593184
1486,90,GENE:G0090,G0090,173,GENE:G0173,G0173,PPI,0.26119433754810334,0.006612702,0.006612702,0.26250687190764155,0.009117391,0.02082894626970964,0.23783687586355595,0.26119433754810334,0.12252239360294634,0.26119433754810334,0.26119433754810334,0.006612702,0.020522093400359154,0.6903135180473328,0.7108356952667236,1,False,0.1,0.6850506459593184
798,41,GENE:G0041,G0041,86,GENE:G0086,G0086,PPI,0.2610060472787246,0.007880942,0.007880942,0.26498075865860365,0.008041733,0.0335866002718624,0.17144582724440954,0.2610060472787246,0.1029911141796469,0.2610060472787246,0.2610060472787246,0.007880942,-0.024618931114673615,0.17784185707569122,0.1532229632139206,-1,False,0.1,0.6850506459593184
1004,52,GENE:G0052,G0052,69,GENE:G0069,G0069,PPI,0.2604672897196262,0.063667305,0.063667305,0.7660802638812534,0.0948956,0.17285155863040322,0.1786790866512793,0.2604672897196262,0.1899406035865075,0.2604672897196262,0.2604672897196262,0.063667305,0.0013800696469843388,0.09120825678110123,0.09258833527565002,1,False,0.1,0.6850506459593184
628,32,GENE:G0032,G0032,80,GENE:G0080,G0080,PPI,0.2604562946673996,0.050576877,0.050576877,0.3567894447498625,0.036781378,0.28785207664504237,0.14934099779175558,0.2604562946673996,0.22412025077304376,0.2604562946673996,0.2604562946673996,0.050576877,-0.003389695892110467,0.12691928446292877,0.12352960556745529,-1,False,0.1,0.6850506459593184
1168,62,GENE:G0062,G0062,68,GENE:G0068,G0068,PPI,0.2603655854865311,0.0124166105,0.0124166105,0.32957669048927984,0.012679564,0.08740728726863822,0.18756938842092913,0.2603655854865311,0.140365524641606,0.2603655854865311,0.2603655854865311,0.0124166105,-0.02394416183233261,0.12405054271221161,0.1001063734292984,-1,False,0.1,0.6850506459593184
605,85,GENE:G0085,G0085,31,GENE:G0031,G0031,PPI,0.25985981308411216,0.09055161,0.09055161,0.7757009345794392,0.130991,0.10204105530023715,0.1522529227467676,0.25985981308411216,0.14955733027339496,0.25985981308411216,0.25985981308411216,0.09055161,-0.0033278590999543667,0.08541226387023926,0.08208438754081726,-1,False,0.1,0.6850506459593184
706,36,GENE:G0036,G0036,66,GENE:G0066,G0066,PPI,0.2594832325453546,0.04081641,0.04081641,0.8108851017042331,0.08163268,0.052676388278181996,0.13373459698265092,0.2594832325453546,0.1021610526487281,0.2594832325453546,0.2594832325453546,0.04081641,-0.010964331217110157,0.11796624213457108,0.1070019081234932,-1,False,0.1,0.6850506459593184
1669,144,GENE:G0144,G0144,129,GENE:G0129,G0129,PPI,0.2592798240791644,0.037141588,0.037141588,0.6564046179219352,0.039072584,0.34812428721866484,0.21436410133713765,0.2592798240791644,0.267759602322615,0.2592798240791644,0.2592798240791644,0.037141588,0.06901808083057404,0.3690229058265686,0.43804097175598145,1,False,0.1,0.6850506459593184
626,32,GENE:G0032,G0032,77,GENE:G0077,G0077,PPI,0.25839059923034635,0.03978334,0.03978334,0.5439802089059923,0.058190387,0.10817747911987424,0.15229017172664253,0.25839059923034635,0.14953980159247698,0.25839059923034635,0.25839059923034635,0.03978334,0.005078422836959362,0.10812881588935852,0.11320723593235016,1,False,0.1,0.6850506459593184
159,13,GENE:G0013,G0013,9,GENE:G0009,G0009,PPI,0.25708493677844974,0.012690843,0.012690843,0.2872457394172623,0.015496021,0.04068038569730597,0.11368001905631453,0.25708493677844974,0.08038876102655156,0.25708493677844974,0.25708493677844974,0.012690843,0.002533441875129938,0.17057174444198608,0.1731051802635193,1,False,0.1,0.6850506459593184
801,94,GENE:G0094,G0094,41,GENE:G0041,G0041,PPI,0.2551621770203409,0.024218297,0.024218297,0.5547003848268279,0.034742553,0.2344325503077589,0.24526289376755417,0.2551621770203409,0.23198497298538534,0.2551621770203409,0.2551621770203409,0.024218297,-0.013901583850383759,0.1424340307712555,0.12853245437145233,-1,False,0.1,0.6850506459593184
1208,65,GENE:G0065,G0065,83,GENE:G0083,G0083,PPI,0.2550687190764156,0.023880122,0.023880122,0.3073117097306212,0.021167178,0.2084157973831141,0.14412558794993968,0.2550687190764156,0.17551141958518743,0.2550687190764156,0.2550687190764156,0.023880122,-0.005640826653689146,0.10489476472139359,0.09925393015146255,-1,False,0.1,0.6850506459593184
952,50,GENE:G0050,G0050,51,GENE:G0051,G0051,PPI,0.2549615173172073,0.018668018,0.018668018,0.3922484881803189,0.021410506,0.1423123168697262,0.16733892410110007,0.2549615173172073,0.15381544351087437,0.2549615173172073,0.2549615173172073,0.018668018,-0.011064331978559494,0.10010195523500443,0.08903762698173523,-1,False,0.1,0.6850506459593184
1006,52,GENE:G0052,G0052,72,GENE:G0072,G0072,PPI,0.25493815283122595,0.036142472,0.036142472,0.6984606926882903,0.054135624,0.07661944666218619,0.21308775445550285,0.25493815283122595,0.1632291946458777,0.25493815283122595,0.25493815283122595,0.036142472,0.00718809524551034,0.10779497027397156,0.11498304456472397,1,False,0.1,0.6850506459593184
1778,158,GENE:G0158,G0158,174,GENE:G0174,G0174,PPI,0.25476910390324353,0.010785315,0.010785315,0.2754260582737768,0.011253431,0.08549311652546543,0.2376697084121159,0.25476910390324353,0.16143024354954144,0.25476910390324353,0.25476910390324353,0.010785315,-0.0566847026348114,0.28216126561164856,0.22547659277915955,-1,False,0.1,0.6850506459593184
945,94,GENE:G0094,G0094,49,GENE:G0049,G0049,PPI,0.25453683342495875,0.13172174,0.13172174,0.6973611874656405,0.121549904,0.2723470194616223,0.14895641493863782,0.25453683342495875,0.22634200700540463,0.25453683342495875,0.25453683342495875,0.13172174,-0.006416708696633577,0.14010754227638245,0.13369083404541016,-1,False,0.1,0.6850506459593184
149,119,GENE:G0119,G0119,7,GENE:G0007,G0007,PPI,0.2543155579989005,0.019851265,0.019851265,0.3532160527762507,0.024595685,0.14202058868569475,0.1847559695145607,0.2543155579989005,0.16813122643213183,0.2543155579989005,0.2543155579989005,0.019851265,-0.023822849616408348,0.2146090865135193,0.1907862424850464,-1,False,0.1,0.6850506459593184
823,92,GENE:G0092,G0092,42,GENE:G0042,G0042,PPI,0.25428807036833423,0.02608256,0.02608256,0.46234194612424406,0.031038322,0.21561429243548386,0.23255386260375513,0.25428807036833423,0.22731420705735442,0.25428807036833423,0.25428807036833423,0.02608256,-0.01007469929754734,0.1452915221452713,0.1352168321609497,-1,False,0.1,0.6850506459593184
162,9,GENE:G0009,G0009,48,GENE:G0048,G0048,PPI,0.253851017042331,0.011888207,0.011888207,0.32133040131940627,0.01296508,0.07090850709425618,0.20792336584958981,0.253851017042331,0.14031228101120244,0.253851017042331,0.253851017042331,0.011888207,-2.5925337467924692e-05,0.14463470876216888,0.14460879564285278,-1,False,0.1,0.6850506459593184
1753,151,GENE:G0151,G0151,150,GENE:G0150,G0150,PPI,0.25337135788895,0.016518064,0.016518064,0.3108851017042331,0.012528125,0.08520292144325728,0.2381469165529905,0.25337135788895,0.1837921528504159,0.25337135788895,0.25337135788895,0.016518064,0.014667278155684471,0.25821560621261597,0.272882878780365,1,False,0.1,0.6850506459593184
64,2,GENE:G0002,G0002,130,GENE:G0130,G0130,PPI,0.2525426058273777,0.041990966,0.041990966,0.5153930731170974,0.045219824,0.35681792829479336,0.21495660480008993,0.2525426058273777,0.28518123421100927,0.2525426058273777,0.2525426058273777,0.041990966,0.08601405471563339,0.24774406850337982,0.33375808596611023,1,False,0.1,0.6850506459593184
1741,171,GENE:G0171,G0171,147,GENE:G0147,G0147,PPI,0.2523419461242441,0.029805386,0.029805386,0.2561847168774052,0.015160669,0.4271714085077057,0.17430918080050306,0.2523419461242441,0.28500924336022615,0.2523419461242441,0.2523419461242441,0.029805386,-0.09434917569160461,0.684824526309967,0.59047532081604,-1,False,0.1,0.6850506459593184
31,29,GENE:G0029,G0029,1,GENE:G0001,G0001,PPI,0.25203408466190214,0.013960508,0.013960508,0.291368884002199,0.015476038,0.14370575427300336,0.23389953619866022,0.25203408466190214,0.1908489834018265,0.25203408466190214,0.25203408466190214,0.013960508,0.013076502829790115,0.13955235481262207,0.15262886881828308,1,False,0.1,0.6850506459593184
991,79,GENE:G0079,G0079,51,GENE:G0051,G0051,PPI,0.25076553051126993,0.022465246,0.022465246,0.5065970313358988,0.03336158,0.1526429160710852,0.2282218220515651,0.25076553051126993,0.19822270807633932,0.25076553051126993,0.25076553051126993,0.022465246,-0.014297004789113998,0.10191112756729126,0.08761412650346756,-1,False,0.1,0.6850506459593184
1214,65,GENE:G0065,G0065,122,GENE:G0122,G0122,PPI,0.25069268829026936,0.031995744,0.031995744,0.4043430456294667,0.033196103,0.41686475406832946,0.21827035345450202,0.25069268829026936,0.29135930808335625,0.25069268829026936,0.25069268829026936,0.031995744,-0.052352696657180786,0.34622079133987427,0.2938680946826935,-1,False,0.1,0.6850506459593184
1368,78,GENE:G0078,G0078,95,GENE:G0095,G0095,PPI,0.2504466739967015,0.019690014,0.019690014,0.254260582737768,0.016894197,0.15817295511830956,0.17573894809757315,0.2504466739967015,0.18072773462181282,0.2504466739967015,0.2504466739967015,0.019690014,-0.0261565949767828,0.19096946716308594,0.1648128479719162,-1,False,0.1,0.6850506459593184
873,69,GENE:G0069,G0069,45,GENE:G0045,G0045,PPI,0.250021990104453,0.03389906,0.03389906,0.6849917537108301,0.054926198,0.07700937002855757,0.16292871210295554,0.250021990104453,0.13063828403937106,0.250021990104453,0.250021990104453,0.03389906,0.000698970106896013,0.13939273357391357,0.1400917023420334,1,False,0.1,0.6850506459593184
1393,115,GENE:G0115,G0115,80,GENE:G0080,G0080,PPI,0.24985156679494225,0.048156958,0.048156958,0.5431555799890049,0.05614021,0.3206509571899607,0.22708840484708595,0.24985156679494225,0.2700134803165917,0.24985156679494225,0.24985156679494225,0.048156958,0.009859022684395313,0.12869039177894592,0.13854941725730896,1,False,0.1,0.6850506459593184
458,26,GENE:G0026,G0026,40,GENE:G0040,G0040,PPI,0.24959043430456296,0.009535141,0.009535141,0.28202308960967565,0.011544091,0.04867979299960517,0.049635262562877376,0.24959043430456296,0.06646829558391544,0.24959043430456296,0.24959043430456296,0.009535141,0.0988326370716095,0.17008768022060394,0.26892030239105225,1,False,0.1,0.6850506459593184
1694,135,GENE:G0135,G0135,195,GENE:G0195,G0195,PPI,0.24941588785046725,0.01932234,0.01932234,0.2850467289719626,0.018413711,0.257111001583168,0.22228619429659238,0.24941588785046725,0.23651034057187525,0.24941588785046725,0.24941588785046725,0.01932234,-0.03585942089557648,0.3580326735973358,0.3221732974052429,-1,False,0.1,0.6850506459593184
77,23,GENE:G0023,G0023,3,GENE:G0003,G0003,PPI,0.24881528312259482,0.020553634,0.020553634,0.3479934029686641,0.02238315,0.28017324276906036,0.1528994467380432,0.24881528312259482,0.19936028130061442,0.24881528312259482,0.24881528312259482,0.020553634,0.05732429027557373,0.27272242307662964,0.33004674315452576,1,False,0.1,0.6850506459593184
191,12,GENE:G0012,G0012,11,GENE:G0011,G0011,PPI,0.24801401869158876,0.028115207,0.028115207,0.2570093457943925,0.015593443,0.44917637721226156,0.16555671504792033,0.24801401869158876,0.2750908059995829,0.24801401869158876,0.24801401869158876,0.028115207,0.08276913315057755,0.18806558847427368,0.270834743976593,1,False,0.1,0.6850506459593184
1151,67,GENE:G0067,G0067,60,GENE:G0060,G0060,PPI,0.2477803738317757,0.020501649,0.020501649,0.4719626168224299,0.027717706,0.1969089349741044,0.16577581941663846,0.2477803738317757,0.17359063121258098,0.2477803738317757,0.2477803738317757,0.020501649,-0.005918292794376612,0.12807735800743103,0.12215906381607056,-1,False,0.1,0.6850506459593184
1351,124,GENE:G0124,G0124,75,GENE:G0075,G0075,PPI,0.2474546454095657,0.016842626,0.016842626,0.2811984606926883,0.01712049,0.09532343803292799,0.2381404003629923,0.2474546454095657,0.19402453860116659,0.2474546454095657,0.2474546454095657,0.016842626,-0.03459428623318672,0.17871034145355225,0.14411604404449463,-1,False,0.1,0.6850506459593184
1210,65,GENE:G0065,G0065,88,GENE:G0088,G0088,PPI,0.24711379879054424,0.033123154,0.033123154,0.24711379879054424,0.019612873,0.403840412263492,0.24022206794400766,0.24711379879054424,0.3597195813354515,0.24711379879054424,0.24711379879054424,0.033123154,-0.01873668096959591,0.18591810762882233,0.16718140244483948,-1,False,0.1,0.6850506459593184
1776,157,GENE:G0157,G0157,166,GENE:G0166,G0166,PPI,0.24706981858163832,0.027214942,0.027214942,0.26855415063221555,0.015122071,0.22104608427053868,0.1363028065642571,0.24706981858163832,0.18243214375969266,0.24706981858163832,0.24706981858163832,0.027214942,-0.21341389417648315,1.0660077333450317,0.8525937795639038,-1,False,0.1,0.6850506459593184
1139,86,GENE:G0086,G0086,59,GENE:G0059,G0059,PPI,0.24536008796041783,0.019957028,0.019957028,0.302913688840022,0.017873913,0.2007015496290541,0.22645710685107606,0.24536008796041783,0.221967009042822,0.24536008796041783,0.24536008796041783,0.019957028,-0.03233107924461365,0.10917963087558746,0.07684854418039322,-1,False,0.1,0.6850506459593184
364,22,GENE:G0022,G0022,46,GENE:G0046,G0046,PPI,0.24515393073117095,0.042095147,0.042095147,0.5272127542605827,0.061802886,0.17790109396321366,0.2216175670714389,0.24515393073117095,0.22444160816864644,0.24515393073117095,0.24515393073117095,0.042095147,-0.012195229530334473,0.1350562423467636,0.12286101281642914,-1,False,0.1,0.6850506459593184
986,51,GENE:G0051,G0051,73,GENE:G0073,G0073,PPI,0.24484606926882901,0.016913628,0.016913628,0.279824079164376,0.014476283,0.11834410919114784,0.1841584747051645,0.24484606926882901,0.1618623120750214,0.24484606926882901,0.24484606926882901,0.016913628,0.0302644781768322,0.1550624966621399,0.1853269785642624,1,False,0.1,0.6850506459593184
1250,68,GENE:G0068,G0068,112,GENE:G0112,G0112,PPI,0.24473336998350745,0.015167346,0.015167346,0.3708081363386476,0.01668419,0.1390084705972989,0.05635795745785274,0.24473336998350745,0.09986665240331309,0.24473336998350745,0.24473336998350745,0.015167346,0.09777441620826721,0.3070617914199829,0.4048362374305725,1,False,0.1,0.6850506459593184
740,38,GENE:G0038,G0038,57,GENE:G0057,G0057,PPI,0.24452308960967564,0.08847456,0.08847456,0.33727322704782847,0.036228254,0.3129283470692612,0.18500135940297754,0.24452308960967564,0.30700139391382025,0.24452308960967564,0.24452308960967564,0.08847456,-0.011674880050122738,0.12020830810070038,0.10853342711925507,-1,False,0.1,0.6850506459593184
1752,150,GENE:G0150,G0150,151,GENE:G0151,G0151,PPI,0.2437053326003298,0.034020856,0.034020856,0.3408466190214403,0.02276145,0.4710958958875498,0.14975933171814657,0.2437053326003298,0.26388752210805966,0.2437053326003298,0.2437053326003298,0.034020856,0.035453882068395615,0.2471855729818344,0.28263944387435913,1,False,0.1,0.6850506459593184
1078,55,GENE:G0055,G0055,137,GENE:G0137,G0137,PPI,0.24333974711379877,0.050813645,0.050813645,0.3526663001649258,0.029072993,0.547320403125871,0.16700527445787433,0.24333974711379877,0.31661542178299446,0.24333974711379877,0.24333974711379877,0.050813645,0.10695920884609222,0.209208682179451,0.3161679208278656,1,False,0.1,0.6850506459593184
575,94,GENE:G0094,G0094,30,GENE:G0030,G0030,PPI,0.24313358988455192,0.07376405,0.07376405,0.6753710830126443,0.076837584,0.15519412810118205,0.20462740764339435,0.24313358988455192,0.2057030433925186,0.24313358988455192,0.24313358988455192,0.07376405,-0.008366062305867672,0.09371680021286011,0.08535075187683105,-1,False,0.1,0.6850506459593184
1654,126,GENE:G0126,G0126,131,GENE:G0131,G0131,PPI,0.24310060472787245,0.009540734,0.009540734,0.29466739967014843,0.012515551,0.0586708696992936,0.17954169536358747,0.24310060472787245,0.12204564284105182,0.24310060472787245,0.24310060472787245,0.009540734,-0.061740580946207047,0.4835193157196045,0.4217787981033325,-1,False,0.1,0.6850506459593184
275,92,GENE:G0092,G0092,18,GENE:G0018,G0018,PPI,0.24297691039032435,0.015570773,0.015570773,0.2927432655305113,0.014498608,0.128911659920095,0.17386830658108923,0.24297691039032435,0.15405022308579625,0.24297691039032435,0.24297691039032435,0.015570773,-0.021861478686332703,0.29197755455970764,0.27011609077453613,-1,False,0.1,0.6850506459593184
1708,141,GENE:G0141,G0141,148,GENE:G0148,G0148,PPI,0.24204920285871356,0.004655458,0.004655458,0.24326553051126992,0.0060117175,0.0052645630173547035,0.2059009567125504,0.24204920285871356,0.09866951655067664,0.24204920285871356,0.24204920285871356,0.004655458,-0.012119685299694538,0.6893935203552246,0.6772739291191101,-1,False,0.1,0.6850506459593184
1571,116,GENE:G0116,G0116,108,GENE:G0108,G0108,PPI,0.2417592083562397,0.010806775,0.010806775,0.262781748213304,0.010990931,0.0852786111498681,0.21238228331748185,0.2417592083562397,0.14919284992934123,0.2417592083562397,0.2417592083562397,0.010806775,0.20602016150951385,0.35808560252189636,0.564105749130249,1,False,0.1,0.6850506459593184
921,87,GENE:G0087,G0087,48,GENE:G0048,G0048,PPI,0.24151181968114346,0.0049349833,0.0049349833,0.24518966465090708,0.0054475246,0.0083966500679656,0.15864074471163203,0.24151181968114346,0.08374709976545681,0.24151181968114346,0.24151181968114346,0.0049349833,-0.026193127036094666,0.1567225307226181,0.13052938878536224,-1,False,0.1,0.6850506459593184
141,74,GENE:G0074,G0074,7,GENE:G0007,G0007,PPI,0.241478834524464,0.010010276,0.010010276,0.2759758108851017,0.010887425,0.05222948546185309,0.1632694915401873,0.241478834524464,0.10739117936267083,0.241478834524464,0.241478834524464,0.010010276,-0.03895214945077896,0.2083807736635208,0.16942861676216125,-1,False,0.1,0.6850506459593184
1135,80,GENE:G0080,G0080,59,GENE:G0059,G0059,PPI,0.24119983507421663,0.033827018,0.033827018,0.3521165475536009,0.03155639,0.07109163724210875,0.07138506280595308,0.24119983507421663,0.0873615845793008,0.24119983507421663,0.24119983507421663,0.033827018,0.010309334844350815,0.08919128775596619,0.0995006188750267,1,False,0.1,0.6850506459593184
137,32,GENE:G0032,G0032,7,GENE:G0007,G0007,PPI,0.2410967564595932,0.01121759,0.01121759,0.27872457394172623,0.012040293,0.07918265205017866,0.17581755240176913,0.2410967564595932,0.1285203781726168,0.2410967564595932,0.2410967564595932,0.01121759,0.007459564134478569,0.19191426038742065,0.19937379658222198,1,False,0.1,0.6850506459593184
778,40,GENE:G0040,G0040,48,GENE:G0048,G0048,PPI,0.24094832325453547,0.010933708,0.010933708,0.2633315008246289,0.007928535,0.08028606658871706,0.2238859844456499,0.24094832325453547,0.15327486052236072,0.24094832325453547,0.24094832325453547,0.010933708,0.0568353496491909,0.14138050377368927,0.19821584224700928,1,False,0.1,0.6850506459593184
688,35,GENE:G0035,G0035,80,GENE:G0080,G0080,PPI,0.24022814733369985,0.0070925816,0.0070925816,0.3119846069268829,0.008740749,0.02138428941358263,0.23866312645692678,0.24022814733369985,0.12527700626397756,0.24022814733369985,0.24022814733369985,0.0070925816,-0.0014233598485589027,0.12881499528884888,0.12739162147045135,-1,False,0.1,0.6850506459593184
530,29,GENE:G0029,G0029,56,GENE:G0056,G0056,PPI,0.24007971412864212,0.012345744,0.012345744,0.2875206157229247,0.014220126,0.09891877984827593,0.17624568151584002,0.24007971412864212,0.14035823658822016,0.24007971412864212,0.24007971412864212,0.012345744,0.022001273930072784,0.0895632952451706,0.11156456172466278,1,False,0.1,0.6850506459593184
139,35,GENE:G0035,G0035,7,GENE:G0007,G0007,PPI,0.23996976360637712,0.016034437,0.016034437,0.3581638262781748,0.02105475,0.04273174162191157,0.14804345519037282,0.23996976360637712,0.10265235951302573,0.23996976360637712,0.23996976360637712,0.016034437,-0.000926912878639996,0.19314450025558472,0.192217618227005,-1,False,0.1,0.6850506459593184
322,20,GENE:G0020,G0020,75,GENE:G0075,G0075,PPI,0.23961792193512918,0.011050411,0.011050411,0.2677295217152281,0.013571324,0.06817613374628737,0.187840451976535,0.23961792193512918,0.12850334978056352,0.23961792193512918,0.23961792193512918,0.011050411,0.031736571341753006,0.1529659777879715,0.1847025454044342,1,False,0.1,0.6850506459593184
601,77,GENE:G0077,G0077,31,GENE:G0031,G0031,PPI,0.23930318856514565,0.031882204,0.031882204,0.3768554150632215,0.032801382,0.1469063901474481,0.07355924243193522,0.23930318856514565,0.09980592716287182,0.23930318856514565,0.23930318856514565,0.031882204,0.004491785075515509,0.08313079923391342,0.08762259781360626,1,False,0.1,0.6850506459593184
21,162,GENE:G0162,G0162,0,GENE:G0000,G0000,PPI,0.2393018141836174,0.01598414,0.01598414,0.302913688840022,0.01639977,0.15547689274356827,0.23238633239489243,0.2393018141836174,0.20023455440658486,0.2393018141836174,0.2393018141836174,0.01598414,-0.01864585094153881,0.1879979372024536,0.16935209929943085,-1,False,0.1,0.6850506459593184
1547,196,GENE:G0196,G0196,104,GENE:G0104,G0104,PPI,0.23927432655305114,0.022921164,0.022921164,0.3067619571192963,0.017536448,0.33973300814828455,0.23696244309360273,0.23927432655305114,0.2789998769408014,0.23927432655305114,0.23927432655305114,0.022921164,-0.07616227120161057,0.3650529384613037,0.28889068961143494,-1,False,0.1,0.6850506459593184
1497,135,GENE:G0135,G0135,92,GENE:G0092,G0092,PPI,0.23895821880153928,0.008948779,0.008948779,0.31033534909290816,0.0105437115,0.03085185744175122,0.22620445564305913,0.23895821880153928,0.12317537757233255,0.23895821880153928,0.23895821880153928,0.008948779,-0.02872268483042717,0.16372424364089966,0.13500156998634338,-1,False,0.1,0.6850506459593184
960,50,GENE:G0050,G0050,79,GENE:G0079,G0079,PPI,0.23847168774051677,0.030359382,0.030359382,0.5184167124793843,0.03980277,0.28254582486679275,0.18934633724890534,0.23847168774051677,0.21737040546422412,0.23847168774051677,0.23847168774051677,0.030359382,-0.011213264428079128,0.13376887142658234,0.12255562096834183,-1,False,0.1,0.6850506459593184
4,0,GENE:G0000,G0000,46,GENE:G0046,G0046,PPI,0.23845794392523365,0.035264343,0.035264343,0.25233644859813087,0.018779544,0.45913892664117073,0.22212774968987253,0.23845794392523365,0.35829653698633224,0.23845794392523365,0.23845794392523365,0.035264343,-0.013643944635987282,0.13879892230033875,0.1251549869775772,-1,False,0.1,0.6850506459593184
816,42,GENE:G0042,G0042,66,GENE:G0066,G0066,PPI,0.23834524463991202,0.027551804,0.027551804,0.3287520615722925,0.024681808,0.1634671684261254,0.1803273234278412,0.23834524463991202,0.19833014977725077,0.23834524463991202,0.23834524463991202,0.027551804,-0.00790601596236229,0.11391445249319077,0.10600843280553818,-1,False,0.1,0.6850506459593184
1045,107,GENE:G0107,G0107,53,GENE:G0053,G0053,PPI,0.2380057724024189,0.0054120617,0.0054120617,0.27515118196811433,0.008423957,0.007629774053330909,0.20946759087381253,0.2380057724024189,0.09770136541010432,0.2380057724024189,0.2380057724024189,0.0054120617,0.0026763188652694225,0.08874119073152542,0.09141752123832703,1,False,0.1,0.6850506459593184
1097,167,GENE:G0167,G0167,56,GENE:G0056,G0056,PPI,0.237390049477735,0.0102594085,0.0102594085,0.27130291368884,0.010366209,0.05693720091173715,0.1162968982469006,0.237390049477735,0.08853062084093602,0.237390049477735,0.237390049477735,0.0102594085,0.03947443142533302,0.09072568267583847,0.1302001029253006,1,False,0.1,0.6850506459593184
1425,93,GENE:G0093,G0093,83,GENE:G0083,G0083,PPI,0.23729246838922483,0.007720702,0.007720702,0.27432655305112696,0.010972939,0.023952470813034754,0.12102278961665504,0.23729246838922483,0.07523376198544973,0.23729246838922483,0.23729246838922483,0.007720702,-0.017871730029582977,0.11331281810998917,0.095441073179245,-1,False,0.1,0.6850506459593184
1480,90,GENE:G0090,G0090,91,GENE:G0091,G0091,PPI,0.23632765255634963,0.0059746755,0.0059746755,0.2685541506322155,0.008244932,0.010067177985249257,0.22106427672160278,0.23632765255634963,0.10542020512266281,0.23632765255634963,0.23632765255634963,0.0059746755,-0.034838978201150894,0.15692661702632904,0.12208762019872665,-1,False,0.1,0.6850506459593184
142,7,GENE:G0007,G0007,79,GENE:G0079,G0079,PPI,0.23608576140736667,0.07377373,0.07377373,0.7377680043980208,0.084059365,0.07904615537067146,0.06598797637833353,0.23608576140736667,0.07432241403419625,0.23608576140736667,0.23608576140736667,0.07377373,0.002371391048654914,0.13748899102210999,0.1398603916168213,1,False,0.1,0.6850506459593184
1380,79,GENE:G0079,G0079,91,GENE:G0091,G0091,PPI,0.23604452996151734,0.039130718,0.039130718,0.5975810885101704,0.05117406,0.13694709525398374,0.1273633028874355,0.23604452996151734,0.1318760664368703,0.23604452996151734,0.23604452996151734,0.039130718,-0.008450889959931374,0.1411060094833374,0.13265514373779297,-1,False,0.1,0.6850506459593184
1039,91,GENE:G0091,G0091,53,GENE:G0053,G0053,PPI,0.23514843320505774,0.014152803,0.014152803,0.30538757559098406,0.016675413,0.06575886950303479,0.15796982290101352,0.23514843320505774,0.11748763133139042,0.23514843320505774,0.23514843320505774,0.014152803,-0.014232197776436806,0.09059660881757736,0.07636440545320511,-1,False,0.1,0.6850506459593184
1630,120,GENE:G0120,G0120,150,GENE:G0150,G0150,PPI,0.23483232545354593,0.05407105,0.05407105,0.2594832325453546,0.023645628,0.26049017238883726,0.09718504458916748,0.23483232545354593,0.18656601735007947,0.23483232545354593,0.23483232545354593,0.05407105,-0.102690190076828,0.34444934129714966,0.24175918102264404,-1,False,0.1,0.6850506459593184
935,63,GENE:G0063,G0063,49,GENE:G0049,G0049,PPI,0.23390186915887848,0.037637386,0.037637386,0.3317757009345794,0.028151274,0.16217771917740617,0.1750804610831477,0.23390186915887848,0.21706656087452073,0.23390186915887848,0.23390186915887848,0.037637386,-0.007574013434350491,0.14034685492515564,0.13277286291122437,-1,False,0.1,0.6850506459593184
373,70,GENE:G0070,G0070,22,GENE:G0022,G0022,PPI,0.23347718526662997,0.0077722697,0.0077722697,0.33837273227047826,0.010722261,0.023230483528196958,0.1777664907697626,0.23347718526662997,0.09850440453400947,0.23347718526662997,0.23347718526662997,0.0077722697,-0.02755025587975979,0.18572117388248444,0.1581709235906601,-1,False,0.1,0.6850506459593184
493,169,GENE:G0169,G0169,27,GENE:G0027,G0027,PPI,0.23221687740516767,0.02039122,0.02039122,0.5663826278174822,0.035591498,0.12527701821158232,0.19190260412387974,0.23221687740516767,0.1588074098777906,0.23221687740516767,0.23221687740516767,0.02039122,0.003602956887334585,0.15405765175819397,0.1576606035232544,1,False,0.1,0.6850506459593184
544,29,GENE:G0029,G0029,89,GENE:G0089,G0089,PPI,0.23195986805937327,0.014752154,0.014752154,0.3361737218251787,0.015684953,0.10710413895836905,0.20896921976543403,0.23195986805937327,0.16066961327312154,0.23195986805937327,0.23195986805937327,0.014752154,0.028360256925225258,0.1732579469680786,0.20161820948123932,1,False,0.1,0.6850506459593184
990,51,GENE:G0051,G0051,79,GENE:G0079,G0079,PPI,0.2318609125893348,0.012661789,0.012661789,0.24931280923584387,0.009905039,0.1135655041241757,0.20960076468591773,0.2318609125893348,0.16645724402932402,0.2318609125893348,0.2318609125893348,0.012661789,0.008977048099040985,0.13302020728588104,0.14199727773666382,1,False,0.1,0.6850506459593184
867,47,GENE:G0047,G0047,45,GENE:G0045,G0045,PPI,0.23106102253985708,0.013282647,0.013282647,0.2567344694887301,0.010895545,0.03139025430501029,0.017222271778324385,0.23106102253985708,0.026705095871632414,0.23106102253985708,0.23106102253985708,0.013282647,0.021479932591319084,0.13653063774108887,0.1580105870962143,1,False,0.1,0.6850506459593184
1419,92,GENE:G0092,G0092,82,GENE:G0082,G0082,PPI,0.23105552501374382,0.11082035,0.11082035,0.8719076415612974,0.19641191,0.37335425246110326,0.17383573189268686,0.23105552501374382,0.23484847981712828,0.23105552501374382,0.23105552501374382,0.11082035,0.006361071020364761,0.10136120766401291,0.10772226005792618,1,False,0.1,0.6850506459593184
674,34,GENE:G0034,G0034,94,GENE:G0094,G0094,PPI,0.23099505222649808,0.024785189,0.024785189,0.3276525563496427,0.025108926,0.15294429868575676,0.21398621968834688,0.23099505222649808,0.21914018743100164,0.23099505222649808,0.23099505222649808,0.024785189,0.004288913682103157,0.12973317503929138,0.1340220868587494,1,False,0.1,0.6850506459593184
1665,164,GENE:G0164,G0164,128,GENE:G0128,G0128,PPI,0.2308548653106102,0.016837424,0.016837424,0.279824079164376,0.015459976,0.17115615180178637,0.22518885148544474,0.2308548653106102,0.20467182119777638,0.2308548653106102,0.2308548653106102,0.016837424,0.013075797818601131,0.41279175877571106,0.42586761713027954,1,False,0.1,0.6850506459593184
652,33,GENE:G0033,G0033,134,GENE:G0134,G0134,PPI,0.23076415612974163,0.0208285,0.0208285,0.32050577240241895,0.014623007,0.19753696444479077,0.13867199957749354,0.23076415612974163,0.1619038707531935,0.23076415612974163,0.23076415612974163,0.0208285,0.12593378126621246,0.30370640754699707,0.4296402037143707,1,False,0.1,0.6850506459593184
261,61,GENE:G0061,G0061,17,GENE:G0017,G0017,PPI,0.22976635514018692,0.012521099,0.012521099,0.245739417262232,0.010695517,0.13000488681759578,0.21319576315205319,0.22976635514018692,0.17305407161013323,0.22976635514018692,0.22976635514018692,0.012521099,0.0478256493806839,0.2240706831216812,0.2718963623046875,1,False,0.1,0.6850506459593184
1077,114,GENE:G0114,G0114,55,GENE:G0055,G0055,PPI,0.22967564595931833,0.0061261016,0.0061261016,0.3479934029686641,0.00917633,0.015264079006673424,0.14825499197164513,0.22967564595931833,0.09078903157675501,0.22967564595931833,0.22967564595931833,0.0061261016,-0.025818288326263428,0.18021540343761444,0.1543971300125122,-1,False,0.1,0.6850506459593184
648,33,GENE:G0033,G0033,81,GENE:G0081,G0081,PPI,0.22952171522814735,0.014020649,0.014020649,0.22952171522814735,0.011676353,0.12876245527985195,0.20973312049044876,0.22952171522814735,0.17768137656951646,0.22952171522814735,0.22952171522814735,0.014020649,0.04422078654170036,0.114081010222435,0.15830178558826447,1,False,0.1,0.6850506459593184
108,5,GENE:G0005,G0005,46,GENE:G0046,G0046,PPI,0.22907091808686095,0.02095763,0.02095763,0.26030786146234197,0.018024888,0.23050314057903,0.20863638558889108,0.22907091808686095,0.2298818137122854,0.22907091808686095,0.22907091808686095,0.02095763,-0.01628253050148487,0.1348748505115509,0.11859232187271118,-1,False,0.1,0.6850506459593184
13,77,GENE:G0077,G0077,0,GENE:G0000,G0000,PPI,0.2287685541506322,0.010148287,0.010148287,0.23584387025838371,0.010744691,0.05925772151477462,0.12180827899277794,0.2287685541506322,0.09163901202882732,0.2287685541506322,0.2287685541506322,0.010148287,0.015536479651927948,0.1772468537092209,0.19278334081172943,1,False,0.1,0.6850506459593184
247,91,GENE:G0091,G0091,16,GENE:G0016,G0016,PPI,0.22869708631115998,0.01161379,0.01161379,0.22869708631115998,0.009135191,0.07688037088113649,0.1696062985504011,0.22869708631115998,0.12566527450717277,0.22869708631115998,0.22869708631115998,0.01161379,-0.04860757663846016,0.2538979649543762,0.20529036223888397,-1,False,0.1,0.6850506459593184
1777,166,GENE:G0166,G0166,157,GENE:G0157,G0157,PPI,0.22829164376030783,0.027589431,0.027589431,0.65695437053326,0.04735598,0.2757022350180927,0.19746916268720197,0.22829164376030783,0.21808877352512526,0.22829164376030783,0.22829164376030783,0.027589431,-0.12486440688371658,0.5762789249420166,0.4514145255088806,-1,False,0.1,0.6850506459593184
762,39,GENE:G0039,G0039,57,GENE:G0057,G0057,PPI,0.2281418361737218,0.033494122,0.033494122,0.7866959868059373,0.056340374,0.1912794414396638,0.22417384937434895,0.2281418361737218,0.20623473412337598,0.2281418361737218,0.2281418361737218,0.033494122,-0.018104281276464462,0.12344291061162949,0.10533864051103592,-1,False,0.1,0.6850506459593184
730,37,GENE:G0037,G0037,97,GENE:G0097,G0097,PPI,0.2280373831775701,0.0336956,0.0336956,0.5365585486531061,0.044919282,0.2165472345515282,0.0957948618232246,0.2280373831775701,0.13692450259571493,0.2280373831775701,0.2280373831775701,0.0336956,-0.01335497573018074,0.13927574455738068,0.12592077255249023,-1,False,0.1,0.6850506459593184
1797,175,GENE:G0175,G0175,169,GENE:G0169,G0169,PPI,0.22795217152281474,0.029637191,0.029637191,0.6907641561297416,0.05247742,0.28015945236782036,0.2023361293589798,0.22795217152281474,0.22267074327652372,0.22795217152281474,0.22795217152281474,0.029637191,-0.12924033403396606,0.46885010600090027,0.3396097421646118,-1,False,0.1,0.6850506459593184
146,7,GENE:G0007,G0007,111,GENE:G0111,G0111,PPI,0.22790269378779549,0.024697073,0.024697073,0.26195711929631665,0.013090039,0.29846622256708627,0.17703921853892646,0.22790269378779549,0.2335898659291964,0.22790269378779549,0.22790269378779549,0.024697073,0.04376908391714096,0.40183839201927185,0.445607453584671,1,False,0.1,0.6850506459593184
800,41,GENE:G0041,G0041,94,GENE:G0094,G0094,PPI,0.2277034084661902,0.00612138,0.00612138,0.23117097306212203,0.006379992,0.015791554048465026,0.19467835350489673,0.2277034084661902,0.10065381181722129,0.2277034084661902,0.2277034084661902,0.00612138,-0.02568933181464672,0.14875012636184692,0.12306080013513565,-1,False,0.1,0.6850506459593184
187,99,GENE:G0099,G0099,10,GENE:G0010,G0010,PPI,0.22770203408466191,0.010110621,0.010110621,0.23474436503573393,0.01010643,0.06794806120771696,0.20614110866053975,0.22770203408466191,0.13695690082175138,0.22770203408466191,0.22770203408466191,0.010110621,0.027651233598589897,0.3183840811252594,0.34603530168533325,1,False,0.1,0.6850506459593184
369,59,GENE:G0059,G0059,22,GENE:G0022,G0022,PPI,0.2271028037383178,0.018280901,0.018280901,0.28037383177570097,0.017980743,0.176541476670548,0.21262247091192685,0.2271028037383178,0.20275842962791735,0.2271028037383178,0.2271028037383178,0.018280901,-0.030855411663651466,0.19448906183242798,0.16363367438316345,-1,False,0.1,0.6850506459593184
849,96,GENE:G0096,G0096,43,GENE:G0043,G0043,PPI,0.22691726223199563,0.027309518,0.027309518,0.3361737218251787,0.027228732,0.09340961080010553,0.10873803930359906,0.22691726223199563,0.115336000301725,0.22691726223199563,0.22691726223199563,0.027309518,-0.00887325219810009,0.14972269535064697,0.14084944128990173,-1,False,0.1,0.6850506459593184
1156,60,GENE:G0060,G0060,92,GENE:G0092,G0092,PPI,0.22667399670148433,0.0121637285,0.0121637285,0.2361187465640462,0.011066997,0.12517637061210388,0.22250355386224943,0.22667399670148433,0.1759263170137899,0.22667399670148433,0.22667399670148433,0.0121637285,0.04670020937919617,0.1351233720779419,0.18182358145713806,1,False,0.1,0.6850506459593184
438,25,GENE:G0025,G0025,71,GENE:G0071,G0071,PPI,0.2258163826278175,0.071820185,0.071820185,0.6272677295217153,0.06733796,0.30565613165380123,0.18818031885651457,0.2258163826278175,0.23832958256801692,0.2258163826278175,0.2258163826278175,0.071820185,-0.01002744771540165,0.08928249031305313,0.07925502955913544,-1,False,0.1,0.6850506459593184
515,92,GENE:G0092,G0092,28,GENE:G0028,G0028,PPI,0.2255841121495327,0.0160456,0.0160456,0.2653930731170973,0.014568214,0.1090389922950466,0.1442369235580486,0.2255841121495327,0.13093458679361494,0.2255841121495327,0.2255841121495327,0.0160456,-0.0073883384466171265,0.15405084192752838,0.14666248857975006,-1,False,0.1,0.6850506459593184
1364,78,GENE:G0078,G0078,86,GENE:G0086,G0086,PPI,0.22527487630566242,0.057785712,0.057785712,0.6088510170423309,0.0804574,0.08281225873461748,0.11110488458997159,0.22527487630566242,0.11895911532502898,0.22527487630566242,0.22527487630566242,0.057785712,-0.006957498379051685,0.17013664543628693,0.16317911446094513,-1,False,0.1,0.6850506459593184
29,14,GENE:G0014,G0014,1,GENE:G0001,G0001,PPI,0.2250206157229247,0.017068144,0.017068144,0.24326553051126992,0.0146818375,0.18001911036892324,0.19434617060098924,0.2250206157229247,0.1931217861706871,0.2250206157229247,0.2250206157229247,0.017068144,0.024569978937506676,0.1288156807422638,0.15338565409183502,1,False,0.1,0.6850506459593184
1606,114,GENE:G0114,G0114,183,GENE:G0183,G0183,PPI,0.22495327102803736,0.016060844,0.016060844,0.27102803738317754,0.016044622,0.1447962935512446,0.20135577458945786,0.22495327102803736,0.179851612376595,0.22495327102803736,0.22495327102803736,0.016060844,-0.016522813588380814,0.28859543800354004,0.27207261323928833,-1,False,0.1,0.6850506459593184
1268,69,GENE:G0069,G0069,135,GENE:G0135,G0135,PPI,0.22464128642111048,0.010792103,0.010792103,0.3141836173721825,0.012668144,0.06509586476469517,0.049701623909711196,0.22464128642111048,0.07177753786999062,0.22464128642111048,0.22464128642111048,0.010792103,0.0983474850654602,0.2620132565498352,0.3603607416152954,1,False,0.1,0.6850506459593184
1202,64,GENE:G0064,G0064,198,GENE:G0198,G0198,PPI,0.22436503573391975,0.0051271576,0.0051271576,0.25068719076415613,0.007219034,0.009335790007982544,0.15461019441932097,0.22436503573391975,0.0834561358497571,0.22436503573391975,0.22436503573391975,0.0051271576,-0.03346417844295502,0.4141506254673004,0.38068637251853943,-1,False,0.1,0.6850506459593184
710,36,GENE:G0036,G0036,72,GENE:G0072,G0072,PPI,0.22408878504672894,0.07960442,0.07960442,0.6448598130841121,0.11614925,0.18666544802748997,0.1590236589533422,0.22408878504672894,0.1887544326695119,0.22408878504672894,0.22408878504672894,0.07960442,-0.0031247225124388933,0.11613842844963074,0.11301371455192566,-1,False,0.1,0.6850506459593184
75,13,GENE:G0013,G0013,3,GENE:G0003,G0003,PPI,0.22400357339197363,0.019349653,0.019349653,0.24216602528862013,0.012786235,0.2456764441329145,0.21910672899667422,0.22400357339197363,0.2399011940949757,0.22400357339197363,0.22400357339197363,0.019349653,0.025987857952713966,0.26060751080513,0.2865954041481018,1,False,0.1,0.6850506459593184
495,30,GENE:G0030,G0030,28,GENE:G0028,G0028,PPI,0.2235514018691589,0.09434918,0.09434918,0.9719626168224299,0.1886983,0.06299751590365966,0.10423137856592667,0.2235514018691589,0.09051058096374301,0.2235514018691589,0.2235514018691589,0.09434918,-0.0059841410256922245,0.1505143940448761,0.14453023672103882,-1,False,0.1,0.6850506459593184
1129,67,GENE:G0067,G0067,59,GENE:G0059,G0059,PPI,0.2226154480483782,0.023449967,0.023449967,0.4686641011544805,0.033045866,0.058993620171494766,0.109536135221259,0.2226154480483782,0.0928701308050071,0.2226154480483782,0.2226154480483782,0.023449967,-0.006631785538047552,0.09383632987737656,0.08720452338457108,-1,False,0.1,0.6850506459593184
1117,61,GENE:G0061,G0061,58,GENE:G0058,G0058,PPI,0.2224024189114898,0.010027448,0.010027448,0.25563496426608023,0.008854289,0.05555468769287017,0.10926712783969837,0.2224024189114898,0.08409163155625524,0.2224024189114898,0.2224024189114898,0.010027448,0.05371867120265961,0.1492301970720291,0.20294885337352753,1,False,0.1,0.6850506459593184
507,60,GENE:G0060,G0060,28,GENE:G0028,G0028,PPI,0.22238180318856512,0.027323283,0.027323283,0.3867509620670698,0.028469717,0.14280384932219672,0.21946200296282933,0.22238180318856512,0.21082090107556994,0.22238180318856512,0.22238180318856512,0.027323283,0.01297792699187994,0.15175648033618927,0.16473442316055298,1,False,0.1,0.6850506459593184
1734,146,GENE:G0146,G0146,164,GENE:G0164,G0164,PPI,0.22144035184167127,0.026519042,0.026519042,0.27680043980208907,0.019579813,0.3776821925705477,0.16608026388125346,0.22144035184167127,0.24493704254528975,0.22144035184167127,0.22144035184167127,0.026519042,0.11074474453926086,0.3105354607105255,0.4212801456451416,1,False,0.1,0.6850506459593184
1137,84,GENE:G0084,G0084,59,GENE:G0059,G0059,PPI,0.22130841121495326,0.049958352,0.049958352,0.6915887850467289,0.064669415,0.24425363188315907,0.18965175343165505,0.22130841121495326,0.220113341436637,0.22130841121495326,0.22130841121495326,0.049958352,-0.007328466046601534,0.0940573439002037,0.08672887831926346,-1,False,0.1,0.6850506459593184
1548,105,GENE:G0105,G0105,107,GENE:G0107,G0107,PPI,0.22112149532710282,0.013152134,0.013152134,0.24299065420560748,0.012172844,0.1127404154019544,0.2007432255552878,0.22112149532710282,0.1614302616756067,0.22112149532710282,0.22112149532710282,0.013152134,-0.04576032608747482,0.25186342000961304,0.2061031013727188,-1,False,0.1,0.6850506459593184
666,34,GENE:G0034,G0034,71,GENE:G0071,G0071,PPI,0.22062122045079713,0.0889789,0.0889789,0.5252886201209456,0.070802964,0.26730903365302777,0.18173771675439163,0.22062122045079713,0.23602190898687855,0.22062122045079713,0.22062122045079713,0.0889789,0.004733635112643242,0.08547209948301315,0.09020572900772095,1,False,0.1,0.6850506459593184
949,172,GENE:G0172,G0172,49,GENE:G0049,G0049,PPI,0.2203573391973612,0.023289595,0.023289595,0.23694337548103353,0.017849015,0.1677205073140269,0.15913177779532056,0.2203573391973612,0.18841465286078368,0.2203573391973612,0.2203573391973612,0.023289595,-0.02461124397814274,0.16209208965301514,0.13748084008693695,-1,False,0.1,0.6850506459593184
1196,64,GENE:G0064,G0064,85,GENE:G0085,G0085,PPI,0.2203133589884552,0.067339495,0.067339495,0.8812534359538208,0.13467878,0.14449844767971232,0.15263757254166632,0.2203133589884552,0.15312456130095417,0.2203133589884552,0.2203133589884552,0.067339495,-0.009460484609007835,0.11523467302322388,0.10577419400215149,-1,False,0.1,0.6850506459593184
263,65,GENE:G0065,G0065,17,GENE:G0017,G0017,PPI,0.220241891148983,0.022203786,0.022203786,0.33369983507421663,0.022374587,0.3422624778642728,0.14086718689343264,0.220241891148983,0.20712658419241367,0.220241891148983,0.220241891148983,0.022203786,-0.06037960574030876,0.26933667063713074,0.20895707607269287,-1,False,0.1,0.6850506459593184
1274,70,GENE:G0070,G0070,79,GENE:G0079,G0079,PPI,0.21994502473886748,0.035968345,0.035968345,0.4582188015393073,0.043197583,0.09629151621987429,0.07445174282863191,0.21994502473886748,0.08537162952425312,0.21994502473886748,0.21994502473886748,0.035968345,-0.008666089735925198,0.13309170305728912,0.12442561984062195,-1,False,0.1,0.6850506459593184
583,199,GENE:G0199,G0199,30,GENE:G0030,G0030,PPI,0.21953271028037386,0.09496548,0.09496548,0.5046728971962617,0.084654436,0.4816471301827579,0.20720034015183403,0.21953271028037386,0.32239909460513355,0.21953271028037386,0.21953271028037386,0.09496548,-0.008679994381964207,0.10537613183259964,0.09669611603021622,-1,False,0.1,0.6850506459593184
1735,164,GENE:G0164,G0164,146,GENE:G0146,G0146,PPI,0.21937053326003297,0.005234028,0.005234028,0.2410665200659703,0.0062371176,0.009730565313244972,0.14991740625976438,0.21937053326003297,0.08056163898481992,0.21937053326003297,0.21937053326003297,0.005234028,-0.045193515717983246,0.33877262473106384,0.2935791015625,-1,False,0.1,0.6850506459593184
797,82,GENE:G0082,G0082,41,GENE:G0041,G0041,PPI,0.21933479934029687,0.008052491,0.008052491,0.22155030236393625,0.0089433035,0.03078928751742652,0.20083018603687078,0.21933479934029687,0.11118149967413339,0.21933479934029687,0.21933479934029687,0.008052491,-0.023285118862986565,0.14719420671463013,0.12390909343957901,-1,False,0.1,0.6850506459593184
378,22,GENE:G0022,G0022,99,GENE:G0099,G0099,PPI,0.21908741066520065,0.010173166,0.010173166,0.27047828477185265,0.010392684,0.06340873048463758,0.20655759167195376,0.21908741066520065,0.13426191637280094,0.21908741066520065,0.21908741066520065,0.010173166,0.022409599274396896,0.15046806633472443,0.17287763953208923,1,False,0.1,0.6850506459593184
1126,59,GENE:G0059,G0059,65,GENE:G0065,G0065,PPI,0.21906267179769104,0.008219757,0.008219757,0.22127542605827377,0.008285452,0.027212754260582738,0.12059003197051307,0.21906267179769104,0.07447092164834655,0.21906267179769104,0.21906267179769104,0.008219757,-0.01559731736779213,0.20266054570674896,0.18706323206424713,-1,False,0.1,0.6850506459593184
1121,150,GENE:G0150,G0150,58,GENE:G0058,G0058,PPI,0.2188894997251237,0.034603607,0.034603607,0.554150632215503,0.04741032,0.12487758685899915,0.1181069082893606,0.2188894997251237,0.1212456625145073,0.2188894997251237,0.2188894997251237,0.034603607,-0.004300044383853674,0.17372307181358337,0.16942301392555237,-1,False,0.1,0.6850506459593184
1408,81,GENE:G0081,G0081,170,GENE:G0170,G0170,PPI,0.21825178669598683,0.05795882,0.05795882,0.43650357339197365,0.044990808,0.7680640041694479,0.18390222429637243,0.21825178669598683,0.3614243439481864,0.21825178669598683,0.21825178669598683,0.05795882,0.07803146541118622,0.31445321440696716,0.3924846649169922,1,False,0.1,0.6850506459593184
468,26,GENE:G0026,G0026,104,GENE:G0104,G0104,PPI,0.2180181418361737,0.015081894,0.015081894,0.3007146783947224,0.016054085,0.08851133957890515,0.13056004904136942,0.2180181418361737,0.11874416562008978,0.2180181418361737,0.2180181418361737,0.015081894,0.08885762095451355,0.32921889424324036,0.4180765450000763,1,False,0.1,0.6850506459593184
260,17,GENE:G0017,G0017,61,GENE:G0061,G0061,PPI,0.2179810335349093,0.008202637,0.008202637,0.21907641561297417,0.0075793965,0.04227194219292748,0.20846246228896917,0.2179810335349093,0.1225509284006482,0.2179810335349093,0.2179810335349093,0.008202637,0.045733772218227386,0.16709843277931213,0.21283218264579773,1,False,0.1,0.6850506459593184
1311,141,GENE:G0141,G0141,72,GENE:G0072,G0072,PPI,0.2173515667949423,0.035918117,0.035918117,0.2229246838922485,0.01608507,0.34686193604396537,0.15250394773316123,0.2173515667949423,0.26739226960617735,0.2173515667949423,0.2173515667949423,0.035918117,-0.011259030550718307,0.13148187100887299,0.12022284418344498,-1,False,0.1,0.6850506459593184
1518,98,GENE:G0098,G0098,189,GENE:G0189,G0189,PPI,0.21687328202308961,0.019546127,0.019546127,0.22017592083562398,0.010553857,0.2586177508912922,0.1775251565803881,0.21687328202308961,0.21871170399198295,0.21687328202308961,0.21687328202308961,0.019546127,0.029019134119153023,0.24731820821762085,0.27633732557296753,1,False,0.1,0.6850506459593184
693,87,GENE:G0087,G0087,35,GENE:G0035,G0035,PPI,0.2167399670148433,0.017726598,0.017726598,0.2611324903793293,0.015533,0.14246504506051225,0.12246807562830293,0.2167399670148433,0.1326207313234853,0.2167399670148433,0.2167399670148433,0.017726598,-0.022838110104203224,0.18551664054393768,0.1626785397529602,-1,False,0.1,0.6850506459593184
957,58,GENE:G0058,G0058,50,GENE:G0050,G0050,PPI,0.21644584936778452,0.075108044,0.075108044,0.22086311159978012,0.013749242,0.7488504471746337,0.13914376030786146,0.21644584936778452,0.383624374481892,0.21644584936778452,0.21644584936778452,0.075108044,0.06598173081874847,0.13113641738891602,0.1971181333065033,1,False,0.1,0.6850506459593184
672,34,GENE:G0034,G0034,83,GENE:G0083,G0083,PPI,0.21621770203408464,0.02624251,0.02624251,0.3793293018141836,0.028037334,0.1688056598054767,0.20552158189716987,0.21621770203408464,0.20463172819448458,0.21621770203408464,0.21621770203408464,0.02624251,0.00813935324549675,0.10247565060853958,0.11061501502990723,1,False,0.1,0.6850506459593184
814,42,GENE:G0042,G0042,58,GENE:G0058,G0058,PPI,0.21510995052226498,0.011668997,0.011668997,0.30951072017592085,0.016173538,0.08148935132797396,0.19135924236036814,0.21510995052226498,0.13764778164960975,0.21510995052226498,0.21510995052226498,0.011668997,-0.03294895589351654,0.18176250159740448,0.14881354570388794,-1,False,0.1,0.6850506459593184
512,28,GENE:G0028,G0028,78,GENE:G0078,G0078,PPI,0.21510445299615172,0.04971329,0.04971329,0.5813633864760858,0.063171126,0.033578604744126106,0.1275029447549771,0.21510445299615172,0.10963001289644153,0.21510445299615172,0.21510445299615172,0.04971329,-0.008902046829462051,0.10467707365751266,0.09577502310276031,-1,False,0.1,0.6850506459593184
86,3,GENE:G0003,G0003,191,GENE:G0191,G0191,PPI,0.21470038482682793,0.046756092,0.046756092,0.23336998350742166,0.013494205,0.6126998358138785,0.14245130126734518,0.21470038482682793,0.32578680741622557,0.21470038482682793,0.21470038482682793,0.046756092,0.2198106199502945,0.4400811791419983,0.659891664981842,1,False,0.1,0.6850506459593184
926,48,GENE:G0048,G0048,160,GENE:G0160,G0160,PPI,0.21372594832325453,0.03636943,0.03636943,0.6379879054425508,0.056638233,0.1809635961395298,0.21051184120039354,0.21372594832325453,0.22777629874768562,0.21372594832325453,0.21372594832325453,0.03636943,0.1137532889842987,0.37246912717819214,0.48622244596481323,1,False,0.1,0.6850506459593184
647,66,GENE:G0066,G0066,33,GENE:G0033,G0033,PPI,0.2125687190764156,0.11458847,0.11458847,0.6748213304013194,0.11451556,0.24397383591037475,0.1514970129389229,0.2125687190764156,0.1957686343357527,0.2125687190764156,0.2125687190764156,0.11458847,-0.006590923760086298,0.19879575073719025,0.1922048032283783,-1,False,0.1,0.6850506459593184
189,134,GENE:G0134,G0134,10,GENE:G0010,G0010,PPI,0.2124793842770753,0.013438064,0.013438064,0.2124793842770753,0.010589099,0.12433896033509631,0.1935779317393772,0.2124793842770753,0.16628108462210217,0.2124793842770753,0.2124793842770753,0.013438064,-0.02654717117547989,0.3461892604827881,0.3196420967578888,-1,False,0.1,0.6850506459593184
769,82,GENE:G0082,G0082,39,GENE:G0039,G0039,PPI,0.21229521715228147,0.012024131,0.012024131,0.251236943375481,0.01245705,0.11176931635391994,0.18184765299380518,0.21229521715228147,0.14640077655245196,0.21229521715228147,0.21229521715228147,0.012024131,-0.0222867950797081,0.16784295439720154,0.14555616676807404,-1,False,0.1,0.6850506459593184
355,122,GENE:G0122,G0122,21,GENE:G0021,G0021,PPI,0.21223749312809234,0.0061848285,0.0061848285,0.21330401319406267,0.0073239403,0.014478051016558083,0.21170356148190964,0.21223749312809234,0.10378683247919365,0.21223749312809234,0.21223749312809234,0.0061848285,-0.031110519543290138,0.16697806119918823,0.13586755096912384,-1,False,0.1,0.6850506459593184
1414,82,GENE:G0082,G0082,90,GENE:G0090,G0090,PPI,0.2120973062122045,0.051349353,0.051349353,0.5810885101704233,0.06112884,0.053695370681317654,0.10235243598777144,0.2120973062122045,0.09587903275861029,0.2120973062122045,0.2120973062122045,0.051349353,-0.01090389583259821,0.1409563422203064,0.13005244731903076,-1,False,0.1,0.6850506459593184
1609,174,GENE:G0174,G0174,115,GENE:G0115,G0115,PPI,0.21196399120395823,0.006279117,0.006279117,0.21302913688840022,0.007688949,0.017266083335858034,0.2015913080661954,0.21196399120395823,0.10279514750328383,0.21196399120395823,0.21196399120395823,0.006279117,-0.031204547733068466,0.24092647433280945,0.2097219079732895,-1,False,0.1,0.6850506459593184
1624,119,GENE:G0119,G0119,129,GENE:G0129,G0129,PPI,0.21135239142385928,0.028412784,0.028412784,0.3202308960967565,0.019657556,0.4416453603256024,0.1351814437651145,0.21135239142385928,0.23483501569709303,0.21135239142385928,0.21135239142385928,0.028412784,-0.04647247865796089,0.4206773638725281,0.37420493364334106,-1,False,0.1,0.6850506459593184
718,36,GENE:G0036,G0036,85,GENE:G0085,G0085,PPI,0.21028621495327102,0.021913895,0.021913895,0.6051401869158879,0.039221093,0.08919591894345434,0.2017940648662647,0.21028621495327102,0.14926380344276957,0.21028621495327102,0.21028621495327102,0.021913895,-0.013960746116936207,0.11821102350950241,0.10425026714801788,-1,False,0.1,0.6850506459593184
296,20,GENE:G0020,G0020,30,GENE:G0030,G0030,PPI,0.21012781748213302,0.053227905,0.053227905,0.3719076415612974,0.032771718,0.07919736118746563,0.04420071861016596,0.21012781748213302,0.06789542979190612,0.21012781748213302,0.21012781748213302,0.053227905,0.003254164708778262,0.09005709737539291,0.09331126511096954,1,False,0.1,0.6850506459593184
1540,103,GENE:G0103,G0103,192,GENE:G0192,G0192,PPI,0.21007146783947223,0.015914531,0.015914531,0.2561847168774052,0.01306698,0.21706685204141984,0.1933982527355687,0.21007146783947223,0.19833344641268671,0.21007146783947223,0.21007146783947223,0.015914531,-0.035348329693078995,0.2343723326921463,0.19902394711971283,-1,False,0.1,0.6850506459593184
1304,72,GENE:G0072,G0072,86,GENE:G0086,G0086,PPI,0.20997113798790545,0.05361428,0.05361428,0.6665750412314458,0.08287025,0.23184376750270924,0.06999037932930181,0.20997113798790545,0.14971895856768352,0.20997113798790545,0.20997113798790545,0.05361428,0.09865647554397583,0.15032488107681274,0.24898138642311096,1,False,0.1,0.6850506459593184
1504,95,GENE:G0095,G0095,109,GENE:G0109,G0109,PPI,0.2099670148433205,0.054947052,0.054947052,0.7240241891148983,0.087156944,0.1548089691609716,0.1765342616062849,0.2099670148433205,0.1820548625531217,0.2099670148433205,0.2099670148433205,0.054947052,-0.0051550911739468575,0.24006113409996033,0.23490606248378754,-1,False,0.1,0.6850506459593184
150,7,GENE:G0007,G0007,168,GENE:G0168,G0168,PPI,0.2097306212204508,0.0090872375,0.0090872375,0.2097306212204508,0.009791024,0.041540200395452774,0.15554039157927407,0.2097306212204508,0.09756091718139694,0.2097306212204508,0.2097306212204508,0.0090872375,0.04827163740992546,0.37281090021133423,0.4210825264453888,1,False,0.1,0.6850506459593184
1441,97,GENE:G0097,G0097,84,GENE:G0084,G0084,PPI,0.20968938977460141,0.007088708,0.007088708,0.2872457394172622,0.008534203,0.018852587355120666,0.15521905013723009,0.20968938977460141,0.08555061836700939,0.20968938977460141,0.20968938977460141,0.007088708,-0.012837810441851616,0.15237756073474884,0.13953973352909088,-1,False,0.1,0.6850506459593184
1349,123,GENE:G0123,G0123,75,GENE:G0075,G0075,PPI,0.20931143485431558,0.014520992,0.014520992,0.25371083012644313,0.009872353,0.14156713075829552,0.15458673957144706,0.20931143485431558,0.14756748855817484,0.20931143485431558,0.20931143485431558,0.014520992,-0.06171877309679985,0.21049503982067108,0.14877630770206451,-1,False,0.1,0.6850506459593184
1102,57,GENE:G0057,G0057,72,GENE:G0072,G0072,PPI,0.20876855415063222,0.07736994,0.07736994,0.26937877954920286,0.023623958,0.6453479380140869,0.2033096074196483,0.20876855415063222,0.4275313749995002,0.20876855415063222,0.20876855415063222,0.07736994,0.031896669417619705,0.10868623107671738,0.1405828893184662,1,False,0.1,0.6850506459593184
89,5,GENE:G0005,G0005,4,GENE:G0004,G0004,PPI,0.20876855415063222,0.013139964,0.013139964,0.23859263331500824,0.010253953,0.09545388722338669,0.141153305435142,0.20876855415063222,0.11946474390640306,0.20876855415063222,0.20876855415063222,0.013139964,-0.03895692899823189,0.20369283854961395,0.16473592817783356,-1,False,0.1,0.6850506459593184
614,32,GENE:G0032,G0032,39,GENE:G0039,G0039,PPI,0.20869296316657504,0.011396489,0.011396489,0.26250687190764155,0.011156369,0.07011261727607279,0.20803566086249606,0.20869296316657504,0.14073720331363235,0.20869296316657504,0.20869296316657504,0.011396489,-0.0010562976822257042,0.1611432433128357,0.1600869596004486,-1,False,0.1,0.6850506459593184
352,21,GENE:G0021,G0021,101,GENE:G0101,G0101,PPI,0.20869158878504673,0.01167488,0.01167488,0.22319956019791093,0.0108169,0.10215765692663614,0.19662475121936032,0.20869158878504673,0.15197689588465893,0.20869158878504673,0.20869158878504673,0.01167488,0.03135370463132858,0.2588823437690735,0.2902360260486603,1,False,0.1,0.6850506459593184
834,43,GENE:G0043,G0043,49,GENE:G0049,G0049,PPI,0.20838097855964816,0.01649015,0.01649015,0.5082462891698736,0.027957708,0.11683568905772787,0.13418087063627882,0.20838097855964816,0.1236610006033791,0.20838097855964816,0.20838097855964816,0.01649015,-0.008609825745224953,0.14367882907390594,0.13506901264190674,-1,False,0.1,0.6850506459593184
254,17,GENE:G0017,G0017,30,GENE:G0030,G0030,PPI,0.20733369983507421,0.016569745,0.016569745,0.23969213853765806,0.012682243,0.12240841567299035,0.09191498160662902,0.20733369983507421,0.1048362622587198,0.20733369983507421,0.20733369983507421,0.016569745,0.018952885642647743,0.08989247679710388,0.10884534567594528,1,False,0.1,0.6850506459593184
79,31,GENE:G0031,G0031,3,GENE:G0003,G0003,PPI,0.2073117097306212,0.013402716,0.013402716,0.2303463441451347,0.010838297,0.09854849865481595,0.1590891324085676,0.2073117097306212,0.13321496277811473,0.2073117097306212,0.2073117097306212,0.013402716,-0.020006714388728142,0.29034194350242615,0.27033525705337524,-1,False,0.1,0.6850506459593184
1052,54,GENE:G0054,G0054,57,GENE:G0057,G0057,PPI,0.2072869708631116,0.020222291,0.020222291,0.28202308960967565,0.022772044,0.09606469727955036,0.09519062639561765,0.2072869708631116,0.09884885913659054,0.2072869708631116,0.2072869708631116,0.020222291,-0.007602534722536802,0.12334959208965302,0.11574706435203552,-1,False,0.1,0.6850506459593184
1727,174,GENE:G0174,G0174,145,GENE:G0145,G0145,PPI,0.20721275426058272,0.004569217,0.004569217,0.2877954920285871,0.0057321135,0.004234431794554139,0.11838158933402791,0.20721275426058272,0.07119569164816879,0.20721275426058272,0.20721275426058272,0.004569217,0.004352694842964411,0.20195652544498444,0.2063092291355133,1,False,0.1,0.6850506459593184
675,94,GENE:G0094,G0094,34,GENE:G0034,G0034,PPI,0.20652006597031333,0.041609526,0.041609526,0.573666849917537,0.053110346,0.23496821490182393,0.1721000549752611,0.20652006597031333,0.19795802256067893,0.20652006597031333,0.20652006597031333,0.041609526,-0.00994151458144188,0.1311752051115036,0.12123367190361023,-1,False,0.1,0.6850506459593184
1466,87,GENE:G0087,G0087,110,GENE:G0110,G0110,PPI,0.20634689389774602,0.025871124,0.025871124,0.24134139637163277,0.013891617,0.3469071414343834,0.18129542563659068,0.20634689389774602,0.2603944698861952,0.20634689389774602,0.20634689389774602,0.025871124,-0.0053964899852871895,0.5060619711875916,0.5006654262542725,-1,False,0.1,0.6850506459593184
1684,132,GENE:G0132,G0132,144,GENE:G0144,G0144,PPI,0.20594694887300716,0.007692231,0.007692231,0.20698185816382628,0.0064940755,0.02298373393198012,0.18117120980966395,0.20594694887300716,0.09678072632939017,0.20594694887300716,0.20594694887300716,0.007692231,-0.017781395465135574,0.22211886942386627,0.2043374627828598,-1,False,0.1,0.6850506459593184
305,44,GENE:G0044,G0044,20,GENE:G0020,G0020,PPI,0.2049299065420561,0.013215572,0.013215572,0.22897196261682243,0.010127036,0.12742594022495787,0.20146605299241196,0.2049299065420561,0.16885869999858838,0.2049299065420561,0.2049299065420561,0.013215572,0.03123295307159424,0.0806133970618248,0.11184634268283844,1,False,0.1,0.6850506459593184
627,77,GENE:G0077,G0077,32,GENE:G0032,G0032,PPI,0.20374312809235842,0.07790914,0.07790914,0.5863111599780099,0.08460882,0.09578889499725124,0.0598640634528042,0.20374312809235842,0.07802139115187195,0.20374312809235842,0.20374312809235842,0.07790914,0.005345931276679039,0.09548256546258926,0.10082851350307465,1,False,0.1,0.6850506459593184
1431,137,GENE:G0137,G0137,83,GENE:G0083,G0083,PPI,0.20354934029686644,0.014430138,0.014430138,0.38771302913688843,0.019343672,0.12372309726132055,0.1905324549793136,0.20354934029686644,0.1557010562818705,0.20354934029686644,0.20354934029686644,0.014430138,-0.015557345002889633,0.1103619933128357,0.09480463713407516,-1,False,0.1,0.6850506459593184
1517,174,GENE:G0174,G0174,98,GENE:G0098,G0098,PPI,0.20338922484881802,0.076274015,0.076274015,0.6668499175371083,0.09557241,0.23523597179581412,0.14959600425823935,0.20338922484881802,0.1830316780115107,0.20338922484881802,0.20338922484881802,0.076274015,-0.008811014704406261,0.2292690873146057,0.22045809030532837,-1,False,0.1,0.6850506459593184
597,68,GENE:G0068,G0068,31,GENE:G0031,G0031,PPI,0.20296728971962616,0.059042808,0.059042808,0.5560747663551402,0.06741831,0.22398488510076509,0.11877762216037221,0.20296728971962616,0.18377429853206956,0.20296728971962616,0.20296728971962616,0.059042808,-0.00580137362703681,0.08537568151950836,0.07957429438829422,-1,False,0.1,0.6850506459593184
606,31,GENE:G0031,G0031,90,GENE:G0090,G0090,PPI,0.20246289169873558,0.059071433,0.059071433,0.6135239142385926,0.07482049,0.35692819667565384,0.1495287552431072,0.20246289169873558,0.21518441173802166,0.20246289169873558,0.20246289169873558,0.059071433,-0.001157674239948392,0.13969439268112183,0.1385367214679718,-1,False,0.1,0.6850506459593184
1016,52,GENE:G0052,G0052,151,GENE:G0151,G0151,PPI,0.20183892248488178,0.004705591,0.004705591,0.20808136338647606,0.005654596,0.0062777800653634735,0.19441971699804605,0.20183892248488178,0.09422076875743116,0.20183892248488178,0.20183892248488178,0.004705591,-0.02947789616882801,0.24895352125167847,0.2194756120443344,-1,False,0.1,0.6850506459593184
1022,53,GENE:G0053,G0053,56,GENE:G0056,G0056,PPI,0.20148570643210556,0.010546764,0.010546764,0.44282572842221,0.01631124,0.06995318888588908,0.144801304754492,0.20148570643210556,0.11718513695595385,0.20148570643210556,0.20148570643210556,0.010546764,-0.01058709342032671,0.0939546599984169,0.08336755633354187,-1,False,0.1,0.6850506459593184
1251,112,GENE:G0112,G0112,68,GENE:G0068,G0068,PPI,0.20107201759208354,0.03171327,0.03171327,0.22979659153380977,0.015158057,0.4230806589569807,0.1892336910515737,0.20107201759208354,0.3102176035237484,0.20107201759208354,0.20107201759208354,0.03171327,-0.002348086331039667,0.12327266484498978,0.12092457711696625,-1,False,0.1,0.6850506459593184
69,153,GENE:G0153,G0153,2,GENE:G0002,G0002,PPI,0.20101154480483782,0.022101274,0.022101274,0.3045629466739967,0.019389428,0.19060097535098044,0.17319967527860505,0.20101154480483782,0.1894365837187915,0.20101154480483782,0.20101154480483782,0.022101274,-0.028984710574150085,0.18357741832733154,0.15459270775318146,-1,False,0.1,0.6850506459593184
1744,149,GENE:G0149,G0149,164,GENE:G0164,G0164,PPI,0.20087960417811987,0.024437409,0.024437409,0.3188565145684442,0.023756731,0.08623969213853766,0.035791554991680366,0.20087960417811987,0.06316579684941581,0.20087960417811987,0.20087960417811987,0.024437409,-0.07745493203401566,0.36699333786964417,0.2895384430885315,-1,False,0.1,0.6850506459593184
551,31,GENE:G0031,G0031,30,GENE:G0030,G0030,PPI,0.20063221550302365,0.071536854,0.071536854,0.6687740516767455,0.0967914,0.1080368975411574,0.08190775899108677,0.20063221550302365,0.09471434322325188,0.20063221550302365,0.20063221550302365,0.071536854,-0.007361656986176968,0.09534307569265366,0.08798141777515411,-1,False,0.1,0.6850506459593184
571,85,GENE:G0085,G0085,30,GENE:G0030,G0030,PPI,0.2004590434304563,0.071143776,0.071143776,0.3611874656404618,0.0357018,0.6132498006618408,0.15861949633264452,0.2004590434304563,0.31711496061864697,0.2004590434304563,0.2004590434304563,0.071143776,0.002440384589135647,0.09380776435136795,0.09624814242124557,1,False,0.1,0.6850506459593184
1053,57,GENE:G0057,G0057,54,GENE:G0054,G0054,PPI,0.20031610775151182,0.06662429,0.06662429,0.8012644310060473,0.108070426,0.1540674826464432,0.18139395050625734,0.20031610775151182,0.18412745738281078,0.20031610775151182,0.20031610775151182,0.06662429,0.0008209830266423523,0.1776917427778244,0.1785127818584442,1,False,0.1,0.6850506459593184
591,65,GENE:G0065,G0065,31,GENE:G0031,G0031,PPI,0.20027762506871907,0.02088271,0.02088271,0.245739417262232,0.015434165,0.1161006841644385,0.18824345128061318,0.20027762506871907,0.19216680753688756,0.20027762506871907,0.20027762506871907,0.02088271,-0.013949946500360966,0.09119383990764618,0.07724389433860779,-1,False,0.1,0.6850506459593184
325,78,GENE:G0078,G0078,20,GENE:G0020,G0020,PPI,0.19906542056074764,0.010182153,0.010182153,0.234194612424409,0.0067060515,0.04708849399310882,0.18946619155353608,0.19906542056074764,0.1189225624841895,0.19906542056074764,0.19906542056074764,0.010182153,-0.021662836894392967,0.09588673710823059,0.07422390580177307,-1,False,0.1,0.6850506459593184
1747,168,GENE:G0168,G0168,149,GENE:G0149,G0149,PPI,0.198609125893348,0.00519976,0.00519976,0.2182517866959868,0.0073556057,0.01025479026133543,0.18910607388127407,0.198609125893348,0.09484772813700908,0.198609125893348,0.198609125893348,0.00519976,-0.007749906275421381,0.37529826164245605,0.3675483763217926,-1,False,0.1,0.6850506459593184
906,47,GENE:G0047,G0047,72,GENE:G0072,G0072,PPI,0.198609125893348,0.034048006,0.034048006,0.2182517866959868,0.015722426,0.4823081753643524,0.18387632075031868,0.198609125893348,0.3326191664673586,0.198609125893348,0.198609125893348,0.034048006,0.07560258358716965,0.1036468893289566,0.17924948036670685,1,False,0.1,0.6850506459593184
644,33,GENE:G0033,G0033,56,GENE:G0056,G0056,PPI,0.1985623969213854,0.0032174545,0.0032174545,0.1995601979109401,0.0039892066,0.001069010880557215,0.17467503097186723,0.1985623969213854,0.0767968141900242,0.1985623969213854,0.1985623969213854,0.0032174545,0.025860009714961052,0.09145542234182358,0.11731542646884918,1,False,0.1,0.6850506459593184
615,39,GENE:G0039,G0039,32,GENE:G0032,G0032,PPI,0.19853216052776254,0.023016788,0.023016788,0.29631665750412317,0.016211703,0.14827434171700193,0.17905717100130042,0.19853216052776254,0.18626943789728614,0.19853216052776254,0.19853216052776254,0.023016788,-0.020550524815917015,0.10733125358819962,0.08678074181079865,-1,False,0.1,0.6850506459593184
473,32,GENE:G0032,G0032,27,GENE:G0027,G0027,PPI,0.1984950522264981,0.021019869,0.021019869,0.3642111050027488,0.017887285,0.15374032989934086,0.12321429091176134,0.1984950522264981,0.13302444452465753,0.1984950522264981,0.1984950522264981,0.021019869,-0.0021083003375679255,0.1474679410457611,0.14535965025424957,-1,False,0.1,0.6850506459593184
47,169,GENE:G0169,G0169,1,GENE:G0001,G0001,PPI,0.1983644859813084,0.049992207,0.049992207,0.7778999450247388,0.08065462,0.03828527076333044,0.1416333433770581,0.1983644859813084,0.10882693903428423,0.1983644859813084,0.1983644859813084,0.049992207,-0.0053282552398741245,0.14647699892520905,0.14114874601364136,-1,False,0.1,0.6850506459593184
1402,81,GENE:G0081,G0081,96,GENE:G0096,G0096,PPI,0.1975343595382078,0.017965212,0.017965212,0.2842221000549753,0.016340906,0.0829875266457307,0.050263937097519314,0.1975343595382078,0.06053298985691448,0.1975343595382078,0.1975343595382078,0.017965212,-0.03242573142051697,0.1725701540708542,0.1401444524526596,-1,False,0.1,0.6850506459593184
723,148,GENE:G0148,G0148,36,GENE:G0036,G0036,PPI,0.19743677844969762,0.013934796,0.013934796,0.25151181968114344,0.014114248,0.0745934198374706,0.15195664773295636,0.19743677844969762,0.12046581959634792,0.19743677844969762,0.19743677844969762,0.013934796,0.006349523551762104,0.1518571674823761,0.15820671617984772,1,False,0.1,0.6850506459593184
417,75,GENE:G0075,G0075,24,GENE:G0024,G0024,PPI,0.1968719076415613,0.012616346,0.012616346,0.28532160527762507,0.011347471,0.07758000278791356,0.1086097593759203,0.1968719076415613,0.09342168006945772,0.1968719076415613,0.1968719076415613,0.012616346,-0.0072110556066036224,0.18796184659004211,0.180750772356987,-1,False,0.1,0.6850506459593184
1614,116,GENE:G0116,G0116,151,GENE:G0151,G0151,PPI,0.19643485431555802,0.11496371,0.11496371,0.9354040681693239,0.2144062,0.411243380672129,0.16322733983395094,0.19643485431555802,0.24016199893600465,0.19643485431555802,0.19643485431555802,0.11496371,0.11248370260000229,0.23314490914344788,0.3456285893917084,1,False,0.1,0.6850506459593184
1093,122,GENE:G0122,G0122,56,GENE:G0056,G0056,PPI,0.1959318306761957,0.008558877,0.008558877,0.19791094007696536,0.009615587,0.02169754535746523,0.13428078623562983,0.1959318306761957,0.07564016877261508,0.1959318306761957,0.1959318306761957,0.008558877,-0.016300799325108528,0.10220715403556824,0.08590635657310486,-1,False,0.1,0.6850506459593184
1201,177,GENE:G0177,G0177,64,GENE:G0064,G0064,PPI,0.19588235294117648,0.014362138,0.014362138,0.2647058823529412,0.0101126665,0.11850451209776382,0.14401557009249294,0.19588235294117648,0.13017180731864203,0.19588235294117648,0.19588235294117648,0.014362138,-0.03387655317783356,0.19765624403953552,0.16377969086170197,-1,False,0.1,0.6850506459593184
434,25,GENE:G0025,G0025,66,GENE:G0066,G0066,PPI,0.19567757009345796,0.008047378,0.008047378,0.29205607476635514,0.011250744,0.02179860126615477,0.1298418376224995,0.19567757009345796,0.07816324153510086,0.19567757009345796,0.19567757009345796,0.008047378,-0.014936592429876328,0.11557497829198837,0.10063836723566055,-1,False,0.1,0.6850506459593184
1115,146,GENE:G0146,G0146,57,GENE:G0057,G0057,PPI,0.19565420560747662,0.0060270326,0.0060270326,0.24766355140186913,0.008301272,0.01128962464513638,0.10671109417840725,0.19565420560747662,0.06572204448323404,0.19565420560747662,0.19565420560747662,0.0060270326,0.023163413628935814,0.11718419939279556,0.14034759998321533,1,False,0.1,0.6850506459593184
218,13,GENE:G0013,G0013,50,GENE:G0050,G0050,PPI,0.19416712479384277,0.013329673,0.013329673,0.20120945574491478,0.010766223,0.16568655281112576,0.19112515403684568,0.19416712479384277,0.17915768393144285,0.19416712479384277,0.19416712479384277,0.013329673,0.012560498900711536,0.13049903512001038,0.14305953681468964,1,False,0.1,0.6850506459593184
661,46,GENE:G0046,G0046,34,GENE:G0034,G0034,PPI,0.19352941176470587,0.012672301,0.012672301,0.20588235294117646,0.010148337,0.131107385591628,0.16031084640175924,0.19352941176470587,0.14576494898962575,0.19352941176470587,0.19352941176470587,0.012672301,0.060257505625486374,0.11632609367370605,0.17658357322216034,1,False,0.1,0.6850506459593184
1795,198,GENE:G0198,G0198,168,GENE:G0168,G0168,PPI,0.1932517866959868,0.038132917,0.038132917,0.44942275975810886,0.029003128,0.36539777958617903,0.12151048399980258,0.1932517866959868,0.195728107656193,0.1932517866959868,0.1932517866959868,0.038132917,-0.025940846651792526,0.39752256870269775,0.3715817630290985,-1,False,0.1,0.6850506459593184
567,69,GENE:G0069,G0069,30,GENE:G0030,G0030,PPI,0.193107476635514,0.05014311,0.05014311,0.677570093457944,0.08306157,0.1189136692495684,0.16966333492566285,0.193107476635514,0.15846341156167787,0.193107476635514,0.193107476635514,0.05014311,-0.0030281131621450186,0.09420986473560333,0.09118173271417618,-1,False,0.1,0.6850506459593184
1381,91,GENE:G0091,G0091,79,GENE:G0079,G0079,PPI,0.19304700384826828,0.0093477,0.0093477,0.1959868059373282,0.007757074,0.0385131427397465,0.11466275037603815,0.19304700384826828,0.07647589722881608,0.19304700384826828,0.19304700384826828,0.0093477,-0.024224644526839256,0.13563531637191772,0.11141067743301392,-1,False,0.1,0.6850506459593184
1285,83,GENE:G0083,G0083,71,GENE:G0071,G0071,PPI,0.1917757009345794,0.0074269553,0.0074269553,0.26635514018691586,0.009452454,0.018337208905360322,0.18499701966141385,0.1917757009345794,0.09562512538895401,0.1917757009345794,0.1917757009345794,0.0074269553,-0.025551574304699898,0.0970345288515091,0.07148294895887375,-1,False,0.1,0.6850506459593184
1272,69,GENE:G0069,G0069,162,GENE:G0162,G0162,PPI,0.19153380978559648,0.042568788,0.042568788,0.5893347993402969,0.058840964,0.39105652628050297,0.1425410715696984,0.19153380978559648,0.21785885103052482,0.19153380978559648,0.19153380978559648,0.042568788,0.1057843491435051,0.23250091075897217,0.33828529715538025,1,False,0.1,0.6850506459593184
1273,162,GENE:G0162,G0162,69,GENE:G0069,G0069,PPI,0.19079714128642114,0.0281233,0.0281233,0.5156679494227598,0.04197454,0.08250963820702992,0.1293288637640178,0.19079714128642114,0.125460351624246,0.19079714128642114,0.19079714128642114,0.0281233,0.0031351668294519186,0.09218066930770874,0.0953158438205719,1,False,0.1,0.6850506459593184
1215,122,GENE:G0122,G0122,65,GENE:G0065,G0065,PPI,0.19068993952721275,0.0071180235,0.0071180235,0.2204507971412864,0.008719437,0.027568645865955827,0.13753903856367103,0.19068993952721275,0.08528469961428305,0.19068993952721275,0.19068993952721275,0.0071180235,-0.01759970933198929,0.20852898061275482,0.1909293234348297,-1,False,0.1,0.6850506459593184
1528,101,GENE:G0101,G0101,110,GENE:G0110,G0110,PPI,0.18869296316657505,0.014003521,0.014003521,0.21083012644310062,0.009161571,0.12603316510776436,0.13002852973642456,0.18869296316657505,0.1271753771403456,0.18869296316657505,0.18869296316657505,0.014003521,-0.02637343667447567,0.5124185085296631,0.48604512214660645,-1,False,0.1,0.6850506459593184
1746,149,GENE:G0149,G0149,168,GENE:G0168,G0168,PPI,0.1883727322704783,0.00423849,0.00423849,0.21165475536008796,0.006115417,0.0032082198348423077,0.18136354999366885,0.1883727322704783,0.08849962539472685,0.1883727322704783,0.1883727322704783,0.00423849,-0.06829018890857697,0.43123313784599304,0.36294305324554443,-1,False,0.1,0.6850506459593184
1404,81,GENE:G0081,G0081,115,GENE:G0115,G0115,PPI,0.1883315008246289,0.008342962,0.008342962,0.19516217702034083,0.007918327,0.043547509291267134,0.12498381464628987,0.1883315008246289,0.08492676547138084,0.1883315008246289,0.1883315008246289,0.008342962,-0.04292621463537216,0.23627181351184845,0.19334562122821808,-1,False,0.1,0.6850506459593184
1494,92,GENE:G0092,G0092,96,GENE:G0096,G0096,PPI,0.18796591533809784,0.06487388,0.06487388,0.6481583287520616,0.054515235,0.28670180305577525,0.17099591121279573,0.18796591533809784,0.21463444368237566,0.18796591533809784,0.18796591533809784,0.06487388,0.011852392926812172,0.1592441201210022,0.17109651863574982,1,False,0.1,0.6850506459593184
479,61,GENE:G0061,G0061,27,GENE:G0027,G0027,PPI,0.18736118746564046,0.0053357566,0.0053357566,0.1902144035184167,0.0047366135,0.012540732516602964,0.17809696488005727,0.18736118746564046,0.0919697096969066,0.18736118746564046,0.18736118746564046,0.0053357566,0.06720753014087677,0.13233999907970428,0.19954751431941986,1,False,0.1,0.6850506459593184
133,197,GENE:G0197,G0197,6,GENE:G0006,G0006,PPI,0.18722374931280925,0.01351839,0.01351839,0.21275426058273778,0.011285383,0.1256941049829949,0.18562123410729986,0.18722374931280925,0.16174943629936972,0.18722374931280925,0.18722374931280925,0.01351839,-0.03297112137079239,0.296264111995697,0.2632930278778076,-1,False,0.1,0.6850506459593184
1284,71,GENE:G0071,G0071,83,GENE:G0083,G0083,PPI,0.1869268829026938,0.06741133,0.06741133,0.5192413413963717,0.05352831,0.27389138994321005,0.1321772664865585,0.1869268829026938,0.1913293765600949,0.1869268829026938,0.1869268829026938,0.06741133,0.011262841522693634,0.09760135412216187,0.1088641956448555,1,False,0.1,0.6850506459593184
1244,68,GENE:G0068,G0068,74,GENE:G0074,G0074,PPI,0.18606102253985707,0.0795521,0.0795521,0.8089609675645959,0.12280183,0.1072577559168115,0.1527415995958031,0.18606102253985707,0.14285862702828928,0.18606102253985707,0.18606102253985707,0.0795521,0.0021709012798964977,0.12822504341602325,0.13039594888687134,1,False,0.1,0.6850506459593184
1340,74,GENE:G0074,G0074,167,GENE:G0167,G0167,PPI,0.18566520065970313,0.008910415,0.008910415,0.4125893347993403,0.011316912,0.04412351309436837,0.14112726605886253,0.18566520065970313,0.1045115308929982,0.18566520065970313,0.18566520065970313,0.008910415,-0.11843295395374298,0.533926784992218,0.41549378633499146,-1,False,0.1,0.6850506459593184
805,102,GENE:G0102,G0102,41,GENE:G0041,G0041,PPI,0.18550852116547553,0.03373443,0.03373443,0.25068719076415613,0.01747541,0.26265262353471586,0.10564613768665967,0.18550852116547553,0.17655513483372565,0.18550852116547553,0.18550852116547553,0.03373443,-0.003699648892506957,0.13543564081192017,0.13173598051071167,-1,False,0.1,0.6850506459593184
625,72,GENE:G0072,G0072,32,GENE:G0032,G0032,PPI,0.18523914238592634,0.06793752,0.06793752,0.8053875755909841,0.11821641,0.10240994773978047,0.15206690003931467,0.18523914238592634,0.1391991712535395,0.18523914238592634,0.18523914238592634,0.06793752,0.0011013634502887726,0.09736987948417664,0.09847122430801392,1,False,0.1,0.6850506459593184
918,48,GENE:G0048,G0048,77,GENE:G0077,G0077,PPI,0.1852212754260583,0.015752302,0.015752302,0.21412864211105004,0.011048,0.12403473777558315,0.10998481695262712,0.1852212754260583,0.11733603288565841,0.1852212754260583,0.1852212754260583,0.015752302,0.014101538807153702,0.11037084460258484,0.12447237968444824,1,False,0.1,0.6850506459593184
861,127,GENE:G0127,G0127,44,GENE:G0044,G0044,PPI,0.18434716877405166,0.03499109,0.03499109,0.3262781748213304,0.027593704,0.21674057969008037,0.1250543842409378,0.18434716877405166,0.18437414985425968,0.18434716877405166,0.18434716877405166,0.03499109,0.12278176099061966,0.13073594868183136,0.2535177171230316,1,False,0.1,0.6850506459593184
782,40,GENE:G0040,G0040,68,GENE:G0068,G0068,PPI,0.18344145134689388,0.023729937,0.023729937,0.1891148982957669,0.009923173,0.3538918316877827,0.1276910739437451,0.18344145134689388,0.22213799753739533,0.18344145134689388,0.18344145134689388,0.023729937,0.0930512398481369,0.10762932151556015,0.20068055391311646,1,False,0.1,0.6850506459593184
896,46,GENE:G0046,G0046,89,GENE:G0089,G0089,PPI,0.1818306761957119,0.02593494,0.02593494,0.1924134139637163,0.015784144,0.3505778660299802,0.12823311097360754,0.1818306761957119,0.22975276686358762,0.1818306761957119,0.1818306761957119,0.02593494,0.09176400303840637,0.15875868499279022,0.2505227029323578,1,False,0.1,0.6850506459593184
1816,192,GENE:G0192,G0192,194,GENE:G0194,G0194,PPI,0.18179631665750415,0.04210497,0.04210497,0.5593732820230897,0.056472406,0.6210138682622899,0.17755145934519737,0.18179631665750415,0.30756028104288796,0.18179631665750415,0.18179631665750415,0.04210497,0.11776875704526901,0.4606733024120331,0.5784419775009155,1,False,0.1,0.6850506459593184
1124,59,GENE:G0059,G0059,60,GENE:G0060,G0060,PPI,0.18178119846069268,0.009081855,0.009081855,0.18361737218251786,0.0062107854,0.03228763593242451,0.08372227334732163,0.18178119846069268,0.060557778702102154,0.18178119846069268,0.18178119846069268,0.009081855,-0.014589729718863964,0.13380765914916992,0.11921793967485428,-1,False,0.1,0.6850506459593184
842,43,GENE:G0043,G0043,75,GENE:G0075,G0075,PPI,0.18099505222649806,0.019368906,0.019368906,0.4958768554150632,0.025249077,0.07459472122257536,0.13728715905790245,0.18099505222649806,0.11326763509323183,0.18099505222649806,0.18099505222649806,0.019368906,-0.008209512569010258,0.16089500486850739,0.1526854932308197,-1,False,0.1,0.6850506459593184
937,69,GENE:G0069,G0069,49,GENE:G0049,G0049,PPI,0.1805607476635514,0.05684991,0.05684991,0.7080813633864761,0.096271336,0.12909127826122171,0.15379390290334158,0.1805607476635514,0.15457734177098403,0.1805607476635514,0.1805607476635514,0.05684991,0.0036103660240769386,0.14111408591270447,0.14472444355487823,1,False,0.1,0.6850506459593184
437,68,GENE:G0068,G0068,25,GENE:G0025,G0025,PPI,0.18026937877954918,0.037675634,0.037675634,0.29796591533809785,0.029537225,0.34275543643336975,0.11930735338067743,0.18026937877954918,0.2054431158413994,0.18026937877954918,0.18026937877954918,0.037675634,-0.004089830443263054,0.1316009908914566,0.1275111585855484,-1,False,0.1,0.6850506459593184
1388,80,GENE:G0080,G0080,98,GENE:G0098,G0098,PPI,0.18001649257833974,0.05871706,0.05871706,0.6102253985706432,0.082061954,0.21344883291358888,0.04687230225472322,0.18001649257833974,0.09982864116967427,0.18001649257833974,0.18001649257833974,0.05871706,0.07749046385288239,0.19995330274105072,0.2774437963962555,1,False,0.1,0.6850506459593184
125,63,GENE:G0063,G0063,6,GENE:G0006,G0006,PPI,0.17959043430456295,0.009769303,0.009769303,0.20065970313358988,0.009238811,0.04975015165269619,0.14078391164565768,0.17959043430456295,0.09551659426566571,0.17959043430456295,0.17959043430456295,0.009769303,-0.03659873828291893,0.28344330191612244,0.2468445748090744,-1,False,0.1,0.6850506459593184
462,26,GENE:G0026,G0026,51,GENE:G0051,G0051,PPI,0.17904755360087962,0.008365375,0.008365375,0.18554150632215505,0.007486648,0.048995681771296755,0.16951681677821662,0.17904755360087962,0.10858441526320738,0.17904755360087962,0.17904755360087962,0.008365375,0.04239555448293686,0.09380783140659332,0.13620337843894958,1,False,0.1,0.6850506459593184
1021,164,GENE:G0164,G0164,52,GENE:G0052,G0052,PPI,0.17836586036283672,0.017609783,0.017609783,0.2394172622319956,0.014937908,0.12967495008503332,0.14539055558062833,0.17836586036283672,0.14742178837876177,0.17836586036283672,0.17836586036283672,0.017609783,-0.027536338195204735,0.13288614153862,0.10534980148077011,-1,False,0.1,0.6850506459593184
1801,195,GENE:G0195,G0195,172,GENE:G0172,G0172,PPI,0.1768471687740517,0.0043313466,0.0043313466,0.19433754810335352,0.0058976766,0.00379807046716127,0.16838538316632343,0.1768471687740517,0.08131403107972361,0.1768471687740517,0.1768471687740517,0.0043313466,-0.06366730481386185,0.35426729917526245,0.2905999422073364,-1,False,0.1,0.6850506459593184
135,31,GENE:G0031,G0031,7,GENE:G0007,G0007,PPI,0.17661077515118198,0.010935378,0.010935378,0.1995601979109401,0.007137658,0.06177015692705134,0.16473691315739863,0.17661077515118198,0.1180557549060039,0.17661077515118198,0.17661077515118198,0.010935378,-0.0022470857948064804,0.1959453970193863,0.19369833171367645,-1,False,0.1,0.6850506459593184
1263,82,GENE:G0082,G0082,69,GENE:G0069,G0069,PPI,0.17650769653655857,0.054230575,0.054230575,0.31803188565145685,0.02992282,0.5174019840225895,0.0837668457397651,0.17650769653655857,0.2162562606170552,0.17650769653655857,0.17650769653655857,0.054230575,0.00039971686783246696,0.09237691015005112,0.09277661144733429,1,False,0.1,0.6850506459593184
1012,52,GENE:G0052,G0052,87,GENE:G0087,G0087,PPI,0.17599917537108303,0.026104808,0.026104808,0.47567344694887304,0.034260683,0.04984687521649742,0.174805946864678,0.17599917537108303,0.13407932420400423,0.17599917537108303,0.17599917537108303,0.026104808,0.00203450839035213,0.13200496137142181,0.13403946161270142,1,False,0.1,0.6850506459593184
959,68,GENE:G0068,G0068,50,GENE:G0050,G0050,PPI,0.1756404617921935,0.1344577,0.1344577,0.816932380428807,0.16167268,0.21256519300522422,0.11363878849070876,0.1756404617921935,0.1458555465872645,0.1756404617921935,0.1756404617921935,0.1344577,-0.008436287753283978,0.1411232054233551,0.13268691301345825,-1,False,0.1,0.6850506459593184
374,22,GENE:G0022,G0022,76,GENE:G0076,G0076,PPI,0.1749079164376031,0.0047714035,0.0047714035,0.1976360637713029,0.005622298,0.008271539132569145,0.1247222933449571,0.1749079164376031,0.07039891764038622,0.1749079164376031,0.1749079164376031,0.0047714035,-0.0034496879670768976,0.22597278654575348,0.22252313792705536,-1,False,0.1,0.6850506459593184
1070,55,GENE:G0055,G0055,80,GENE:G0080,G0080,PPI,0.17484194612424409,0.06617621,0.06617621,0.7770753161077515,0.10722566,0.310651327341328,0.1709124118341882,0.17484194612424409,0.21390221382371286,0.17484194612424409,0.17484194612424409,0.06617621,0.0023004740942269564,0.13600653409957886,0.13830702006816864,1,False,0.1,0.6850506459593184
294,20,GENE:G0020,G0020,29,GENE:G0029,G0029,PPI,0.17376580538757558,0.028664686,0.028664686,0.48268279274326553,0.03735735,0.08788341874455612,0.14624571746919027,0.17376580538757558,0.12996440261780692,0.17376580538757558,0.17376580538757558,0.028664686,0.005638642702251673,0.09519825875759125,0.10083690285682678,1,False,0.1,0.6850506459593184
982,51,GENE:G0051,G0051,69,GENE:G0069,G0069,PPI,0.1736668499175371,0.008022094,0.008022094,0.19296316657504123,0.007973734,0.024242566916628246,0.1382079737744687,0.1736668499175371,0.0786754302505279,0.1736668499175371,0.1736668499175371,0.008022094,0.01590908318758011,0.09099548310041428,0.10690456628799438,1,False,0.1,0.6850506459593184
724,37,GENE:G0037,G0037,44,GENE:G0044,G0044,PPI,0.1734194612424409,0.015020716,0.015020716,0.19268829026937878,0.009129198,0.08060747663551401,0.0365600325416938,0.1734194612424409,0.056950039166565825,0.1734194612424409,0.1734194612424409,0.015020716,-0.02221030183136463,0.15059588849544525,0.12838560342788696,-1,False,0.1,0.6850506459593184
1148,59,GENE:G0059,G0059,188,GENE:G0188,G0188,PPI,0.17309510720175922,0.010670461,0.010670461,0.19021440351841673,0.008358406,0.08601949578636857,0.16973371717869332,0.17309510720175922,0.12925916816190502,0.17309510720175922,0.17309510720175922,0.010670461,0.0398515984416008,0.3897465467453003,0.4295980930328369,1,False,0.1,0.6850506459593184
466,26,GENE:G0026,G0026,92,GENE:G0092,G0092,PPI,0.17297965915338098,0.021642193,0.021642193,0.22319956019791093,0.01323431,0.31122926632069253,0.11201749751722377,0.17297965915338098,0.1836578741422703,0.17297965915338098,0.17297965915338098,0.021642193,0.11457868665456772,0.13154000043869019,0.2461187243461609,1,False,0.1,0.6850506459593184
53,21,GENE:G0021,G0021,2,GENE:G0002,G0002,PPI,0.17294667399670147,0.0071819057,0.0071819057,0.17921935129191863,0.0049868436,0.027849880200699628,0.1299711042631098,0.17294667399670147,0.07839680415942288,0.17294667399670147,0.17294667399670147,0.0071819057,0.027742158621549606,0.16078084707260132,0.18852299451828003,1,False,0.1,0.6850506459593184
230,14,GENE:G0014,G0014,144,GENE:G0144,G0144,PPI,0.17173721825178673,0.0330333,0.0330333,0.19296316657504126,0.011643089,0.4571989606935929,0.0901057410817988,0.17173721825178673,0.22541131629026717,0.17173721825178673,0.17173721825178673,0.0330333,0.06639685481786728,0.1845046579837799,0.2509014904499054,1,False,0.1,0.6850506459593184
1730,145,GENE:G0145,G0145,196,GENE:G0196,G0196,PPI,0.17158878504672898,0.016082186,0.016082186,0.22429906542056074,0.011483932,0.20126371363091944,0.17102711812224225,0.17158878504672898,0.18290713537866723,0.17158878504672898,0.17158878504672898,0.016082186,-0.05164162069559097,0.2968420684337616,0.24520044028759003,-1,False,0.1,0.6850506459593184
1216,66,GENE:G0066,G0066,77,GENE:G0077,G0077,PPI,0.17100329851566795,0.010332388,0.010332388,0.1921385376580539,0.0062235575,0.07056288817543586,0.15273503146026424,0.17100329851566795,0.1125382709860989,0.17100329851566795,0.17100329851566795,0.010332388,0.0581611692905426,0.11030060797929764,0.16846175491809845,1,False,0.1,0.6850506459593184
508,28,GENE:G0028,G0028,66,GENE:G0066,G0066,PPI,0.1709868059373282,0.058923103,0.058923103,0.5181418361737218,0.06847568,0.2817862300207536,0.059529964753843784,0.1709868059373282,0.1280521508624692,0.1709868059373282,0.1709868059373282,0.058923103,-0.00849153846502304,0.11774477362632751,0.10925324261188507,-1,False,0.1,0.6850506459593184
1412,82,GENE:G0082,G0082,83,GENE:G0083,G0083,PPI,0.17044529961517318,0.069346845,0.069346845,0.7410665200659703,0.09775787,0.12037174030737978,0.10954256697514768,0.17044529961517318,0.12048489678212265,0.17044529961517318,0.17044529961517318,0.069346845,0.0011412834282964468,0.10219354927539825,0.10333483666181564,1,False,0.1,0.6850506459593184
1487,173,GENE:G0173,G0173,90,GENE:G0090,G0090,PPI,0.1703545904343046,0.018279072,0.018279072,0.18416712479384278,0.010088883,0.21825704123604636,0.1637819477962677,0.1703545904343046,0.20003815134200986,0.1703545904343046,0.1703545904343046,0.018279072,-0.05494705215096474,0.1865975260734558,0.13165046274662018,-1,False,0.1,0.6850506459593184
1292,71,GENE:G0071,G0071,97,GENE:G0097,G0097,PPI,0.16969832325453546,0.07710196,0.07710196,0.33603628367234745,0.031881135,0.20516014992739073,0.15008262253603413,0.16969832325453546,0.23540966448982323,0.16969832325453546,0.16969832325453546,0.07710196,-0.0071309697814285755,0.12575788795948029,0.11862693727016449,-1,False,0.1,0.6850506459593184
711,72,GENE:G0072,G0072,36,GENE:G0036,G0036,PPI,0.16955951072017592,0.07710197,0.07710197,0.33576140736668497,0.0318811,0.17522835396080658,0.10400477196188851,0.16955951072017592,0.17448908000152025,0.16955951072017592,0.16955951072017592,0.07710197,0.0033126806374639273,0.13674406707286835,0.1400567591190338,1,False,0.1,0.6850506459593184
1325,99,GENE:G0099,G0099,73,GENE:G0073,G0073,PPI,0.1692138537658054,0.007616131,0.007616131,0.1880153930731171,0.0072663426,0.013659997300175034,0.025224911983669978,0.1692138537658054,0.025054445677608724,0.1692138537658054,0.1692138537658054,0.007616131,0.07837892323732376,0.14589276909828186,0.22427169978618622,1,False,0.1,0.6850506459593184
487,90,GENE:G0090,G0090,27,GENE:G0027,G0027,PPI,0.16858713578889498,0.015681047,0.015681047,0.22182517866959867,0.009906758,0.20683168661801313,0.15710485416347442,0.16858713578889498,0.1734770229031589,0.16858713578889498,0.16858713578889498,0.015681047,-0.04224260896444321,0.1720905900001526,0.1298479437828064,-1,False,0.1,0.6850506459593184
1081,150,GENE:G0150,G0150,55,GENE:G0055,G0055,PPI,0.1681693238042881,0.029317016,0.029317016,0.25288620120945576,0.01998244,0.19441349509712869,0.08989028466301334,0.1681693238042881,0.13724097471328814,0.1681693238042881,0.1681693238042881,0.029317016,0.013996212743222713,0.1647825986146927,0.17877879738807678,1,False,0.1,0.6850506459593184
1131,74,GENE:G0074,G0074,59,GENE:G0059,G0059,PPI,0.1679026937877955,0.010083074,0.010083074,0.16959868059373281,0.005621108,0.046417159717699684,0.12627985661753202,0.1679026937877955,0.08913314792013709,0.1679026937877955,0.1679026937877955,0.010083074,-0.017331652343273163,0.10053477436304092,0.08320312201976776,-1,False,0.1,0.6850506459593184
302,20,GENE:G0020,G0020,41,GENE:G0041,G0041,PPI,0.1676388125343595,0.01786393,0.01786393,0.5780648708081363,0.02300607,0.12247544064728705,0.14265441734177678,0.1676388125343595,0.1306347282143574,0.1676388125343595,0.1676388125343595,0.01786393,0.0059812031686306,0.1379733681678772,0.1439545750617981,1,False,0.1,0.6850506459593184
1293,97,GENE:G0097,G0097,71,GENE:G0071,G0071,PPI,0.16724848818031884,0.09935814,0.09935814,0.7778999450247388,0.1531314,0.20207558903956654,0.10820920976739763,0.16724848818031884,0.13876254062826548,0.16724848818031884,0.16724848818031884,0.09935814,-0.01046043261885643,0.0907306969165802,0.08027025312185287,-1,False,0.1,0.6850506459593184
117,128,GENE:G0128,G0128,5,GENE:G0005,G0005,PPI,0.1670890599230346,0.010784426,0.010784426,0.18774051676745462,0.008660756,0.0953917291411837,0.16232770750292913,0.1670890599230346,0.129148985205017,0.1670890599230346,0.1670890599230346,0.010784426,-0.06296257674694061,0.3296816945075989,0.26671916246414185,-1,False,0.1,0.6850506459593184
621,63,GENE:G0063,G0063,32,GENE:G0032,G0032,PPI,0.16655579989004948,0.024872242,0.024872242,0.42166025288620124,0.02514799,0.16272717644408619,0.13250467982424413,0.16655579989004948,0.1432230107731238,0.16655579989004948,0.16655579989004948,0.024872242,-0.012838478200137615,0.0983119085431099,0.0854734256863594,-1,False,0.1,0.6850506459593184
902,47,GENE:G0047,G0047,58,GENE:G0058,G0058,PPI,0.16554150632215503,0.025164213,0.025164213,0.25865860362836723,0.019595485,0.3460950787298425,0.15826863207116473,0.16554150632215503,0.23019277433981952,0.16554150632215503,0.16554150632215503,0.025164213,0.003376997774466872,0.16514374315738678,0.1685207337141037,1,False,0.1,0.6850506459593184
578,30,GENE:G0030,G0030,115,GENE:G0115,G0115,PPI,0.16509758108851016,0.027141076,0.027141076,0.21302913688840022,0.011637371,0.3548106999198967,0.1585779794586194,0.16509758108851016,0.2531353133690156,0.16509758108851016,0.16509758108851016,0.027141076,0.023136327043175697,0.2116233855485916,0.23475968837738037,1,False,0.1,0.6850506459593184
832,42,GENE:G0042,G0042,178,GENE:G0178,G0178,PPI,0.16455470038482684,0.014207768,0.014207768,0.16877405167674547,0.009610858,0.12536473411925375,0.14432401958717786,0.16455470038482684,0.14482906828542172,0.16455470038482684,0.16455470038482684,0.014207768,0.02375422976911068,0.3787003755569458,0.4024546146392822,1,False,0.1,0.6850506459593184
532,29,GENE:G0029,G0029,57,GENE:G0057,G0057,PPI,0.1641836173721825,0.020121185,0.020121185,0.29851566794942275,0.017732564,0.09793033669052237,0.1181873255843016,0.1641836173721825,0.11460992868449868,0.1641836173721825,0.1641836173721825,0.020121185,0.019993331283330917,0.110948845744133,0.13094216585159302,1,False,0.1,0.6850506459593184
365,46,GENE:G0046,G0046,22,GENE:G0022,G0022,PPI,0.16411764705882353,0.048899144,0.048899144,0.5294117647058824,0.0534941,0.3286607476685125,0.05895279913584729,0.16411764705882353,0.13580803995456955,0.16411764705882353,0.16411764705882353,0.048899144,0.07861360907554626,0.1613604873418808,0.23997408151626587,1,False,0.1,0.6850506459593184
234,15,GENE:G0015,G0015,59,GENE:G0059,G0059,PPI,0.16364004947773506,0.0452147,0.0452147,0.6175096206706983,0.070960216,0.2728021704165438,0.12311537569259808,0.16364004947773506,0.16906024825937022,0.16364004947773506,0.16364004947773506,0.0452147,-0.005461425986140966,0.09597793221473694,0.09051652252674103,-1,False,0.1,0.6850506459593184
1411,171,GENE:G0171,G0171,81,GENE:G0081,G0081,PPI,0.16359950522264982,0.009087343,0.009087343,0.18279274326553052,0.0073734513,0.04449593257235701,0.12470163280966477,0.16359950522264982,0.08447965514183155,0.16359950522264982,0.16359950522264982,0.009087343,-0.03721590340137482,0.14699378609657288,0.10977789014577866,-1,False,0.1,0.6850506459593184
643,44,GENE:G0044,G0044,33,GENE:G0033,G0033,PPI,0.16348955470038484,0.010199657,0.010199657,0.17674546454095658,0.009028562,0.07048587626645396,0.15156632095563102,0.16348955470038484,0.11256131359182175,0.16348955470038484,0.16348955470038484,0.010199657,0.0429808534681797,0.18793131411075592,0.23091214895248413,1,False,0.1,0.6850506459593184
1775,163,GENE:G0163,G0163,157,GENE:G0157,G0157,PPI,0.16278174821330404,0.026107918,0.026107918,0.18086860912589336,0.013299264,0.13074568844453247,0.024266070300080184,0.16278174821330404,0.06663541538199691,0.16278174821330404,0.16278174821330404,0.026107918,0.07620882242918015,0.47118523716926575,0.5473940968513489,1,False,0.1,0.6850506459593184
891,58,GENE:G0058,G0058,46,GENE:G0046,G0046,PPI,0.16270478284771853,0.094303034,0.094303034,0.6641011544804838,0.096414134,0.6378365441820186,0.15934968471960206,0.16270478284771853,0.29854289683436364,0.16270478284771853,0.16270478284771853,0.094303034,0.07743111997842789,0.1195988655090332,0.1970299780368805,1,False,0.1,0.6850506459593184
568,30,GENE:G0030,G0030,76,GENE:G0076,G0076,PPI,0.1624354040681693,0.020521145,0.020521145,0.33150082462891695,0.024182858,0.14247766131817388,0.1485848675437276,0.1624354040681693,0.15013590857553058,0.1624354040681693,0.1624354040681693,0.020521145,0.009493057616055012,0.21531078219413757,0.2248038500547409,1,False,0.1,0.6850506459593184
1283,78,GENE:G0078,G0078,71,GENE:G0071,G0071,PPI,0.1620519516217702,0.11327713,0.11327713,0.4910665200659703,0.0657085,0.12191915706405552,0.07192071132109379,0.1620519516217702,0.10556128714641297,0.1620519516217702,0.1620519516217702,0.11327713,-0.008784833364188671,0.09331297129392624,0.0845281332731247,-1,False,0.1,0.6850506459593184
1551,131,GENE:G0131,G0131,105,GENE:G0105,G0105,PPI,0.16164376030786148,0.004813954,0.004813954,0.24491478834524466,0.0063068336,0.0053240829889997995,0.10528487667313013,0.16164376030786148,0.05669406785001691,0.16164376030786148,0.16164376030786148,0.004813954,0.019315972924232483,0.3618168532848358,0.38113290071487427,1,False,0.1,0.6850506459593184
588,31,GENE:G0031,G0031,64,GENE:G0064,G0064,PPI,0.1610514018691589,0.048491668,0.048491668,0.28504672897196265,0.024806418,0.2192389578584586,0.10163225099499358,0.1610514018691589,0.17905666069137427,0.1610514018691589,0.1610514018691589,0.048491668,-0.0027346767019480467,0.17465740442276,0.1719227284193039,-1,False,0.1,0.6850506459593184
658,34,GENE:G0034,G0034,42,GENE:G0042,G0042,PPI,0.1607311709730621,0.004050596,0.004050596,0.18581638262781747,0.004134803,0.0018363136235971641,0.15164825508269356,0.1607311709730621,0.06813745479326148,0.1607311709730621,0.1607311709730621,0.004050596,-0.0192091166973114,0.14751483500003815,0.12830573320388794,-1,False,0.1,0.6850506459593184
714,36,GENE:G0036,G0036,81,GENE:G0081,G0081,PPI,0.16055525013743815,0.031169916,0.031169916,0.48653106102253985,0.03741092,0.1846051063709369,0.05589816319061194,0.16055525013743815,0.0982457524530405,0.16055525013743815,0.16055525013743815,0.031169916,-0.008491902612149715,0.1255759745836258,0.1170840710401535,-1,False,0.1,0.6850506459593184
1278,70,GENE:G0070,G0070,130,GENE:G0130,G0130,PPI,0.16023089609675642,0.0834943,0.0834943,0.27157778999450244,0.028233573,0.6164848697441697,0.12428949750897109,0.16023089609675642,0.3194804420519536,0.16023089609675642,0.16023089609675642,0.0834943,0.08415234833955765,0.25630781054496765,0.3404601812362671,1,False,0.1,0.6850506459593184
295,29,GENE:G0029,G0029,20,GENE:G0020,G0020,PPI,0.16014018691588786,0.085545376,0.085545376,0.6962616822429907,0.090842456,0.06151208475478256,0.07466574714578401,0.16014018691588786,0.07621456430363106,0.16014018691588786,0.16014018691588786,0.085545376,0.007217643782496452,0.0829952210187912,0.0902128666639328,1,False,0.1,0.6850506459593184
1446,84,GENE:G0084,G0084,183,GENE:G0183,G0183,PPI,0.16013194062671798,0.0148152765,0.0148152765,0.18196811434854315,0.010228659,0.12706603228666297,0.09192542146771401,0.16013194062671798,0.10684195987315019,0.16013194062671798,0.16013194062671798,0.0148152765,0.03425096720457077,0.26781120896339417,0.30206212401390076,1,False,0.1,0.6850506459593184
37,85,GENE:G0085,G0085,1,GENE:G0001,G0001,PPI,0.16004672897196262,0.017089548,0.017089548,0.18829026937877955,0.010342376,0.15847536838552853,0.15815261812691686,0.16004672897196262,0.1730500133394452,0.16004672897196262,0.16004672897196262,0.017089548,0.0012733483454212546,0.14300979673862457,0.14428314566612244,1,False,0.1,0.6850506459593184
1732,145,GENE:G0145,G0145,197,GENE:G0197,G0197,PPI,0.15994914788345244,0.017474754,0.017474754,0.1657504123144585,0.009605916,0.20152161502823734,0.13277890926398658,0.15994914788345244,0.1708297756006625,0.15994914788345244,0.15994914788345244,0.017474754,-0.04401065781712532,0.2972210645675659,0.2532103657722473,-1,False,0.1,0.6850506459593184
633,87,GENE:G0087,G0087,32,GENE:G0032,G0032,PPI,0.15950384826827926,0.047580075,0.047580075,0.7089059923034634,0.06998384,0.26633146312209405,0.1559190343545707,0.15950384826827926,0.18907329737576262,0.15950384826827926,0.15950384826827926,0.047580075,-0.017523648217320442,0.10291340202093124,0.08538974076509476,-1,False,0.1,0.6850506459593184
16,0,GENE:G0000,G0000,112,GENE:G0112,G0112,PPI,0.1592688290269379,0.10435652,0.10435652,0.5898845519516218,0.09632368,0.6569406269882584,0.10836871195738113,0.1592688290269379,0.25906479311912195,0.1592688290269379,0.1592688290269379,0.10435652,-0.03303855285048485,0.3258947730064392,0.29285621643066406,-1,False,0.1,0.6850506459593184
151,168,GENE:G0168,G0168,7,GENE:G0007,G0007,PPI,0.15908741066520068,0.01049094,0.01049094,0.17482133040131942,0.008441752,0.04747234761923566,0.11733233581320522,0.15908741066520068,0.08530137894722228,0.15908741066520068,0.15908741066520068,0.01049094,-0.04451746493577957,0.22028526663780212,0.17576782405376434,-1,False,0.1,0.6850506459593184
819,85,GENE:G0085,G0085,42,GENE:G0042,G0042,PPI,0.15897746014293568,0.09762716,0.09762716,0.8367234744365035,0.13046664,0.21951502427921726,0.07294386137513914,0.15897746014293568,0.1239896756630026,0.15897746014293568,0.15897746014293568,0.09762716,-0.0076360516250133514,0.14267760515213013,0.13504153490066528,-1,False,0.1,0.6850506459593184
715,81,GENE:G0081,G0081,36,GENE:G0036,G0036,PPI,0.15875343595382074,0.0078668995,0.0078668995,0.2284222100054975,0.009146813,0.03620618694186952,0.12414384616958919,0.15875343595382074,0.08256907852629189,0.15875343595382074,0.15875343595382074,0.0078668995,-0.032914575189352036,0.15312497317790985,0.12021038681268692,-1,False,0.1,0.6850506459593184
557,45,GENE:G0045,G0045,30,GENE:G0030,G0030,PPI,0.1583974711379879,0.049446467,0.049446467,0.6335898845519516,0.06937862,0.12609039460896349,0.10974098712056796,0.1583974711379879,0.12152236271302472,0.1583974711379879,0.1583974711379879,0.049446467,-0.009563755244016647,0.09630380570888519,0.08674005419015884,-1,False,0.1,0.6850506459593184
174,9,GENE:G0009,G0009,180,GENE:G0180,G0180,PPI,0.15809235843870256,0.00784177,0.00784177,0.16382627817482132,0.006383134,0.03850177646167824,0.10915060255358432,0.15809235843870256,0.0745740498934665,0.15809235843870256,0.15809235843870256,0.00784177,0.015680357813835144,0.2578502297401428,0.2735305726528168,1,False,0.1,0.6850506459593184
953,51,GENE:G0051,G0051,50,GENE:G0050,G0050,PPI,0.1576690489279824,0.010697162,0.010697162,0.394172622319956,0.016032629,0.04976665688832349,0.1354027423282767,0.1576690489279824,0.09559651546069152,0.1576690489279824,0.1576690489279824,0.010697162,-0.012371990829706192,0.1450202912092209,0.132648304104805,-1,False,0.1,0.6850506459593184
1276,70,GENE:G0070,G0070,82,GENE:G0082,G0082,PPI,0.15667537108301263,0.0860403,0.0860403,0.8468938977460143,0.15280338,0.1604559514836778,0.1092788516262713,0.15667537108301263,0.12543028441064275,0.15667537108301263,0.15667537108301263,0.0860403,-0.009212802164256573,0.10233592987060547,0.09312310814857483,-1,False,0.1,0.6850506459593184
1445,136,GENE:G0136,G0136,84,GENE:G0084,G0084,PPI,0.15611599780098956,0.014580835,0.014580835,0.16877405167674547,0.008444172,0.1672948322202305,0.14197349066825693,0.15611599780098956,0.15631323204611852,0.15611599780098956,0.15611599780098956,0.014580835,-0.056874074041843414,0.21395453810691833,0.15708045661449432,-1,False,0.1,0.6850506459593184
1145,156,GENE:G0156,G0156,59,GENE:G0059,G0059,PPI,0.15590434304562947,0.04584844,0.04584844,0.3389224848818032,0.03527485,0.07681353318714615,0.03981437705737331,0.15590434304562947,0.06039056587358616,0.15590434304562947,0.15590434304562947,0.04584844,-0.013340107165277004,0.10181756317615509,0.08847744762897491,-1,False,0.1,0.6850506459593184
753,88,GENE:G0088,G0088,38,GENE:G0038,G0038,PPI,0.15577789994502475,0.015356277,0.015356277,0.19351291918636615,0.007721578,0.17768193000267263,0.1410522026330502,0.15577789994502475,0.15756868660227757,0.15577789994502475,0.15577789994502475,0.015356277,-0.04800059273838997,0.1734578162431717,0.12545719742774963,-1,False,0.1,0.6850506459593184
1236,67,GENE:G0067,G0067,99,GENE:G0099,G0099,PPI,0.15560747663551402,0.034499224,0.034499224,0.4205607476635514,0.03515525,0.06449676631374947,0.1545524985281464,0.15560747663551402,0.14498972028414422,0.15560747663551402,0.15560747663551402,0.034499224,0.004566675052046776,0.1484084576368332,0.1529751420021057,1,False,0.1,0.6850506459593184
1146,59,GENE:G0059,G0059,176,GENE:G0176,G0176,PPI,0.15554700384826828,0.010640554,0.010640554,0.16547553600879605,0.007417081,0.09276101543176286,0.139863541052089,0.15554700384826828,0.11663798587494312,0.15554700384826828,0.15554700384826828,0.010640554,0.011426575481891632,0.39902573823928833,0.4104522466659546,1,False,0.1,0.6850506459593184
1555,108,GENE:G0108,G0108,106,GENE:G0106,G0106,PPI,0.15509895547003846,0.011898327,0.011898327,0.16767454645409563,0.0077930503,0.06482634551678887,0.08533300161077162,0.15509895547003846,0.07685233863047193,0.15509895547003846,0.15509895547003846,0.011898327,0.05556389316916466,0.6456024646759033,0.7011664509773254,1,False,0.1,0.6850506459593184
1456,85,GENE:G0085,G0085,168,GENE:G0168,G0168,PPI,0.15479384277075314,0.03253533,0.03253533,0.20918086860912588,0.012319328,0.513686456507356,0.14838577806032763,0.15479384277075314,0.2937595751148704,0.15479384277075314,0.15479384277075314,0.03253533,0.14812804758548737,0.3618946373462677,0.510022759437561,1,False,0.1,0.6850506459593184
1692,134,GENE:G0134,G0134,137,GENE:G0137,G0137,PPI,0.15370808136338646,0.0056248032,0.0056248032,0.15448048378229795,0.005656994,0.010435114098744742,0.1111186184243562,0.15370808136338646,0.05817724734180476,0.15370808136338646,0.15370808136338646,0.0056248032,0.030965985730290413,0.2031533271074295,0.23411934077739716,1,False,0.1,0.6850506459593184
1621,134,GENE:G0134,G0134,118,GENE:G0118,G0118,PPI,0.1528147333699835,0.025118051,0.025118051,0.19846069268829025,0.010684244,0.2413765931874847,0.09049024155204524,0.1528147333699835,0.1711712222215622,0.1528147333699835,0.1528147333699835,0.025118051,0.07033713161945343,0.46917790174484253,0.5395150184631348,1,False,0.1,0.6850506459593184
629,80,GENE:G0080,G0080,32,GENE:G0032,G0032,PPI,0.15280373831775698,0.042785957,0.042785957,0.5992303463441451,0.060042612,0.14503027557086293,0.1512982460529778,0.15280373831775698,0.160517808160944,0.15280373831775698,0.15280373831775698,0.042785957,-0.0008166134939529002,0.09619035571813583,0.09537373483181,-1,False,0.1,0.6850506459593184
1539,142,GENE:G0142,G0142,103,GENE:G0103,G0103,PPI,0.152478009895547,0.06805614,0.06805614,0.16135239142385926,0.0092578605,0.6030111301679377,0.0998202888803671,0.152478009895547,0.33329550783057843,0.152478009895547,0.152478009895547,0.06805614,-0.07627401500940323,0.3208613097667694,0.24458730220794678,-1,False,0.1,0.6850506459593184
1031,68,GENE:G0068,G0068,53,GENE:G0053,G0053,PPI,0.1521646509070918,0.025345221,0.025345221,0.2515118196811435,0.016485466,0.13559070811068327,0.11819048611410246,0.1521646509070918,0.1471189154096088,0.1521646509070918,0.1521646509070918,0.025345221,0.007636699825525284,0.086679607629776,0.09431631863117218,1,False,0.1,0.6850506459593184
708,36,GENE:G0036,G0036,69,GENE:G0069,G0069,PPI,0.1517275975810885,0.021983864,0.021983864,0.20643210555250135,0.015308875,0.11511550866305417,0.1031954075009614,0.1517275975810885,0.1285235692653568,0.1517275975810885,0.1517275975810885,0.021983864,-0.007730188779532909,0.09865161031484604,0.09092143177986145,-1,False,0.1,0.6850506459593184
1218,66,GENE:G0066,G0066,78,GENE:G0078,G0078,PPI,0.15027899945024736,0.006974555,0.006974555,0.17784496976360636,0.0070629055,0.033550136684657984,0.11559923034634415,0.15027899945024736,0.0791879811115886,0.15027899945024736,0.15027899945024736,0.006974555,0.02663400210440159,0.09567694365978241,0.12231095135211945,1,False,0.1,0.6850506459593184
308,20,GENE:G0020,G0020,55,GENE:G0055,G0055,PPI,0.14989279824079163,0.03205802,0.03205802,0.41066520065970313,0.028364915,0.06878095949213764,0.1252865427613228,0.14989279824079163,0.11926021820656145,0.14989279824079163,0.14989279824079163,0.03205802,0.007916825823485851,0.153899148106575,0.16181597113609314,1,False,0.1,0.6850506459593184
1516,98,GENE:G0098,G0098,174,GENE:G0174,G0174,PPI,0.1497278724573942,0.0112628415,0.0112628415,0.2234744365035734,0.011402503,0.04178850953076064,0.08382525815362554,0.1497278724573942,0.06673008382155607,0.1497278724573942,0.1497278724573942,0.0112628415,-0.014268514700233936,0.25172221660614014,0.23745371401309967,-1,False,0.1,0.6850506459593184
1427,94,GENE:G0094,G0094,83,GENE:G0083,G0083,PPI,0.14967702034084662,0.013473005,0.013473005,0.26030786146234197,0.014758652,0.060313801705299146,0.10720923932721221,0.14967702034084662,0.0909529308273661,0.14967702034084662,0.14967702034084662,0.013473005,0.012395757250487804,0.10001103579998016,0.11240682005882263,1,False,0.1,0.6850506459593184
1370,78,GENE:G0078,G0078,98,GENE:G0098,G0098,PPI,0.14906542056074765,0.018566549,0.018566549,0.514018691588785,0.022029275,0.10037436035942754,0.1464727806883412,0.14906542056074765,0.12377463559637272,0.14906542056074765,0.14906542056074765,0.018566549,-0.01790638640522957,0.2295617163181305,0.21165533363819122,-1,False,0.1,0.6850506459593184
645,56,GENE:G0056,G0056,33,GENE:G0033,G0033,PPI,0.1488317757009346,0.0043966607,0.0043966607,0.16355140186915887,0.0037256253,0.0030555218485598143,0.13690532159158142,0.1488317757009346,0.06299783455413378,0.1488317757009346,0.1488317757009346,0.0043966607,0.04079105705022812,0.18383289873600006,0.22462394833564758,1,False,0.1,0.6850506459593184
1681,173,GENE:G0173,G0173,130,GENE:G0130,G0130,PPI,0.14874106652006597,0.0037371942,0.0037371942,0.16712479384277074,0.0032239063,0.0018346835179730888,0.10278514500257781,0.14874106652006597,0.05371838287327214,0.14874106652006597,0.14874106652006597,0.0037371942,-0.06435901671648026,0.31561005115509033,0.2512510418891907,-1,False,0.1,0.6850506459593184
678,34,GENE:G0034,G0034,99,GENE:G0099,G0099,PPI,0.14773776800439803,0.024377612,0.024377612,0.2080813633864761,0.013286885,0.2021457337735542,0.08766623664505914,0.14773776800439803,0.1391341162191576,0.14773776800439803,0.14773776800439803,0.024377612,0.005644081626087427,0.15104767680168152,0.156691774725914,1,False,0.1,0.6850506459593184
1817,194,GENE:G0194,G0194,192,GENE:G0192,G0192,PPI,0.14766355140186915,0.048010617,0.048010617,0.21715228147333698,0.012563091,0.490307993604022,0.13754501617888246,0.14766355140186915,0.30451190415825224,0.14766355140186915,0.14766355140186915,0.048010617,0.14387047290802002,0.2042730748653412,0.3481435477733612,1,False,0.1,0.6850506459593184
677,96,GENE:G0096,G0096,34,GENE:G0034,G0034,PPI,0.14755085211654753,0.06343204,0.06343204,0.5087960417811984,0.06913996,0.16342788393224625,0.12405653691466717,0.14755085211654753,0.16105626085687308,0.14755085211654753,0.14755085211654753,0.06343204,-0.013001625426113605,0.13266612589359283,0.1196645051240921,-1,False,0.1,0.6850506459593184
511,77,GENE:G0077,G0077,28,GENE:G0028,G0028,PPI,0.1474312809235844,0.01725458,0.01725458,0.21522814733369983,0.012421458,0.02503397378033241,0.012595904384405535,0.1474312809235844,0.023798948696719398,0.1474312809235844,0.1474312809235844,0.01725458,0.010213241912424564,0.14734706282615662,0.157560333609581,1,False,0.1,0.6850506459593184
1623,152,GENE:G0152,G0152,118,GENE:G0118,G0118,PPI,0.14704782847718526,0.0070145023,0.0070145023,0.20423309510720175,0.005823922,0.021770686519036908,0.08836474758668754,0.14704782847718526,0.05929729266335712,0.14704782847718526,0.14704782847718526,0.0070145023,-0.13445770740509033,0.5711184740066528,0.4366607666015625,-1,False,0.1,0.6850506459593184
1204,65,GENE:G0065,G0065,70,GENE:G0070,G0070,PPI,0.14700934579439254,0.016315442,0.016315442,0.15722924683892248,0.007501862,0.12352432323707388,0.1069650107052762,0.14700934579439254,0.12771175209927474,0.14700934579439254,0.14700934579439254,0.016315442,-0.018477624282240868,0.18193647265434265,0.16345888376235962,-1,False,0.1,0.6850506459593184
104,4,GENE:G0004,G0004,133,GENE:G0133,G0133,PPI,0.14672897196261683,0.008363628,0.008363628,0.21577789994502475,0.009840604,0.018469581871635152,0.04358499932168351,0.14672897196261683,0.031997341603499284,0.14672897196261683,0.14672897196261683,0.008363628,0.14252105355262756,0.4411966800689697,0.5837177038192749,1,False,0.1,0.6850506459593184
1207,71,GENE:G0071,G0071,65,GENE:G0065,G0065,PPI,0.14531610775151182,0.009009384,0.009009384,0.14678394722374932,0.0033843503,0.03155934339259538,0.06692768558004454,0.14531610775151182,0.05148059559900334,0.14531610775151182,0.14531610775151182,0.009009384,0.016912244260311127,0.18780812621116638,0.2047203630208969,1,False,0.1,0.6850506459593184
1182,63,GENE:G0063,G0063,81,GENE:G0081,G0081,PPI,0.14528518416712477,0.0687115,0.0687115,0.4180868609125893,0.048566423,0.20648286870843302,0.05228175777792219,0.14528518416712477,0.10162549165134294,0.14528518416712477,0.14528518416712477,0.0687115,0.003771811490878463,0.11368190497159958,0.11745372414588928,1,False,0.1,0.6850506459593184
472,27,GENE:G0027,G0027,32,GENE:G0032,G0032,PPI,0.14526250687190767,0.01282024,0.01282024,0.19763606377130294,0.010202849,0.06840443448967096,0.08965796573690699,0.14526250687190767,0.08057596051389886,0.14526250687190767,0.14526250687190767,0.01282024,-0.017991743981838226,0.10412660241127014,0.08613485097885132,-1,False,0.1,0.6850506459593184
1429,95,GENE:G0095,G0095,83,GENE:G0083,G0083,PPI,0.1451346893897746,0.04856493,0.04856493,0.879604178119846,0.097129755,0.021270567224558265,0.043759755342787025,0.1451346893897746,0.03589029031579534,0.1451346893897746,0.1451346893897746,0.04856493,-0.0024440879933536053,0.10079777985811234,0.09835371375083923,-1,False,0.1,0.6850506459593184
1807,197,GENE:G0197,G0197,178,GENE:G0178,G0178,PPI,0.14459043430456295,0.010928347,0.010928347,0.21907641561297417,0.010983709,0.07867127903855409,0.06777220183458846,0.14459043430456295,0.07189649656419722,0.14459043430456295,0.14459043430456295,0.010928347,0.121847003698349,0.37219560146331787,0.4940425455570221,1,False,0.1,0.6850506459593184
222,13,GENE:G0013,G0013,74,GENE:G0074,G0074,PPI,0.14422759758108852,0.006080353,0.006080353,0.1456844420010995,0.0047107795,0.015493590172610455,0.1401640305674056,0.14422759758108852,0.07479523624426462,0.14422759758108852,0.14422759758108852,0.006080353,0.0163032915443182,0.11831795424222946,0.134621262550354,1,False,0.1,0.6850506459593184
1725,177,GENE:G0177,G0177,144,GENE:G0144,G0144,PPI,0.1435527762506872,0.009805932,0.009805932,0.19268829026937878,0.007409943,0.04279012437413574,0.11701352406661361,0.1435527762506872,0.08133888484812112,0.1435527762506872,0.1435527762506872,0.009805932,-0.0074389600194990635,0.23378148674964905,0.22634254395961761,-1,False,0.1,0.6850506459593184
99,61,GENE:G0061,G0061,4,GENE:G0004,G0004,PPI,0.14294392523364485,0.02894457,0.02894457,0.17757009345794392,0.0071507525,0.39501085816397474,0.13137787100889134,0.14294392523364485,0.25493793587070973,0.14294392523364485,0.14294392523364485,0.02894457,0.15670865774154663,0.1761869639158249,0.3328956961631775,1,False,0.1,0.6850506459593184
212,12,GENE:G0012,G0012,96,GENE:G0096,G0096,PPI,0.14254123144584935,0.031117236,0.031117236,0.14925783397471137,0.011664582,0.3738540186766285,0.09999717928580226,0.14254123144584935,0.23953301361739246,0.14254123144584935,0.14254123144584935,0.031117236,0.09430303424596786,0.13202893733978271,0.22633197903633118,1,False,0.1,0.6850506459593184
650,33,GENE:G0033,G0033,84,GENE:G0084,G0084,PPI,0.14222100054975262,0.029143153,0.029143153,0.43760307861462344,0.03536621,0.23459043430456294,0.12221588867333785,0.14222100054975262,0.1629135345385605,0.14222100054975262,0.14222100054975262,0.029143153,0.10414229333400726,0.13967713713645935,0.243819460272789,1,False,0.1,0.6850506459593184
703,48,GENE:G0048,G0048,36,GENE:G0036,G0036,PPI,0.14188152831225948,0.051111173,0.051111173,0.7275975810885101,0.08624244,0.15901769494464446,0.1381956638545909,0.14188152831225948,0.14534556448660793,0.14188152831225948,0.14188152831225948,0.051111173,-0.004914260935038328,0.14118242263793945,0.13626816868782043,-1,False,0.1,0.6850506459593184
1376,78,GENE:G0078,G0078,195,GENE:G0195,G0195,PPI,0.14187740516767453,0.0123852035,0.0123852035,0.18306761957119294,0.009835774,0.12095819315451024,0.1362747539605684,0.14187740516767453,0.12786074676097395,0.14187740516767453,0.14187740516767453,0.0123852035,-0.028485679998993874,0.342667818069458,0.3141821324825287,-1,False,0.1,0.6850506459593184
1765,178,GENE:G0178,G0178,154,GENE:G0154,G0154,PPI,0.1417509620670698,0.02337131,0.02337131,0.4079164376030786,0.030297302,0.13764439544638607,0.11406170777904324,0.1417509620670698,0.12179655547077459,0.1417509620670698,0.1417509620670698,0.02337131,0.014889483340084553,0.2802382707595825,0.2951277494430542,1,False,0.1,0.6850506459593184
868,45,GENE:G0045,G0045,53,GENE:G0053,G0053,PPI,0.1413084112149533,0.040574633,0.040574633,0.22429906542056077,0.01707032,0.08072228403338662,0.01258875382465999,0.1413084112149533,0.04317276917434406,0.1413084112149533,0.1413084112149533,0.040574633,-0.003902321681380272,0.08916446566581726,0.08526212722063065,-1,False,0.1,0.6850506459593184
856,44,GENE:G0044,G0044,64,GENE:G0064,G0064,PPI,0.1410527762506872,0.031660013,0.031660013,0.4274326553051127,0.04032387,0.2994165322423269,0.1252020219471602,0.1410527762506872,0.17965304582629887,0.1410527762506872,0.1410527762506872,0.031660013,0.1222730278968811,0.16210967302322388,0.28438273072242737,1,False,0.1,0.6850506459593184
992,51,GENE:G0051,G0051,80,GENE:G0080,G0080,PPI,0.14051126992853213,0.03673406,0.03673406,0.4606926882902693,0.04098055,0.1644702747355055,0.10334827004814885,0.14051126992853213,0.12730636123374306,0.14051126992853213,0.14051126992853213,0.03673406,-0.0025932404678314924,0.12907490134239197,0.12648165225982666,-1,False,0.1,0.6850506459593184
382,23,GENE:G0023,G0023,32,GENE:G0032,G0032,PPI,0.13974711379879054,0.12265056,0.12265056,0.9015942825728422,0.21411568,0.0716602528862012,0.05612379148076284,0.13974711379879054,0.062467514360714634,0.13974711379879054,0.13974711379879054,0.12265056,0.0014446198474615812,0.0941234603524208,0.09556807577610016,1,False,0.1,0.6850506459593184
251,192,GENE:G0192,G0192,16,GENE:G0016,G0016,PPI,0.1394392523364486,0.035244077,0.035244077,0.2050577240241891,0.009740239,0.4793970547129261,0.114060766937211,0.1394392523364486,0.25071571113958213,0.1394392523364486,0.1394392523364486,0.035244077,0.14754442870616913,0.22999076545238495,0.37753522396087646,1,False,0.1,0.6850506459593184
1660,127,GENE:G0127,G0127,150,GENE:G0150,G0150,PPI,0.1388785046728972,0.02364994,0.02364994,0.20423309510720175,0.011944266,0.28612980721012676,0.10979309820117318,0.1388785046728972,0.17810417757021743,0.1388785046728972,0.1388785046728972,0.02364994,0.13702653348445892,0.2530371844768524,0.3900637924671173,1,False,0.1,0.6850506459593184
1567,169,GENE:G0169,G0169,107,GENE:G0107,G0107,PPI,0.1385761407366685,0.004598175,0.004598175,0.15228147333699835,0.004558704,0.005828570417419958,0.11666689066772179,0.1385761407366685,0.06131333327756186,0.1385761407366685,0.1385761407366685,0.004598175,0.04563165083527565,0.20819534361362457,0.2538270056247711,1,False,0.1,0.6850506459593184
1496,92,GENE:G0092,G0092,135,GENE:G0135,G0135,PPI,0.1383617372182518,0.017409695,0.017409695,0.31445849367784495,0.021357827,0.07646197667212241,0.13274469671012104,0.1383617372182518,0.12189840957157787,0.1383617372182518,0.1383617372182518,0.017409695,0.07642295211553574,0.2615196704864502,0.3379426598548889,1,False,0.1,0.6850506459593184
1239,100,GENE:G0100,G0100,67,GENE:G0067,G0067,PPI,0.13829851566794943,0.021427268,0.021427268,0.14870808136338648,0.0061701965,0.19962498777877583,0.10390960558678937,0.13829851566794943,0.1662123791517477,0.13829851566794943,0.13829851566794943,0.021427268,-0.0043416209518909454,0.14270037412643433,0.1383587270975113,-1,False,0.1,0.6850506459593184
331,124,GENE:G0124,G0124,20,GENE:G0020,G0020,PPI,0.13829026937877956,0.014189178,0.014189178,0.1536558548653106,0.007658814,0.07442275975810886,0.029154148631678794,0.13829026937877956,0.04919285244259665,0.13829026937877956,0.13829026937877956,0.014189178,-0.022209610790014267,0.0976487547159195,0.07543913275003433,-1,False,0.1,0.6850506459593184
1449,87,GENE:G0087,G0087,85,GENE:G0085,G0085,PPI,0.13793018141836175,0.08313487,0.08313487,0.39692138537658056,0.046509124,0.18783649851699744,0.09788157013155421,0.13793018141836175,0.1586710554352312,0.13793018141836175,0.13793018141836175,0.08313487,-0.0036990405060350895,0.11114407330751419,0.10744503140449524,-1,False,0.1,0.6850506459593184
712,36,GENE:G0036,G0036,73,GENE:G0073,G0073,PPI,0.1374518966465091,0.03264024,0.03264024,0.20065970313358988,0.016051985,0.05168472503397796,0.011743308046763781,0.1374518966465091,0.03702968953844119,0.1374518966465091,0.1374518966465091,0.03264024,-0.006455233786255121,0.16877534985542297,0.1623201221227646,-1,False,0.1,0.6850506459593184
1403,96,GENE:G0096,G0096,81,GENE:G0081,G0081,PPI,0.137218251786696,0.017664375,0.017664375,0.42880703683342497,0.030410295,0.025315103134787385,0.038353667343591774,0.137218251786696,0.03278703663641795,0.137218251786696,0.137218251786696,0.017664375,0.00202200748026371,0.11666028946638107,0.11868229508399963,1,False,0.1,0.6850506459593184
351,93,GENE:G0093,G0093,21,GENE:G0021,G0021,PPI,0.13713716327652556,0.007992658,0.007992658,0.14211105002748764,0.005270403,0.03443892050436682,0.07320788362280368,0.13713716327652556,0.05451793149522679,0.13713716327652556,0.13713716327652556,0.007992658,-0.04296334832906723,0.17453168332576752,0.13156834244728088,-1,False,0.1,0.6850506459593184
1560,107,GENE:G0107,G0107,137,GENE:G0137,G0137,PPI,0.13647196261682243,0.012984651,0.012984651,0.14595931830676195,0.0060586696,0.08638449331055946,0.0992979382596183,0.13647196261682243,0.10069246304970028,0.13647196261682243,0.13647196261682243,0.012984651,0.029847079887986183,0.2029988169670105,0.23284590244293213,1,False,0.1,0.6850506459593184
741,57,GENE:G0057,G0057,38,GENE:G0038,G0038,PPI,0.13643073117097307,0.01217067,0.01217067,0.1673996701484332,0.0055528013,0.03949789247683335,0.1326107602535347,0.13643073117097307,0.10161291565113732,0.13643073117097307,0.13643073117097307,0.01217067,-0.019179154187440872,0.15819592773914337,0.1390167772769928,-1,False,0.1,0.6850506459593184
1189,99,GENE:G0099,G0099,63,GENE:G0063,G0063,PPI,0.13639637163276525,0.013765372,0.013765372,0.19076415612974162,0.008792288,0.15483311348591455,0.13104539505160356,0.13639637163276525,0.13821517825651017,0.13639637163276525,0.13639637163276525,0.013765372,0.04169255867600441,0.12005008012056351,0.16174262762069702,1,False,0.1,0.6850506459593184
1366,78,GENE:G0078,G0078,92,GENE:G0092,G0092,PPI,0.1360637713029137,0.011682935,0.011682935,0.2721275426058274,0.013259228,0.06545812716969142,0.10182080299357346,0.1360637713029137,0.08446822661866077,0.1360637713029137,0.1360637713029137,0.011682935,-0.029842907562851906,0.15237177908420563,0.12252885848283768,-1,False,0.1,0.6850506459593184
313,58,GENE:G0058,G0058,20,GENE:G0020,G0020,PPI,0.13592633315008246,0.020667851,0.020667851,0.15805387575590985,0.008048462,0.27856435333423196,0.11907657741678378,0.13592633315008246,0.19296002107585447,0.13592633315008246,0.13592633315008246,0.020667851,0.04595993831753731,0.07842718809843063,0.12438712269067764,1,False,0.1,0.6850506459593184
845,86,GENE:G0086,G0086,43,GENE:G0043,G0043,PPI,0.13468938977460143,0.012373962,0.012373962,0.13468938977460143,0.0069863033,0.1107448629023517,0.12777757450378002,0.13468938977460143,0.1275695489980272,0.13468938977460143,0.13468938977460143,0.012373962,-0.04902182146906853,0.17296098172664642,0.12393917143344879,-1,False,0.1,0.6850506459593184
1506,96,GENE:G0096,G0096,154,GENE:G0154,G0154,PPI,0.13461242440901594,0.017535487,0.017535487,0.16932380428807037,0.007281144,0.1789246966697092,0.12765993020851546,0.13461242440901594,0.16028565083445934,0.13461242440901594,0.13461242440901594,0.017535487,0.020964670926332474,0.261064350605011,0.28202906250953674,1,False,0.1,0.6850506459593184
829,115,GENE:G0115,G0115,42,GENE:G0042,G0042,PPI,0.13456432105552502,0.03329521,0.03329521,0.1366135239142386,0.009656202,0.18875273459132433,0.0844010136837963,0.13456432105552502,0.18603242909140674,0.13456432105552502,0.13456432105552502,0.03329521,0.0013694295194000006,0.1442001461982727,0.1455695778131485,1,False,0.1,0.6850506459593184
1796,169,GENE:G0169,G0169,175,GENE:G0175,G0175,PPI,0.13403518416712482,0.015558205,0.015558205,0.16547553600879605,0.008071145,0.06936850795509243,0.05050393602057821,0.13403518416712482,0.06030637069067273,0.13403518416712482,0.13403518416712482,0.015558205,0.00014979451952967793,0.6481404900550842,0.6482902765274048,1,False,0.1,0.6850506459593184
1345,95,GENE:G0095,G0095,75,GENE:G0075,G0075,PPI,0.13387300714678393,0.026836855,0.026836855,0.23694337548103356,0.014468957,0.14036624884306656,0.08161658937876942,0.13387300714678393,0.1215796720977112,0.13387300714678393,0.13387300714678393,0.026836855,-0.01640784740447998,0.16122101247310638,0.1448131650686264,-1,False,0.1,0.6850506459593184
477,57,GENE:G0057,G0057,27,GENE:G0027,G0027,PPI,0.1322086311159978,0.031207709,0.031207709,0.21852666300164925,0.014014287,0.2989296232190692,0.13055939444137696,0.1322086311159978,0.21887890021542886,0.1322086311159978,0.1322086311159978,0.031207709,-0.007039291318506002,0.15255948901176453,0.14552021026611328,-1,False,0.1,0.6850506459593184
46,1,GENE:G0001,G0001,169,GENE:G0169,G0169,PPI,0.13195093457943924,0.021011004,0.021011004,0.17248488180318855,0.007869979,0.26191978908310914,0.12756595183923378,0.13195093457943924,0.19237891860539097,0.13195093457943924,0.13195093457943924,0.021011004,0.04117451608181,0.3614937961101532,0.402668297290802,1,False,0.1,0.6850506459593184
1716,142,GENE:G0142,G0142,184,GENE:G0184,G0184,PPI,0.1319406267179769,0.010445067,0.010445067,0.1319406267179769,0.0055537843,0.06249207518693795,0.06919024836746465,0.1319406267179769,0.06548353081892243,0.1319406267179769,0.1319406267179769,0.010445067,-0.048564910888671875,1.0121662616729736,0.963601291179657,-1,False,0.1,0.6850506459593184
1638,122,GENE:G0122,G0122,188,GENE:G0188,G0188,PPI,0.13191245189664652,0.029513855,0.029513855,0.3796041781198461,0.03195977,0.2895841976712285,0.1141024743393414,0.13191245189664652,0.1689682420552154,0.13191245189664652,0.13191245189664652,0.029513855,0.0916072279214859,0.385069876909256,0.4766770899295807,1,False,0.1,0.6850506459593184
1643,137,GENE:G0137,G0137,124,GENE:G0124,G0124,PPI,0.13156679494227594,0.011328758,0.011328758,0.1363386476085761,0.0069726836,0.0864612820644816,0.07212430435616816,0.13156679494227594,0.07650773237312816,0.13156679494227594,0.13156679494227594,0.011328758,-0.04278595745563507,0.2242504507303238,0.18146447837352753,-1,False,0.1,0.6850506459593184
1690,133,GENE:G0133,G0133,199,GENE:G0199,G0199,PPI,0.13100054975261133,0.013147202,0.013147202,0.27872457394172623,0.01629454,0.17142018772741496,0.12530211945074693,0.13100054975261133,0.13807607125134036,0.13100054975261133,0.13100054975261133,0.013147202,-0.02724790759384632,0.4969262182712555,0.46967846155166626,-1,False,0.1,0.6850506459593184
232,15,GENE:G0015,G0015,50,GENE:G0050,G0050,PPI,0.1307311709730621,0.0120528685,0.0120528685,0.3188565145684442,0.017384142,0.0698950810919299,0.08418053539106729,0.1307311709730621,0.07639601561776814,0.1307311709730621,0.1307311709730621,0.0120528685,-0.01964855007827282,0.14903530478477478,0.12938672304153442,-1,False,0.1,0.6850506459593184
659,42,GENE:G0042,G0042,34,GENE:G0034,G0034,PPI,0.13054425508521164,0.017889554,0.017889554,0.21055525013743814,0.013924837,0.18816949971765318,0.11121623185292029,0.13054425508521164,0.14066783005468558,0.13054425508521164,0.13054425508521164,0.017889554,-0.01932506635785103,0.14032433927059174,0.12099926173686981,-1,False,0.1,0.6850506459593184
210,12,GENE:G0012,G0012,42,GENE:G0042,G0042,PPI,0.13010995052226498,0.004741353,0.004741353,0.1616272677295217,0.0046489174,0.005059235617986462,0.12725004193181805,0.13010995052226498,0.06041675575175832,0.13010995052226498,0.13010995052226498,0.004741353,0.04678370803594589,0.11899764090776443,0.16578134894371033,1,False,0.1,0.6850506459593184
1656,126,GENE:G0126,G0126,138,GENE:G0138,G0138,PPI,0.12994777350192413,0.042958453,0.042958453,0.21302913688840022,0.016884618,0.39265839849805195,0.12887822631387558,0.12994777350192413,0.26491491692089886,0.12994777350192413,0.12994777350192413,0.042958453,0.0,2.0,2.0,0,False,0.1,0.6850506459593184
759,46,GENE:G0046,G0046,39,GENE:G0039,G0039,PPI,0.1298790544255085,0.022492956,0.022492956,0.4810335349092908,0.032240275,0.17369176320084603,0.049990471356440934,0.1298790544255085,0.09106059299981041,0.1298790544255085,0.1298790544255085,0.022492956,0.06913785636425018,0.14381620287895203,0.2129540592432022,1,False,0.1,0.6850506459593184
1098,57,GENE:G0057,G0057,62,GENE:G0062,G0062,PPI,0.12958768554150632,0.02506562,0.02506562,0.18251786695986805,0.01253568,0.22944781262909494,0.08353059346756761,0.12958768554150632,0.14889255487368208,0.12958768554150632,0.12958768554150632,0.02506562,0.0036925661843270063,0.15414386987686157,0.157836452126503,1,False,0.1,0.6850506459593184
1647,165,GENE:G0165,G0165,124,GENE:G0124,G0124,PPI,0.1293457943925234,0.009530974,0.009530974,0.19021440351841673,0.009845763,0.080846349116607,0.10753424370941153,0.1293457943925234,0.09430508053762558,0.1293457943925234,0.1293457943925234,0.009530974,0.1529674381017685,0.2151273936033249,0.3680948317050934,1,False,0.1,0.6850506459593184
745,60,GENE:G0060,G0060,38,GENE:G0038,G0038,PPI,0.12889774601429357,0.09559267,0.09559267,0.39059923034634414,0.043779448,0.4097515950771683,0.09519729444464843,0.12889774601429357,0.1991001748731383,0.12889774601429357,0.12889774601429357,0.09559267,-0.0008899605018086731,0.15401385724544525,0.1531239151954651,-1,False,0.1,0.6850506459593184
513,78,GENE:G0078,G0078,28,GENE:G0028,G0028,PPI,0.12888262781748214,0.021751394,0.021751394,0.1663001649257834,0.009358859,0.24833361770971038,0.10607747728717304,0.12888262781748214,0.17173051521557856,0.12888262781748214,0.12888262781748214,0.021751394,-0.03841950371861458,0.17099592089653015,0.13257643580436707,-1,False,0.1,0.6850506459593184
1680,130,GENE:G0130,G0130,173,GENE:G0173,G0173,PPI,0.1288207806487081,0.003953464,0.003953464,0.14156129741616275,0.002966284,0.0025772787055240312,0.12739730291527637,0.1288207806487081,0.06263237703913499,0.1288207806487081,0.1288207806487081,0.003953464,0.0013729578349739313,0.643602192401886,0.6449751853942871,1,False,0.1,0.6850506459593184
1261,79,GENE:G0079,G0079,69,GENE:G0069,G0069,PPI,0.12867784496976362,0.1664635,0.1664635,0.9898295766904893,0.3329269,0.03980158030770807,0.09442372359269988,0.12867784496976362,0.08120462607829967,0.12867784496976362,0.12867784496976362,0.1664635,0.0001115775085054338,0.09330155700445175,0.09341311454772949,1,False,0.1,0.6850506459593184
1188,63,GENE:G0063,G0063,99,GENE:G0099,G0099,PPI,0.12820918086860913,0.017274888,0.017274888,0.18993952721275426,0.011743099,0.015074886736467437,0.015605124542443779,0.12820918086860913,0.017152111491894648,0.12820918086860913,0.12820918086860913,0.017274888,0.011336969211697578,0.1454056054353714,0.15674255788326263,1,False,0.1,0.6850506459593184
1046,53,GENE:G0053,G0053,135,GENE:G0135,G0135,PPI,0.1281377130291369,0.0061082887,0.0061082887,0.19268829026937878,0.0070481002,0.01108842295102445,0.09937934763845592,0.1281377130291369,0.054494600763419186,0.1281377130291369,0.1281377130291369,0.0061082887,-0.004253597464412451,0.2660142481327057,0.2617606520652771,-1,False,0.1,0.6850506459593184
1025,60,GENE:G0060,G0060,53,GENE:G0053,G0053,PPI,0.12811847168774051,0.011447045,0.011447045,0.13276525563496427,0.0050770827,0.07910388012863469,0.09672292853740054,0.12811847168774051,0.09146438146853751,0.12811847168774051,0.12811847168774051,0.011447045,0.03720125928521156,0.08658045530319214,0.1237817108631134,1,False,0.1,0.6850506459593184
182,10,GENE:G0010,G0010,71,GENE:G0071,G0071,PPI,0.1280511269928532,0.012314897,0.012314897,0.21165475536008796,0.010925297,0.059098175587979,0.11226184984278495,0.1280511269928532,0.09038389547034309,0.1280511269928532,0.1280511269928532,0.012314897,-0.012338418513536453,0.09255750477313995,0.0802190899848938,-1,False,0.1,0.6850506459593184
236,15,GENE:G0015,G0015,95,GENE:G0095,G0095,PPI,0.1278504672897196,0.057531618,0.057531618,0.26635514018691586,0.02229971,0.3265663248839044,0.0782921020590511,0.1278504672897196,0.17627645952997384,0.1278504672897196,0.1278504672897196,0.057531618,0.004728013649582863,0.17785364389419556,0.18258164823055267,1,False,0.1,0.6850506459593184
989,78,GENE:G0078,G0078,51,GENE:G0051,G0051,PPI,0.12781748213304014,0.009971971,0.009971971,0.13743815283122596,0.006554145,0.052544645969609706,0.12075019202651278,0.12781748213304014,0.09053272982461637,0.12781748213304014,0.12781748213304014,0.009971971,-0.024960380047559738,0.10954278707504272,0.08458240330219269,-1,False,0.1,0.6850506459593184
1300,71,GENE:G0071,G0071,153,GENE:G0153,G0153,PPI,0.1274766355140187,0.0070098173,0.0070098173,0.13633864760857614,0.005158519,0.029526533616199724,0.1182831079680295,0.1274766355140187,0.07346635115524523,0.1274766355140187,0.1274766355140187,0.0070098173,0.047777753323316574,0.4733537435531616,0.5211314558982849,1,False,0.1,0.6850506459593184
463,51,GENE:G0051,G0051,26,GENE:G0026,G0026,PPI,0.1270835623969214,0.0382517,0.0382517,0.12836723474436504,0.008700177,0.24457473605369287,0.051089514362703856,0.1270835623969214,0.15580563668749947,0.1270835623969214,0.1270835623969214,0.0382517,-0.016060760244727135,0.16532430052757263,0.14926353096961975,-1,False,0.1,0.6850506459593184
1175,84,GENE:G0084,G0084,62,GENE:G0062,G0062,PPI,0.12674271577789994,0.024803171,0.024803171,0.25865860362836723,0.015999032,0.17891996743090813,0.11593562218793341,0.12674271577789994,0.1529300011668866,0.12674271577789994,0.12674271577789994,0.024803171,-0.01025201566517353,0.1525544673204422,0.142302468419075,-1,False,0.1,0.6850506459593184
1060,54,GENE:G0054,G0054,92,GENE:G0092,G0092,PPI,0.1264485981308411,0.027157193,0.027157193,0.4958768554150632,0.035181507,0.10007447704271415,0.12520276875209724,0.1264485981308411,0.1212073245296924,0.1264485981308411,0.1264485981308411,0.027157193,-0.00741678848862648,0.14683304727077484,0.13941626250743866,-1,False,0.1,0.6850506459593184
1051,189,GENE:G0189,G0189,53,GENE:G0053,G0053,PPI,0.12644172622319957,0.0063831536,0.0063831536,0.12836723474436504,0.004363657,0.01153989528844603,0.06741418938503478,0.12644172622319957,0.0384707656777202,0.12644172622319957,0.12644172622319957,0.0063831536,-0.026292312890291214,0.10156325995922089,0.07527095079421997,-1,False,0.1,0.6850506459593184
1557,113,GENE:G0113,G0113,106,GENE:G0106,G0106,PPI,0.12590434304562945,0.022738243,0.022738243,0.1907641561297416,0.013518369,0.1974182978672599,0.10848427314381939,0.12590434304562945,0.1611370777428414,0.12590434304562945,0.12590434304562945,0.022738243,-0.0411500409245491,0.682198703289032,0.6410487294197083,-1,False,0.1,0.6850506459593184
1443,124,GENE:G0124,G0124,84,GENE:G0084,G0084,PPI,0.1257724024189115,0.012143445,0.012143445,0.13523914238592633,0.0066202357,0.08752574252521574,0.1063542146456949,0.1257724024189115,0.10420228709234389,0.1257724024189115,0.1257724024189115,0.012143445,-0.02477361261844635,0.15760383009910583,0.1328302025794983,-1,False,0.1,0.6850506459593184
1344,75,GENE:G0075,G0075,95,GENE:G0095,G0095,PPI,0.12488180318856515,0.019348904,0.019348904,0.17344694887300716,0.006849099,0.09756284214111492,0.045362263332174246,0.12488180318856515,0.06799398196994375,0.12488180318856515,0.12488180318856515,0.019348904,0.024192743003368378,0.16693130135536194,0.1911240518093109,1,False,0.1,0.6850506459593184
1322,73,GENE:G0073,G0073,94,GENE:G0094,G0094,PPI,0.12481720725673447,0.008584377,0.008584377,0.12671797691039033,0.0063006706,0.027695748692270476,0.06654805418950971,0.12481720725673447,0.0475626221165465,0.12481720725673447,0.12481720725673447,0.008584377,-0.02414124086499214,0.14123119413852692,0.11708994209766388,-1,False,0.1,0.6850506459593184
57,53,GENE:G0053,G0053,2,GENE:G0002,G0002,PPI,0.1246646509070918,0.036940485,0.036940485,0.18746564046179218,0.014603388,0.2661661488658603,0.12133966100951303,0.1246646509070918,0.2336886942800481,0.1246646509070918,0.1246646509070918,0.036940485,-0.020810451358556747,0.16451938450336456,0.14370891451835632,-1,False,0.1,0.6850506459593184
936,49,GENE:G0049,G0049,69,GENE:G0069,G0069,PPI,0.12306212204507971,0.018670773,0.018670773,0.2034084661902144,0.012851716,0.11291972835560275,0.1078880115372219,0.12306212204507971,0.12300364721903835,0.12306212204507971,0.12306212204507971,0.018670773,-0.01209327019751072,0.09786340594291687,0.0857701376080513,-1,False,0.1,0.6850506459593184
54,2,GENE:G0002,G0002,23,GENE:G0023,G0023,PPI,0.123023639362287,0.009527148,0.009527148,0.1836173721825179,0.008939702,0.03475395513380784,0.12256373629692384,0.123023639362287,0.08003620675288159,0.123023639362287,0.123023639362287,0.009527148,-0.016998792067170143,0.1503501832485199,0.1333513855934143,-1,False,0.1,0.6850506459593184
1422,83,GENE:G0083,G0083,86,GENE:G0086,G0086,PPI,0.12239692138537658,0.0246069,0.0246069,0.13908741066520067,0.006834071,0.3318300718634826,0.10599884326474296,0.12239692138537658,0.2156317017626014,0.12239692138537658,0.12239692138537658,0.0246069,-0.042328476905822754,0.17640313506126404,0.1340746432542801,-1,False,0.1,0.6850506459593184
609,91,GENE:G0091,G0091,31,GENE:G0031,G0031,PPI,0.12145134689389776,0.011611167,0.011611167,0.21687740516767456,0.0098256925,0.04689142685550859,0.1141854904065814,0.12145134689389776,0.08354954192514535,0.12145134689389776,0.12145134689389776,0.011611167,-0.016924502328038216,0.0889948382973671,0.07207031548023224,-1,False,0.1,0.6850506459593184
483,83,GENE:G0083,G0083,27,GENE:G0027,G0027,PPI,0.12094557449147883,0.0109429965,0.0109429965,0.12094557449147883,0.0046857595,0.08262039919229801,0.10783842743342337,0.12094557449147883,0.10017688616316046,0.12094557449147883,0.12094557449147883,0.0109429965,-0.04926381632685661,0.1745826005935669,0.1253187507390976,-1,False,0.1,0.6850506459593184
1301,153,GENE:G0153,G0153,71,GENE:G0071,G0071,PPI,0.11928532160527762,0.012425113,0.012425113,0.15695437053326003,0.0054881424,0.1274669374218048,0.11569996579509387,0.11928532160527762,0.11944737341055567,0.11928532160527762,0.11928532160527762,0.012425113,-0.004863262176513672,0.09526301175355911,0.09039977192878723,-1,False,0.1,0.6850506459593184
676,34,GENE:G0034,G0034,96,GENE:G0096,G0096,PPI,0.11808686091258934,0.008742929,0.008742929,0.2952171522814733,0.0131105725,0.029859994132994092,0.10141042207850014,0.11808686091258934,0.06843134512370543,0.11808686091258934,0.11808686091258934,0.008742929,-0.007221505511552095,0.16211020946502686,0.15488870441913605,-1,False,0.1,0.6850506459593184
1710,141,GENE:G0141,G0141,172,GENE:G0172,G0172,PPI,0.11728559648158329,0.012019818,0.012019818,0.14046179219351293,0.007243715,0.09175926912511106,0.08657791872949595,0.11728559648158329,0.09073839899293089,0.11728559648158329,0.11728559648158329,0.012019818,-0.0134509252384305,0.35330483317375183,0.3398538827896118,-1,False,0.1,0.6850506459593184
474,27,GENE:G0027,G0027,54,GENE:G0054,G0054,PPI,0.11689114898295766,0.020551741,0.020551741,0.259758108851017,0.014226817,0.10911854109385927,0.1016049412795465,0.11689114898295766,0.11531372824239076,0.11689114898295766,0.11689114898295766,0.020551741,-0.019463123753666878,0.18234094977378845,0.16287781298160553,-1,False,0.1,0.6850506459593184
1505,109,GENE:G0109,G0109,95,GENE:G0095,G0095,PPI,0.11670560747663551,0.01584936,0.01584936,0.1261682242990654,0.0072765686,0.16472242823138697,0.10819430998232446,0.11670560747663551,0.14685298974046776,0.11670560747663551,0.11670560747663551,0.01584936,-0.0558462031185627,0.21630659699440002,0.16046035289764404,-1,False,0.1,0.6850506459593184
581,144,GENE:G0144,G0144,30,GENE:G0030,G0030,PPI,0.11601154480483782,0.02093277,0.02093277,0.2017592083562397,0.014987063,0.09122376803810961,0.059253351095117625,0.11601154480483782,0.08430226927301054,0.11601154480483782,0.11601154480483782,0.02093277,0.008752113208174706,0.08914763480424881,0.09789976477622986,1,False,0.1,0.6850506459593184
1531,119,GENE:G0119,G0119,101,GENE:G0101,G0101,PPI,0.11574491478834524,0.014751274,0.014751274,0.13304013194062672,0.0062386123,0.09108042776163772,0.08461917165588183,0.11574491478834524,0.09984384887561536,0.11574491478834524,0.11574491478834524,0.014751274,-0.021066470071673393,0.27973657846450806,0.2586700916290283,-1,False,0.1,0.6850506459593184
1525,101,GENE:G0101,G0101,100,GENE:G0100,G0100,PPI,0.11565145684442,0.0053770784,0.0053770784,0.11984606926882903,0.0034052343,0.01353396695256425,0.11230734162242373,0.11565145684442,0.06153245398926706,0.11565145684442,0.11565145684442,0.0053770784,-0.01989920064806938,0.4030357301235199,0.383136510848999,-1,False,0.1,0.6850506459593184
1357,97,GENE:G0097,G0097,76,GENE:G0076,G0076,PPI,0.1155964815832875,0.019855151,0.019855151,0.13441451346893896,0.006793348,0.08369025258140134,0.03053310809341763,0.1155964815832875,0.05445034298933597,0.1155964815832875,0.1155964815832875,0.019855151,-0.049948420375585556,0.24048900604248047,0.19054058194160461,-1,False,0.1,0.6850506459593184
510,28,GENE:G0028,G0028,77,GENE:G0077,G0077,PPI,0.11551814183617373,0.07536222,0.07536222,0.700109950522265,0.09318614,0.025368566414610775,0.03483003026814955,0.11551814183617373,0.03497081760997459,0.11551814183617373,0.11551814183617373,0.07536222,-0.0068653784692287445,0.11925506591796875,0.1123896911740303,-1,False,0.1,0.6850506459593184
1423,86,GENE:G0086,G0086,83,GENE:G0083,G0083,PPI,0.11503573391973612,0.008973689,0.008973689,0.12369433754810336,0.005261688,0.048833166773395546,0.10399155910547186,0.11503573391973612,0.07820287244377001,0.11503573391973612,0.11503573391973612,0.008973689,-0.027394253760576248,0.11578112840652466,0.08838687837123871,-1,False,0.1,0.6850506459593184
402,24,GENE:G0024,G0024,26,GENE:G0026,G0026,PPI,0.11476498075865861,0.024887955,0.024887955,0.29054425508521164,0.020871963,0.16294044928346244,0.09130211641083835,0.11476498075865861,0.1209906806694526,0.11476498075865861,0.11476498075865861,0.024887955,-0.010670977644622326,0.1664532870054245,0.1557823270559311,-1,False,0.1,0.6850506459593184
1645,158,GENE:G0158,G0158,124,GENE:G0124,G0124,PPI,0.11399120395821881,0.010058479,0.010058479,0.1594282572842221,0.006250835,0.07944789496653341,0.10951920623909231,0.11399120395821881,0.09334532328628078,0.11399120395821881,0.11399120395821881,0.010058479,-0.04160952568054199,0.2371647208929062,0.1955551952123642,-1,False,0.1,0.6850506459593184
143,79,GENE:G0079,G0079,7,GENE:G0007,G0007,PPI,0.11351429356789446,0.007723008,0.007723008,0.17069818581638263,0.0061898087,0.025591351934097086,0.10037866141595676,0.11351429356789446,0.06247760171644432,0.11351429356789446,0.11351429356789446,0.007723008,-0.00018158346938434988,0.20141206681728363,0.2012305110692978,-1,False,0.1,0.6850506459593184
585,38,GENE:G0038,G0038,31,GENE:G0031,G0031,PPI,0.11343732820230897,0.013611629,0.013611629,0.24931280923584387,0.014658671,0.1190617406795183,0.08152376375687413,0.11343732820230897,0.0923117596050638,0.11343732820230897,0.11343732820230897,0.013611629,-0.013318317010998726,0.09145621955394745,0.07813791930675507,-1,False,0.1,0.6850506459593184
504,28,GENE:G0028,G0028,59,GENE:G0059,G0059,PPI,0.11294117647058823,0.05197465,0.05197465,0.47058823529411764,0.048778497,0.08583684042490579,0.05406647196741674,0.11294117647058823,0.06995165619616125,0.11294117647058823,0.11294117647058823,0.05197465,-0.01215580478310585,0.10169360041618347,0.08953781425952911,-1,False,0.1,0.6850506459593184
332,20,GENE:G0020,G0020,177,GENE:G0177,G0177,PPI,0.11269241341396373,0.014840308,0.014840308,0.14540956569543706,0.007854434,0.12583128987478878,0.02394847429815371,0.11269241341396373,0.06246343214204058,0.11269241341396373,0.11269241341396373,0.014840308,0.09150964021682739,0.29214999079704285,0.3836596608161926,1,False,0.1,0.6850506459593184
119,146,GENE:G0146,G0146,5,GENE:G0005,G0005,PPI,0.11235568993952723,0.009894025,0.009894025,0.20615722924683894,0.008538334,0.039255594887260235,0.06275109093687917,0.11235568993952723,0.05179552742382999,0.11235568993952723,0.11235568993952723,0.009894025,0.011657487601041794,0.29366248846054077,0.30531996488571167,1,False,0.1,0.6850506459593184
1495,96,GENE:G0096,G0096,92,GENE:G0092,G0092,PPI,0.1123323254535459,0.070564225,0.070564225,0.6072017592083563,0.08318256,0.15252730656786914,0.07835020553146164,0.1123323254535459,0.10494538909306349,0.1123323254535459,0.1123323254535459,0.070564225,-0.009367371909320354,0.13774171471595764,0.1283743530511856,-1,False,0.1,0.6850506459593184
590,31,GENE:G0031,G0031,65,GENE:G0065,G0065,PPI,0.11219076415612973,0.1002489,0.1002489,0.7479384277075316,0.17833893,0.053789649695164456,0.0289675307449983,0.11219076415612973,0.03799983568458049,0.11219076415612973,0.11219076415612973,0.1002489,0.0024519788566976786,0.19470186531543732,0.19715385138988495,1,False,0.1,0.6850506459593184
439,71,GENE:G0071,G0071,25,GENE:G0025,G0025,PPI,0.11202583837273228,0.013767648,0.013767648,0.1148982957669049,0.0055533517,0.09460471605868241,0.07130409016879635,0.11202583837273228,0.08892132578395769,0.11202583837273228,0.11202583837273228,0.013767648,-0.010122070088982582,0.12855637073516846,0.11843430250883102,-1,False,0.1,0.6850506459593184
343,56,GENE:G0056,G0056,21,GENE:G0021,G0021,PPI,0.11136613523914239,0.009168614,0.009168614,0.12039582188015394,0.0048288116,0.057408421241737666,0.1038915491861345,0.11136613523914239,0.08162715704906193,0.11136613523914239,0.11136613523914239,0.009168614,0.056530579924583435,0.14019069075584412,0.19672128558158875,1,False,0.1,0.6850506459593184
1186,63,GENE:G0063,G0063,87,GENE:G0087,G0087,PPI,0.11106102253985708,0.045290757,0.045290757,0.200109950522265,0.015135359,0.4194371484444436,0.07453927777588631,0.11106102253985708,0.19703080271171866,0.11106102253985708,0.11106102253985708,0.045290757,0.00798075646162033,0.1282833069562912,0.13626407086849213,1,False,0.1,0.6850506459593184
298,20,GENE:G0020,G0020,39,GENE:G0039,G0039,PPI,0.11071467839472238,0.03860091,0.03860091,0.1616272677295217,0.013075966,0.16906542056074766,0.07326904728428987,0.11071467839472238,0.16565039427862172,0.11071467839472238,0.11071467839472238,0.03860091,0.009772705845534801,0.15582479536533356,0.16559752821922302,1,False,0.1,0.6850506459593184
427,40,GENE:G0040,G0040,25,GENE:G0025,G0025,PPI,0.1104384277075316,0.01512831,0.01512831,0.13386476085761406,0.007680211,0.14017721403546418,0.0957390437753948,0.1104384277075316,0.12259057127399224,0.1104384277075316,0.1104384277075316,0.01512831,0.05949661135673523,0.12372656166553497,0.1832231879234314,1,False,0.1,0.6850506459593184
28,1,GENE:G0001,G0001,14,GENE:G0014,G0014,PPI,0.11027212754260582,0.03925151,0.03925151,0.14321055525013743,0.0077155195,0.35940379893545066,0.0652983599011296,0.11027212754260582,0.21298115415112223,0.11027212754260582,0.11027212754260582,0.03925151,-0.0519687756896019,0.4151449203491211,0.363176167011261,-1,False,0.1,0.6850506459593184
1383,92,GENE:G0092,G0092,79,GENE:G0079,G0079,PPI,0.11009345794392524,0.03857378,0.03857378,0.6476085761407366,0.06685212,0.1368386643222167,0.09054948242408502,0.11009345794392524,0.10511247420045408,0.11009345794392524,0.11009345794392524,0.03857378,0.016095852479338646,0.13217265903949738,0.14826852083206177,1,False,0.1,0.6850506459593184
870,45,GENE:G0045,G0045,59,GENE:G0059,G0059,PPI,0.10964678394722376,0.06807011,0.06807011,0.1673996701484332,0.013127465,0.19387955110806981,0.08986727772034035,0.10964678394722376,0.22900786079352106,0.10964678394722376,0.10964678394722376,0.06807011,-0.006165230181068182,0.09387347102165222,0.08770822733640671,-1,False,0.1,0.6850506459593184
114,5,GENE:G0005,G0005,107,GENE:G0107,G0107,PPI,0.10946948873007147,0.02592953,0.02592953,0.12369433754810336,0.007177906,0.34216126615033376,0.10244064532646069,0.10946948873007147,0.22827818734734687,0.10946948873007147,0.10946948873007147,0.02592953,-0.01190353836864233,0.20840813219547272,0.19650457799434662,-1,False,0.1,0.6850506459593184
1440,84,GENE:G0084,G0084,97,GENE:G0097,G0097,PPI,0.10934579439252337,0.015050221,0.015050221,0.12149532710280374,0.0040064175,0.055347054027241924,0.07645522444604842,0.10934579439252337,0.0889138562722408,0.10934579439252337,0.10934579439252337,0.015050221,-0.012387382797896862,0.13079650700092316,0.11840913444757462,-1,False,0.1,0.6850506459593184
554,30,GENE:G0030,G0030,37,GENE:G0037,G0037,PPI,0.10907778999450247,0.029716307,0.029716307,0.11187465640461793,0.0075769965,0.1550861642185666,0.03746130846428291,0.10907778999450247,0.10065507551172746,0.10907778999450247,0.10907778999450247,0.029716307,0.010860878974199295,0.2323300987482071,0.24319098889827728,1,False,0.1,0.6850506459593184
931,51,GENE:G0051,G0051,49,GENE:G0049,G0049,PPI,0.10809510720175922,0.0762253,0.0762253,0.8315008246289171,0.13623486,0.09244049863765441,0.08479677860702681,0.10809510720175922,0.1170516388355836,0.10809510720175922,0.10809510720175922,0.0762253,-0.0014294077409431338,0.14231763780117035,0.14088822901248932,-1,False,0.1,0.6850506459593184
491,160,GENE:G0160,G0160,27,GENE:G0027,G0027,PPI,0.10798515667949422,0.014381994,0.014381994,0.11132490379329302,0.005616802,0.1396921034884907,0.09776012764346441,0.10798515667949422,0.12893384805084024,0.10798515667949422,0.10798515667949422,0.014381994,0.019973216578364372,0.1506298929452896,0.17060312628746033,1,False,0.1,0.6850506459593184
23,8,GENE:G0008,G0008,1,GENE:G0001,G0001,PPI,0.10704645409565695,0.10507206,0.10507206,0.30153930731170975,0.034205772,0.8498610528088726,0.08892853780679118,0.10704645409565695,0.2964195227179862,0.10704645409565695,0.10704645409565695,0.10507206,0.08828041702508926,0.12399861961603165,0.2122790366411209,1,False,0.1,0.6850506459593184
116,5,GENE:G0005,G0005,128,GENE:G0128,G0128,PPI,0.10689802089059922,0.008267364,0.008267364,0.11077515118196811,0.0035189954,0.03691514406002952,0.08070256770304848,0.10689802089059922,0.059551575473284546,0.10689802089059922,0.10689802089059922,0.008267364,-0.018493734300136566,0.38824617862701416,0.3697524666786194,-1,False,0.1,0.6850506459593184
1769,160,GENE:G0160,G0160,155,GENE:G0155,G0155,PPI,0.10616822429906543,0.03273659,0.03273659,0.1561297416162727,0.0077597946,0.422256215366527,0.08243886914159694,0.10616822429906543,0.21121821613444428,0.10616822429906543,0.10616822429906543,0.03273659,0.12808476388454437,0.4745994508266449,0.6026841998100281,1,False,0.1,0.6850506459593184
1001,56,GENE:G0056,G0056,52,GENE:G0052,G0052,PPI,0.10588785046728971,0.01134499,0.01134499,0.11324903793293017,0.005643134,0.09234650658216431,0.10006531445592151,0.10588785046728971,0.10117869260174323,0.10588785046728971,0.10588785046728971,0.01134499,0.033523499965667725,0.10920348018407822,0.14272698760032654,1,False,0.1,0.6850506459593184
1599,142,GENE:G0142,G0142,114,GENE:G0114,G0114,PPI,0.10532160527762507,0.014816735,0.014816735,0.11324903793293019,0.0063946145,0.1364740226787257,0.10128035646298279,0.10532160527762507,0.13390099349842127,0.10532160527762507,0.10532160527762507,0.014816735,-0.05105132982134819,0.2632027268409729,0.2121514081954956,-1,False,0.1,0.6850506459593184
864,44,GENE:G0044,G0044,174,GENE:G0174,G0174,PPI,0.10530648708081364,0.022203185,0.022203185,0.10912589334799341,0.0057149213,0.246160725337254,0.040820232107555976,0.10530648708081364,0.11608333728112237,0.10530648708081364,0.10530648708081364,0.022203185,0.11147334426641464,0.22416073083877563,0.3356340825557709,1,False,0.1,0.6850506459593184
51,16,GENE:G0016,G0016,2,GENE:G0002,G0002,PPI,0.10504123144584937,0.0043273624,0.0043273624,0.10885101704233095,0.0022928708,0.003468385695764639,0.0697092825351138,0.10504123144584937,0.037563761650803065,0.10504123144584937,0.10504123144584937,0.0043273624,0.0008888681186363101,0.15419413149356842,0.15508300065994263,1,False,0.1,0.6850506459593184
181,56,GENE:G0056,G0056,10,GENE:G0010,G0010,PPI,0.10467289719626169,0.0063709323,0.0063709323,0.15393073117097306,0.0060435906,0.018523586496990808,0.09750026463313187,0.10467289719626169,0.05921064803077127,0.10467289719626169,0.10467289719626169,0.0063709323,0.12596257030963898,0.3133827745914459,0.4393453598022461,1,False,0.1,0.6850506459593184
1316,73,GENE:G0073,G0073,83,GENE:G0083,G0083,PPI,0.10425233644859813,0.053536966,0.053536966,0.6132490379329302,0.061995927,0.16584316573088356,0.08574528662484453,0.10425233644859813,0.11321725892822128,0.10425233644859813,0.10425233644859813,0.053536966,-0.01613682508468628,0.11169140785932541,0.09555458277463913,-1,False,0.1,0.6850506459593184
1737,174,GENE:G0174,G0174,146,GENE:G0146,G0146,PPI,0.10401319406267179,0.012925943,0.012925943,0.12094557449147883,0.0042152107,0.0878891345471069,0.07049166281687777,0.10401319406267179,0.08205883631091036,0.10401319406267179,0.10401319406267179,0.012925943,-0.05057057365775108,0.3433847427368164,0.29281413555145264,-1,False,0.1,0.6850506459593184
122,6,GENE:G0006,G0006,40,GENE:G0040,G0040,PPI,0.10330401319406268,0.012097393,0.012097393,0.12012094557449149,0.00609193,0.09301158145110547,0.059988356924390425,0.10330401319406268,0.07336651942645649,0.10330401319406268,0.10330401319406268,0.012097393,-0.030118189752101898,0.1957099735736847,0.1655917763710022,-1,False,0.1,0.6850506459593184
404,24,GENE:G0024,G0024,29,GENE:G0029,G0029,PPI,0.10261957119296317,0.068017334,0.068017334,0.27735019241341397,0.026692461,0.06899798529071005,0.07638468008854148,0.10261957119296317,0.121599686257081,0.10261957119296317,0.10261957119296317,0.068017334,-1.7090515029849485e-05,0.10160019993782043,0.10158310830593109,-1,False,0.1,0.6850506459593184
307,52,GENE:G0052,G0052,20,GENE:G0020,G0020,PPI,0.10259208356239692,0.17291254,0.17291254,0.7891698735568994,0.34582442,0.10600001055516751,0.08047985169612362,0.10259208356239692,0.1228652732267033,0.10259208356239692,0.10259208356239692,0.17291254,-0.0070579685270786285,0.08710655570030212,0.080048568546772,-1,False,0.1,0.6850506459593184
1041,96,GENE:G0096,G0096,53,GENE:G0053,G0053,PPI,0.10255222649807585,0.04660838,0.04660838,0.6616272677295216,0.077856384,0.052570093457943924,0.04118596527262077,0.10255222649807585,0.045833550723218236,0.10255222649807585,0.10255222649807585,0.04660838,-0.0024872429203242064,0.08808773010969162,0.08560048043727875,-1,False,0.1,0.6850506459593184
930,49,GENE:G0049,G0049,51,GENE:G0051,G0051,PPI,0.10254260582737768,0.04004257,0.04004257,0.2278724573941726,0.014035221,0.32860059759975324,0.06485363832467367,0.10254260582737768,0.15339773485044936,0.10254260582737768,0.10254260582737768,0.04004257,-0.01895809918642044,0.10767099261283875,0.0887128934264183,-1,False,0.1,0.6850506459593184
522,29,GENE:G0029,G0029,32,GENE:G0032,G0032,PPI,0.1017152281473337,0.06356504,0.06356504,0.23117097306212206,0.024272282,0.16047887494830357,0.07110151740435501,0.1017152281473337,0.15573612732281839,0.1017152281473337,0.1017152281473337,0.06356504,0.005149217788130045,0.09652389585971832,0.10167310386896133,1,False,0.1,0.6850506459593184
634,32,GENE:G0032,G0032,89,GENE:G0089,G0089,PPI,0.10133040131940627,0.009267084,0.009267084,0.14073666849917538,0.005805967,0.046890239863343064,0.09738326632993041,0.10133040131940627,0.07268349766783602,0.10133040131940627,0.10133040131940627,0.009267084,-0.004710210487246513,0.17703300714492798,0.17232279479503632,-1,False,0.1,0.6850506459593184
145,80,GENE:G0080,G0080,7,GENE:G0007,G0007,PPI,0.10072017592083561,0.018629588,0.018629588,0.1022539857064321,0.004389925,0.24992575272734044,0.06957405070578018,0.10072017592083561,0.14881746258242742,0.10072017592083561,0.10072017592083561,0.018629588,0.08880717307329178,0.18676596879959106,0.27557313442230225,1,False,0.1,0.6850506459593184
403,26,GENE:G0026,G0026,24,GENE:G0024,G0024,PPI,0.10063084112149531,0.011318284,0.011318284,0.3411214953271028,0.016096722,0.034264545102876326,0.026202039233383566,0.10063084112149531,0.03334801410591512,0.10063084112149531,0.10063084112149531,0.011318284,0.07737330347299576,0.18645420670509338,0.26382753252983093,1,False,0.1,0.6850506459593184
1739,157,GENE:G0157,G0157,147,GENE:G0147,G0147,PPI,0.10054975261132491,0.04275478,0.04275478,0.16217702034084663,0.011833064,0.5204363063677805,0.08754555305109192,0.10054975261132491,0.25727770036560216,0.10054975261132491,0.10054975261132491,0.04275478,-0.09244533628225327,0.6884147524833679,0.5959694385528564,-1,False,0.1,0.6850506459593184
994,51,GENE:G0051,G0051,127,GENE:G0127,G0127,PPI,0.09999450247388675,0.015060996,0.015060996,0.11627267729521715,0.006267812,0.14146898007665962,0.0908565146116878,0.09999450247388675,0.12367951855410866,0.09999450247388675,0.09999450247388675,0.015060996,-0.050644803792238235,0.5059468746185303,0.45530200004577637,-1,False,0.1,0.6850506459593184
1378,79,GENE:G0079,G0079,82,GENE:G0082,G0082,PPI,0.09804837822979659,0.041303493,0.041303493,0.16904892798240792,0.012613069,0.23740217243069806,0.07589336728252917,0.09804837822979659,0.1740420809601145,0.09804837822979659,0.09804837822979659,0.041303493,-0.008559038862586021,0.10440997034311295,0.09585094451904297,-1,False,0.1,0.6850506459593184
92,4,GENE:G0004,G0004,29,GENE:G0029,G0029,PPI,0.09748213304013195,0.05263815,0.05263815,0.1874656404617922,0.015505634,0.17560308318926893,0.06483167910758207,0.09748213304013195,0.1474213302143916,0.09748213304013195,0.09748213304013195,0.05263815,0.013557195663452148,0.0924484059214592,0.10600560903549194,1,False,0.1,0.6850506459593184
602,31,GENE:G0031,G0031,82,GENE:G0082,G0082,PPI,0.09742990654205608,0.017046051,0.017046051,0.38207806487080814,0.02227138,0.013636244782421158,0.06956549374350204,0.09742990654205608,0.046339724678105716,0.09742990654205608,0.09742990654205608,0.017046051,-0.003076096996665001,0.10196007788181305,0.0988839790225029,-1,False,0.1,0.6850506459593184
1020,52,GENE:G0052,G0052,164,GENE:G0164,G0164,PPI,0.09697636063771303,0.009579325,0.009579325,0.18471687740516768,0.0067229965,0.03983426012526991,0.05518368407645217,0.09697636063771303,0.04761563269495868,0.09697636063771303,0.09697636063771303,0.009579325,-0.003276269417256117,0.311655193567276,0.3083789348602295,-1,False,0.1,0.6850506459593184
1756,151,GENE:G0151,G0151,163,GENE:G0163,G0163,PPI,0.09680043980208905,0.08668503,0.08668503,0.2726772952171523,0.026854768,0.8526204988710787,0.09045737919777452,0.09680043980208905,0.30218665830065644,0.09680043980208905,0.09680043980208905,0.08668503,0.08653347194194794,0.30142462253570557,0.3879581391811371,1,False,0.1,0.6850506459593184
1512,97,GENE:G0097,G0097,183,GENE:G0183,G0183,PPI,0.0957943925233645,0.029990826,0.029990826,0.191588785046729,0.012413375,0.35849454344504983,0.04789719626168225,0.0957943925233645,0.13784169273457025,0.0957943925233645,0.0957943925233645,0.029990826,-0.01331972237676382,0.2892804443836212,0.27596068382263184,-1,False,0.1,0.6850506459593184
1166,62,GENE:G0062,G0062,63,GENE:G0063,G0063,PPI,0.09568169323804288,0.0122135375,0.0122135375,0.23336998350742166,0.012373319,0.058336701947772004,0.07907076481493516,0.09568169323804288,0.06855873740307138,0.09568169323804288,0.09568169323804288,0.0122135375,-0.019867779687047005,0.13681675493717194,0.11694896966218948,-1,False,0.1,0.6850506459593184
1475,94,GENE:G0094,G0094,88,GENE:G0088,G0088,PPI,0.09523089609675647,0.050353777,0.050353777,0.7325453545904343,0.07541314,0.011595597577417861,0.02641229837578761,0.09523089609675647,0.02300366363100394,0.09523089609675647,0.09523089609675647,0.050353777,0.0024852133356034756,0.17466199398040771,0.17714720964431763,1,False,0.1,0.6850506459593184
357,180,GENE:G0180,G0180,21,GENE:G0021,G0021,PPI,0.09510720175920835,0.0076278257,0.0076278257,0.10995052226498075,0.005080639,0.03176195414573164,0.06897807158500856,0.09510720175920835,0.05105021807707273,0.09510720175920835,0.09510720175920835,0.0076278257,0.011425649747252464,0.1454821527004242,0.1569078117609024,1,False,0.1,0.6850506459593184
198,11,GENE:G0011,G0011,47,GENE:G0047,G0047,PPI,0.09479384277075316,0.007732057,0.007732057,0.11022539857064322,0.0048646713,0.022696203322261983,0.08366971792692345,0.09479384277075316,0.053936517856681694,0.09479384277075316,0.09479384277075316,0.007732057,0.04322092607617378,0.171961709856987,0.21518264710903168,1,False,0.1,0.6850506459593184
1306,72,GENE:G0072,G0072,90,GENE:G0090,G0090,PPI,0.09478834524463992,0.018437129,0.018437129,0.1280923584387026,0.0070424797,0.22465605105871025,0.0853521974932851,0.09478834524463992,0.14591271664763272,0.09478834524463992,0.09478834524463992,0.018437129,0.033386338502168655,0.13414575159549713,0.16753210127353668,1,False,0.1,0.6850506459593184
123,40,GENE:G0040,G0040,6,GENE:G0006,G0006,PPI,0.09460967564595932,0.034738336,0.034738336,0.45052226498075865,0.039937455,0.25104973820100895,0.07861581251479446,0.09460967564595932,0.13122398275927538,0.09460967564595932,0.09460967564595932,0.034738336,0.10901732742786407,0.26547783613204956,0.37449514865875244,1,False,0.1,0.6850506459593184
431,59,GENE:G0059,G0059,25,GENE:G0025,G0025,PPI,0.09451346893897747,0.009873387,0.009873387,0.16877405167674547,0.007954372,0.03463033039612651,0.07445212440939662,0.09451346893897747,0.05497480300300452,0.09451346893897747,0.09451346893897747,0.009873387,-0.020210914313793182,0.14125941693782806,0.12104849517345428,-1,False,0.1,0.6850506459593184
1519,189,GENE:G0189,G0189,98,GENE:G0098,G0098,PPI,0.09384826827927434,0.014886361,0.014886361,0.10912589334799341,0.004826813,0.1396736884513213,0.08527195342988193,0.09384826827927434,0.1200028359216166,0.09384826827927434,0.09384826827927434,0.014886361,-0.05062490329146385,0.23897238075733185,0.1883474737405777,-1,False,0.1,0.6850506459593184
1291,96,GENE:G0096,G0096,71,GENE:G0071,G0071,PPI,0.09376030786146233,0.07745493,0.07745493,0.6250687190764156,0.084397554,0.05068023609538439,0.0242088073921816,0.09376030786146233,0.033991625272565336,0.09376030786146233,0.09376030786146233,0.07745493,0.006729817017912865,0.08469440788030624,0.09142422676086426,1,False,0.1,0.6850506459593184
901,50,GENE:G0050,G0050,47,GENE:G0047,G0047,PPI,0.09338922484881802,0.010289903,0.010289903,0.1245189664650907,0.0050641,0.05080210845108943,0.056549983936482834,0.09338922484881802,0.05384138982612938,0.09338922484881802,0.09338922484881802,0.010289903,-0.033086925745010376,0.20871952176094055,0.17563259601593018,-1,False,0.1,0.6850506459593184
312,20,GENE:G0020,G0020,58,GENE:G0058,G0058,PPI,0.09314595931830677,0.032582678,0.032582678,0.151456844420011,0.009488564,0.10952922308698805,0.07175842438432782,0.09314595931830677,0.13637806116724935,0.09314595931830677,0.09314595931830677,0.032582678,-0.007399545982480049,0.16190332174301147,0.15450377762317657,-1,False,0.1,0.6850506459593184
525,38,GENE:G0038,G0038,29,GENE:G0029,G0029,PPI,0.09280098955470038,0.03949912,0.03949912,0.18938977460142936,0.01433922,0.21947638826029187,0.07261313619701529,0.09280098955470038,0.15588916893097318,0.09280098955470038,0.09280098955470038,0.03949912,-0.012521099299192429,0.10498394817113876,0.09246284514665604,-1,False,0.1,0.6850506459593184
96,4,GENE:G0004,G0004,49,GENE:G0049,G0049,PPI,0.09277075316107752,0.010468478,0.010468478,0.10307861462341947,0.005467613,0.07240069830521008,0.08268806872875786,0.09277075316107752,0.08046465066451777,0.09277075316107752,0.09277075316107752,0.010468478,0.022405417636036873,0.13062657415866852,0.15303200483322144,1,False,0.1,0.6850506459593184
170,9,GENE:G0009,G0009,111,GENE:G0111,G0111,PPI,0.09235843870258384,0.006537868,0.006537868,0.1759208356239692,0.0054595377,0.015447216879482441,0.023846846331788383,0.09235843870258384,0.030028005299538245,0.09235843870258384,0.09235843870258384,0.006537868,0.09935285896062851,0.36635729670524597,0.4657101035118103,1,False,0.1,0.6850506459593184
534,29,GENE:G0029,G0029,63,GENE:G0063,G0063,PPI,0.09107201759208357,0.011767744,0.011767744,0.13798790544255085,0.0061129937,0.11612748597298726,0.07520024353937585,0.09107201759208357,0.08785920678839665,0.09107201759208357,0.09107201759208357,0.011767744,0.04171893000602722,0.12311240285634995,0.16483134031295776,1,False,0.1,0.6850506459593184
642,33,GENE:G0033,G0033,44,GENE:G0044,G0044,PPI,0.09089884551951621,0.044859853,0.044859853,0.12451896646509071,0.0071873553,0.2678144695133141,0.05211977811992703,0.09089884551951621,0.1659167297284573,0.09089884551951621,0.09089884551951621,0.044859853,0.005980726331472397,0.14014144241809845,0.14612217247486115,1,False,0.1,0.6850506459593184
199,47,GENE:G0047,G0047,11,GENE:G0011,G0011,PPI,0.0907957669048928,0.0044848984,0.0044848984,0.09923034634414513,0.0023896561,0.006003207896421699,0.07711289750571014,0.0907957669048928,0.04334895626822093,0.0907957669048928,0.0907957669048928,0.0044848984,0.018195945769548416,0.22510448098182678,0.2433004230260849,1,False,0.1,0.6850506459593184
822,42,GENE:G0042,G0042,92,GENE:G0092,G0092,PPI,0.090717427157779,0.016552003,0.016552003,0.10610225398570644,0.0038035884,0.1592570874307772,0.08266788785876526,0.090717427157779,0.13168232543171632,0.090717427157779,0.090717427157779,0.016552003,-0.01692822203040123,0.144968643784523,0.12804043292999268,-1,False,0.1,0.6850506459593184
1728,145,GENE:G0145,G0145,186,GENE:G0186,G0186,PPI,0.09047553600879604,0.015664406,0.015664406,0.12479384277075317,0.008105484,0.09454620364110324,0.054181226933072875,0.09047553600879604,0.08184910673707144,0.09047553600879604,0.09047553600879604,0.015664406,-0.13172173500061035,0.5427507162094116,0.4110288918018341,-1,False,0.1,0.6850506459593184
1622,118,GENE:G0118,G0118,152,GENE:G0152,G0152,PPI,0.09033809785596482,0.021134768,0.021134768,0.1720725673446949,0.01012421,0.17609827242609985,0.023325196568280516,0.09033809785596482,0.07527019995084254,0.09033809785596482,0.09033809785596482,0.021134768,-0.09935814142227173,0.4479275047779083,0.34856942296028137,-1,False,0.1,0.6850506459593184
863,167,GENE:G0167,G0167,44,GENE:G0044,G0044,PPI,0.09027625068719076,0.015219816,0.015219816,0.12451896646509071,0.0044122115,0.09294353620477618,0.08996441469257135,0.09027625068719076,0.11092033736707883,0.09027625068719076,0.09027625068719076,0.015219816,0.02183588594198227,0.13788439333438873,0.1597202718257904,1,False,0.1,0.6850506459593184
1217,77,GENE:G0077,G0077,66,GENE:G0066,G0066,PPI,0.08995327102803738,0.009124795,0.009124795,0.102803738317757,0.003942398,0.04421973258354017,0.050428875134073466,0.08995327102803738,0.046656478698481746,0.08995327102803738,0.08995327102803738,0.009124795,0.03929365053772926,0.10523704439401627,0.14453068375587463,1,False,0.1,0.6850506459593184
244,16,GENE:G0016,G0016,75,GENE:G0075,G0075,PPI,0.08995327102803738,0.014765949,0.014765949,0.102803738317757,0.006230033,0.17404644099370878,0.08969589347325543,0.08995327102803738,0.1347012821825953,0.08995327102803738,0.08995327102803738,0.014765949,0.01280403882265091,0.15065743029117584,0.16346147656440735,1,False,0.1,0.6850506459593184
821,89,GENE:G0089,G0089,42,GENE:G0042,G0042,PPI,0.08975810885101704,0.024082294,0.024082294,0.15475536008796043,0.010649202,0.16278015854601538,0.05400939895769284,0.08975810885101704,0.10466859167170084,0.08975810885101704,0.08975810885101704,0.024082294,0.008619669824838638,0.13876934349536896,0.1473890244960785,1,False,0.1,0.6850506459593184
238,15,GENE:G0015,G0015,198,GENE:G0198,G0198,PPI,0.08883727322704782,0.016492985,0.016492985,0.10390324354040681,0.0042410446,0.1602860200338846,0.08566348267659103,0.08883727322704782,0.1360963030728229,0.08883727322704782,0.08883727322704782,0.016492985,0.0010176049545407295,0.3840842545032501,0.38510188460350037,1,False,0.1,0.6850506459593184
707,66,GENE:G0066,G0066,36,GENE:G0036,G0036,PPI,0.0879714128642111,0.09620014,0.09620014,0.8378229796591534,0.14521505,0.14732789860002407,0.057590808348922766,0.0879714128642111,0.08453313023192358,0.0879714128642111,0.0879714128642111,0.09620014,0.0033573275431990623,0.14058713614940643,0.14394444227218628,1,False,0.1,0.6850506459593184
1017,151,GENE:G0151,G0151,52,GENE:G0052,G0052,PPI,0.08774051676745466,0.008265569,0.008265569,0.16712479384277076,0.007883506,0.0281630756299679,0.049928095116790056,0.08774051676745466,0.04008212488520862,0.08774051676745466,0.08774051676745466,0.008265569,0.018924914300441742,0.10969365388154984,0.12861855328083038,1,False,0.1,0.6850506459593184
1108,57,GENE:G0057,G0057,85,GENE:G0085,G0085,PPI,0.08701072017592083,0.016290547,0.016290547,0.12341946124244091,0.006652219,0.07413025946852408,0.07472740078005555,0.08701072017592083,0.09715030665579566,0.08701072017592083,0.08701072017592083,0.016290547,0.0065312255173921585,0.1096472293138504,0.11617844551801682,1,False,0.1,0.6850506459593184
1787,171,GENE:G0171,G0171,162,GENE:G0162,G0162,PPI,0.08675233644859813,0.03389278,0.03389278,0.21962616822429906,0.012540296,0.3222672296535104,0.0717240020805582,0.08675233644859813,0.165631103003306,0.08675233644859813,0.08675233644859813,0.03389278,-0.0693468451499939,0.28112518787384033,0.21177831292152405,-1,False,0.1,0.6850506459593184
1240,67,GENE:G0067,G0067,118,GENE:G0118,G0118,PPI,0.08647333699835073,0.019438835,0.019438835,0.08960967564595931,0.004385909,0.1947336572989529,0.0164684446386296,0.08647333699835073,0.07651708956525728,0.08647333699835073,0.08647333699835073,0.019438835,0.10104338824748993,0.46833884716033936,0.5693823099136353,1,False,0.1,0.6850506459593184
1818,193,GENE:G0193,G0193,199,GENE:G0199,G0199,PPI,0.08640874106652006,0.014085292,0.014085292,0.3031885651456845,0.015398263,0.07106190781212432,0.0825319149008481,0.08640874106652006,0.07688147991866602,0.08640874106652006,0.08640874106652006,0.014085292,0.12386069446802139,0.45656323432922363,0.5804239511489868,1,False,0.1,0.6850506459593184
362,22,GENE:G0022,G0022,43,GENE:G0043,G0043,PPI,0.08619021440351841,0.104871124,0.104871124,0.2394172622319956,0.01974807,0.3062308086766102,0.06094568507665031,0.08619021440351841,0.16566845631427846,0.08619021440351841,0.08619021440351841,0.104871124,-0.0028651594184339046,0.15201979875564575,0.1491546481847763,-1,False,0.1,0.6850506459593184
1307,90,GENE:G0090,G0090,72,GENE:G0072,G0072,PPI,0.08603490929081914,0.0068034865,0.0068034865,0.2916437603078615,0.009646338,0.015844598921355757,0.07258942304011828,0.08603490929081914,0.05055279045252553,0.08603490929081914,0.08603490929081914,0.0068034865,-0.018550602719187737,0.1215190663933754,0.10296845436096191,-1,False,0.1,0.6850506459593184
471,131,GENE:G0131,G0131,26,GENE:G0026,G0026,PPI,0.0856377130291369,0.008184713,0.008184713,0.09208356239692139,0.003450029,0.03307221834557788,0.08090262865776357,0.0856377130291369,0.059169605563945696,0.0856377130291369,0.0856377130291369,0.008184713,-0.024293262511491776,0.20225724577903748,0.1779639571905136,-1,False,0.1,0.6850506459593184
1682,131,GENE:G0131,G0131,140,GENE:G0140,G0140,PPI,0.08423859263331501,0.031318206,0.031318206,0.08466190214403518,0.004880691,0.4279586662955637,0.05789599086766104,0.08423859263331501,0.227964890331615,0.08423859263331501,0.08423859263331501,0.031318206,0.038376275449991226,1.0333774089813232,1.071753740310669,1,False,0.1,0.6850506459593184
1275,79,GENE:G0079,G0079,70,GENE:G0070,G0070,PPI,0.08364211105002749,0.03127513,0.03127513,0.11379879054425508,0.0076413807,0.11893317010378819,0.040813171137645564,0.08364211105002749,0.10295513999954098,0.08364211105002749,0.08364211105002749,0.03127513,0.0032001775689423084,0.17900793254375458,0.1822081059217453,1,False,0.1,0.6850506459593184
1123,180,GENE:G0180,G0180,58,GENE:G0058,G0058,PPI,0.08330126443100604,0.053880703,0.053880703,0.11489829576690488,0.0060610436,0.2808997281989338,0.07020793586875138,0.08330126443100604,0.23909168858232796,0.08330126443100604,0.08330126443100604,0.053880703,-0.0016435907455161214,0.1624228060245514,0.1607792228460312,-1,False,0.1,0.6850506459593184
735,190,GENE:G0190,G0190,37,GENE:G0037,G0037,PPI,0.08279549202858713,0.007821075,0.007821075,0.09098405717427158,0.0031499993,0.03921477013790332,0.08118765951755418,0.08279549202858713,0.06075180903609536,0.08279549202858713,0.08279549202858713,0.007821075,-0.046029310673475266,0.2831340432167053,0.23710475862026215,-1,False,0.1,0.6850506459593184
1096,56,GENE:G0056,G0056,167,GENE:G0167,G0167,PPI,0.08246289169873558,0.016748665,0.016748665,0.10307861462341947,0.0060030334,0.24371687130336386,0.05255998673989265,0.08246289169873558,0.118117003866778,0.08246289169873558,0.08246289169873558,0.016748665,0.09950024634599686,0.4620465338230133,0.561546802520752,1,False,0.1,0.6850506459593184
700,36,GENE:G0036,G0036,44,GENE:G0044,G0044,PPI,0.08203820780648707,0.004722589,0.004722589,0.08328752061572292,0.0019380643,0.005033614885771915,0.07253429789726382,0.08203820780648707,0.03571374790532266,0.08203820780648707,0.08203820780648707,0.004722589,-0.026357388123869896,0.15555335581302643,0.12919598817825317,-1,False,0.1,0.6850506459593184
1163,83,GENE:G0083,G0083,61,GENE:G0061,G0061,PPI,0.08190764156129743,0.012483015,0.012483015,0.08713578889499726,0.004783149,0.12596529455317088,0.07834471768419483,0.08190764156129743,0.10722689045919813,0.08190764156129743,0.08190764156129743,0.012483015,-0.060725413262844086,0.20525550842285156,0.14453007280826569,-1,False,0.1,0.6850506459593184
784,40,GENE:G0040,G0040,74,GENE:G0074,G0074,PPI,0.08179219351291919,0.09007495,0.09007495,0.19021440351841673,0.01526548,0.8166623824737271,0.06173915337023254,0.08179219351291919,0.27361532772167446,0.08179219351291919,0.08179219351291919,0.09007495,0.08241214603185654,0.12048710137605667,0.20289920270442963,1,False,0.1,0.6850506459593184
635,89,GENE:G0089,G0089,32,GENE:G0032,G0032,PPI,0.0808521165475536,0.018818347,0.018818347,0.10500274876305662,0.0029389225,0.07189440088717604,0.02839931294373851,0.0808521165475536,0.05520903822547369,0.0808521165475536,0.0808521165475536,0.018818347,0.009525856003165245,0.09641746431589127,0.10594332963228226,1,False,0.1,0.6850506459593184
1058,54,GENE:G0054,G0054,79,GENE:G0079,G0079,PPI,0.08035184167124795,0.0064129476,0.0064129476,0.1434854315557999,0.004638971,0.013821036497793912,0.06999971741631165,0.08035184167124795,0.04220267357529606,0.08035184167124795,0.08035184167124795,0.0064129476,0.0005368676502257586,0.14157912135124207,0.1421159952878952,1,False,0.1,0.6850506459593184
1049,162,GENE:G0162,G0162,53,GENE:G0053,G0053,PPI,0.08000549752611325,0.005778445,0.005778445,0.10390324354040681,0.00297764,0.00900440404571267,0.06606236534036802,0.08000549752611325,0.036681615238193264,0.08000549752611325,0.08000549752611325,0.005778445,6.815660890424624e-05,0.08940491825342178,0.08947307616472244,1,False,0.1,0.6850506459593184
1035,77,GENE:G0077,G0077,53,GENE:G0053,G0053,PPI,0.07986531061022539,0.009998523,0.009998523,0.10720175920835623,0.0048273485,0.04681071739422046,0.07573863085693082,0.07986531061022539,0.06637532020826482,0.07986531061022539,0.07986531061022539,0.009998523,0.02764945477247238,0.08445245772600174,0.11210190504789352,1,False,0.1,0.6850506459593184
258,17,GENE:G0017,G0017,46,GENE:G0046,G0046,PPI,0.07950247388675098,0.009708031,0.009708031,0.08548653106102255,0.003305602,0.04785684027543859,0.07533250452026317,0.07950247388675098,0.06754439530157955,0.07950247388675098,0.07950247388675098,0.009708031,0.02491716854274273,0.12402249127626419,0.14893966913223267,1,False,0.1,0.6850506459593184
1688,133,GENE:G0133,G0133,145,GENE:G0145,G0145,PPI,0.07947223749312808,0.026095297,0.026095297,0.11434854315557999,0.0052151736,0.29079896760550505,0.07322325724389445,0.07947223749312808,0.18016238123046804,0.07947223749312808,0.07947223749312808,0.026095297,0.007534514646977186,0.19586002826690674,0.2033945471048355,1,False,0.1,0.6850506459593184
779,48,GENE:G0048,G0048,40,GENE:G0040,G0040,PPI,0.07943925233644861,0.04124033,0.04124033,0.794392523364486,0.08248058,0.014901558678209893,0.07323937185699957,0.07943925233644861,0.05216627452774796,0.07943925233644861,0.07943925233644861,0.04124033,-0.008552239276468754,0.1781603991985321,0.1696081906557083,-1,False,0.1,0.6850506459593184
346,21,GENE:G0021,G0021,68,GENE:G0068,G0068,PPI,0.07904068169323804,0.057209786,0.057209786,0.5269378779549203,0.06302515,0.10705281543483527,0.04786150958332786,0.07904068169323804,0.06987739914508442,0.07904068169323804,0.07904068169323804,0.057209786,0.0054690418764948845,0.1144961342215538,0.11996518820524216,1,False,0.1,0.6850506459593184
1729,186,GENE:G0186,G0186,145,GENE:G0145,G0145,PPI,0.07848955470038482,0.019705214,0.019705214,0.08218801539307312,0.003872553,0.20809159837368427,0.0778707049288501,0.07848955470038482,0.17211366628713065,0.07848955470038482,0.07848955470038482,0.019705214,0.059042807668447495,0.17979559302330017,0.23883840441703796,1,False,0.1,0.6850506459593184
1190,63,GENE:G0063,G0063,109,GENE:G0109,G0109,PPI,0.07817482133040132,0.006685665,0.006685665,0.09895547003848268,0.003090051,0.021646155655640046,0.07667612343058587,0.07817482133040132,0.049203837816309166,0.07817482133040132,0.07817482133040132,0.006685665,0.027208413928747177,0.23133355379104614,0.2585419714450836,1,False,0.1,0.6850506459593184
344,21,GENE:G0021,G0021,60,GENE:G0060,G0060,PPI,0.07801539307311711,0.028430331,0.028430331,0.6783947223749314,0.056860548,0.021572292468389223,0.07274972915743978,0.07801539307311711,0.0549625019017054,0.07801539307311711,0.07801539307311711,0.028430331,0.011337808333337307,0.12594181299209595,0.13727959990501404,1,False,0.1,0.6850506459593184
1092,56,GENE:G0056,G0056,122,GENE:G0122,G0122,PPI,0.07738317757009347,0.027035741,0.027035741,0.1137987905442551,0.0026584193,0.3293866019201182,0.06117677342568735,0.07738317757009347,0.1690563223252316,0.07738317757009347,0.07738317757009347,0.027035741,0.13856282830238342,0.3055022954940796,0.4440650939941406,1,False,0.1,0.6850506459593184
1537,125,GENE:G0125,G0125,103,GENE:G0103,G0103,PPI,0.0759648158328752,0.011269403,0.011269403,0.08081363386476086,0.0025953548,0.09308874582337665,0.07051655251634747,0.0759648158328752,0.08605812067193162,0.0759648158328752,0.0759648158328752,0.011269403,-0.06031067669391632,0.33788394927978516,0.27757328748703003,-1,False,0.1,0.6850506459593184
1701,156,GENE:G0156,G0156,137,GENE:G0137,G0137,PPI,0.07442275975810884,0.0144278575,0.0144278575,0.09923034634414513,0.0055512385,0.12155636068067614,0.07342375123541088,0.07442275975810884,0.1056955192814003,0.07442275975810884,0.07442275975810884,0.0144278575,0.02842804230749607,0.21555070579051971,0.24397872388362885,1,False,0.1,0.6850506459593184
368,22,GENE:G0022,G0022,59,GENE:G0059,G0059,PPI,0.07375481033534909,0.029158957,0.029158957,0.1536558548653106,0.009619838,0.13976627380765558,0.03281191172559375,0.07375481033534909,0.07634438191748677,0.07375481033534909,0.07375481033534909,0.029158957,-0.0026554965879768133,0.09590817242860794,0.09325268119573593,-1,False,0.1,0.6850506459593184
1288,71,GENE:G0071,G0071,95,GENE:G0095,G0095,PPI,0.07271715228147334,0.031396087,0.031396087,0.09263331500824629,0.0049017426,0.2059380294071955,0.05596654676066263,0.07271715228147334,0.1686820954323007,0.07271715228147334,0.07271715228147334,0.031396087,0.006320938002318144,0.16685354709625244,0.1731744408607483,1,False,0.1,0.6850506459593184
961,79,GENE:G0079,G0079,50,GENE:G0050,G0050,PPI,0.07249312809235843,0.028251326,0.028251326,0.09730621220450797,0.005359443,0.16733233154367097,0.048973163874493825,0.07249312809235843,0.13416762545974129,0.07249312809235843,0.07249312809235843,0.028251326,-0.023177430033683777,0.1487344205379486,0.12555700540542603,-1,False,0.1,0.6850506459593184
1563,142,GENE:G0142,G0142,107,GENE:G0107,G0107,PPI,0.0720395821880154,0.013826988,0.013826988,0.07504123144584937,0.0026431307,0.1642872534821946,0.07033089042954975,0.0720395821880154,0.12130130812543274,0.0720395821880154,0.0720395821880154,0.013826988,-0.057848960161209106,0.25720685720443726,0.19935794174671173,-1,False,0.1,0.6850506459593184
68,2,GENE:G0002,G0002,153,GENE:G0153,G0153,PPI,0.07184167124793843,0.008532406,0.008532406,0.08163826278174821,0.0038916692,0.032106135196200335,0.06720172997575848,0.07184167124793843,0.05346238756458543,0.07184167124793843,0.07184167124793843,0.008532406,0.03371724858880043,0.47281110286712646,0.5065282583236694,1,False,0.1,0.6850506459593184
1652,124,GENE:G0124,G0124,191,GENE:G0191,G0191,PPI,0.07057998900494777,0.042829614,0.042829614,0.1742715777899945,0.0081858635,0.4450109699152931,0.05655105986200529,0.07057998900494777,0.17986846389448186,0.07057998900494777,0.07057998900494777,0.042829614,-0.13837838172912598,0.5482944846153259,0.40991607308387756,-1,False,0.1,0.6850506459593184
1391,114,GENE:G0114,G0114,80,GENE:G0080,G0080,PPI,0.07049752611324903,0.00897145,0.00897145,0.08493677844969763,0.0038603852,0.04998628875871994,0.06745926841522173,0.07049752611324903,0.06008496698853504,0.07049752611324903,0.07049752611324903,0.00897145,-0.025329465046525,0.14477184414863586,0.11944235861301422,-1,False,0.1,0.6850506459593184
1389,98,GENE:G0098,G0098,80,GENE:G0080,G0080,PPI,0.07010445299615174,0.02450129,0.02450129,0.21907641561297417,0.016229108,0.13786433329350875,0.0600764894614583,0.07010445299615174,0.09770988754295588,0.07010445299615174,0.07010445299615174,0.02450129,-0.004610680975019932,0.13674384355545044,0.13213318586349487,-1,False,0.1,0.6850506459593184
946,49,GENE:G0049,G0049,98,GENE:G0098,G0098,PPI,0.0697746014293568,0.010661861,0.010661861,0.09180868609125895,0.002380644,0.07893268706180692,0.06648368966176338,0.0697746014293568,0.07332667139760383,0.0697746014293568,0.0697746014293568,0.010661861,-0.0196092389523983,0.227044939994812,0.20743568241596222,-1,False,0.1,0.6850506459593184
1668,129,GENE:G0129,G0129,144,GENE:G0144,G0144,PPI,0.06954095656954372,0.037223384,0.037223384,0.25755909840571745,0.019662641,0.27962604090267207,0.02676632666342009,0.06954095656954372,0.0917893109335477,0.06954095656954372,0.06954095656954372,0.037223384,-0.06921830028295517,0.26814091205596924,0.19892263412475586,-1,False,0.1,0.6850506459593184
927,160,GENE:G0160,G0160,48,GENE:G0048,G0048,PPI,0.0694406267179769,0.007259701,0.007259701,0.2954920285871358,0.011517226,0.019778204983856167,0.06564314014125149,0.0694406267179769,0.050552276264818355,0.0694406267179769,0.0694406267179769,0.007259701,0.0071275304071605206,0.14993233978748322,0.15705986320972443,1,False,0.1,0.6850506459593184
878,45,GENE:G0045,G0045,81,GENE:G0081,G0081,PPI,0.069326553051127,0.16646351,0.16646351,0.9903793293018142,0.33292693,0.053429155926405625,0.0414305397966228,0.069326553051127,0.045581115033938434,0.069326553051127,0.069326553051127,0.16646351,0.0008665112545713782,0.11681099236011505,0.11767749488353729,1,False,0.1,0.6850506459593184
640,33,GENE:G0033,G0033,42,GENE:G0042,G0042,PPI,0.0691245189664651,0.009464327,0.009464327,0.13166575041231446,0.004817437,0.04808241435414176,0.04624730198052989,0.0691245189664651,0.04593822592513697,0.0691245189664651,0.0691245189664651,0.009464327,0.004593010526150465,0.14253680408000946,0.14712980389595032,1,False,0.1,0.6850506459593184
1524,100,GENE:G0100,G0100,101,GENE:G0101,G0101,PPI,0.06902831225948322,0.0067378604,0.0067378604,0.07888949972512369,0.0028001359,0.021036975431213564,0.06558987060976719,0.06902831225948322,0.04343194066582997,0.06902831225948322,0.06902831225948322,0.0067378604,0.002386358566582203,0.2710005044937134,0.2733868658542633,1,False,0.1,0.6850506459593184
1326,73,GENE:G0073,G0073,152,GENE:G0152,G0152,PPI,0.0687438152831226,0.009017452,0.009017452,0.07724024189114899,0.0022314386,0.06205643540652681,0.06698336837033192,0.0687438152831226,0.06462776956730258,0.0687438152831226,0.0687438152831226,0.009017452,-0.054542236030101776,0.39819109439849854,0.3436488211154938,-1,False,0.1,0.6850506459593184
272,18,GENE:G0018,G0018,77,GENE:G0077,G0077,PPI,0.06860912589334799,0.02526083,0.02526083,0.07146783947223749,0.0041840095,0.3645244853405778,0.04288070368334249,0.06860912589334799,0.1734899560041711,0.06860912589334799,0.06860912589334799,0.02526083,-0.012361075729131699,0.12590983510017395,0.11354876309633255,-1,False,0.1,0.6850506459593184
1019,160,GENE:G0160,G0160,52,GENE:G0052,G0052,PPI,0.06818031885651456,0.0065232906,0.0065232906,0.13111599780098954,0.0055920985,0.015381290157639583,0.04583437221405415,0.06818031885651456,0.03323996597853358,0.06818031885651456,0.06818031885651456,0.0065232906,0.006467956118285656,0.11726944148540497,0.1237373799085617,1,False,0.1,0.6850506459593184
465,80,GENE:G0080,G0080,26,GENE:G0026,G0026,PPI,0.0670849367784497,0.009961348,0.009961348,0.10087960417811985,0.003787078,0.05354124224923234,0.05363010622889708,0.0670849367784497,0.05295364538719192,0.0670849367784497,0.0670849367784497,0.009961348,0.0006473700632341206,0.15952329337596893,0.16017064452171326,1,False,0.1,0.6850506459593184
619,52,GENE:G0052,G0052,32,GENE:G0032,G0032,PPI,0.06635514018691589,0.030810192,0.030810192,0.6635514018691588,0.06162016,0.011815437058462282,0.06117641649231729,0.06635514018691589,0.04257863731431483,0.06635514018691589,0.06635514018691589,0.030810192,-0.010274708271026611,0.10086148232221603,0.09058676660060883,-1,False,0.1,0.6850506459593184
41,94,GENE:G0094,G0094,1,GENE:G0001,G0001,PPI,0.06610775151181969,0.032743946,0.032743946,0.1017042330951072,0.0066680424,0.26490345125188736,0.04338850870175685,0.06610775151181969,0.14536946524995661,0.06610775151181969,0.06610775151181969,0.032743946,-0.017483452335000038,0.14345188438892365,0.12596844136714935,-1,False,0.1,0.6850506459593184
516,28,GENE:G0028,G0028,94,GENE:G0094,G0094,PPI,0.06576003298515669,0.05252435,0.05252435,0.1069268829026938,0.009387672,0.11376517657341341,0.05100647682669347,0.06576003298515669,0.16363079208091216,0.06576003298515669,0.06576003298515669,0.05252435,-0.005558910313993692,0.13793453574180603,0.13237561285495758,-1,False,0.1,0.6850506459593184
1176,62,GENE:G0062,G0062,87,GENE:G0087,G0087,PPI,0.06443512919186366,0.011411363,0.011411363,0.07449147883452446,0.0015199268,0.08268234679912025,0.05019891166905583,0.06443512919186366,0.06827695268975187,0.06443512919186366,0.06443512919186366,0.011411363,-0.015952039510011673,0.13996586203575134,0.12401381134986877,-1,False,0.1,0.6850506459593184
1766,154,GENE:G0154,G0154,199,GENE:G0199,G0199,PPI,0.06373831775700936,0.010832557,0.010832557,0.0937328202308961,0.0040271087,0.09578904392001916,0.0521376964149986,0.06373831775700936,0.06687500663241992,0.06373831775700936,0.06373831775700936,0.010832557,-0.14730314910411835,0.574166476726532,0.42686331272125244,-1,False,0.1,0.6850506459593184
237,95,GENE:G0095,G0095,15,GENE:G0015,G0015,PPI,0.06366135239142386,0.0048375814,0.0048375814,0.06597031335898845,0.0013686316,0.011036242252552427,0.06199015905770114,0.06366135239142386,0.036362594616336,0.06366135239142386,0.06366135239142386,0.0048375814,0.03687803074717522,0.4837130606174469,0.5205910801887512,1,False,0.1,0.6850506459593184
1026,53,GENE:G0053,G0053,62,GENE:G0062,G0062,PPI,0.06194749862561847,0.009978465,0.009978465,0.2636063771302914,0.009479217,0.04509430736319206,0.058559787344614124,0.06194749862561847,0.053688580751451984,0.06194749862561847,0.06194749862561847,0.009978465,-0.017129071056842804,0.15427830815315247,0.13714924454689026,-1,False,0.1,0.6850506459593184
1398,81,GENE:G0081,G0081,88,GENE:G0088,G0088,PPI,0.06167399670148434,0.009563738,0.009563738,0.07614073666849917,0.002865089,0.034156842474769765,0.03626090169589898,0.06167399670148434,0.03665857028950836,0.06167399670148434,0.06167399670148434,0.009563738,-0.0321485698223114,0.19146999716758728,0.15932145714759827,-1,False,0.1,0.6850506459593184
1723,195,GENE:G0195,G0195,143,GENE:G0143,G0143,PPI,0.06115997800989555,0.0073639574,0.0073639574,0.06871907641561298,0.002246663,0.030422735314825745,0.059062437115518306,0.06115997800989555,0.04568241237613188,0.06115997800989555,0.06115997800989555,0.0073639574,-0.06634185463190079,0.27800023555755615,0.21165835857391357,-1,False,0.1,0.6850506459593184
1479,91,GENE:G0091,G0091,89,GENE:G0089,G0089,PPI,0.05978284771852667,0.009142625,0.009142625,0.065695437053326,0.0025500124,0.04694435535542379,0.048946407310325,0.05978284771852667,0.04995897441783626,0.05978284771852667,0.05978284771852667,0.009142625,-0.03264838829636574,0.18524642288684845,0.1525980830192566,-1,False,0.1,0.6850506459593184
1460,86,GENE:G0086,G0086,90,GENE:G0090,G0090,PPI,0.05968251786695987,0.0047152922,0.0047152922,0.06184716877405168,0.0010781488,0.005236564606126566,0.05331247472816499,0.05968251786695987,0.027788321017253127,0.05968251786695987,0.05968251786695987,0.0047152922,-0.04306192323565483,0.15893611311912537,0.11587419360876083,-1,False,0.1,0.6850506459593184
136,7,GENE:G0007,G0007,32,GENE:G0032,G0032,PPI,0.059439252336448596,0.015092059,0.015092059,0.11214953271028036,0.00680455,0.11748151273386913,0.0553750739243148,0.059439252336448596,0.08412550616602023,0.059439252336448596,0.059439252336448596,0.015092059,-0.010076139122247696,0.1041102185845375,0.09403406828641891,-1,False,0.1,0.6850506459593184
763,57,GENE:G0057,G0057,39,GENE:G0039,G0039,PPI,0.05743540406816933,0.061001126,0.061001126,0.3829026937877955,0.040648326,0.11013509453092252,0.03477886429294508,0.05743540406816933,0.06339559213099684,0.05743540406816933,0.05743540406816933,0.061001126,-0.006296010687947273,0.16679581999778748,0.16049982607364655,-1,False,0.1,0.6850506459593184
62,2,GENE:G0002,G0002,107,GENE:G0107,G0107,PPI,0.05687465640461791,0.011687589,0.011687589,0.09978009895547003,0.003866015,0.05181356087662019,0.05432291044244398,0.05687465640461791,0.059176412471303994,0.05687465640461791,0.05687465640461791,0.011687589,0.014170109294354916,0.201279416680336,0.21544954180717468,1,False,0.1,0.6850506459593184
1564,107,GENE:G0107,G0107,151,GENE:G0151,G0151,PPI,0.056665750412314454,0.023037415,0.023037415,0.0731170973062122,0.0038685426,0.19609946127927058,0.037944356990497134,0.056665750412314454,0.1186816089017893,0.056665750412314454,0.056665750412314454,0.023037415,-0.01801309362053871,0.24659377336502075,0.22858069837093353,-1,False,0.1,0.6850506459593184
1119,82,GENE:G0082,G0082,58,GENE:G0058,G0058,PPI,0.05654205607476635,0.008951269,0.008951269,0.060472787245739415,0.0012698993,0.04552953166820926,0.043758235880457616,0.05654205607476635,0.04580283692660918,0.05654205607476635,0.05654205607476635,0.008951269,-0.03546471521258354,0.17439822852611542,0.13893352448940277,-1,False,0.1,0.6850506459593184
1359,78,GENE:G0078,G0078,77,GENE:G0077,G0077,PPI,0.056113249037932925,0.024357622,0.024357622,0.09510720175920835,0.00663686,0.19338701592153684,0.05267943176193155,0.056113249037932925,0.13359064320840103,0.056113249037932925,0.056113249037932925,0.024357622,-0.015383265912532806,0.12166940420866013,0.10628614574670792,-1,False,0.1,0.6850506459593184
1526,100,GENE:G0100,G0100,110,GENE:G0110,G0110,PPI,0.056069268829026936,0.007923674,0.007923674,0.05964815832875206,0.0022251816,0.03998437780972816,0.05188704118289445,0.056069268829026936,0.047201842217321925,0.056069268829026936,0.056069268829026936,0.007923674,0.011435265652835369,0.5047639608383179,0.5161992907524109,1,False,0.1,0.6850506459593184
208,12,GENE:G0012,G0012,20,GENE:G0020,G0020,PPI,0.05578339747113798,0.009777549,0.009777549,0.08026388125343595,0.0024125334,0.05313105706583901,0.04962424402240452,0.05578339747113798,0.052316315534722525,0.05578339747113798,0.05578339747113798,0.009777549,0.03303330019116402,0.0713600367307663,0.10439334064722061,1,False,0.1,0.6850506459593184
273,77,GENE:G0077,G0077,18,GENE:G0018,G0018,PPI,0.05559923034634415,0.008219087,0.008219087,0.06212204507971413,0.0027135103,0.031283612087620864,0.05157065229720496,0.05559923034634415,0.04545252524255173,0.05559923034634415,0.05559923034634415,0.008219087,0.019711315631866455,0.27960339188575745,0.2993146777153015,1,False,0.1,0.6850506459593184
1192,64,GENE:G0064,G0064,81,GENE:G0081,G0081,PPI,0.05528174821330402,0.011373312,0.011373312,0.151456844420011,0.008307444,0.024098435660019703,0.04884923494228393,0.05528174821330402,0.03993717363759291,0.05528174821330402,0.05528174821330402,0.011373312,-0.005513766314834356,0.12295801937580109,0.11744425445795059,-1,False,0.1,0.6850506459593184
747,61,GENE:G0061,G0061,38,GENE:G0038,G0038,PPI,0.055,0.012520193,0.012520193,0.058823529411764705,0.0020770635,0.12569572943366097,0.048597990759725374,0.055,0.08950777460803362,0.055,0.055,0.012520193,0.03535066545009613,0.1366259604692459,0.17197662591934204,1,False,0.1,0.6850506459593184
1193,81,GENE:G0081,G0081,64,GENE:G0064,G0064,PPI,0.054771852666300164,0.014215517,0.014215517,0.06761957119296316,0.0034447731,0.12323953082963256,0.05127953710228823,0.054771852666300164,0.09567048232928914,0.054771852666300164,0.054771852666300164,0.014215517,-0.0321052260696888,0.1881873458623886,0.1560821235179901,-1,False,0.1,0.6850506459593184
892,46,GENE:G0046,G0046,62,GENE:G0062,G0062,PPI,0.05430181418361737,0.044789042,0.044789042,0.7240241891148983,0.07350198,0.2382936891845631,0.037095201096120925,0.05430181418361737,0.10231510774584071,0.05430181418361737,0.05430181418361737,0.044789042,0.09804224222898483,0.13313798606395721,0.23118020594120026,1,False,0.1,0.6850506459593184
1581,164,GENE:G0164,G0164,109,GENE:G0109,G0109,PPI,0.05428944474986256,0.009423945,0.009423945,0.08163826278174821,0.0030971952,0.038545470258323083,0.04210508737321171,0.05428944474986256,0.04088830554096038,0.05428944474986256,0.05428944474986256,0.009423945,-0.006968340836465359,0.25390625,0.24693793058395386,-1,False,0.1,0.6850506459593184
81,32,GENE:G0032,G0032,3,GENE:G0003,G0003,PPI,0.05405442550852116,0.038180713,0.038180713,0.11379879054425508,0.0070394985,0.10376661501346149,0.02417387398435039,0.05405442550852116,0.07768617693269794,0.05405442550852116,0.05405442550852116,0.038180713,-0.006678916048258543,0.2843177020549774,0.2776387929916382,-1,False,0.1,0.6850506459593184
74,3,GENE:G0003,G0003,13,GENE:G0013,G0013,PPI,0.05397608576140736,0.028576229,0.028576229,0.18938977460142936,0.012730842,0.17456944860289367,0.051554387458462685,0.05397608576140736,0.10336899033643428,0.05397608576140736,0.05397608576140736,0.028576229,0.11799368262290955,0.18064363300800323,0.298637330532074,1,False,0.1,0.6850506459593184
844,43,GENE:G0043,G0043,86,GENE:G0086,G0086,PPI,0.053927982407916436,0.05946917,0.05946917,0.4689389774601429,0.05194077,0.03587135788894997,0.05028810289408114,0.053927982407916436,0.06010381855632836,0.053927982407916436,0.053927982407916436,0.05946917,0.00595777528360486,0.15568117797374725,0.16163894534111023,1,False,0.1,0.6850506459593184
1255,180,GENE:G0180,G0180,68,GENE:G0068,G0068,PPI,0.05350467289719626,0.032015588,0.032015588,0.06294667399670148,0.0048183408,0.2947094162359282,0.04020711102574745,0.05350467289719626,0.18321492385981855,0.05350467289719626,0.05350467289719626,0.032015588,0.021012818440794945,0.10940701514482498,0.13041982054710388,1,False,0.1,0.6850506459593184
1185,85,GENE:G0085,G0085,63,GENE:G0063,G0063,PPI,0.05321605277625069,0.009536723,0.009536723,0.060472787245739415,0.0016856529,0.05432893514895447,0.05168212574193215,0.05321605277625069,0.05741058513034418,0.05321605277625069,0.05321605277625069,0.009536723,0.03287087753415108,0.1264261156320572,0.15929700434207916,1,False,0.1,0.6850506459593184
1395,189,GENE:G0189,G0189,80,GENE:G0080,G0080,PPI,0.0526113249037933,0.0060358047,0.0060358047,0.07971412864211105,0.0021666205,0.01537264017292716,0.042218396660703185,0.0526113249037933,0.029522412944072502,0.0526113249037933,0.0526113249037933,0.0060358047,-0.041549813002347946,0.14811991155147552,0.10657009482383728,-1,False,0.1,0.6850506459593184
1112,57,GENE:G0057,G0057,115,GENE:G0115,G0115,PPI,0.04989004947773502,0.013548523,0.013548523,0.07559098405717427,0.003739872,0.08493180006261584,0.032495332306521636,0.04989004947773502,0.0574232520024287,0.04989004947773502,0.04989004947773502,0.013548523,0.016499757766723633,0.21886612474918365,0.2353658676147461,1,False,0.1,0.6850506459593184
983,69,GENE:G0069,G0069,51,GENE:G0051,G0051,PPI,0.049705882352941176,0.02065635,0.02065635,0.38235294117647056,0.028378723,0.005319719428320637,0.013785931347362312,0.049705882352941176,0.011279688804626908,0.049705882352941176,0.049705882352941176,0.02065635,-0.007030560169368982,0.0977560505270958,0.09072548151016235,-1,False,0.1,0.6850506459593184
1603,162,GENE:G0162,G0162,114,GENE:G0114,G0114,PPI,0.04963578889499726,0.027200906,0.027200906,0.0640461792193513,0.0024891421,0.23337226668554328,0.03323697435633772,0.04963578889499726,0.1353225266177323,0.04963578889499726,0.04963578889499726,0.027200906,0.016693033277988434,0.22329038381576538,0.23998340964317322,1,False,0.1,0.6850506459593184
1611,195,GENE:G0195,G0195,115,GENE:G0115,G0115,PPI,0.04876030786146234,0.023781795,0.023781795,0.1805937328202309,0.009289673,0.24199029116748494,0.043002549484125685,0.04876030786146234,0.10230761486462608,0.04876030786146234,0.04876030786146234,0.023781795,-0.06947256624698639,0.26162397861480713,0.19215145707130432,-1,False,0.1,0.6850506459593184
631,85,GENE:G0085,G0085,32,GENE:G0032,G0032,PPI,0.04772814733369984,0.03441741,0.03441741,0.0788894997251237,0.0038645416,0.2555901342166455,0.0368169781452325,0.04772814733369984,0.14996246519679288,0.04772814733369984,0.04772814733369984,0.03441741,-0.0038816703017801046,0.09840201586484909,0.09452036768198013,-1,False,0.1,0.6850506459593184
811,194,GENE:G0194,G0194,41,GENE:G0041,G0041,PPI,0.04702583837273227,0.008011486,0.008011486,0.05002748763056625,0.0003212178,0.0391155840317694,0.046014411794110595,0.04702583837273227,0.04505852269401192,0.04702583837273227,0.04702583837273227,0.008011486,0.059433355927467346,0.14149706065654755,0.2009304016828537,1,False,0.1,0.6850506459593184
459,40,GENE:G0040,G0040,26,GENE:G0026,G0026,PPI,0.046533809785596486,0.011766523,0.011766523,0.17234744365035734,0.0095632,0.10011262951150068,0.031662247156233905,0.046533809785596486,0.05352694478220469,0.046533809785596486,0.046533809785596486,0.011766523,0.06841946393251419,0.15268287062644958,0.22110232710838318,1,False,0.1,0.6850506459593184
454,26,GENE:G0026,G0026,31,GENE:G0031,G0031,PPI,0.04651869158878505,0.009493663,0.009493663,0.049752611324903794,0.0029936237,0.058657866841889776,0.04396073280709173,0.04651869158878505,0.054968378554705606,0.04651869158878505,0.04651869158878505,0.009493663,0.034565430134534836,0.08240679651498795,0.11697223037481308,1,False,0.1,0.6850506459593184
1586,112,GENE:G0112,G0112,132,GENE:G0132,G0132,PPI,0.04586311159978009,0.036726914,0.036726914,0.09758108851017042,0.0047337934,0.5889546261731875,0.04386809901875262,0.04586311159978009,0.21288120670530503,0.04586311159978009,0.04586311159978009,0.036726914,-0.007970849052071571,0.38290926814079285,0.37493839859962463,-1,False,0.1,0.6850506459593184
847,93,GENE:G0093,G0093,43,GENE:G0043,G0043,PPI,0.045698185816382624,0.013136083,0.013136083,0.05222649807586586,0.0010188082,0.11935376774220613,0.02368257186621248,0.045698185816382624,0.061051263351665004,0.045698185816382624,0.045698185816382624,0.013136083,-0.03894158825278282,0.168813094496727,0.12987151741981506,-1,False,0.1,0.6850506459593184
311,57,GENE:G0057,G0057,20,GENE:G0020,G0020,PPI,0.04557449147883452,0.09244534,0.09244534,0.9114898295766904,0.18489061,0.025578684003339652,0.03530184930187959,0.04557449147883452,0.03234273109963132,0.04557449147883452,0.04557449147883452,0.09244534,-0.006773939356207848,0.08754179626703262,0.08076786249876022,-1,False,0.1,0.6850506459593184
301,40,GENE:G0040,G0040,20,GENE:G0020,G0020,PPI,0.04545766904892798,0.006660796,0.006660796,0.051951621770203404,0.00019833585,0.022308037186580715,0.041235321423134214,0.04545766904892798,0.03215598319205401,0.04545766904892798,0.04545766904892798,0.006660796,0.03925898298621178,0.07989653944969177,0.11915551871061325,1,False,0.1,0.6850506459593184
164,9,GENE:G0009,G0009,52,GENE:G0052,G0052,PPI,0.04408191313908741,0.009848125,0.009848125,0.1520065970313359,0.005349839,0.04025587192590112,0.03751207455539827,0.04408191313908741,0.037125994532757514,0.04408191313908741,0.04408191313908741,0.009848125,0.0017815260216593742,0.11273156851530075,0.11451311409473419,1,False,0.1,0.6850506459593184
184,10,GENE:G0010,G0010,82,GENE:G0082,G0082,PPI,0.04391148982957669,0.006034949,0.006034949,0.09758108851017042,0.0028108829,0.011256184716877405,0.04140014964066373,0.04391148982957669,0.02728316654456702,0.04391148982957669,0.04391148982957669,0.006034949,-0.019400157034397125,0.11040068417787552,0.09100053459405899,-1,False,0.1,0.6850506459593184
25,9,GENE:G0009,G0009,1,GENE:G0001,G0001,PPI,0.04352528862012095,0.076585606,0.076585606,0.7913688840021991,0.121106975,0.04534844195084245,0.0131233682949879,0.04352528862012095,0.026413841642142083,0.04352528862012095,0.04352528862012095,0.076585606,-0.0014037585351616144,0.1372416913509369,0.13583794236183167,-1,False,0.1,0.6850506459593184
1632,120,GENE:G0120,G0120,196,GENE:G0196,G0196,PPI,0.04282297965915338,0.022954797,0.022954797,0.15860362836723474,0.0074084885,0.23400161580569728,0.037766318192299114,0.04282297965915338,0.09610421614237494,0.04282297965915338,0.04282297965915338,0.022954797,-0.07007353752851486,0.3082386255264282,0.23816505074501038,-1,False,0.1,0.6850506459593184
1363,175,GENE:G0175,G0175,77,GENE:G0077,G0077,PPI,0.04277350192413414,0.016607648,0.016607648,0.047003848268279275,0.0026493017,0.2124936169168414,0.03170582907246673,0.04277350192413414,0.11094581278145622,0.04277350192413414,0.04277350192413414,0.016607648,-0.04554695636034012,0.1505189687013626,0.10497203469276428,-1,False,0.1,0.6850506459593184
610,31,GENE:G0031,G0031,140,GENE:G0140,G0140,PPI,0.042392798240791646,0.018453395,0.018453395,0.042605827377680046,0.0019717086,0.2357133596559859,0.029135969430154098,0.042392798240791646,0.12405483436891764,0.042392798240791646,0.042392798240791646,0.018453395,-0.03837627172470093,0.966622531414032,0.9282463192939758,-1,False,0.1,0.6850506459593184
599,69,GENE:G0069,G0069,31,GENE:G0031,G0031,PPI,0.041705607476635514,0.06834578,0.06834578,0.5560747663551402,0.07567114,0.0443916052851519,0.015228734659606254,0.041705607476635514,0.025769718938894765,0.041705607476635514,0.041705607476635514,0.06834578,-0.007116948254406452,0.0861852765083313,0.07906832545995712,-1,False,0.1,0.6850506459593184
1584,111,GENE:G0111,G0111,195,GENE:G0195,G0195,PPI,0.04162314458493678,0.048653077,0.048653077,0.5549752611324904,0.053098623,0.25153222747259435,0.028434020885751005,0.04162314458493678,0.09277929172497981,0.04162314458493678,0.04162314458493678,0.048653077,0.08094235509634018,0.28853926062583923,0.36948162317276,1,False,0.1,0.6850506459593184
100,4,GENE:G0004,G0004,102,GENE:G0102,G0102,PPI,0.04134689389774601,0.022459058,0.022459058,0.059923034634414514,0.004613057,0.27937847443141484,0.028376578200948247,0.04134689389774601,0.12671008300475126,0.04134689389774601,0.04134689389774601,0.022459058,0.11552713066339493,0.28774601221084595,0.4032730758190155,1,False,0.1,0.6850506459593184
765,69,GENE:G0069,G0069,39,GENE:G0039,G0039,PPI,0.04089747113798791,0.017116766,0.017116766,0.31459593183067625,0.021317171,0.010548748455717728,0.030010539197957518,0.04089747113798791,0.023668218903538894,0.04089747113798791,0.04089747113798791,0.017116766,-0.0017044352134689689,0.16317689418792725,0.16147249937057495,-1,False,0.1,0.6850506459593184
10,0,GENE:G0000,G0000,75,GENE:G0075,G0075,PPI,0.03936778449697636,0.011316665,0.011316665,0.05964815832875206,0.00089348014,0.08839268099433119,0.03159100715645721,0.03936778449697636,0.054018036657127254,0.03936778449697636,0.03936778449697636,0.011316665,-0.015042904764413834,0.1657666712999344,0.15072375535964966,-1,False,0.1,0.6850506459593184
916,48,GENE:G0048,G0048,71,GENE:G0071,G0071,PPI,0.03918636613523914,0.009033053,0.009033053,0.03958218801539307,0.0013351226,0.042931420086264396,0.02656581188223514,0.03918636613523914,0.03742861490998341,0.03918636613523914,0.03918636613523914,0.009033053,0.01588342897593975,0.08425059169530869,0.10013400763273239,1,False,0.1,0.6850506459593184
1561,137,GENE:G0137,G0137,107,GENE:G0107,G0107,PPI,0.03846069268829027,0.01393932,0.01393932,0.058273776800439804,0.0011096671,0.10295461612713912,0.02790760313793425,0.03846069268829027,0.06225197657890483,0.03846069268829027,0.03846069268829027,0.01393932,-0.04142669215798378,0.2280818223953247,0.18665510416030884,-1,False,0.1,0.6850506459593184
858,44,GENE:G0044,G0044,95,GENE:G0095,G0095,PPI,0.038317757009345796,0.018058635,0.018058635,0.05634964266080264,0.0015952699,0.16899252367588397,0.029388378077329153,0.038317757009345796,0.09243667183414546,0.038317757009345796,0.038317757009345796,0.018058635,0.1384836733341217,0.1622687131166458,0.30075234174728394,1,False,0.1,0.6850506459593184
377,94,GENE:G0094,G0094,22,GENE:G0022,G0022,PPI,0.037788620120945575,0.013636601,0.013636601,0.03875755909840572,0.0011772849,0.13601855488380993,0.032360240952024714,0.037788620120945575,0.09071032354595385,0.037788620120945575,0.037788620120945575,0.013636601,-0.01588580571115017,0.18142831325531006,0.16554252803325653,-1,False,0.1,0.6850506459593184
157,193,GENE:G0193,G0193,8,GENE:G0008,G0008,PPI,0.03662589334799341,0.011512068,0.011512068,0.09043430456294668,0.0033991048,0.089075507157674,0.029345896994636814,0.03662589334799341,0.047874852408230806,0.03662589334799341,0.03662589334799341,0.011512068,0.13288165628910065,0.4892471432685852,0.6221287250518799,1,False,0.1,0.6850506459593184
128,6,GENE:G0006,G0006,73,GENE:G0073,G0073,PPI,0.036283672347443646,0.0064405645,0.0064405645,0.04123144584936778,-0.00010730047,0.011677066407982465,0.02046675147771994,0.036283672347443646,0.01640842507084284,0.036283672347443646,0.036283672347443646,0.0064405645,-0.011608029715716839,0.16975872218608856,0.15815068781375885,-1,False,0.1,0.6850506459593184
1047,135,GENE:G0135,G0135,53,GENE:G0053,G0053,PPI,0.03619296316657504,0.010620348,0.010620348,0.0365585486531061,0.00087178126,0.042937051544291664,0.027462746708048467,0.03619296316657504,0.04710508716933573,0.03619296316657504,0.03619296316657504,0.010620348,-0.016518063843250275,0.10492753982543945,0.08840948343276978,-1,False,0.1,0.6850506459593184
748,38,GENE:G0038,G0038,63,GENE:G0063,G0063,PPI,0.03616822429906542,0.030993987,0.030993987,0.14183617372182517,0.009089939,0.0857873537032554,0.030806542662315313,0.03616822429906542,0.06854224585185277,0.03616822429906542,0.03616822429906542,0.030993987,-0.004877196624875069,0.13281020522117615,0.12793299555778503,-1,False,0.1,0.6850506459593184
813,56,GENE:G0056,G0056,42,GENE:G0042,G0042,PPI,0.03616410115448048,0.01043379,0.01043379,0.04040681693238043,0.0014736084,0.05723032943468978,0.018132488752139506,0.03616410115448048,0.03506985843081881,0.03616410115448048,0.03616410115448048,0.01043379,0.03395935893058777,0.13310128450393677,0.16706062853336334,1,False,0.1,0.6850506459593184
595,67,GENE:G0067,G0067,31,GENE:G0031,G0031,PPI,0.0359538207806487,0.010955231,0.010955231,0.08988455195162176,0.003216343,0.043816697143508464,0.035728402754222295,0.0359538207806487,0.040791509354730096,0.0359538207806487,0.0359538207806487,0.010955231,-0.011273863725364208,0.08713586628437042,0.07586200535297394,-1,False,0.1,0.6850506459593184
1050,53,GENE:G0053,G0053,189,GENE:G0189,G0189,PPI,0.0357847718526663,0.0093041435,0.0093041435,0.07229246838922485,0.0026096804,0.03164276508334905,0.032567736950386124,0.0357847718526663,0.03374659860496658,0.0357847718526663,0.0357847718526663,0.0093041435,-0.010582277551293373,0.23564650118350983,0.225064218044281,-1,False,0.1,0.6850506459593184
429,46,GENE:G0046,G0046,25,GENE:G0025,G0025,PPI,0.035733919736118745,0.009358206,0.009358206,0.035733919736118745,0.0007968582,0.04349540380044491,0.022600115218355653,0.035733919736118745,0.03492316405510195,0.035733919736118745,0.035733919736118745,0.009358206,0.048387959599494934,0.11762529611587524,0.16601325571537018,1,False,0.1,0.6850506459593184
293,21,GENE:G0021,G0021,20,GENE:G0020,G0020,PPI,0.035452171522814734,0.042379435,0.042379435,0.10582737768004398,0.006455388,0.07508329023312142,0.020771571671688707,0.035452171522814734,0.06857571356962062,0.035452171522814734,0.035452171522814734,0.042379435,-0.002352571813389659,0.08580555766820908,0.0834529846906662,-1,False,0.1,0.6850506459593184
358,22,GENE:G0022,G0022,27,GENE:G0027,G0027,PPI,0.03539307311709731,0.060515475,0.060515475,0.06102253985706432,0.0046969764,0.28064521970167783,0.03253136725264572,0.03539307311709731,0.20647622519660752,0.03539307311709731,0.03539307311709731,0.060515475,-0.009725539945065975,0.1535201370716095,0.14379461109638214,-1,False,0.1,0.6850506459593184
668,34,GENE:G0034,G0034,73,GENE:G0073,G0073,PPI,0.03494227597581089,0.009766352,0.009766352,0.062396921385376586,0.0028302288,0.03980148159383843,0.03367121964654946,0.03494227597581089,0.03861019406037634,0.03494227597581089,0.03494227597581089,0.009766352,0.01241334155201912,0.15803822875022888,0.1704515963792801,1,False,0.1,0.6850506459593184
520,29,GENE:G0029,G0029,31,GENE:G0031,G0031,PPI,0.034887300714678396,0.056918312,0.056918312,0.18361737218251786,0.012370251,0.16230731099376386,0.024669046912643378,0.034887300714678396,0.07555833061530835,0.034887300714678396,0.034887300714678396,0.056918312,0.004713311791419983,0.08354973793029785,0.08826305717229843,1,False,0.1,0.6850506459593184
1029,64,GENE:G0064,G0064,53,GENE:G0053,G0053,PPI,0.034681143485431554,0.036137097,0.036137097,0.09373282023089609,0.0062189586,0.027471100032175618,0.020557212369478575,0.034681143485431554,0.057725435961631016,0.034681143485431554,0.034681143485431554,0.036137097,-0.009185327216982841,0.0935274064540863,0.0843421071767807,-1,False,0.1,0.6850506459593184
443,88,GENE:G0088,G0088,25,GENE:G0025,G0025,PPI,0.033949972512369433,0.008683197,0.008683197,0.03793293018141836,0.0010975217,0.028898453917348917,0.018989211209325653,0.033949972512369433,0.025185492632667585,0.033949972512369433,0.033949972512369433,0.008683197,-0.03730538487434387,0.1484236717224121,0.11111829429864883,-1,False,0.1,0.6850506459593184
1037,83,GENE:G0083,G0083,53,GENE:G0053,G0053,PPI,0.03348818031885652,0.011162514,0.011162514,0.0360087960417812,0.000827997,0.06893622425811716,0.028845270806309754,0.03348818031885652,0.05814572174748568,0.03348818031885652,0.03348818031885652,0.011162514,-0.028890931978821754,0.10152257233858109,0.07263163477182388,-1,False,0.1,0.6850506459593184
1544,104,GENE:G0104,G0104,192,GENE:G0192,G0192,PPI,0.03307311709730621,0.012468158,0.012468158,0.035184167124793844,0.000553634,0.11337012986276489,0.0218425395160154,0.03307311709730621,0.06370281502057724,0.03307311709730621,0.03307311709730621,0.012468158,-0.05946275591850281,0.2426745444536209,0.1832118034362793,-1,False,0.1,0.6850506459593184
440,25,GENE:G0025,G0025,79,GENE:G0079,G0079,PPI,0.03297691039032436,0.015332785,0.015332785,0.0354590434304563,0.0006238613,0.13955853246633113,0.02306610093770539,0.03297691039032436,0.08575429219826167,0.03297691039032436,0.03297691039032436,0.015332785,-0.02469707280397415,0.14080819487571716,0.1161111369729042,-1,False,0.1,0.6850506459593184
539,69,GENE:G0069,G0069,29,GENE:G0029,G0029,PPI,0.032803738317757014,0.03557632,0.03557632,0.09648158328752063,0.0053650476,0.12494731682521391,0.022503178835521723,0.032803738317757014,0.08237472726374695,0.032803738317757014,0.032803738317757014,0.03557632,-9.767524898052216e-05,0.09984233975410461,0.09974466264247894,-1,False,0.1,0.6850506459593184
884,45,GENE:G0045,G0045,150,GENE:G0150,G0150,PPI,0.03247388675096207,0.007330965,0.007330965,0.03628367234744365,0.00086915074,0.01823918812816284,0.01816359333065932,0.03247388675096207,0.018856154170007668,0.03247388675096207,0.03247388675096207,0.007330965,-0.032992903143167496,0.2837132513523102,0.2507203221321106,-1,False,0.1,0.6850506459593184
1270,69,GENE:G0069,G0069,142,GENE:G0142,G0142,PPI,0.032306212204507974,0.015318143,0.015318143,0.040131940626717974,0.001462929,0.18166893984783242,0.020527203213571897,0.032306212204507974,0.083337001517196,0.032306212204507974,0.032306212204507974,0.015318143,0.10410900413990021,0.3055260479450226,0.40963509678840637,1,False,0.1,0.6850506459593184
1542,104,GENE:G0104,G0104,111,GENE:G0111,G0111,PPI,0.03220175920835624,0.053300556,0.053300556,0.09070918086860913,0.007538758,0.7305156104292932,0.028083245967763595,0.03220175920835624,0.21472372954630364,0.03220175920835624,0.03220175920835624,0.053300556,-0.08805912733078003,0.430027574300766,0.3419684171676636,-1,False,0.1,0.6850506459593184
1750,149,GENE:G0149,G0149,184,GENE:G0184,G0184,PPI,0.03216052776250687,0.008043072,0.008043072,0.03216052776250687,7.427111e-05,0.0333727312516632,0.016865123039569507,0.03216052776250687,0.02438539836760336,0.03216052776250687,0.03216052776250687,0.008043072,0.04856492206454277,0.9878337979316711,1.0363986492156982,1,False,0.1,0.6850506459593184
1120,58,GENE:G0058,G0058,150,GENE:G0150,G0150,PPI,0.0320065970313359,0.054408878,0.054408878,0.04507971412864211,-0.0047774874,0.5087466938788132,0.02417340561409011,0.0320065970313359,0.23827524057156926,0.0320065970313359,0.0320065970313359,0.054408878,0.06309125572443008,0.2546423375606537,0.3177335560321808,1,False,0.1,0.6850506459593184
9,72,GENE:G0072,G0072,0,GENE:G0000,G0000,PPI,0.03154205607476636,0.011885157,0.011885157,0.03710830126443101,0.0009887023,0.06868059670314765,0.02150201123458437,0.03154205607476636,0.05003216783324837,0.03154205607476636,0.03154205607476636,0.011885157,0.0071214232593774796,0.17961236834526062,0.18673379719257355,1,False,0.1,0.6850506459593184
1290,71,GENE:G0071,G0071,96,GENE:G0096,G0096,PPI,0.031335898845519516,0.030510683,0.030510683,0.12534359538207807,0.0094032865,0.09513233706759198,0.028375863269589484,0.031335898845519516,0.07201346741500532,0.031335898845519516,0.031335898845519516,0.030510683,-0.0008999242563731968,0.15454615652561188,0.15364623069763184,-1,False,0.1,0.6850506459593184
886,45,GENE:G0045,G0045,192,GENE:G0192,G0192,PPI,0.031072017592083563,0.019683667,0.019683667,0.03958218801539307,-0.0018244684,0.18845945884396878,0.025890049267611716,0.031072017592083563,0.11300925647600522,0.031072017592083563,0.031072017592083563,0.019683667,-0.02034251019358635,0.21635502576828003,0.19601251184940338,-1,False,0.1,0.6850506459593184
1106,57,GENE:G0057,G0057,78,GENE:G0078,G0078,PPI,0.030093457943925237,0.02706671,0.02706671,0.08851017042330951,0.004992228,0.07303589860698026,0.02096402203908355,0.030093457943925237,0.05947770827856506,0.030093457943925237,0.030093457943925237,0.02706671,0.0038707819767296314,0.09704208374023438,0.10091287642717361,1,False,0.1,0.6850506459593184
1,7,GENE:G0007,G0007,0,GENE:G0000,G0000,PPI,0.029439252336448594,0.01157114,0.01157114,0.034634414513468936,0.00051233545,0.06096270932859423,0.01882325465387273,0.029439252336448594,0.043845881678923886,0.029439252336448594,0.029439252336448594,0.01157114,-0.02147773653268814,0.19372273981571198,0.17224498093128204,-1,False,0.1,0.6850506459593184
1448,85,GENE:G0085,G0085,87,GENE:G0087,G0087,PPI,0.02931280923584387,0.010809932,0.010809932,0.034084661902144035,0.00047169998,0.07639660657237596,0.028797001050991408,0.02931280923584387,0.05913245929403652,0.02931280923584387,0.02931280923584387,0.010809932,0.04837901517748833,0.12935027480125427,0.1777292639017105,1,False,0.1,0.6850506459593184
386,23,GENE:G0023,G0023,53,GENE:G0053,G0053,PPI,0.029253710830126442,0.016855936,0.016855936,0.05909840571742716,0.0017678309,0.06608107855746191,0.017883982196511338,0.029253710830126442,0.046609966846421644,0.029253710830126442,0.029253710830126442,0.016855936,0.012507965788245201,0.08296152949333191,0.09546950459480286,1,False,0.1,0.6850506459593184
1559,183,GENE:G0183,G0183,106,GENE:G0106,G0106,PPI,0.029018691588785044,0.010913308,0.010913308,0.04205607476635514,0.0018959893,0.0420388690204775,0.023822084340629837,0.029018691588785044,0.04059084530281653,0.029018691588785044,0.029018691588785044,0.010913308,-0.014413879252970219,0.6721987128257751,0.6577847003936768,-1,False,0.1,0.6850506459593184
786,40,GENE:G0040,G0040,81,GENE:G0081,G0081,PPI,0.02879604178119846,0.028352065,0.028352065,0.05332600329851567,0.0035946686,0.39993012967961666,0.022339713319058617,0.02879604178119846,0.14730447210924277,0.02879604178119846,0.02879604178119846,0.028352065,0.11525781452655792,0.1077050268650055,0.22296281158924103,1,False,0.1,0.6850506459593184
22,1,GENE:G0001,G0001,8,GENE:G0008,G0008,PPI,0.028380978559648155,0.016794484,0.016794484,0.04810335349092908,0.00040090643,0.17811268963966048,0.022014840145819777,0.028380978559648155,0.08390164942459638,0.028380978559648155,0.028380978559648155,0.016794484,-0.03329525142908096,0.4920656979084015,0.45877039432525635,-1,False,0.1,0.6850506459593184
929,194,GENE:G0194,G0194,48,GENE:G0048,G0048,PPI,0.028218801539307312,0.0150721,0.0150721,0.032435404068169325,8.2369894e-05,0.09524423830620084,0.006050746169678286,0.028218801539307312,0.03587801276316507,0.028218801539307312,0.028218801539307312,0.0150721,0.05275231972336769,0.14936169981956482,0.2021140307188034,1,False,0.1,0.6850506459593184
206,12,GENE:G0012,G0012,13,GENE:G0013,G0013,PPI,0.02801264431006047,0.044225525,0.044225525,0.0651456844420011,0.0017455295,0.6522474946130633,0.022197382264233064,0.02801264431006047,0.19691057160270678,0.02801264431006047,0.02801264431006047,0.044225525,0.08338179439306259,0.16740331053733826,0.25078511238098145,1,False,0.1,0.6850506459593184
1577,197,GENE:G0197,G0197,108,GENE:G0108,G0108,PPI,0.027149532710280377,0.005608142,0.005608142,0.03271028037383178,8.955272e-05,0.012887090070607485,0.025979459357318407,0.027149532710280377,0.019673838748458378,0.027149532710280377,0.027149532710280377,0.005608142,0.0011425786651670933,0.3732370436191559,0.37437957525253296,1,False,0.1,0.6850506459593184
783,68,GENE:G0068,G0068,40,GENE:G0040,G0040,PPI,0.027102803738317756,0.035748757,0.035748757,0.09345794392523364,0.0047163516,0.20536117134769483,0.024655898987426015,0.027102803738317756,0.09966029641284758,0.027102803738317756,0.027102803738317756,0.035748757,-0.006457464303821325,0.1759544014930725,0.16949693858623505,-1,False,0.1,0.6850506459593184
550,30,GENE:G0030,G0030,31,GENE:G0031,G0031,PPI,0.027053326003298517,0.023166684,0.023166684,0.1423859263331501,0.009716211,0.08126811763439518,0.01912959027058274,0.027053326003298517,0.04178996710401473,0.027053326003298517,0.027053326003298517,0.023166684,-0.0042457254603505135,0.08456125855445862,0.08031554520130157,-1,False,0.1,0.6850506459593184
90,4,GENE:G0004,G0004,14,GENE:G0014,G0014,PPI,0.026531061022539857,0.009767507,0.009767507,0.03490929081913139,0.0005212808,0.07853750364504743,0.02472406007281444,0.026531061022539857,0.047064159083696884,0.026531061022539857,0.026531061022539857,0.009767507,0.028814304620027542,0.38871124386787415,0.4175255298614502,1,False,0.1,0.6850506459593184
1248,68,GENE:G0068,G0068,94,GENE:G0094,G0094,PPI,0.026113249037932933,0.013075702,0.013075702,0.03435953820780649,0.00047710538,0.14939066920611338,0.02585426826747129,0.026113249037932933,0.08164141303486541,0.026113249037932933,0.026113249037932933,0.013075702,0.02815987542271614,0.12532620131969452,0.15348605811595917,1,False,0.1,0.6850506459593184
202,11,GENE:G0011,G0011,115,GENE:G0115,G0115,PPI,0.023840021990104453,0.053762708,0.053762708,0.09730621220450797,0.0060731173,0.5332668506107379,0.023348422347160235,0.023840021990104453,0.16268031323480353,0.023840021990104453,0.023840021990104453,0.053762708,0.08349429816007614,0.18322935700416565,0.2667236328125,1,False,0.1,0.6850506459593184
1246,68,GENE:G0068,G0068,82,GENE:G0082,G0082,PPI,0.02251236943375481,0.06361347,0.06361347,0.3001649257833975,0.030334748,0.043111637636038744,0.008220355041171542,0.02251236943375481,0.02059546404259255,0.02251236943375481,0.02251236943375481,0.06361347,0.007082988042384386,0.09967786073684692,0.10676083713769913,1,False,0.1,0.6850506459593184
1672,129,GENE:G0129,G0129,180,GENE:G0180,G0180,PPI,0.021863661352391425,0.022695925,0.022695925,0.022539857064321055,-0.0088735875,0.3382502037678807,0.015218994278178924,0.021863661352391425,0.15245988033231342,0.021863661352391425,0.021863661352391425,0.022695925,-0.09485024213790894,0.3435923755168915,0.24874214828014374,-1,False,0.1,0.6850506459593184
452,26,GENE:G0026,G0026,27,GENE:G0027,G0027,PPI,0.021750962067069817,0.027317092,0.027317092,0.022539857064321055,-0.006672619,0.4392872101589209,0.014519412442705312,0.021750962067069817,0.18298035573816676,0.021750962067069817,0.021750962067069817,0.027317092,0.08224664628505707,0.14292772114276886,0.2251744121313095,1,False,0.1,0.6850506459593184
537,66,GENE:G0066,G0066,29,GENE:G0029,G0029,PPI,0.02155030236393623,0.0080753695,0.0080753695,0.038482682792743264,0.0011278079,0.021904727057790865,0.01697605442559532,0.02155030236393623,0.020339514853120064,0.02155030236393623,0.02155030236393623,0.0080753695,0.01489968504756689,0.09974697232246399,0.11464665085077286,1,False,0.1,0.6850506459593184
1394,80,GENE:G0080,G0080,189,GENE:G0189,G0189,PPI,0.02118746564046179,0.013228177,0.013228177,0.022539857064321055,-0.004785558,0.1486022237265057,0.01905118001041744,0.02118746564046179,0.08434181050319592,0.02118746564046179,0.02118746564046179,0.013228177,0.059640273451805115,0.22396919131278992,0.2836094796657562,1,False,0.1,0.6850506459593184
584,31,GENE:G0031,G0031,38,GENE:G0038,G0038,PPI,0.020962067069818582,0.010069034,0.010069034,0.022539857064321055,-0.0025310125,0.06010184974827399,0.014662172689084046,0.020962067069818582,0.039315322185533214,0.020962067069818582,0.020962067069818582,0.010069034,-0.014124252833425999,0.15686626732349396,0.14274200797080994,-1,False,0.1,0.6850506459593184
775,90,GENE:G0090,G0090,39,GENE:G0039,G0039,PPI,0.02051126992853216,0.011402666,0.011402666,0.022539857064321055,-0.00095964223,0.053388949660456875,0.004300330649598106,0.02051126992853216,0.021965433374846,0.02051126992853216,0.02051126992853216,0.011402666,-0.04471370205283165,0.18733535706996918,0.14262166619300842,-1,False,0.1,0.6850506459593184
15,91,GENE:G0091,G0091,0,GENE:G0000,G0000,PPI,0.02051126992853216,0.014131691,0.014131691,0.022539857064321055,-0.002234066,0.11884355907684509,0.01651573324179477,0.02051126992853216,0.07625843565327294,0.02051126992853216,0.02051126992853216,0.014131691,-0.044633496552705765,0.19116230309009552,0.14652878046035767,-1,False,0.1,0.6850506459593184
456,26,GENE:G0026,G0026,33,GENE:G0033,G0033,PPI,0.02006047278724574,0.0062222006,0.0062222006,0.022539857064321055,-0.0008980194,0.017950232005983804,0.018959624217463826,0.02006047278724574,0.019309005474575636,0.02006047278724574,0.02006047278724574,0.0062222006,0.06535482406616211,0.19032564759254456,0.2556804418563843,1,False,0.1,0.6850506459593184
1520,99,GENE:G0099,G0099,105,GENE:G0105,G0105,PPI,0.019947773501924133,0.03537601,0.03537601,0.022539857064321055,-0.015710186,0.5118096663509902,0.013904552646470617,0.019947773501924133,0.21732148652428787,0.019947773501924133,0.019947773501924133,0.03537601,0.08034653961658478,0.2918224632740021,0.37216898798942566,1,False,0.1,0.6850506459593184
304,20,GENE:G0020,G0020,44,GENE:G0044,G0044,PPI,0.01991478834524464,0.048136882,0.048136882,0.2844969763606377,0.026357234,0.03859267912769867,0.011901362389537772,0.01991478834524464,0.02299639136976941,0.01991478834524464,0.01991478834524464,0.048136882,-0.0015684643294662237,0.1348579376935959,0.13328948616981506,-1,False,0.1,0.6850506459593184
611,140,GENE:G0140,G0140,31,GENE:G0031,G0031,PPI,0.019722374931280925,0.02144318,0.02144318,0.022539857064321055,-0.0011036396,0.2797155030202629,0.018561199361517997,0.019722374931280925,0.15230495501997482,0.019722374931280925,0.019722374931280925,0.02144318,0.02938476763665676,0.10217897593975067,0.13156375288963318,1,False,0.1,0.6850506459593184
65,130,GENE:G0130,G0130,2,GENE:G0002,G0002,PPI,0.01965365585486531,0.0146680465,0.0146680465,0.03930731170973062,0.0012827804,0.14923311128354314,0.018119775390226536,0.01965365585486531,0.06689008088238173,0.01965365585486531,0.01965365585486531,0.0146680465,-0.02972462587058544,0.17529329657554626,0.1455686390399933,-1,False,0.1,0.6850506459593184
729,88,GENE:G0088,G0088,37,GENE:G0037,G0037,PPI,0.019609675645959317,0.022844406,0.022844406,0.022539857064321055,-0.008360729,0.168063883796005,0.004204755812827283,0.019609675645959317,0.05832152735510092,0.019609675645959317,0.019609675645959317,0.022844406,-0.05288342386484146,0.26320022344589233,0.21031679213047028,-1,False,0.1,0.6850506459593184
446,25,GENE:G0025,G0025,97,GENE:G0097,G0097,PPI,0.01904617921935129,0.0144509785,0.0144509785,0.022539857064321055,-0.0016388465,0.18197067832018887,0.015847379025472563,0.01904617921935129,0.08658644793744913,0.01904617921935129,0.01904617921935129,0.0144509785,-0.022851835936307907,0.13942791521549225,0.11657609045505524,-1,False,0.1,0.6850506459593184
704,36,GENE:G0036,G0036,54,GENE:G0054,G0054,PPI,0.018708081363386475,0.016535046,0.016535046,0.022539857064321055,-0.007189718,0.13364237357843647,0.01577306923614639,0.018708081363386475,0.08883031114770094,0.018708081363386475,0.018708081363386475,0.016535046,-0.023102110251784325,0.19116802513599396,0.1680659055709839,-1,False,0.1,0.6850506459593184
265,194,GENE:G0194,G0194,17,GENE:G0017,G0017,PPI,0.018708081363386475,0.0062149786,0.0062149786,0.022539857064321055,-0.0011871569,0.015881575580713552,0.01842417898583619,0.018708081363386475,0.018204100555119857,0.018708081363386475,0.018708081363386475,0.0062149786,0.04718131944537163,0.24570339918136597,0.2928847074508667,1,False,0.1,0.6850506459593184
1341,167,GENE:G0167,G0167,74,GENE:G0074,G0074,PPI,0.018482682792743264,0.011351726,0.011351726,0.022539857064321055,-0.0010327995,0.07796921835796472,0.01513698667412014,0.018482682792743264,0.04953865968135147,0.018482682792743264,0.018482682792743264,0.011351726,0.04068548232316971,0.12682487070560455,0.16751037538051605,1,False,0.1,0.6850506459593184
1005,69,GENE:G0069,G0069,52,GENE:G0052,G0052,PPI,0.01836998350742166,0.040010232,0.040010232,0.022539857064321055,-0.0029752478,0.15692700033535426,0.008139354299021214,0.01836998350742166,0.11864352082555658,0.01836998350742166,0.01836998350742166,0.040010232,-0.008940187282860279,0.11759636551141739,0.10865619778633118,-1,False,0.1,0.6850506459593184
807,151,GENE:G0151,G0151,41,GENE:G0041,G0041,PPI,0.018257284222100056,0.02176655,0.02176655,0.022539857064321055,-0.006299859,0.13210277282409555,0.017032885445746344,0.018257284222100056,0.12467668159885964,0.018257284222100056,0.018257284222100056,0.02176655,0.029805101454257965,0.1340664029121399,0.16387149691581726,1,False,0.1,0.6850506459593184
536,29,GENE:G0029,G0029,66,GENE:G0066,G0066,PPI,0.018257284222100056,0.011840326,0.011840326,0.022539857064321055,-0.000907531,0.06510429109920296,0.01531549701272626,0.018257284222100056,0.05099975222804913,0.018257284222100056,0.018257284222100056,0.011840326,0.03209315612912178,0.10467945039272308,0.13677261769771576,1,False,0.1,0.6850506459593184
682,35,GENE:G0035,G0035,40,GENE:G0040,G0040,PPI,0.018144584936778452,0.005076955,0.005076955,0.022539857064321055,-0.0028390014,0.010571129479400445,0.017630145397428763,0.018144584936778452,0.014153277652664983,0.018144584936778452,0.018144584936778452,0.005076955,-0.005674568470567465,0.1787705421447754,0.17309598624706268,-1,False,0.1,0.6850506459593184
1107,78,GENE:G0078,G0078,57,GENE:G0057,G0057,PPI,0.01791918636613524,0.020420618,0.020420618,0.022539857064321055,-0.001765985,0.21775825152500106,0.01699369200827641,0.01791918636613524,0.1282685420535436,0.01791918636613524,0.01791918636613524,0.020420618,-0.024466529488563538,0.12775029242038727,0.10328377783298492,-1,False,0.1,0.6850506459593184
1691,199,GENE:G0199,G0199,133,GENE:G0133,G0133,PPI,0.017468389224848817,0.050258726,0.050258726,0.022539857064321055,-0.0122555345,0.6533231684859012,0.011822686821385677,0.017468389224848817,0.24691284228366056,0.017468389224848817,0.017468389224848817,0.050258726,0.045161277055740356,0.49818313121795654,0.5433444380760193,1,False,0.1,0.6850506459593184
1576,108,GENE:G0108,G0108,197,GENE:G0197,G0197,PPI,0.017468389224848817,0.02462909,0.02462909,0.022539857064321055,-0.0016419608,0.2193399107798462,0.012470979252947512,0.017468389224848817,0.11939712741230406,0.017468389224848817,0.017468389224848817,0.02462909,-0.03821606561541557,0.2951367497444153,0.2569206953048706,-1,False,0.1,0.6850506459593184
517,94,GENE:G0094,G0094,28,GENE:G0028,G0028,PPI,0.01743402968664101,0.012727098,0.012727098,0.05909840571742716,0.0020010779,0.07550941673458603,0.014709449532163459,0.01743402968664101,0.03507657874123933,0.01743402968664101,0.01743402968664101,0.012727098,-0.017393501475453377,0.1519116461277008,0.13451814651489258,-1,False,0.1,0.6850506459593184
419,89,GENE:G0089,G0089,24,GENE:G0024,G0024,PPI,0.017130291368884002,0.012316311,0.012316311,0.022539857064321055,-3.6254525e-05,0.12436878269280259,0.016615406646580906,0.017130291368884002,0.06706548254263109,0.017130291368884002,0.017130291368884002,0.012316311,0.01580573059618473,0.1897253394126892,0.2055310755968094,1,False,0.1,0.6850506459593184
371,67,GENE:G0067,G0067,22,GENE:G0022,G0022,PPI,0.017130291368884002,0.00914994,0.00914994,0.022539857064321055,-0.0008895686,0.060459902670560874,0.0144395890599214,0.017130291368884002,0.0338543200406236,0.017130291368884002,0.017130291368884002,0.00914994,-0.019877661019563675,0.18509216606616974,0.16521447896957397,-1,False,0.1,0.6850506459593184
1074,55,GENE:G0055,G0055,109,GENE:G0109,G0109,PPI,0.016792193512919187,0.044486508,0.044486508,0.022539857064321055,-0.011259276,0.6207404385913426,0.012757439628639266,0.016792193512919187,0.2385192549417042,0.016792193512919187,0.016792193512919187,0.044486508,0.0669487789273262,0.24589145183563232,0.31284019351005554,1,False,0.1,0.6850506459593184
622,32,GENE:G0032,G0032,68,GENE:G0068,G0068,PPI,0.016341396371632764,0.03531559,0.03531559,0.022539857064321055,-0.0022932217,0.10457123815810179,0.009691483287105456,0.016341396371632764,0.10780118816067351,0.016341396371632764,0.016341396371632764,0.03531559,-0.0018423434812575579,0.1136503592133522,0.11180801689624786,-1,False,0.1,0.6850506459593184
1109,85,GENE:G0085,G0085,57,GENE:G0057,G0057,PPI,0.016341396371632764,0.036653727,0.036653727,0.022539857064321055,-0.0073139034,0.1354885659892169,0.007795825924424097,0.016341396371632764,0.09859700822518504,0.016341396371632764,0.016341396371632764,0.036653727,0.01065892819315195,0.11375346034765244,0.12441238760948181,1,False,0.1,0.6850506459593184
1420,82,GENE:G0082,G0082,103,GENE:G0103,G0103,PPI,0.016115997800989552,0.013351878,0.013351878,0.022539857064321055,-0.0015260018,0.10861535599844917,0.01463963282535112,0.016115997800989552,0.06440927646009488,0.016115997800989552,0.016115997800989552,0.013351878,-0.005504043307155371,0.26767995953559875,0.26217591762542725,-1,False,0.1,0.6850506459593184
411,55,GENE:G0055,G0055,24,GENE:G0024,G0024,PPI,0.016115997800989552,0.012951436,0.012951436,0.022539857064321055,-0.0004243385,0.06966283030499297,0.012996627000906655,0.016115997800989552,0.05180548377083253,0.016115997800989552,0.016115997800989552,0.012951436,-0.015541956759989262,0.20667928457260132,0.19113735854625702,-1,False,0.1,0.6850506459593184
239,198,GENE:G0198,G0198,15,GENE:G0015,G0015,PPI,0.015665200659703133,0.046783708,0.046783708,0.022539857064321055,-0.0011576824,0.6066183056016855,0.009300934846542902,0.015665200659703133,0.20475663170648897,0.015665200659703133,0.015665200659703133,0.046783708,-0.04723748192191124,0.5281959176063538,0.4809584319591522,-1,False,0.1,0.6850506459593184
582,30,GENE:G0030,G0030,199,GENE:G0199,G0199,PPI,0.015515393073117098,0.07506055,0.07506055,0.043705332600329855,-0.0050863475,0.8189575057015851,0.014498712996417489,0.015515393073117098,0.2335987086958074,0.015515393073117098,0.015515393073117098,0.07506055,0.050690338015556335,0.4723440110683441,0.5230343341827393,1,False,0.1,0.6850506459593184
1655,131,GENE:G0131,G0131,126,GENE:G0126,G0126,PPI,0.01532710280373832,0.042934727,0.042934727,0.022539857064321055,-0.008173693,0.26675127545374594,0.012810097015364392,0.01532710280373832,0.1868430129557664,0.01532710280373832,0.01532710280373832,0.042934727,0.11964592337608337,0.4947556257247925,0.6144015789031982,1,False,0.1,0.6850506459593184
810,41,GENE:G0041,G0041,194,GENE:G0194,G0194,PPI,0.01532710280373832,0.051595554,0.051595554,0.022539857064321055,-0.019529693,0.21936678819468416,0.004552827954621717,0.01532710280373832,0.08812693294547187,0.01532710280373832,0.01532710280373832,0.051595554,-0.1429639309644699,0.5806768536567688,0.43771278858184814,-1,False,0.1,0.6850506459593184
1116,58,GENE:G0058,G0058,61,GENE:G0061,G0061,PPI,0.01532710280373832,0.039471593,0.039471593,0.022539857064321055,-0.0048881434,0.13911323143064921,0.001314288222587451,0.01532710280373832,0.039024397857065816,0.01532710280373832,0.01532710280373832,0.039471593,0.13379578292369843,0.16134867072105408,0.2951444387435913,1,False,0.1,0.6850506459593184
862,44,GENE:G0044,G0044,167,GENE:G0167,G0167,PPI,0.01532710280373832,0.030358694,0.030358694,0.022539857064321055,-0.0042215846,0.305906231702921,0.01175535123093166,0.01532710280373832,0.1455482069955738,0.01532710280373832,0.01532710280373832,0.030358694,0.10659153014421463,0.46750032901763916,0.574091911315918,1,False,0.1,0.6850506459593184
1781,180,GENE:G0180,G0180,158,GENE:G0158,G0158,PPI,0.01532710280373832,0.032195996,0.032195996,0.022539857064321055,-0.005102435,0.5289979460169825,0.011074389408643609,0.01532710280373832,0.1819613706973994,0.01532710280373832,0.01532710280373832,0.032195996,0.16136223077774048,0.360853374004364,0.5222156047821045,1,False,0.1,0.6850506459593184
1631,150,GENE:G0150,G0150,120,GENE:G0120,G0120,PPI,0.01532710280373832,0.056286033,0.056286033,0.022539857064321055,-0.017987054,0.7308897729820848,0.010348715813374577,0.01532710280373832,0.24518843340781538,0.01532710280373832,0.01532710280373832,0.056286033,0.1376524716615677,0.6370237469673157,0.7746763825416565,1,False,0.1,0.6850506459593184
475,54,GENE:G0054,G0054,27,GENE:G0027,G0027,PPI,0.015101704233095108,0.0,0.0,0.022539857064321055,0.0,0.00010783422345207824,0.00677884093364184,0.015101704233095108,0.002917784895796737,0.015101704233095108,0.015101704233095108,0.0,-0.01425124891102314,0.16189123690128326,0.14763998985290527,-1,False,0.1,0.6850506459593184
587,58,GENE:G0058,G0058,31,GENE:G0031,G0031,PPI,0.014876305662451897,0.0141291525,0.0141291525,0.022539857064321055,-0.00033208355,0.125597465050908,0.01370304673548977,0.014876305662451897,0.06818919565878624,0.014876305662451897,0.014876305662451897,0.0141291525,0.03579924628138542,0.0789036825299263,0.11470293253660202,1,False,0.1,0.6850506459593184
852,44,GENE:G0044,G0044,52,GENE:G0052,G0052,PPI,0.014876305662451897,0.010979295,0.010979295,0.022539857064321055,-0.000911098,0.07666730591988243,0.009602614013961216,0.014876305662451897,0.03513548932512527,0.014876305662451897,0.014876305662451897,0.010979295,0.034296322613954544,0.11158818006515503,0.14588449895381927,1,False,0.1,0.6850506459593184
406,24,GENE:G0024,G0024,44,GENE:G0044,G0044,PPI,0.014650907091808687,0.108023055,0.108023055,0.022539857064321055,-0.0055909604,0.43385647826645646,0.010199129658421098,0.014650907091808687,0.222244283093835,0.014650907091808687,0.014650907091808687,0.108023055,-0.009526334702968597,0.1436934620141983,0.13416710495948792,-1,False,0.1,0.6850506459593184
1740,147,GENE:G0147,G0147,171,GENE:G0171,G0171,PPI,0.014425508521165475,0.061320633,0.061320633,0.022539857064321055,-0.013925739,0.7013192364329474,0.010743735828484494,0.014425508521165475,0.25206100176731555,0.014425508521165475,0.014425508521165475,0.061320633,-0.0855453759431839,0.5537443161010742,0.4681989550590515,-1,False,0.1,0.6850506459593184
1036,53,GENE:G0053,G0053,83,GENE:G0083,G0083,PPI,0.01366135239142386,0.043375883,0.043375883,0.2732270478284772,0.027227312,0.019001308116766598,0.010582038059731095,0.01366135239142386,0.01683232054503973,0.01366135239142386,0.01366135239142386,0.043375883,-0.0018419447587803006,0.10234741121530533,0.10050547868013382,-1,False,0.1,0.6850506459593184
1034,53,GENE:G0053,G0053,77,GENE:G0077,G0077,PPI,0.013636613523914239,0.033153515,0.033153515,0.022539857064321055,-0.008718777,0.3165693059380027,0.013466503577601147,0.013636613523914239,0.1700314367807936,0.013636613523914239,0.013636613523914239,0.033153515,-0.00852271355688572,0.11204657703638077,0.1035238727927208,-1,False,0.1,0.6850506459593184
140,7,GENE:G0007,G0007,74,GENE:G0074,G0074,PPI,0.01354590434304563,0.021743678,0.021743678,0.2462891698735569,0.018147517,0.018767854869674784,0.0040842438319934555,0.01354590434304563,0.009636120154261957,0.01354590434304563,0.01354590434304563,0.021743678,-0.0045250034891068935,0.136287659406662,0.13176265358924866,-1,False,0.1,0.6850506459593184
370,22,GENE:G0022,G0022,67,GENE:G0067,G0067,PPI,0.01307311709730621,0.036942612,0.036942612,0.022539857064321055,-0.006055817,0.24814537200588468,0.009402119826269187,0.01307311709730621,0.13163999880243488,0.01307311709730621,0.01307311709730621,0.036942612,-0.004211281426250935,0.140575110912323,0.13636383414268494,-1,False,0.1,0.6850506459593184
547,94,GENE:G0094,G0094,29,GENE:G0029,G0029,PPI,0.012678669598680593,0.04856494,0.04856494,0.8452446399120396,0.09712975,0.005088525434706931,0.010352090378035007,0.012678669598680593,0.008571150411976114,0.012678669598680593,0.012678669598680593,0.04856494,-0.00669919652864337,0.09927521646022797,0.0925760269165039,-1,False,0.1,0.6850506459593184
1444,84,GENE:G0084,G0084,136,GENE:G0136,G0136,PPI,0.012284222100054976,0.05557121,0.05557121,0.022539857064321055,-0.011669915,0.49024403060208,0.010589535738834506,0.012284222100054976,0.20962517542043307,0.012284222100054976,0.012284222100054976,0.05557121,0.0766080692410469,0.9670425653457642,1.0436506271362305,1,False,0.1,0.6850506459593184
806,41,GENE:G0041,G0041,151,GENE:G0151,G0151,PPI,0.011833424958768555,0.05770333,0.05770333,0.022539857064321055,-0.027522743,0.5848976248330205,0.009093093489958402,0.011833424958768555,0.21035632431298382,0.011833424958768555,0.011833424958768555,0.05770333,-0.07892090082168579,0.29146918654441833,0.21254825592041016,-1,False,0.1,0.6850506459593184
617,51,GENE:G0051,G0051,32,GENE:G0032,G0032,PPI,0.011557861462341945,0.02559898,0.02559898,0.03326003298515668,0.00024506636,0.10614869151022915,0.004159166792326486,0.011557861462341945,0.03756255877211386,0.011557861462341945,0.011557861462341945,0.02559898,-0.00957330223172903,0.10009361058473587,0.09052030742168427,-1,False,0.1,0.6850506459593184
192,11,GENE:G0011,G0011,14,GENE:G0014,G0014,PPI,0.011269928532160528,0.05058971,0.05058971,0.022539857064321055,-0.028457873,0.7146148737470784,0.009496210574497819,0.011269928532160528,0.2232374477636041,0.011269928532160528,0.011269928532160528,0.05058971,0.08668503165245056,0.35769185423851013,0.4443768262863159,1,False,0.1,0.6850506459593184
752,38,GENE:G0038,G0038,88,GENE:G0088,G0088,PPI,0.011044529961517316,0.0461718,0.0461718,0.022539857064321055,-0.0066648275,0.24113899281585316,0.00864191170994957,0.011044529961517316,0.13618860373429467,0.011044529961517316,0.011044529961517316,0.0461718,-0.009004393592476845,0.18504780530929565,0.17604342103004456,-1,False,0.1,0.6850506459593184
211,42,GENE:G0042,G0042,12,GENE:G0012,G0012,PPI,0.010593732820230895,0.057497997,0.057497997,0.022539857064321055,-0.00093915313,0.3585094480888063,0.008672720762071585,0.010593732820230895,0.1697373336954868,0.010593732820230895,0.010593732820230895,0.057497997,-0.09290851652622223,0.44348129630088806,0.3505728244781494,-1,False,0.1,0.6850506459593184
1667,176,GENE:G0176,G0176,128,GENE:G0128,G0128,PPI,0.010368334249587685,0.04395837,0.04395837,0.022539857064321055,-0.010889091,0.46642801899958347,0.009728762133603044,0.010368334249587685,0.17860093245096448,0.010368334249587685,0.010368334249587685,0.04395837,0.07557696104049683,0.377287358045578,0.4528643786907196,1,False,0.1,0.6850506459593184
1086,56,GENE:G0056,G0056,67,GENE:G0067,G0067,PPI,0.009917537108301264,0.096294954,0.096294954,0.022539857064321055,-0.033277616,0.261638409888353,0.009514917071879304,0.009917537108301264,0.19632787326083995,0.009917537108301264,0.009917537108301264,0.096294954,0.0706876739859581,0.12671513855457306,0.19740281999111176,1,False,0.1,0.6850506459593184
1802,175,GENE:G0175,G0175,185,GENE:G0185,G0185,PPI,0.009692138537658053,0.05553225,0.05553225,0.022539857064321055,-0.019227594,0.5338664261126276,0.005628198246910771,0.009692138537658053,0.152566540605784,0.009692138537658053,0.009692138537658053,0.05553225,-0.12328705191612244,0.5550599098205566,0.4317728281021118,-1,False,0.1,0.6850506459593184
168,9,GENE:G0009,G0009,102,GENE:G0102,G0102,PPI,0.009692138537658053,0.06353035,0.06353035,0.022539857064321055,-0.005486008,0.37442631311506663,0.00829546360640677,0.009692138537658053,0.17238289632986925,0.009692138537658053,0.009692138537658053,0.06353035,0.07704287022352219,0.2962856590747833,0.3733285069465637,1,False,0.1,0.6850506459593184
129,73,GENE:G0073,G0073,6,GENE:G0006,G0006,PPI,0.009692138537658053,0.04410838,0.04410838,0.022539857064321055,-0.021910392,0.4005071747777335,0.006094103784699579,0.009692138537658053,0.12833473141711751,0.009692138537658053,0.009692138537658053,0.04410838,-0.08122097700834274,0.32107746601104736,0.23985643684864044,-1,False,0.1,0.6850506459593184
1671,177,GENE:G0177,G0177,129,GENE:G0129,G0129,PPI,0.009692138537658053,0.03782943,0.03782943,0.022539857064321055,-0.020600855,0.3608786935895384,0.009289320202691478,0.009692138537658053,0.15197537944529188,0.009692138537658053,0.009692138537658053,0.03782943,-0.0798950046300888,0.43794235587120056,0.35804739594459534,-1,False,0.1,0.6850506459593184
1799,197,GENE:G0197,G0197,171,GENE:G0171,G0171,PPI,0.009692138537658053,0.07528542,0.07528542,0.022539857064321055,-0.046569582,0.3944125825313438,0.00829546360640677,0.009692138537658053,0.18133638009716685,0.009692138537658053,0.009692138537658053,0.07528542,0.07740603387355804,0.4653966426849365,0.542802631855011,1,False,0.1,0.6850506459593184
335,197,GENE:G0197,G0197,20,GENE:G0020,G0020,PPI,0.009579439252336449,0.007282183,0.007282183,0.022539857064321055,-0.0012881332,0.017368118048409195,0.008662096688887944,0.009579439252336449,0.012697723126008384,0.009579439252336449,0.009579439252336449,0.007282183,-0.008228897117078304,0.08976945281028748,0.0815405547618866,-1,False,0.1,0.6850506459593184
683,40,GENE:G0040,G0040,35,GENE:G0035,G0035,PPI,0.007325453545904343,0.062126428,0.062126428,0.022539857064321055,-0.01384769,0.7615427968540893,0.007154407698430556,0.007325453545904343,0.20993639368325082,0.007325453545904343,0.007325453545904343,0.062126428,0.10982777923345566,0.16665896773338318,0.27648669481277466,1,False,0.1,0.6850506459593184
900,47,GENE:G0047,G0047,50,GENE:G0050,G0050,PPI,0.007100054975261133,0.09813088,0.09813088,0.022539857064321055,-0.047254987,0.23687744743130626,0.005060185360892741,0.007100054975261133,0.11361424222438049,0.007100054975261133,0.007100054975261133,0.09813088,0.00927639938890934,0.139127716422081,0.1484040915966034,1,False,0.1,0.6850506459593184
350,21,GENE:G0021,G0021,93,GENE:G0093,G0093,PPI,0.007100054975261133,0.058725566,0.058725566,0.022539857064321055,-0.012473047,0.2420993656300952,0.0023666849917537112,0.007100054975261133,0.08556194390844657,0.007100054975261133,0.007100054975261133,0.058725566,0.09849701821804047,0.2613471746444702,0.3598442077636719,1,False,0.1,0.6850506459593184
654,33,GENE:G0033,G0033,192,GENE:G0192,G0192,PPI,0.006987355689939527,0.08509269,0.08509269,0.022539857064321055,-0.04004229,0.4029470810456421,0.0025099322581201857,0.006987355689939527,0.09853090997143123,0.006987355689939527,0.006987355689939527,0.08509269,0.05764427036046982,0.2093784213066101,0.26702266931533813,1,False,0.1,0.6850506459593184
336,21,GENE:G0021,G0021,30,GENE:G0030,G0030,PPI,0.0064238592633315,0.0,0.0,0.022539857064321055,0.0,0.0001341131608077839,0.005643973007669109,0.0064238592633315,0.0026281736551692914,0.0064238592633315,0.0064238592633315,0.0,-0.0014862286625429988,0.09454023092985153,0.09305399656295776,-1,False,0.1,0.6850506459593184
689,80,GENE:G0080,G0080,35,GENE:G0035,G0035,PPI,0.005409565695437053,0.05166944,0.05166944,0.022539857064321055,-0.024306651,0.08577367865858872,0.002589632419000101,0.005409565695437053,0.044181655538794405,0.005409565695437053,0.005409565695437053,0.05166944,0.01171287801116705,0.17344214022159576,0.185154989361763,1,False,0.1,0.6850506459593184
976,51,GENE:G0051,G0051,57,GENE:G0057,G0057,PPI,0.005184167124793843,0.059439853,0.059439853,0.022539857064321055,-0.023421183,0.11361898775262787,0.0033317843071076075,0.005184167124793843,0.06222892273925668,0.005184167124793843,0.005184167124793843,0.059439853,-0.0020606524776667356,0.11546420305967331,0.1134035512804985,-1,False,0.1,0.6850506459593184
410,24,GENE:G0024,G0024,55,GENE:G0055,G0055,PPI,0.004395272127542606,0.0,0.0,0.022539857064321055,0.0,0.00017734315421335817,0.004281089700066662,0.004395272127542606,0.002314853472243147,0.004395272127542606,0.004395272127542606,0.0,-0.0006457304698415101,0.1632947474718094,0.1626490354537964,-1,False,0.1,0.6850506459593184
608,31,GENE:G0031,G0031,91,GENE:G0091,G0091,PPI,0.0042825728422210005,0.027535483,0.027535483,0.022539857064321055,-0.0015311036,0.11193027632713537,0.0019649791829045365,0.0042825728422210005,0.03464245876943722,0.0042825728422210005,0.0042825728422210005,0.027535483,-0.0012809662148356438,0.1380922943353653,0.13681131601333618,-1,False,0.1,0.6850506459593184
56,2,GENE:G0002,G0002,53,GENE:G0053,G0053,PPI,0.0037273227047828475,0.021817992,0.021817992,0.2484881803188565,0.017003808,0.0025539810623395366,0.0030433462444694787,0.0037273227047828475,0.0033393310405345194,0.0037273227047828475,0.0037273227047828475,0.021817992,-0.00044887096737511456,0.08620722591876984,0.08575835078954697,-1,False,0.1,0.6850506459593184
817,66,GENE:G0066,G0066,42,GENE:G0042,G0042,PPI,0.002366684991753711,0.0,0.0,0.022539857064321055,0.0,0.000132967417509047,0.0015493590172610454,0.002366684991753711,0.0011276390567660866,0.002366684991753711,0.002366684991753711,0.0,-0.001310648862272501,0.14326952397823334,0.14195889234542847,-1,False,0.1,0.6850506459593184
