,G0000,G0001,G0002,G0003,G0004,G0005,G0006,G0007,G0008,G0009,G0010,G0011,G0012,G0013,G0014,G0015,G0016,G0017,G0018,G0019,G0020,G0021,G0022,G0023,G0024,G0025,G0026,G0027,G0028,G0029,G0030,G0031,G0032,G0033,G0034,G0035,G0036,G0037,G0038,G0039,G0040,G0041,G0042,G0043,G0044,G0045,G0046,G0047,G0048,G0049,G0050,G0051,G0052,G0053,G0054,G0055,G0056,G0057,G0058,G0059,G0060,G0061,G0062,G0063,G0064,G0065,G0066,G0067,G0068,G0069,G0070,G0071,G0072,G0073,G0074,G0075,G0076,G0077,G0078,G0079,G0080,G0081,G0082,G0083,G0084,G0085,G0086,G0087,G0088,G0089,G0090,G0091,G0092,G0093,G0094,G0095,G0096,G0097,G0098,G0099,G0100,G0101,G0102,G0103,G0104,G0105,G0106,G0107,G0108,G0109,G0110,G0111,G0112,G0113,G0114,G0115,G0116,G0117,G0118,G0119,G0120,G0121,G0122,G0123,G0124,G0125,G0126,G0127,G0128,G0129,G0130,G0131,G0132,G0133,G0134,G0135,G0136,G0137,G0138,G0139,G0140,G0141,G0142,G0143,G0144,G0145,G0146,G0147,G0148,G0149,G0150,G0151,G0152,G0153,G0154,G0155,G0156,G0157,G0158,G0159,G0160,G0161,G0162,G0163,G0164,G0165,G0166,G0167,G0168,G0169,G0170,G0171,G0172,G0173,G0174,G0175,G0176,G0177,G0178,G0179,G0180,G0181,G0182,G0183,G0184,G0185,G0186,G0187,G0188,G0189,G0190,G0191,G0192,G0193,G0194,G0195,G0196,G0197,G0198,G0199
SIM-0000-NT,0.03666109,-0.1224283,-0.008830311,0.10507427,-0.14680518,0.22035258,0.14561889,-0.044989653,-0.20660783,-0.02266522,0.5276676,-0.18935718,0.38269517,-0.4387954,-0.21519655,-0.13565743,0.23727219,0.013839289,0.32751787,-0.08316056,-0.013464944,-0.08217034,0.5066003,-0.28006035,-0.12704924,-0.24449058,0.14332812,-0.28525245,0.4555366,0.020169972,0.10309502,0.11577562,-0.0050148126,0.030416092,0.021182818,0.12981078,-0.20559226,-0.2480195,0.20524202,-0.0004794475,-0.5016131,-0.11879752,0.3824936,-0.04009428,-0.13274783,-0.37369847,-0.14195776,-0.29093838,0.107301146,0.012323185,-0.09086573,-0.19055445,0.38161013,-0.17632914,-0.17539968,-0.06074201,-0.025779726,0.12051158,0.2326112,0.2138933,0.6074736,-0.4232185,0.05771283,-0.13012671,0.50244,0.04390087,-0.50741804,0.10855345,0.06670811,0.18943645,-0.1808827,0.08195682,-0.067621596,-0.16784047,0.08568096,0.038196173,0.2625133,0.0067472383,0.15097564,-0.3018584,0.3486293,-0.19430017,0.22573262,0.065779686,0.034080934,0.19008635,-0.53499544,-0.14338107,0.1865324,0.4805233,-0.0060895546,-0.6094073,-0.07930475,-0.015037464,0.27736485,0.012085758,-0.3191813,0.24087414,0.1420792,-0.17477342,0.17996815,-0.13665359,-0.074552014,-0.13242209,-0.077485286,0.22669007,-0.44644636,0.27603233,0.044081215,-0.097521335,0.0051907715,-0.22724399,-0.40793088,-0.22019456,-0.47387233,-0.33816054,-0.4056879,0.3059547,-0.3210528,-0.010311589,0.27918416,0.21252221,-0.073784016,-0.07264407,0.045037687,0.52805704,0.103261806,0.16705498,0.5665992,0.06945659,0.28696474,0.11943132,0.11578939,-0.24083473,-0.282288,-0.12807912,0.22048381,0.20861654,0.33329657,-0.0027759213,0.13443547,0.1354989,-0.026873553,-0.080383666,-0.37124956,-0.03813364,-0.026000129,0.28359684,0.30824795,0.036428332,0.5158458,0.047496747,0.2582301,-0.025018532,-0.2850377,-0.106304824,0.36851275,-0.066050515,-0.11662454,-0.0010164666,-0.097374275,0.29843977,0.47136366,0.0014837239,0.13511392,0.24296878,0.02713704,-0.21947803,-0.10236065,0.10300574,0.098453045,-0.44804713,-0.10915525,-0.18425177,0.22057295,-0.17456023,-0.115286656,-0.124022864,0.19783293,0.24221109,0.12339339,0.27660236,0.3088538,-0.45257717,0.14797784,-0.09244967,-0.3141871,-0.07993362,0.18271518,0.36381182,-0.33627495,0.15460394,0.49140725,0.45768842,-0.86332625,0.54472,0.24026027,-0.5768457,-0.19141525,0.31444103
SIM-0001-NT,0.09007138,-0.14348893,0.016615685,0.13647974,-0.14481723,-0.031779353,0.22422928,-0.17520477,-0.33924705,-0.15932806,-0.2222281,-0.15121679,-0.43186465,0.058905248,0.21690032,-0.2029319,-0.16299231,-0.046846624,-0.22782633,0.24594565,-0.2221653,-0.13147487,-0.19081698,0.2518693,-0.057769727,0.49827734,0.08844117,0.28960782,-0.081068054,-0.23565513,-0.008290216,-0.1697609,-0.49963233,0.25337994,0.008185753,-0.1750756,0.09406791,0.011733157,0.3524477,0.10820419,-0.03922982,0.17335702,-0.00899104,0.045958195,0.3065417,-0.29214302,-0.2158184,-0.104839176,-0.06825721,0.28913477,-0.35367486,-0.007374971,-0.13769452,0.42512062,0.22096187,0.05967307,0.24221067,-0.32985997,0.5068761,-0.21046346,0.31423748,0.13791277,0.0660812,0.30380616,0.24914551,0.026845543,-0.10539966,0.03075724,-0.02570166,0.0884978,0.2551474,0.117142126,0.046217427,-0.16349173,0.08116418,-0.42398328,-0.19937687,0.15156057,0.22129679,-0.005165854,0.05024763,0.09256529,0.17035899,-0.050352287,-0.24574012,0.09679359,0.4895763,-0.23061322,-0.03172833,-0.09656161,0.6032996,-0.24018136,-0.040114496,-0.09117155,-0.31358668,-0.32716474,0.14209585,0.17716323,-0.13987504,0.3522491,-0.56270325,-0.31461808,-0.20618016,-0.002238319,-0.11272678,-0.050261777,0.12126394,0.36426738,0.20060767,0.014038355,-0.02003539,0.2753529,0.4710587,0.15957324,-0.12252615,0.064807035,0.14507805,-0.13878645,0.21643862,0.06601039,0.29116452,-0.24418546,-0.4353694,-0.09818847,0.0059342226,-0.4502257,-0.15211457,0.32088888,0.13332088,0.03455691,-0.26394612,0.31257048,-0.10433644,0.023748582,0.10185047,0.04281281,0.37294453,0.14377846,0.08458558,-0.021607393,0.10797652,-0.052499063,0.04734476,-0.085428596,-0.12485834,-0.2290148,-0.06779786,-0.08419867,0.45734403,0.24802637,-0.03350645,-0.10582788,0.15376379,0.48556983,0.19914006,-0.43001342,0.21579114,0.26007995,0.54980975,-0.0620866,0.03464219,0.11256005,-0.19099443,-0.21364374,0.09983942,-0.38575724,-0.32925585,0.2039193,0.124459796,0.31243536,0.11580829,0.0026056361,0.3222673,-0.10571762,-0.08333454,-0.016129553,0.11261636,-0.016655587,-0.37126192,-0.06664801,-0.007889263,0.0287051,-0.112350106,0.126404,-0.40263143,0.10393989,0.44821495,-0.151702,0.014402595,-0.061756313,-0.05754259,-0.2571172,0.49788964,0.09644631,-0.16769914,-0.19616163,0.015375304,-0.5419183,0.2632055,-0.12846264
SIM-0002-NT,0.097198375,0.10889944,0.2413248,0.12315638,0.18579377,0.25476637,-0.08256162,0.5378468,0.088218465,-0.0069955965,-0.21027611,-0.05176223,0.100464016,0.023819251,0.45686194,-0.097496286,0.16982742,-0.2813871,0.54580206,-0.2984093,0.5185711,-0.03395984,-0.558638,0.33800945,0.02058121,-0.11336018,0.1604204,0.16610205,0.103645846,0.28375965,0.06313735,0.16243108,-0.13044108,0.19139099,-0.12935048,-0.28113523,-0.05156557,-0.06894514,0.23193762,-0.36330017,0.27340832,-0.15574366,-0.6162238,-0.30184734,-0.076883785,0.11105647,-0.033324875,-0.30238464,-0.19463366,-0.298215,0.06468907,-0.022648374,0.153443,-0.44254956,-0.13349578,0.5071995,0.16025859,-0.07402682,-0.24683852,0.2769369,0.38316777,-0.28716692,-0.2635172,0.06970023,0.09307088,0.12069462,0.46084246,-0.24287197,0.0099645825,0.18029849,0.17760487,-0.16195373,-0.15208104,-0.11480553,0.4258643,-0.24461779,-0.08107741,0.193863,-0.27220312,0.06450454,-0.47488287,0.04815033,0.013093685,0.040902406,-0.21723312,0.056931082,-0.009762088,0.3247801,0.15946029,-0.36224562,-0.20814627,-0.15408929,0.045096442,-0.042279314,-0.043313835,0.70443326,-0.12822413,0.34771648,-0.036840282,-0.54463106,0.047831357,0.2798077,0.15836178,0.0640376,0.0059314747,-0.123664625,0.22405888,-0.10855084,-0.16008434,0.102658,-0.07501861,0.32021615,0.116820075,-0.19449246,-0.2861818,-0.14339797,0.5844891,-0.059393182,0.18956959,-0.32641166,-0.2707703,-0.047107916,0.42527452,-0.32268363,-0.15743363,0.22542354,0.39814717,0.10935082,0.16896711,-0.22423054,-0.33073014,-0.28645593,-0.21833959,0.056400586,-0.30490956,0.062600315,-0.07879665,-0.1406295,0.22125943,-0.23975763,0.35892612,0.20771077,-0.24752542,0.30055904,-0.27705932,0.32326993,0.083233446,-0.39478073,-0.32384458,-0.10124366,0.2169489,-0.042672448,-0.04890515,0.010042347,-0.498771,0.20605633,0.33491457,0.19734031,-0.10587157,-0.22126037,-0.27048427,-0.28328523,0.5661407,-0.019705739,0.2261715,0.2124095,0.03565261,-0.23291378,0.1296734,-0.27063093,0.15057625,-0.25921905,-0.10904002,-0.10945851,0.3497379,-0.6085239,0.5826965,-0.20147629,-0.030840456,0.10332674,0.081903875,0.21090749,0.15259321,0.5092488,0.18289892,-0.029340427,-0.13825333,-0.1447134,0.32331094,0.4388005,0.25102526,-0.7911053,-0.56178755,-0.0018905174,-0.04167307,0.00497716,0.31293562,0.3004725,0.043728337,-0.38097015
SIM-0003-NT,-0.30730107,0.016857237,0.10420564,-0.30432716,0.16513044,-0.4380941,-0.6657901,-0.21878184,0.34326586,0.38057128,-0.39873484,-0.37962186,0.19023377,-0.11017248,0.34159356,0.1861653,0.22909838,-0.20547006,0.11095287,0.5040959,0.03556209,-0.011250472,-0.108923286,-0.40048403,-0.27473646,-0.22295567,-0.41107515,-0.38587055,-0.6120462,-0.19562772,0.16881198,-0.079129726,-0.07799648,0.19169456,0.4222413,0.56833255,0.0361277,-0.070450306,-0.103269756,0.14780036,-0.039076485,-0.038182322,-0.02161737,-0.23553413,-0.5830491,-0.16730914,0.36436984,0.35261902,0.23494564,-0.123432145,-0.1976284,0.40614912,-0.27078247,0.009849481,0.42237338,0.030986603,-0.07336951,0.2899597,0.01800301,0.049042758,0.3786782,-0.6362313,0.089710005,-0.19158004,-0.051805828,0.028239101,-0.16886765,0.057130545,0.09634118,0.0508639,0.0278536,-0.029400172,-0.024483228,0.019848164,-0.23560394,0.31752917,-0.022778278,-0.10084405,0.09896097,-0.02867245,0.31065604,0.2236708,0.023235023,0.23472877,0.058817096,-0.288528,0.2224669,-0.47511145,-0.87921387,0.174499,0.11089059,0.094188124,0.3473892,-0.0061790184,-0.09456257,0.19915996,-0.17844842,-0.0595273,0.06314324,0.083135396,-0.08325621,-0.12261982,-0.2799797,-0.19679374,0.4547721,-0.066394195,0.04731287,-0.3728195,0.64080274,-0.21536624,-0.29376858,-0.015295643,-0.22311981,0.09124532,-0.37791088,0.28426227,0.2349648,-0.029670168,-0.41387993,-0.20306331,0.015631402,-0.30262777,-0.26195577,0.26232478,0.038729258,0.030832684,0.13186486,-0.040955715,-0.014876451,0.1139964,0.20224577,0.124525756,0.36509702,0.0061575915,-0.3367929,0.27206764,-0.06127155,-0.19217251,0.17808735,0.09269293,-0.31968695,0.16765757,0.46857923,0.08090449,-0.064045936,-0.41731387,0.51280457,-0.12924005,-0.35199714,0.02771123,0.25206223,0.3089787,-0.16805491,-0.024631433,0.00010319905,0.24413949,0.14820853,0.06765616,0.22870661,-0.34051695,0.10521864,0.055399083,-0.012501672,-0.062418602,0.033537403,-0.14254703,0.68182296,0.33974355,0.27322748,-0.13241933,-0.2392982,-0.052988045,0.02853991,-0.3620975,0.1199942,0.2705374,-0.55891937,-0.22509202,0.30695853,0.09349133,-0.21658072,0.18384047,-0.14855367,-0.059030388,-0.28471935,0.0042286823,0.25454757,-0.11937615,0.1613643,-0.01247747,0.2697518,-0.115759365,0.38875496,0.1703972,0.06100325,0.07012685,-0.11624661,-0.13233462,0.06554811,-0.29968336
SIM-0004-NT,-0.15042298,-0.23431379,0.14295529,0.14675683,0.31695557,-0.08366329,-0.20194203,-0.3673241,0.06773755,0.34919855,-0.018653104,0.0066578053,-0.0015535306,0.06350259,0.24926229,0.47979715,0.124576494,0.14106773,-0.05981622,-0.026953053,-0.030327149,-0.091536745,0.031881522,0.15621862,0.015889157,-0.07013005,0.031499684,-0.23996411,0.20083506,-0.103289776,-0.28874218,0.11543625,0.1278457,-0.214983,0.15589224,0.15847492,0.49372017,-0.05875628,-0.013594143,-0.15169922,0.12341884,-0.001151094,0.24698225,-0.1084876,0.117963955,-0.059461184,-0.46062002,0.15701017,-0.43701246,-0.039871067,-0.03596686,-0.0020923535,0.011827693,0.009366902,0.090768166,-0.02718272,0.65392435,-0.085598186,-0.3056523,-0.35250327,0.1645642,-0.3979088,-0.3024369,-0.33843976,0.11428553,0.33267686,-0.23598662,0.10551036,-0.65923643,-0.18618627,0.15061873,-0.07807616,0.24850722,-0.5582976,-0.18374403,0.11318663,0.110048756,0.1292338,0.051877905,-0.28603113,-0.19477871,0.5790962,-0.3148443,-0.35389274,0.16997284,-0.26481742,0.4480534,0.68361163,-0.0602349,0.07736304,-0.45616433,0.2579013,-0.5596592,-0.3348841,0.029648066,0.13691431,-0.37097448,-0.13563341,-0.41539317,-0.079256766,-0.20018856,-0.15892433,0.16280407,0.070392296,0.14029674,-0.03230017,0.17923312,-0.008774051,-0.12284639,0.14264256,-0.10585542,-0.08237228,0.26706746,0.24352193,-0.07428451,0.21821427,-0.31954303,-0.07283467,-0.18795022,-0.00043762597,0.1836465,0.1389193,0.104907475,0.034372915,-0.039842203,0.30029684,-0.3866319,-0.16669248,0.102820516,0.38197038,-0.08645927,-0.06523234,-0.32247967,-0.13537963,0.17705767,0.3948234,-0.07332141,-0.19974357,0.017437812,-0.40367,0.3088955,-0.30768323,0.078448065,0.07474854,0.15693511,0.06389803,0.00067819754,0.10714966,0.20867239,0.4491141,-0.27562994,-0.4597621,-0.38672325,-0.45331872,-0.29992056,-0.33165327,-0.104091726,0.21378063,0.15662134,-0.15555786,-0.13396473,0.5026941,0.14869624,0.043176796,0.030375443,-0.07231176,0.5007845,-0.047461703,0.037323937,-0.41220427,-0.15909146,-0.13767944,0.12157341,-0.19380477,0.012078018,-0.15158872,-0.27516034,-0.2853232,-0.043349285,0.025765771,-0.048431262,-0.20821574,-0.03443906,-0.08067792,-0.26046684,0.020771064,0.45258173,-0.037395764,-0.36527014,0.36713618,0.3142804,0.35813186,-0.01055434,-0.19588862,-0.22325645,0.28530607,0.40146974,-0.23009327,-0.63002664,-0.0044464935
SIM-0005-NT,-0.22606464,-0.17681655,-0.05955477,0.10246839,-0.19524091,0.034019135,-0.031538542,-0.57633704,0.13624379,-0.11275123,-0.31596565,-0.1814995,0.050741427,0.011558278,0.16110814,0.109145895,-0.29290086,-0.73857737,0.03022634,0.1577378,-0.05061108,0.16515112,-0.2504107,-0.086504765,-0.23014416,0.17432448,-0.2276002,0.5149623,-0.12549853,0.19954519,-0.12228642,0.33440536,0.3248773,-0.08094149,0.068674855,0.3184894,0.076082475,-0.23018141,0.017516494,-0.18705563,0.0377487,-0.19686817,0.09320141,-0.44719794,-0.28049517,-0.19830592,-0.040053524,-0.37802047,-0.22086412,0.19453026,0.22429127,-0.63340616,-0.1466864,0.31870905,0.09650964,0.1018372,0.14103678,-0.23973261,0.05350763,0.11793345,0.026770016,-0.09840824,-0.01202155,-0.28503615,0.15353917,-0.35883367,-0.20406482,0.17044626,0.0725641,-0.121037565,-0.42811558,-0.011533172,-0.15754406,0.12010432,-0.12915604,-0.4376667,-0.34593296,-0.10674863,0.02719172,-0.29097176,-0.1896213,0.19811837,0.2774111,0.069228694,-0.07125923,-0.1553536,0.13480608,-0.07909217,0.23003188,0.24317105,0.1025193,-0.1244052,-0.10509623,-0.41092563,-0.013163893,-0.02092298,-0.34438148,0.5910385,0.1390617,-0.21011141,0.513548,-0.12401226,0.20758475,0.021908147,-0.11543964,-0.08423539,0.35916293,0.21905752,-0.03060122,-0.512581,0.07610697,-0.31161875,0.13464825,-0.17851348,-0.15235701,-0.15952115,0.2551287,-0.4415669,0.18444048,0.08557519,-0.018158846,-0.1120121,0.1216205,-0.110005446,-0.112267755,0.015938397,0.42993888,-0.37821785,0.12517604,-0.03576062,-0.05514895,-0.38174284,-0.43894598,0.084982984,-0.31733558,0.2540927,-0.2539647,0.13774423,-0.14401317,-0.15600017,-0.22846374,0.10920413,0.17889297,-0.07888307,0.1478015,0.003152074,-0.33355704,0.09463329,-0.0751343,-0.65357405,-0.09769305,-0.42337507,-0.30788493,-0.06223791,-0.018804712,-0.20876339,0.1318251,-0.028630428,-0.105994746,0.0108511485,0.30126473,-0.5375793,0.324881,-0.15416062,-0.19473022,-0.10054377,-0.22167595,-0.26009375,0.21170641,0.039921355,-0.47942284,0.16852753,0.13211063,-0.37114704,0.045064665,0.15511477,-0.40107402,0.0713214,-0.16877422,0.13554786,-0.23341198,0.2605608,-0.060883716,-0.15372342,-0.18063009,0.21850471,-0.18079087,0.26511148,0.053354878,-0.3464027,0.0064947926,0.011714897,-0.35453886,0.0020705587,0.13554499,0.28203818,0.2710839,0.59725827,0.00014612549,0.1384504
SIM-0006-NT,-0.15155871,0.4710574,-0.22273383,0.45980906,0.42773435,-0.19622312,0.25908178,0.11418263,-0.102996185,-0.03395224,0.06636939,0.09015986,0.37354797,0.1428064,-0.19246724,0.18590488,-0.43691438,-0.096646465,-0.07257912,0.1645788,0.442701,0.05442347,-0.090341546,-0.17457008,0.20876032,-0.04870908,-0.12580071,0.2378218,0.2923189,-0.2398396,-0.37414598,-0.024445726,-0.28505945,-0.31926417,-0.26016414,0.26163238,0.16259624,0.6143697,-0.16049051,0.3324589,0.123389095,-0.13909686,-0.0366688,-0.14028457,0.06468088,0.24667539,-0.09214284,0.21209608,0.3178076,0.37347922,-0.2932362,-0.012287826,0.17735821,-0.27168372,-0.32739407,-0.006602719,-0.10324107,-0.043086097,-0.1178369,0.5399728,-0.11541196,0.14640734,0.12964909,-0.42220375,0.3665298,0.1564496,0.039237905,0.2643583,-0.011945507,0.22048283,-0.46905586,0.20438161,0.045908533,0.049816534,-0.21057145,-0.054707196,-0.062030163,-0.28478092,0.089575306,0.39329448,-0.35532212,0.122561224,-0.10510954,-0.13397782,0.018690929,0.022480045,0.04616966,-0.28271642,0.27248096,0.020284481,0.14845644,0.3036496,-0.48028016,0.1576148,-0.04104563,0.25471887,-0.2003334,0.23383656,-0.26375142,0.10055334,0.07106445,-0.038855627,-0.25802132,-0.09217453,0.23071659,0.3719434,0.48854002,0.13169883,0.062856585,0.112230934,0.48212972,0.13015552,0.02180089,-0.06882605,-0.039947715,0.09659977,-0.18785958,-0.15660961,-0.015955256,-0.112978786,0.14912185,0.16848113,0.06562853,0.12247343,0.02939834,-0.94806445,-0.21896659,0.17683618,-0.20970422,0.213854,0.22790717,-0.06637329,-0.14763597,0.0023977752,-0.011002859,0.15675081,-0.5852777,-0.18351735,-0.2530991,-0.62957567,-0.12370335,-0.37489945,-0.096871234,-0.12198998,0.11334495,-0.062541515,-0.42286584,0.086634636,0.60497236,0.26876992,0.16980898,-0.048863728,-0.12272673,-0.140071,0.060160544,-0.28398356,0.055087157,-0.16590852,-0.4286177,-0.16943567,0.31279936,0.03459453,-0.8881266,-0.16840698,0.22581507,-0.074591674,0.13094838,-0.098823436,0.045985162,0.008823893,-0.16147186,0.14287023,0.38288477,0.096161,0.02599018,-0.21079385,0.23455298,-0.1277633,0.14017175,0.19042456,0.24687703,0.25153172,0.24248971,-0.31405577,-0.21476941,-0.34311867,-0.35995507,0.38132754,-0.24648224,-0.28163233,-0.013967193,-0.18649396,0.565476,-0.06835627,0.111293375,-0.19511783,-0.41550875,-0.18217832,-0.17949432,-0.18124577
SIM-0007-NT,-0.4000144,0.034018308,-0.08419901,-0.3854791,0.026568202,0.19055818,0.2994326,-0.60507256,-0.18272509,-0.34269422,-0.16307876,0.34713817,-0.18180467,-0.11876019,-0.20726815,0.40648314,-0.5749413,-0.13909164,-0.21640141,-0.43029287,0.27555454,-0.45077595,-0.11486169,-0.01968296,-0.18773034,-0.43356594,-0.042065006,-0.19045794,0.20216213,0.12902784,0.4860692,0.02749406,0.14731278,-0.08973372,0.42793232,0.002567279,-0.025638534,0.13514446,-0.16123971,-0.124904275,0.13496463,0.18305846,0.14926642,-0.020045687,0.06760684,0.24010564,-0.2734939,0.00034819855,-0.7278502,0.18505882,-0.19565327,-0.18901469,-0.030474793,0.15477608,0.5979587,-0.38825876,-0.21237777,0.05717137,-0.18168129,0.20898454,-0.041948903,0.2213276,-0.06212262,0.13622102,-0.23928232,0.4843554,-0.42491487,-0.17694104,-0.355096,0.20007461,0.13490264,-0.30454698,0.24927846,-0.17463554,0.096829675,0.15553212,-0.061217684,0.22746333,-0.036027115,0.08468391,-0.06853124,-0.46705562,-0.030883655,-0.21841653,0.34806725,-0.341044,0.30625468,-0.044692934,0.101550534,-0.34497914,-0.07719756,-0.16615492,0.5258106,-0.17233631,0.28834414,0.2918412,0.28481832,-0.1484689,0.45122403,0.5030453,0.09177905,-0.11634972,-0.21516167,0.117939785,0.016225573,0.045678783,-0.33696696,0.008237533,0.28596216,0.20379616,-0.10353048,-0.027260423,-0.36708373,-0.16631305,-0.085007094,0.15835197,-0.176587,-0.25899622,0.18941978,-0.10565119,-0.20973618,0.20310298,0.114695705,-0.0518678,-0.08782018,0.09488205,0.13469137,0.05222793,0.030159894,-0.15165623,-0.13667545,-0.042956144,-0.24027523,-0.26951212,-0.022433229,0.24736147,-0.5182277,-0.09785963,0.06812962,0.2680764,0.44997457,-0.064459205,0.49313086,0.11389151,0.20355713,-0.26634422,0.11335008,0.22514065,-0.17233853,-0.65140235,0.037251744,-0.05373363,0.3360632,-0.13457792,-0.17625247,-0.29285526,-0.157521,0.66673857,-0.39666256,-0.33382276,-0.013575675,0.49364132,0.18538637,0.38808215,-0.09626305,-0.3475262,-0.112303905,-0.031175856,0.0027393228,-0.053496327,0.14768362,-0.1779792,-0.23178963,-0.30115473,0.05125659,0.026437724,0.27285567,0.38674757,-0.3018437,0.0058804317,-0.051339217,-0.3841823,-0.13204204,0.39165437,-0.15817565,-0.19974643,-0.0130131785,0.22792274,-0.076169185,0.03192163,-0.5711498,0.14308152,0.0552829,0.2211701,-0.46690622,-0.075620845,0.24104548,-0.1392342,0.012763299,-0.102406316
SIM-0008-NT,-0.09628082,0.29178342,-0.3558481,-0.012568975,0.062940456,0.23452517,-0.03048865,0.24222015,-0.013657698,0.029885685,0.020334663,0.16381943,0.13543293,-0.2782648,0.05425537,0.1351654,0.36543274,-0.25216416,0.13461168,-0.08697108,0.047964353,-0.26837444,-0.0033456413,0.079731405,-0.24253163,0.36219022,-0.38605556,0.13438916,-0.60710984,-0.063745864,0.11990921,0.17815714,-0.026343258,-0.060406145,0.1418608,0.23766564,0.34490338,-0.32270336,-0.050161444,-0.548383,-0.34187523,-0.1760297,0.216253,-0.12022327,-0.0722412,0.07500767,-0.16764031,-0.49866897,-0.18648162,-0.030180823,0.1171157,-0.051597245,0.112958394,0.23117653,0.2801406,0.04307735,-0.28429002,-0.3112538,-0.28796706,-0.2687216,0.024851454,0.47186065,0.052976325,-0.0209987,0.24047266,-0.20714094,0.26050875,0.24197865,0.01474927,0.5234365,0.2788078,0.0113474615,-0.035913236,-0.10797779,-0.03268495,-0.025449574,-0.07987257,-0.05349244,-0.2981232,-0.14203455,-0.39931476,0.103608124,0.020014692,-0.030646594,0.22155839,-0.21588589,-0.17770731,-0.37030312,0.25575477,0.15138315,0.33239663,0.3956426,-0.106091,-0.17778708,-0.44886652,-0.27449673,-0.0812265,-0.51523685,-0.2693329,-0.020708693,0.22335935,-0.17926988,0.03199494,0.46593955,-0.4515109,0.27146816,0.09519317,0.3166328,0.2417231,-0.16580059,0.00045041004,-0.36513588,-0.13073409,0.00731201,0.07589675,0.197359,0.39573172,-0.10888635,0.2861921,0.066825666,-0.3268543,-0.03760086,0.028970009,-0.20917434,-0.26014143,-0.26853952,-0.13588727,-0.2161575,0.30760196,-0.61277795,0.027817851,0.1320786,-0.24070625,-0.057978436,-0.08552557,-0.0193445,0.16573358,0.14334531,-0.14999443,-0.37611303,0.04126715,-0.1641684,-0.13193884,0.055861603,-0.10876793,0.07667899,0.6282141,0.17146106,0.33622447,0.12772328,0.019279439,0.13151614,0.11932704,0.21570137,0.014841602,-0.32707894,-0.36703536,0.11530846,-0.2815488,0.17160669,0.33466354,-0.055164963,0.30283657,0.06473451,0.0064800093,0.018211544,-0.20771259,-0.23965865,-0.41101024,-0.18327412,0.53484845,-0.3733414,-0.29413435,-0.20139748,-0.18966377,0.06733097,-0.15295285,-0.049628906,-0.21237524,-0.11880562,-0.014918641,-0.03363878,0.49519104,-0.0070466707,-0.05243544,-0.6242411,0.059981354,-0.49377137,0.13792378,0.035604343,0.19947429,-0.15860724,0.006744949,0.1689415,-0.23238699,0.15250857,0.14106403,-0.03371682,0.39463347,0.12888826
SIM-0009-NT,-0.41853824,0.24717203,-0.16452722,0.19942032,0.07388181,-0.6604355,0.15121622,-0.055414066,-0.11486174,-0.10554951,0.19721971,-0.23031768,0.2783202,-0.3799125,0.07392355,0.19311012,0.18697459,0.046019424,-0.05169893,-0.13749623,-0.3056051,-0.17141752,-0.24034469,-0.28132907,0.45092762,-0.4298568,0.28137743,-0.3091255,-0.2555316,-0.2596189,-0.27761894,0.23071375,0.14709172,-0.058149785,0.6768393,-0.004181689,0.014969057,-0.17140946,-0.2011834,-0.13327833,0.2129323,0.14278059,0.32265046,-0.17926925,0.14737727,0.07637704,0.108550526,-0.2159439,-0.25968325,0.13478456,0.21821025,-0.15457651,0.1522588,0.29984364,-0.090449445,-0.35970315,-0.32844764,-0.16913068,-0.11150346,-0.009034704,-0.0039545614,-0.06809024,0.16980875,-0.1901934,0.3161686,0.23501647,0.21670178,-0.16487631,-0.029105822,0.18071087,-0.049978543,-0.17478748,-0.18481566,-0.1726396,-0.29023418,0.7175884,-0.48807982,-0.24519764,0.14900583,-0.1703502,-0.08792805,0.09879727,0.2580885,-0.06835482,0.23050702,-0.42435503,-0.15149419,0.12370473,0.49329767,-0.24134795,-0.28536054,0.08535052,0.013295225,-0.17960824,-0.30417204,-0.12847316,0.13030934,-0.08330024,0.2927906,-0.03400556,0.15037625,0.06961846,-0.10091683,0.20827943,-0.3043213,-0.13839261,-0.10347285,0.09538467,0.15770693,-0.2037949,-0.23902394,0.01964356,-0.38441217,0.25195894,-0.055957858,-0.2923851,-0.29733145,0.078283615,0.071518615,-0.19210862,-0.028468283,-0.28230146,-0.06460372,0.36888555,0.5326402,-0.052940026,0.107960574,0.09808389,-0.4302588,-0.287464,-0.5789103,0.11226839,0.486346,0.26645914,0.011124853,-0.02412082,-0.08809224,0.264917,0.05391433,0.015615031,-0.27581954,0.15026914,-0.037496075,0.09924219,0.24976917,-0.40871984,-0.0739023,-0.110154115,-0.13218792,-0.27922243,-0.18188031,-0.27461264,0.20622824,0.094353884,0.07701964,-0.48174423,0.48721087,-0.10213207,0.43615776,0.18728301,-0.057915945,0.51080114,0.14184506,-0.05708592,-0.09777518,0.25798845,-0.13412751,-0.09464131,-0.1492373,-0.18891092,-0.17361663,0.4431142,0.25189406,0.058832116,-0.13687438,-0.13784319,-0.0916557,0.4472385,0.07272888,0.1868847,0.049958758,-0.22140898,0.025640607,-0.26895818,0.2988338,-0.18715562,-0.14297277,0.20329456,-0.17457926,-0.054763786,-0.65942276,-0.08064969,0.1485729,-0.15660033,0.1398199,-0.004039455,0.27195865,-0.18374513,-0.060387485,-0.36741382
SIM-0010-NT,-0.023018852,-0.10538859,0.24002935,-0.15618381,-0.105932206,-0.16879505,0.0067911358,0.4971287,-0.87442905,-0.011955589,0.29359743,-0.12863718,0.13174918,0.2943439,-0.06904362,-0.16314258,0.23385328,0.1238428,-0.015592344,0.15281194,0.24008293,-0.013254994,0.07636444,0.13061693,-0.11546694,0.29699302,-0.25772667,-0.03281253,0.19187623,-0.2641073,0.21783227,0.047573492,0.3312947,0.15319625,-0.04069387,0.057901222,0.06688072,0.5058197,0.021172646,-0.034498498,-0.04886726,0.04721399,-0.28357813,-0.09569105,-0.2530338,-0.22036612,0.20102504,0.0065677883,-0.18546416,-0.037570283,-0.061513178,0.013173062,-0.37677607,-0.2728153,-0.36036515,-0.22489852,-0.1806805,-0.25863656,0.19110404,0.4599872,0.2063954,-0.14134978,0.052546825,-0.016603243,-0.15220505,0.33117926,0.5018033,-0.36750233,0.3600668,-0.1477453,-0.06557953,0.0706694,0.3869144,0.07031232,0.10311435,0.21334173,0.25278527,0.12778363,0.25433546,-0.14947268,-0.43362024,0.45624954,-0.2594213,-0.13346142,-0.08288183,-0.1259722,-0.18153681,0.11589618,0.11855715,0.15498424,0.13929996,-0.1041704,-0.10458149,0.27979833,-0.1303463,-0.1353128,0.2323744,-0.0046459595,-0.12626663,-0.123904146,0.28097588,0.14650594,0.05913392,-0.29158482,0.060197014,-0.053198714,-0.2281114,-0.15039861,0.17403923,0.31060567,-0.2643521,-0.23281716,0.17353375,-0.10229824,0.138188,-0.10566076,0.14424863,-0.3434328,0.13733241,-0.5248093,0.23133138,-0.008504806,0.11030811,0.059280187,-0.42646173,0.34170687,0.0836215,0.18908215,-0.19980417,0.060193866,-0.32747447,0.037306674,-0.23489128,1.2518088,0.15128976,0.332715,-0.062396716,0.099751025,0.22633575,-0.2681893,-0.16814514,0.24312589,-0.05451298,-0.18691552,-0.15774328,-0.30561838,-0.48983625,-0.4240327,0.011425876,0.16790408,0.62973374,-0.010346286,-0.31999004,-0.007115609,0.17573275,0.2575451,0.23327973,0.1431937,0.023823466,0.18420288,-0.29620522,-0.5020425,0.52331316,-0.011755009,0.13347454,-0.7004364,0.38622478,0.28896636,-0.39140135,-0.0793267,0.06655696,-0.31594592,0.122189306,0.26140642,0.08105079,-0.39155623,-0.25918126,-0.030949317,-0.062392782,-0.05731443,-0.06616299,-0.45100307,0.20141368,0.15681387,0.13059343,0.10742885,-0.07102758,-0.15176776,-0.25440332,0.38573146,-0.0051271576,-0.4151449,-0.0073034754,-0.5210648,0.062002353,0.035744835,-0.13548008,-0.23487242,0.14060652,-0.02075415
SIM-0011-NT,-0.48542422,0.30097234,-0.23495746,-0.32954487,0.3396686,0.26489568,-0.10512719,-0.31312147,-0.22743028,-0.10937472,0.30404994,0.3237483,0.041494783,0.16252962,-0.052341215,-0.21820597,-0.37514964,0.08072945,0.22509338,-0.12766264,0.2968806,-0.09623403,0.020936983,-0.0552677,0.30911574,0.123167515,-0.014591989,0.019150818,-0.29722404,-0.5583607,-0.1328717,-0.04850296,0.13281691,-0.04077775,-0.11730292,-0.73689103,0.13179678,0.052755184,0.20346016,0.0068155928,0.28671563,-0.13763322,-0.010139517,0.060126968,0.16497162,0.10410289,0.119397186,0.06720087,-0.048175897,0.22531578,-0.41857782,-0.15728882,0.39796045,-0.16814642,-0.019538153,0.34695065,-0.031524424,-0.20847058,0.29959014,-0.072335154,-0.055261213,-0.49509108,-0.03183522,0.1707426,-0.107713066,-0.32033753,-0.12011527,-0.15380183,-0.06340888,-0.12940027,0.4161454,0.07558809,-0.43505347,0.017873496,-0.009988428,0.2986187,-0.039003115,-0.046185028,0.46574938,-0.26720434,0.19942106,0.015972612,-0.12521438,-0.16202864,0.33958802,0.11632655,0.15027875,0.22244331,0.08547601,-0.26524726,-0.39292914,0.3849108,0.052003697,0.019815873,0.45114475,-0.2660897,-0.63087153,-0.4528891,-0.1327237,0.02929342,0.34791082,0.21080421,-0.6404419,0.7001732,-0.102633625,0.30695102,0.13650292,0.0013366169,-0.05926279,-0.27809176,-0.32196617,-0.04155936,-0.34704837,0.4119784,0.024237478,0.5231788,-0.10890366,-0.14762986,0.1477173,-0.06482019,0.24327104,0.35955432,0.2747876,0.34110475,0.20439656,-0.13726255,0.28496918,0.17440014,-0.15443198,-0.12272818,-0.022952689,0.27786988,0.029232297,-0.0014122631,-0.03978781,-0.08833691,-0.29097986,0.19880621,-0.25435266,0.016906327,-0.102213115,0.19158457,-0.08550126,-0.25156063,0.24732722,-0.20649774,0.038670067,0.31845015,-0.18253414,-0.025878707,-0.10779527,0.03286239,-0.017116457,0.23009987,-0.15517984,0.31854627,0.4011664,0.06413618,-0.1975362,-0.010277225,-0.031219758,0.4430917,-0.025792502,0.34569937,0.027862927,0.011457874,-0.088599354,-0.06527308,0.2224288,-0.1826506,0.23993438,0.36021835,-0.14795613,0.30199298,0.26205948,0.21730275,-0.15901563,-0.029851899,-0.030192425,0.5226694,-0.0025157204,-0.04582232,-0.28698385,-0.24296387,-0.17103705,0.09033439,-0.3560149,-0.16646965,-0.46524683,0.35047606,0.026601993,0.07760293,-0.27249667,0.2903233,0.3757653,0.016730655,-0.119780086,0.1380613,0.1836993,0.2175837
SIM-0012-NT,0.1659727,0.2409981,-0.17315902,0.22797686,-0.11345031,-0.62748235,-0.11574598,-0.13847584,0.060259257,0.20949775,0.048203044,0.5021595,-0.13125838,-0.49692813,0.06949852,-0.13621302,-0.27142122,-0.07438332,-0.195853,-0.17119713,0.38062596,0.03108112,-0.06634031,0.3994036,-0.07386915,-0.30753213,-0.33161423,-0.019999012,-0.41056284,-0.29311422,-0.09531411,0.2829846,0.3229532,0.16491179,-0.00096894364,-0.14260136,0.09708963,0.44549146,0.035354245,-0.11550007,-0.03941631,-0.066673085,0.13718985,-0.1909184,0.101545624,0.14204039,0.08601168,-0.2715608,-0.037368286,-0.13169912,-0.018463373,-0.16665263,0.31083548,0.046721954,-0.40453446,-0.33242923,0.3011893,-0.04501813,-0.09745277,0.2821352,-0.037879255,-0.29878208,-0.28191012,0.15687813,0.50736535,0.20989142,-0.09547225,-0.056679554,0.012119,-0.5049921,0.0058672414,0.14602272,0.44323453,0.27268368,0.482481,0.42014545,0.34867334,0.0065503544,0.08621404,-0.41754282,0.0325872,0.1415401,-0.07084033,-0.385409,0.3957006,0.10151747,0.43015257,0.18554336,0.3421108,0.29077217,-0.1698555,-0.12724265,-0.10709451,-0.24158955,0.4412799,0.010567427,0.11487704,-0.3327574,0.20464604,-0.102363326,0.31524286,-0.17135276,0.332972,0.235215,-0.11642246,0.35446018,0.28720033,0.12240799,-0.24840435,0.20002809,0.016502513,0.012337129,0.01845741,-0.00753026,-0.21640587,-0.37884015,-0.43042648,0.07483561,-0.60595316,0.1815557,0.1265415,-0.075681604,0.2566318,-0.065018,0.1046417,-0.489543,-0.5604555,-0.05883191,0.105713986,0.23756525,-0.04431538,0.061641857,0.19655983,-0.031939913,0.14681454,-0.28220254,-0.4141078,-0.13346604,0.19368763,-0.17776123,0.16270187,-0.25674388,-0.14562853,0.06051006,-0.16685505,-0.12448924,-0.6521033,0.20981155,-0.02964975,-0.23633187,0.45815125,-0.1972834,-0.12888467,-0.24044636,0.27594268,0.3584477,0.33347332,0.33109018,-0.14932752,0.41810718,-0.048901267,-0.38565928,-0.10662089,0.0814882,-0.1612063,0.036724363,0.13414747,0.10265334,0.16378322,-0.04501211,-0.1818208,-0.36754295,-0.022001073,-0.13430758,-0.029604511,-0.5176472,-0.37960884,0.12749495,-0.40887037,-0.047508758,-0.20769894,-0.22358198,0.02132684,0.007140066,0.13656972,-0.2755013,-0.2211142,0.2808076,-0.05615805,0.09147235,-0.124280095,0.11381117,-0.62218755,0.28785053,-0.11382192,-0.3122301,-0.2656241,-0.065897,-0.027598852,0.035298377
SIM-0013-NT,-0.29816312,0.2177928,-0.1310686,-0.14357845,-0.05656711,0.16570787,-0.008475173,-0.13558592,-0.08093591,0.304789,0.26384288,0.0914598,0.0371523,0.5784017,0.115878634,0.04515263,-0.05052086,0.0892018,-0.7613133,0.2569289,-0.31794226,-0.1795197,-0.35004562,-0.18410362,-0.085081354,0.2223378,0.32226616,0.48527616,0.025559418,-0.054765884,0.19489196,-0.21353595,-0.24146253,-0.09180325,-0.008460358,-0.51671386,0.26673737,0.060018606,0.19954939,-0.39262155,-0.16626705,-0.17894422,-0.050685767,-0.008390654,0.21739659,0.024689835,-0.18534225,0.5469284,-0.06639228,-0.22670521,-0.47128794,0.022602443,0.17269185,-0.28499258,0.1562476,0.02091027,-0.44334227,0.15642148,-0.06626255,-0.2815274,0.23922531,0.2344663,-0.28694773,0.0733635,0.05081848,-0.016980017,-0.12891404,-0.037105598,0.23462583,0.10228773,-0.48196697,-0.53586495,-0.46427822,-0.3395532,-0.18879282,-0.11317563,-0.016390042,-0.008459593,-0.012151518,0.28590757,-0.41917413,0.08348911,0.08227484,-0.3156711,0.13344614,0.09314291,-0.010813143,-0.6044236,0.24094613,0.056671724,0.10089457,-0.84768075,-0.13287927,-0.35842234,0.3233555,-0.27625522,0.36981657,0.23821235,0.055337433,0.28384736,-0.23610434,-0.19131635,0.23059048,-0.23495333,-0.33145416,-0.08032404,-0.2205351,0.46634638,0.1938397,-0.14399624,-0.2503417,0.084666125,0.2968861,0.07272739,-0.23775718,-0.35917574,-0.09452249,0.07896391,-0.11762117,0.2519282,0.1317932,0.059337366,0.12686206,-0.3472871,-0.124557525,-0.2600618,0.09609681,-0.25625265,0.020484328,-0.041127875,0.14999801,-0.29916763,0.112940304,-0.2673692,-0.24107999,-0.035649035,0.2985825,-0.2104004,-0.44445166,-0.23631862,-0.096290484,0.46726146,0.09708272,-0.1883128,-0.035317607,0.39274213,-0.060094003,-0.05709382,-0.10135945,0.17401649,-0.1313496,0.21807165,0.26569268,0.15337247,-0.05605172,-0.34961718,-0.055993523,-0.16714317,-0.19475485,-0.05984201,0.11980888,-0.15570255,-0.3437031,-0.23968664,0.4225864,0.13718507,-0.23943353,0.32225108,-0.059989847,0.56950647,0.06551305,0.14137974,0.20932211,0.37149438,-0.10975151,0.34988818,-0.15594813,-0.09036147,0.0022302258,0.23010762,-0.082553044,0.41268033,0.33161262,0.009899185,-0.2415132,0.25027964,-0.5239073,0.18532355,-0.20595492,0.31406593,-0.34645346,-0.16554862,0.10953603,0.15040302,-0.15652476,-0.08303124,0.23815906,0.2516989,-0.08794032,-0.15178296
SIM-0014-NT,-0.34225488,0.06340916,0.20315726,0.037839044,-0.23124906,0.44662997,-0.52585095,0.21955661,0.054177966,0.1171697,-0.19670738,-0.03810407,0.07333764,-0.021454915,-0.4484407,0.4281253,0.16254939,0.008648231,0.024772657,0.4209345,-0.18568219,-0.24205817,0.21251926,0.11567255,-0.25247127,0.2721707,0.073739484,-0.22448948,0.12258097,0.08517332,-0.022011178,0.0960777,0.15654767,0.22854795,0.026823843,-0.06765383,0.059765246,0.29771984,0.15748309,-0.08168189,0.013913183,0.41641495,0.18732306,0.037952974,0.2850946,-0.13577256,0.08222645,0.46890542,0.16338734,0.40521258,-0.020939887,-0.1190508,0.29005444,-0.4570792,0.04504755,0.2577191,0.14062798,-0.52562505,-0.33649877,-0.02859622,0.118716426,0.12853253,-0.0015409702,0.18256,0.109223776,-0.03215265,0.13440005,-0.16186681,0.15920524,-0.21172567,0.1218616,0.11571386,-0.07471846,0.15873756,0.38567457,-0.25500363,0.23854947,0.27162337,-0.051814925,0.2002254,-0.06364316,0.31405073,-0.6847378,0.3612223,-0.27806953,0.022492487,-0.20348759,0.37412754,-0.057264637,-0.13552609,0.28004467,0.18303429,-0.08340868,-0.24779731,-0.28156114,0.3187673,0.104732424,0.04335268,0.123057485,-0.4871636,-0.08113148,-0.07449217,0.24534656,-0.36727268,0.26341227,0.44860572,-0.4297727,0.0041633286,0.12483541,0.21826462,-0.54113287,0.084404275,-0.054685622,-0.07081904,0.5172635,-0.05388996,0.112463914,-0.030082893,0.06030688,0.13815932,0.2233349,-0.19424279,0.03815659,0.046990596,-0.41201016,-0.23841566,0.22273089,-0.11540752,0.65300065,0.24076757,0.11296203,0.37759924,0.19318081,0.046057533,-0.3535414,0.16633436,0.3491784,-0.14821778,-0.4565063,-0.26732183,0.4397583,0.020049833,0.364942,0.0047611743,-0.12413066,0.5336486,-0.09290449,-0.06226729,0.11515134,-0.07252499,0.19454278,0.111483775,0.12138166,-0.15416092,-0.4155999,-0.20804696,-0.18600078,0.07315792,-0.20377077,-0.3663248,-0.2866487,0.096904084,0.17185456,-0.12665984,-0.100017905,0.15349412,0.041371923,0.29651803,-0.03941498,-0.20785953,0.27160278,-0.07782368,-0.19718787,0.22320381,0.3623119,0.045811493,-0.25107107,0.3836956,0.09418012,0.054934286,-0.10099301,0.28245667,-0.27711642,-0.30093184,0.47362682,-0.2156059,0.2399207,0.34460908,0.052540924,-0.22025445,0.15744445,0.34794372,0.08562103,-0.18661343,0.076516934,-0.34615648,-0.24341623,-0.06466042,0.015380899,-0.30050784
SIM-0015-NT,0.062433988,0.13041459,-0.05368111,-0.53954995,0.026113793,0.45371503,0.11443079,0.0039059198,-0.093112454,0.14427945,0.052110557,0.176828,-0.2740838,0.030333947,-0.11529892,0.09289869,-0.4863934,-0.09818276,0.1356127,0.17593122,-0.0076223644,-0.54010195,0.1603351,0.39603522,-0.20969594,-0.10646835,0.20163514,0.20831187,0.27425873,0.25365847,-0.3830529,-0.11984557,0.15660954,-0.021541765,0.091472924,-0.03260576,-0.10896155,-0.060468234,-0.2804565,-0.18086551,-0.016734105,-0.012187447,0.14189023,-0.0712922,0.41894278,0.3074813,-0.12559094,0.0494529,0.3032105,-0.16017616,-0.18693474,0.3248377,0.17284478,0.26845118,0.078857854,-0.06372239,-0.3354718,0.034213513,0.3080233,0.31095088,0.26768908,0.19680569,0.5527673,-0.3879306,0.057735834,-0.23419161,0.38811004,-0.13815719,0.25212556,-0.11233462,0.1050663,-0.027129233,-0.0034462009,0.083407775,0.22987694,-0.027328845,0.22284049,0.25945845,-0.10427685,0.4712981,0.18629517,-0.107854135,0.15350582,0.25960642,0.14741978,0.05046819,-0.8628426,-0.24183875,0.16964898,-0.24680726,0.12846597,0.22118378,-0.028153474,-0.4411666,-0.184188,0.17119402,0.3142404,-0.5204086,0.020202717,-0.36687523,0.022612508,-0.039255727,0.59009767,-0.13469853,0.26219863,0.2522392,-0.048722364,0.029712392,0.00011922822,-0.18594034,-0.20756844,-0.10245823,-0.28460175,-0.12509762,-0.048866615,0.040454797,0.110920966,-0.049084406,-0.19227129,0.10638948,0.19774172,-0.121464945,-0.2456551,-0.11156623,-0.04539195,0.28626677,0.17344557,-0.0008199324,0.47517273,-0.008695639,0.3534443,0.30531573,0.28766048,0.080290385,0.029189155,0.0012881716,0.21253924,-0.19732925,-0.06573878,0.41674125,0.15584698,0.23852786,-0.30528834,-0.1080117,0.08345812,-0.010368672,-0.30633792,0.1899389,0.26935712,-0.071337596,0.1989329,0.50727314,0.38133165,-0.06014812,-0.2758809,0.057539523,0.58674306,0.33451322,-0.0015246054,0.39056155,0.2921775,-0.4748587,0.26540843,0.029690284,-0.21664558,0.022812974,0.103567354,-0.19852927,-0.029974323,-0.08269823,0.198814,-0.075347304,-0.42498153,-0.11187493,-0.23658638,-0.3235054,0.29509145,0.2008911,-0.24173449,-0.317345,-0.025661694,-0.33086798,-0.06052462,0.017628673,0.07612158,0.085033916,-0.19518416,0.017639996,0.3201374,-0.52427626,0.08142408,-0.29457963,0.35097343,0.20425227,0.1962868,-0.21334559,0.06595679,0.09379482,-0.592799,0.036627457
SIM-0016-NT,0.15331726,-0.3535135,0.1504959,0.02491273,0.34531707,-0.10327504,0.04441191,0.085317194,-0.70188755,-0.08864412,0.021574328,-0.5891255,0.16855383,0.021467363,0.020056829,0.18029748,-0.1027093,0.0108292755,0.2162717,0.013868779,-0.46094584,0.012890144,0.015983878,0.22514382,-0.0858086,-0.24449135,-0.24367315,0.3606536,0.072313815,0.3478838,0.38406286,-0.18588592,-0.2049909,-0.031921968,0.15360062,-0.3503916,0.113724716,0.101061955,-0.281352,-0.2725846,0.111124456,0.5182534,-0.07371538,0.082437314,-0.15125139,0.059122052,-0.15634552,-0.06473413,0.61227775,0.026768023,-0.39104325,0.16071112,0.28233233,0.1688753,-0.044193268,-0.22933982,-0.2231941,-0.047434423,-0.091704614,-0.13955493,0.30382928,0.23029183,0.31674844,-0.1970926,-0.23019947,0.019345514,0.10374478,0.017879289,0.08671144,0.39626357,-0.054597303,0.20178443,0.12949131,0.023830364,0.19025913,-0.19198865,-0.24226843,0.10821752,-0.40950674,0.12788543,-0.2820418,0.37948236,-0.09906641,0.36330777,-0.052704647,-0.06338496,0.21647935,0.073241845,-0.016675258,-0.10102587,-0.09863593,0.5893843,-0.41882372,-0.3006326,0.29422125,0.27546626,-0.23062511,-0.4381058,0.31808192,-0.26169908,-0.122777134,0.024030134,-0.26815185,0.23110838,0.0052329334,-0.22050868,-0.1984809,0.32424456,-0.069688454,0.15361786,-0.0024959624,-0.43863678,0.18671101,0.26846215,0.46060783,-0.47514418,-0.7896133,0.15977085,-0.14983077,-0.35750192,0.026882762,-0.112325355,-0.31904757,-0.020698462,0.14162555,0.043732375,0.04562701,0.110856414,-0.42284578,-0.012824249,0.05998973,-0.09448504,-0.20735787,-0.18654485,-0.07334722,0.22859575,0.38180548,0.3308627,-0.39018515,-0.2348288,0.16436577,0.32518095,-0.24170291,0.045818076,-0.2829649,0.06912222,-0.16086233,0.04573055,-0.3029508,-0.40846917,0.7745704,0.017335273,0.53367776,0.37726238,-0.4089016,0.09044614,-0.32361925,-0.074049614,-0.47122455,-0.39355657,-0.21369752,-0.13643663,0.009706774,-0.25904715,0.037327092,0.28394124,0.06847249,-0.016830675,0.08540715,-0.3587455,0.23800176,-0.29940796,0.38796574,0.1926883,0.13914052,0.1500245,-0.0004729466,-0.19659634,-0.23544426,0.43784797,0.02582599,-0.27873224,0.12917784,0.08572085,-0.082334846,-0.22450571,0.18388984,0.2365118,0.08059917,0.01788588,-0.19559757,0.119959965,-0.15867314,-0.3181183,0.28139922,-0.25747505,-0.474234,0.32725385,-0.43610987,-0.09743487
SIM-0017-NT,-0.27390364,-0.18095002,0.55601764,-0.025391083,0.089976266,0.19762199,-0.16170591,0.26878506,0.09400231,0.18845086,-0.18119124,0.11099758,-0.0022348766,0.28243825,-0.13508393,0.50805384,0.08468078,-0.031304467,-0.060548052,-0.0017112707,-0.15716511,0.16667888,-0.0029787708,0.48590282,-0.10833055,-0.030161565,-0.10857769,0.4672606,-0.36143252,0.023410209,0.07824581,-0.2820057,0.6607967,-0.23264131,0.008380865,0.42100704,-0.09376642,0.035907038,-0.086193465,-0.013320189,0.2703644,-0.10539329,-0.66361415,-0.00823833,0.015729409,0.04885941,-0.045826204,-0.21563448,-0.061286017,0.441298,-0.010511105,0.16322713,-0.25843242,-0.07285527,-0.25015315,0.3234182,-0.38894486,0.09310041,0.08518645,0.06898453,-0.58622056,-0.50573444,0.029264031,-0.23077956,-0.1607139,-0.106134996,-0.263242,-0.3063274,-1.3850969e-05,-0.4765206,-0.12645039,-0.16685362,-0.0059216395,0.5967948,-0.24548708,0.10159238,0.055198453,0.13997406,-0.053322893,0.36036396,0.17132442,0.1753014,-0.35356224,0.02408495,-0.12746386,-0.21540898,-0.15661612,-0.0139797535,0.114191115,0.24540088,0.2336737,0.07317365,0.013905883,-0.08112178,-0.061898552,-0.1950733,-0.10711483,0.08845667,0.3850883,-0.037431695,-0.20192054,0.24231353,-0.50060385,0.26078737,-0.35820952,0.1642899,-0.1190223,0.08022736,0.52078736,-0.20944415,-0.25013772,0.019552948,0.38133198,0.044791263,0.011153929,0.042269986,-0.25116798,0.0448069,-0.09820767,0.33061543,0.19949695,-0.33093378,-0.07078332,0.13199648,-0.24538194,-0.2698182,-0.11549507,0.086110264,0.2592881,0.058018588,0.6155841,-0.16919011,0.18508789,-0.2772743,0.4027442,0.3398528,0.17787693,-0.43408337,0.17556031,-0.20478319,0.11340552,-0.36366177,0.06749557,-0.088388465,-0.19455858,0.14815047,-0.012824901,-0.051240195,0.18429816,0.47598952,0.068918414,-0.45149338,-0.38956997,0.017228672,0.2566176,0.03367701,0.12789139,-0.014704893,0.2405239,0.15415145,-0.2548942,0.111950435,-0.38565832,0.112005986,-0.07062537,0.040173493,0.081003904,0.070409276,0.35436866,0.008519934,0.04722932,0.33245417,0.47420022,-0.004427332,-0.12802137,-0.115628526,0.11268051,-0.050846905,-0.43731266,0.2807622,0.2038472,0.2866608,0.33603138,0.047653154,0.065138236,0.25166458,-0.30376145,-0.08811862,-0.014830978,0.23048432,-0.13465191,-0.17803732,-0.10774186,0.11740757,-0.017068943,-0.3626837,-0.31339422,0.034150947,0.042475637,0.0068962458
SIM-0018-NT,-0.117678,0.19691186,0.09224515,0.083727695,0.092599295,0.39935368,-0.25606808,-0.10526761,-0.08408568,0.31441647,-0.09343838,-0.19811484,-0.026452191,0.02614356,0.2990956,-0.09492162,-0.17186275,-0.22746158,-0.08607132,0.64091367,0.095604256,0.14956954,-7.268597e-05,0.034345817,0.19662787,0.14066969,0.08728896,0.0040299734,-0.08807657,0.10608523,0.02088948,0.53319144,0.26264876,-0.16857025,-0.29238778,-0.09955344,-0.27080792,-0.11457785,-0.24239261,-0.08175751,-0.07878023,0.036793087,-0.051719364,-0.22557393,0.30372518,0.10074708,-0.13611595,-0.22153166,-0.3668071,-0.38511774,0.26186463,0.23531987,-0.14606483,0.34154505,0.154191,0.05081338,0.21548492,0.15461521,0.03841936,-0.06001076,-0.026798839,-0.4019937,-0.2001824,0.4500403,-0.20686504,-0.4626642,0.22599088,0.062153548,0.076218136,-0.039380886,0.22769035,0.38241872,-0.13036212,0.15822043,0.27962407,-0.144441,0.3773945,0.27879182,-0.31050292,0.39874446,-0.29739478,-0.17186113,0.170916,0.26036492,0.02466957,-0.15746707,-0.06502827,-0.09462107,0.21030542,-0.10146931,-0.16296166,-0.36931157,-0.14855748,-0.029592495,-0.2825999,-0.43618107,0.24498963,-0.2501044,-0.3273329,0.3923812,0.21219325,0.2563714,0.12630017,0.32784337,0.22085081,-0.08611006,-0.26626208,-0.32078645,-0.034924414,-0.2749984,-0.19942062,-0.038073257,0.34947008,-0.3776444,0.007431361,-0.31285828,-0.1390858,0.23246288,-0.21208367,-0.065842636,0.035255544,0.17529447,-0.13697311,0.315195,-0.111282915,0.12108828,-0.04747864,0.18522637,0.5068769,-0.06939997,-0.0040038847,-0.10800688,-0.14648688,-0.17482421,-0.004661708,-0.19424458,-0.1866586,-0.7913753,0.3462378,0.41095054,0.16218945,-0.21847051,-0.31587186,-0.39112553,0.15978992,0.31632438,0.04152178,0.21445698,0.111211695,-0.19272035,0.25236684,0.23639277,-0.24762097,0.20177642,-0.036901537,-0.06522226,0.09765211,0.08992825,0.22217138,-0.21232598,0.14139977,-0.28999287,-0.04468844,-0.028019479,0.24251156,0.002315793,-0.06546017,0.35648233,-0.107249156,-0.117788084,-0.46912387,-0.05421649,-0.2349209,-0.06268233,0.059989568,-0.27127573,-0.20574503,-0.39986476,-0.12745321,-0.23612101,0.53604794,0.3760096,0.33546034,-0.32369626,-0.04434132,-0.30079755,0.46070555,0.20777076,-0.26314646,0.092368424,-0.3706406,-0.034120835,-0.04389073,0.18491188,0.24695992,0.005080994,-0.05600016,-0.80881536,0.39053097,-0.16439775
SIM-0019-NT,0.025536677,0.5647731,-0.2985138,0.0053178496,0.12421461,0.2731154,0.000305006,0.29389557,-0.10391021,0.13587938,0.103489175,-0.022777218,0.08087503,-0.21864136,-0.074662425,-0.3217201,-0.110389985,0.2845455,0.105103545,0.07698269,-0.39972004,0.080012895,-0.015693853,0.13435394,0.34580415,-0.102230035,-0.078901455,0.22953284,-0.1508549,0.021848021,-0.49914712,-0.077013895,0.3262553,0.08385914,0.22485436,0.23907872,0.33731464,-0.086791925,0.23557018,0.56190467,-0.0065781353,-0.3299158,-0.14873862,0.11708419,-0.41542718,-0.19052117,-0.08244571,0.02746451,0.4491275,0.17195345,-0.27846572,0.96690184,-0.0041300734,-0.42010555,-0.25959527,-0.25811535,-0.3369953,0.12824067,-0.66672957,0.24556273,0.20360206,-0.11411979,0.2289282,-0.27318567,-0.21058078,0.1373874,-0.05238531,-0.15627669,-0.028383587,0.3296911,0.31999883,0.10653159,-0.08885782,0.13035321,-0.21561185,0.29223707,0.23760621,0.4828975,-0.20054421,-0.23157439,0.13783105,-0.06844058,0.24982978,0.3294275,0.42570117,0.014599575,0.22009616,-0.12923987,0.05430375,-0.01335925,-0.026693365,0.45597917,-0.33551997,-0.0012445573,0.01344263,0.1608252,-0.27429307,-0.07474629,-0.14894168,-0.56297797,0.29061952,-0.36748308,-0.4008047,0.236907,-0.08371377,-0.075071014,-0.070304975,0.2685927,-0.13795526,0.14876643,-0.28529403,0.082511276,0.22567292,0.3512741,-0.38728237,-0.07417422,0.39959085,0.23046723,-0.049752995,0.0009522691,0.074254684,-0.09324542,0.13678758,0.122627206,-0.2786952,-0.122443,-0.11352175,-0.06388066,0.06746909,0.045118522,-0.17993894,0.33506867,0.001264042,0.36590478,0.36004668,-0.2648008,-0.12258466,-0.10431634,0.07832763,0.18160225,0.036731586,-0.13772622,0.41290092,-0.10960664,0.18545714,-0.0092906505,-0.01629172,0.16843808,0.38575065,0.07624788,-0.122208424,0.37001812,0.123461135,0.04259068,0.25691867,0.08055469,0.61423814,0.0004642931,0.28741327,0.11049704,0.10967116,-0.09051923,-0.089278586,0.12415793,-0.21706532,-0.14388719,0.0038245763,0.3100932,0.02013303,0.01617283,-0.26465383,0.42392182,0.276779,0.30492622,-0.36316347,0.08788823,-0.23456366,0.19290735,0.08042305,0.12970757,-0.17915267,-0.25996113,-0.16018198,0.0769501,-0.06055733,0.06329001,-0.25599283,-0.001634007,0.34877577,0.08308399,0.09872688,0.10072754,-0.12798242,0.40793502,0.089256,0.044300232,0.17174335,0.23517346,-0.311401,0.014090778
SIM-0020-NT,0.55879533,0.41382837,-0.026600622,0.18199982,-0.08165213,0.08841608,-0.114578925,-0.11882047,-0.14796366,0.42058033,-0.12011218,0.2854427,-0.10791569,-0.13653494,0.09735136,-0.32468325,0.16616662,-0.034032453,-0.13768984,-0.19137105,0.49283403,-0.008577584,-0.01911961,0.21823788,-0.21041143,0.2835744,-0.008935493,-0.34594244,-0.13262336,-0.2737894,0.02028841,-0.19839777,-0.22592528,0.07305035,0.010983524,0.30228922,0.2912126,0.01534176,0.12491206,-0.35188192,0.17401023,0.10267538,0.2385199,-0.076556765,-0.07437851,-0.07281721,0.35864606,0.07073072,-0.37399012,0.16109534,-0.11582454,0.2711452,0.13468775,0.31011108,0.25971484,0.23434174,0.2836186,0.20376481,-0.17346059,-0.28589624,-0.20756336,0.18267371,-0.55584925,-0.0038498433,-0.06646598,0.30596113,-0.02930308,-0.09212936,0.32900378,-0.022976987,-0.06335832,-0.1223065,0.07141017,-0.08287061,-0.08196738,0.36255816,0.012223086,-0.112054236,-0.24877623,0.049628302,-0.13993716,-0.0920832,-0.21288231,0.049224827,-0.32583138,0.10286659,-0.1366181,0.17915955,0.12131576,0.02600166,0.21153572,0.38923746,0.31712365,-0.32771614,-0.15134147,-0.120735765,0.15965252,-0.13055727,-0.14037098,-0.18354398,0.07472226,0.1586691,-0.30290177,-0.12856016,-0.4737573,-0.59792167,0.12116645,0.07885658,0.04310132,0.3967445,-0.41893396,-0.52002615,-0.2808358,-0.52991,-0.15333898,0.14571486,0.07414038,0.2568791,0.09269185,-0.101010084,-0.1314904,0.1093638,-0.38254058,-0.794422,0.097555816,0.058572873,0.39232472,0.17410886,0.0772946,-0.0780326,-0.20278215,-0.0700633,0.2387835,0.11591592,0.2335577,0.026678378,-0.2248856,0.29014483,0.2675214,0.046380892,0.13899165,0.12523791,-0.11709937,-0.06502213,-0.22741829,-0.06595259,0.25771037,0.21026373,0.13961564,0.23979452,-0.09132856,-0.29332957,-0.03921911,-0.019421993,0.16893435,0.1278617,0.2526451,-0.5037269,-0.19950797,-0.022839898,0.11983845,0.5235966,-0.24432705,-0.17745851,-0.10583172,-0.18639232,-0.22205912,0.011479351,0.24591117,0.029837692,-0.21492857,-0.049054928,-0.2596477,0.245757,0.36778823,-0.3987844,0.057256594,-0.19455133,0.015719254,-0.021388877,-0.33526522,0.30220416,-0.037927367,-0.11750269,0.029077131,-0.21764936,-0.045914214,-0.45932993,-0.5892788,-0.24251917,-0.13309623,-0.43925092,-0.12436978,-0.13342987,-0.015390828,0.15353835,0.42802343,0.10706248,-0.24602838,0.16662282
SIM-0021-NT,0.3501511,-0.28006783,-0.26615587,-0.35526502,-0.14112423,0.093303904,0.37080094,0.2229184,0.09638164,0.011439439,0.09787931,0.11261114,0.32579905,-0.0052202647,0.06543688,-0.102124445,0.028350184,-0.06407607,-0.29739293,0.21831919,0.37206355,-0.009356831,0.08301335,0.21541116,-0.035831526,0.04739864,-0.05424616,-0.13737574,0.13039632,0.12813051,0.23063567,-0.0008493936,-0.2999562,0.27691558,-0.1836344,-0.1879504,-0.1329891,-0.43589813,-0.054405656,0.15483509,-0.10840806,0.3345492,0.31905085,0.2223222,-0.48373884,0.35842803,-0.059294235,0.4196028,-0.1510171,-0.034952093,0.022407169,-0.23308793,-0.40511632,-0.59940726,0.73820394,-0.41715288,-0.41370833,0.14299855,-0.35595843,-0.4023996,-0.71859187,0.07317953,-0.26751462,0.1608472,-0.01895131,0.021379879,-0.11335669,-0.06894763,-0.22370228,-0.20001931,-0.2737487,0.3784953,-0.09903133,-0.56620455,0.06469013,-0.20093516,-0.011120157,-0.06738702,0.37254396,-0.09590651,0.20401838,0.17762503,-0.34163916,0.046936512,-0.18958168,-0.3021645,-0.30118003,0.205328,0.6607568,-0.20132694,0.05393531,0.07760646,-0.13249709,0.35190082,0.5492363,-0.1494259,0.43359834,-0.13667801,-0.24256344,-0.034833387,0.21725425,-0.026055425,0.18444842,0.056643922,0.33821106,0.13266271,0.38263765,-0.21439809,-0.050864,-0.00038365024,-0.2134701,-0.25177547,0.09552737,0.1663122,0.028158935,0.26475546,-0.27582917,-0.097765215,-0.294964,0.034846492,0.12196688,0.33546036,-0.29431424,0.0931055,0.35902816,-0.2504223,-0.30906174,-0.36861673,0.15611935,-0.18136936,0.11951338,-0.054038633,0.45022574,0.1969653,-0.20095234,-0.07552279,0.1969671,-0.26715967,0.29554152,-0.06255499,0.20222747,-0.049029116,-0.13096078,-0.17187126,0.43309405,-0.0737795,0.77015156,0.037958536,-0.2126974,-0.39631686,0.3081958,-0.048432674,0.20567097,0.580569,0.16720898,0.08432474,0.30657643,0.20102888,-0.3156857,0.33316284,-0.011489253,0.38533905,0.12676156,0.29788765,-0.05615333,-0.3793266,0.14092822,0.24421297,-0.13923302,-0.050826326,-0.5535879,-0.038824305,-0.31261307,0.12930585,0.083730675,0.003800088,0.33066234,0.060241193,0.048363537,0.08040547,-0.14570266,0.24784592,-0.22909082,0.105688505,0.30467054,-0.2566185,-0.33559653,-0.26103204,0.45426396,-0.15232678,-0.30011454,0.09158886,-0.6809527,-0.23864764,0.35351872,-0.23884194,-0.06519774,0.073529616,0.073668174,-0.1331302
SIM-0022-NT,0.13659589,0.36155605,-0.2654115,-0.12110926,-0.026287427,0.17496426,0.008278669,-0.031791385,-0.38734236,-0.28326428,0.048169278,-0.12845986,-0.08552392,-0.015468399,0.58542067,-0.12437025,0.34673798,0.32845837,0.20094006,-0.21186069,0.0342952,-0.09762261,0.50360405,0.10266332,-0.053295355,0.44623005,-0.08812593,0.13790219,0.17560318,0.0868448,-0.026601596,0.20938036,-0.15748699,0.27842394,-0.07035355,0.33444878,0.2615713,0.13732927,-0.022550069,0.27566844,0.14277364,-0.8041329,-0.2044281,0.042184796,0.06993165,0.17678939,0.38721165,0.14666355,-0.5210861,0.049411457,0.3039509,0.027896976,0.050862145,-0.12356247,0.23730566,-0.08829415,0.14821412,0.107136086,0.013555064,0.12102343,0.050418124,0.31932765,0.16917987,0.25993064,-0.19097877,-0.20665476,0.015678173,0.18736427,0.13286757,-0.18781689,0.19514054,-0.15696004,0.1684627,0.071638376,-0.056280293,-0.13399442,0.03329514,0.020761855,-0.26164106,0.15051837,0.289171,0.21514425,0.07875877,-0.11248411,0.032235544,-0.032865413,0.031075297,0.2341108,-0.027004926,-0.45933262,0.19988678,0.09930167,0.03747854,-0.293594,-0.20807934,-0.17884682,-0.1459256,-0.122528754,-0.29542938,0.5379132,0.37552315,0.0692911,-0.008414347,0.45663273,0.40594125,-0.18497935,0.06191911,-0.045601133,-0.06733809,-0.041367803,-0.021416934,0.052684095,0.0541002,0.35954514,-0.20172241,0.24172989,-0.26875287,0.059211276,0.26083747,0.14225738,-0.07909301,0.071198985,0.4130723,-0.14792503,0.1416383,0.24127176,-0.09700615,0.43384272,0.5183065,0.27350757,0.2740385,-0.4321756,-0.33023095,-0.021111088,-0.16443832,0.15646948,-0.7118307,0.15485178,-0.04393525,-0.13544933,0.47664875,-0.07701667,-0.40419078,0.11424027,0.09554308,-0.04348437,0.58782303,0.052524764,0.25369775,0.080766946,0.31764162,-0.08271926,-0.26585457,0.19143477,0.0748177,0.19880559,-0.15417777,0.120047376,-0.39856872,-0.11994644,-0.17616424,0.12399007,-0.121054254,-0.3432068,-0.14206056,0.14962216,0.032770827,-0.18627079,0.20980346,0.39135176,0.22720699,-0.57687366,0.05928874,-0.035458576,-0.50893563,-0.32260367,0.19976646,0.046417575,0.020158842,-0.16252322,0.2705712,-0.3074506,-0.22198188,-0.07943921,-0.381434,-0.22041513,0.2653927,-0.21107177,0.19521905,0.15873773,-0.042108968,-0.35473353,0.015853552,-0.5277027,-0.13222553,0.060814068,0.21738547,-0.037937257,-0.15199196,-0.172005
SIM-0023-NT,-0.11707509,0.15603328,0.08752289,-0.0055044596,0.15750897,0.00013348252,-0.33371067,-0.27758107,0.15041961,-0.343496,-0.09524376,-0.02853852,-0.25833982,-0.41693524,-0.2936924,-0.4524324,0.15290785,0.09936836,-0.1899069,-0.3418383,0.29157335,0.11008655,-0.15525942,0.29678053,0.03440114,0.07950361,-0.26049343,-0.3790596,-0.39251724,0.52075833,-0.20689328,0.01629337,0.11490324,-0.0052057845,-0.03856263,-0.044137236,0.119986534,-0.25995076,-0.110134274,-0.5759343,-0.4657617,-0.3245123,0.21343671,-0.068175614,0.17435186,0.096221365,0.065024,-0.23602182,0.018734356,0.06362003,0.55016977,-0.086503014,0.18305486,-0.03096984,-0.17556272,0.21738371,0.4728961,0.06550126,-0.17075847,0.1168728,0.06985629,0.554126,0.18554239,-0.23339646,0.31867334,0.19384,0.23384906,0.11122301,0.2520751,0.11015584,-0.063594356,0.03355467,-0.028987842,0.08534656,0.019860597,-0.07864544,-0.045401867,-0.000899809,-0.44526985,0.2561078,0.08698228,-0.15287223,0.14779863,-0.12702742,-0.12703508,0.093659155,0.35765588,0.06996875,-0.19396907,-0.08795329,0.21226183,0.10106996,0.23986796,0.09836427,0.19270799,0.503249,-0.33808002,0.6017859,0.23412274,0.656243,-0.24581298,0.095612876,0.039844137,0.22088504,0.11743867,0.08943385,0.1947305,-0.026702404,-0.12895738,0.11331236,-0.12945272,-0.031382937,-0.36027735,0.013981477,-0.23216107,-0.008244313,-0.2715069,-0.00483297,0.2249265,-0.14896013,-0.23332255,0.19541024,0.22831923,0.10598026,-0.11636318,-0.15742145,-0.08287143,-0.0147910025,-0.43135673,-0.24578743,0.31271765,0.051857002,0.30674514,0.2539191,-0.078113444,-0.07433763,0.24164073,0.18966235,0.24685381,-0.003382028,0.03564497,-0.063890174,-0.01336712,-0.17141084,-0.018696394,-0.04000229,-0.11468505,0.19778697,-0.3525593,0.084359296,-0.2304226,-0.21196288,-0.19053528,0.11770969,-0.5644087,0.042175114,0.011363448,-0.24254061,0.045552753,-0.30331293,-0.010941247,-0.31274724,0.51258385,0.21535146,0.0616166,-0.23879482,-0.06888235,-0.05854791,0.060475152,0.09963752,0.05621894,0.085576735,-0.042462587,0.08561569,-0.15948352,-0.2658747,0.46197018,0.104001604,0.45152164,-0.068685316,0.6026792,0.019901115,0.28648996,0.0082133105,0.041230638,-0.028799996,-0.12320066,0.24506056,-0.0022152788,0.20760916,0.22594854,0.35358468,0.10529286,-0.3777428,-0.080051444,-0.0063003185,0.0031037587,0.32959884,0.28405678,-0.03622858
SIM-0024-NT,0.6075237,-0.08720873,-0.06692276,-0.27309957,-0.38979143,-0.29501855,0.25338626,0.1853755,-0.22088762,0.024969796,0.2016173,-0.5083429,0.44305283,0.26313424,0.20262867,0.3005203,-0.51038456,-0.054643,0.31459233,-0.0017573468,0.18566915,0.3620437,0.17590584,-0.06442732,0.14392659,-0.41775006,0.122587815,0.18740892,0.037737474,0.29038244,0.069657005,0.036738385,0.45808232,-0.23945956,0.34803346,0.3282411,0.21132383,-0.1011282,0.0856739,-0.20107317,-0.14052838,0.032860626,-0.2209049,-0.058332857,-0.2755005,0.16323116,0.4087152,0.5492297,-0.25837988,-0.21445549,-0.012493201,0.20558475,-0.022999292,0.26938668,0.16152865,-0.41345635,0.042358294,-0.28126827,-0.11284086,-0.07457171,0.2136861,0.020964004,-0.088218,0.55224305,-0.1952105,0.1000959,0.19489062,0.06998051,-0.1966648,-0.20942526,0.1829698,0.28910032,0.014678802,-0.30162162,0.030293122,0.40643597,-0.22380602,-0.05169662,0.042198863,0.2997552,-0.10470439,0.14872561,0.37544042,-0.34275624,-0.30009583,0.004235358,0.27275276,0.11086738,0.29508862,-0.39789084,0.11411248,-0.684055,0.3593827,0.32486418,-0.054474525,-0.54976827,-0.024588294,0.3067405,0.13108738,0.48985285,-0.04650884,0.5351225,-0.47805333,-0.16234003,-0.296423,0.21144342,-0.27549487,0.27904156,0.19890837,0.072389014,-0.0010981272,-0.23616466,0.17724478,-0.100611165,0.21762227,0.4000544,-0.0517284,0.35561395,0.07297076,0.1746648,-0.30505234,-0.14622219,-0.14893973,0.36194167,-0.062293205,0.18253238,0.0064328145,-0.06379806,-0.3425978,-0.45186412,-0.05927257,-0.044714756,-0.19427855,0.06168767,0.5163284,0.39864242,0.02120888,0.02988848,0.17545106,0.07683931,0.17588586,0.083937064,0.03851125,-0.14801964,0.10235871,-0.5537481,0.07796493,-0.50500596,0.078166224,-0.23290303,0.33125457,0.034110725,0.012214671,0.11325523,-0.20421019,0.29229128,0.18520898,-0.12585436,-0.25279203,-0.09338727,-0.026916469,-0.27118173,-0.11421521,-0.14788833,-0.05056089,-0.048564646,0.12202467,0.007810899,0.10051665,0.062212206,-0.048727866,0.17093076,-0.68600166,-0.08969655,-0.14266457,0.029843148,-0.15858382,0.137225,0.18133336,-0.3460005,0.05587436,-0.3202243,0.119915634,-0.116635054,-0.20105389,-0.4276121,-0.023045804,-0.28950018,-0.37088728,0.04649069,0.24231105,0.09861808,-0.35774645,-0.034195725,0.17014097,-0.034097683,0.081382945,-0.10931507,-0.09617394,-0.16490328
SIM-0025-NT,0.15300348,0.16877085,-0.13879316,0.18871596,-0.35674363,-0.042780798,-0.33841804,-0.28296462,-0.3414158,-0.16393231,0.15493777,-0.019590406,-0.1459768,-0.04337634,-0.5140733,0.1429538,-0.5619086,-0.17680974,-0.01971927,0.111385405,0.059746493,-0.012373808,0.3643723,0.5037139,0.0017637146,-0.025021436,-0.039932065,-0.15271765,0.09396442,0.31788564,-0.62254477,-0.042415317,0.3721486,0.098291576,0.103448756,-0.40022767,0.17553176,0.2522819,0.049984194,-0.16388758,0.11070488,-0.25946352,-0.29254857,0.2005335,0.2739534,-0.18565537,-0.29133254,-0.21946137,0.049412448,-0.29105034,0.32095852,-0.11622506,0.0915729,-0.1857999,0.14600585,0.16647147,-0.41945234,-0.16991583,-0.03915537,-0.13129328,0.21789512,-0.14929834,0.17871276,0.12116588,-0.026986007,0.18908742,-0.38448197,-0.0154230455,-0.19355862,-0.026729083,-0.117351525,0.0149960825,0.0023715983,0.03468858,0.044595987,0.14334016,-0.31468272,0.12734133,-0.37815857,-0.6985908,0.49311575,-0.23470986,-0.11200969,-0.46593255,-0.11361373,0.051698875,0.06069459,-0.3016949,-0.11091271,0.09218889,0.059637185,0.032063663,0.19010665,-0.02724753,0.34806222,-0.07328672,0.17362961,0.18252993,-0.40978813,0.110226095,-0.16003485,-0.25221252,-0.10610674,0.040422086,-0.3912244,0.0067209103,-0.05439424,0.25954452,-0.15838534,0.29745564,0.096699715,-0.008372853,0.31841537,0.48063323,-0.052637182,-0.18502177,0.10724614,-0.3557582,-0.3252573,0.32671818,0.14296502,-0.21454215,0.7837618,-0.34553355,0.15493073,-0.19912474,0.4452676,-0.13273206,-0.07115324,-0.4521893,0.5206615,-0.15448755,0.12004709,0.0011813748,-0.13786411,-0.55692345,-0.057075735,-0.067921035,0.07969197,0.53636706,0.16112328,0.21496537,-0.076292865,-0.32831848,-0.06981622,-0.1836217,-0.012517718,-0.123541854,-0.41942364,0.3167447,-0.03519679,-0.08250914,-0.2761949,-0.11885023,-0.21582688,-0.29849765,0.04068045,-0.11720545,0.18715057,-0.09008937,0.028697155,0.021571523,0.096202925,-0.21029012,0.22477922,-0.29500133,0.010609027,-0.3012314,-0.030182036,0.22271034,0.13886976,0.26463914,-0.075806275,0.22723126,-0.1730565,-0.11461129,0.032508533,0.21250005,-0.13683546,0.17378439,0.05779686,0.084219985,-0.21365702,-0.09617689,-0.023408275,0.08437446,-0.20185287,-0.32299414,-0.5331922,0.18645278,0.23602235,-0.5024211,0.018917702,-0.09428347,0.30425763,-0.052566044,0.13637777,-0.106309295,-0.17177361,0.19180903
SIM-0026-NT,0.2695903,-0.31722882,0.28561044,-0.2436985,-0.5830153,0.002704583,0.12679264,-0.37893274,-0.49569136,-0.123697974,-0.15714064,0.34240407,0.003023076,0.18363611,0.052422576,0.39217344,-0.22292458,-0.02198837,-0.39226764,0.20284876,0.27850586,0.21819338,-0.031170264,-0.37235937,-0.021600056,-0.16942896,0.23066325,-0.106678255,-0.112014666,0.54349583,0.19982998,0.26898378,-0.12802649,-0.27508992,0.2666992,0.3730257,-0.3216232,-0.12937264,-0.22856444,0.12035426,0.27158636,-0.09207701,-0.09280129,-0.48918566,-0.23856045,0.3768286,0.12316542,0.23157234,-0.091290444,-0.0682654,0.0046544056,0.08105973,0.34401068,-0.16818817,-0.034521922,-0.19831301,-0.49204123,0.23003486,0.43686306,0.19136508,0.0575723,0.46335968,0.114719406,0.20068705,0.035243057,0.073424734,-0.033238,0.20814508,-0.2728206,0.10481503,-0.21326134,0.12746502,0.59853166,0.17496292,0.29348087,0.22561923,-0.58144057,-0.032923546,0.111968376,-0.52222186,-0.07096668,-0.019810956,-0.30789757,-0.24242231,0.3343386,-0.89520746,0.06786717,0.29089275,-0.0067835953,0.3521565,-0.106844366,-0.22626674,-0.0023588042,-0.09538839,-0.14295584,-0.045116328,-0.19799799,-0.2094717,-0.28049675,0.10413322,-0.24974503,-0.31051227,-0.26842785,0.0514088,0.16734461,0.1877581,0.053575456,0.13388464,-0.013697237,0.11389888,0.110054284,-0.1824098,-0.26891196,0.33803883,0.031338513,0.26294738,-0.27499723,-0.10138868,-0.3441569,0.161582,-0.15362178,-0.13856961,0.48895094,0.16657014,0.16352163,-0.30052766,-0.4643867,0.2426589,-0.56009513,-0.1253943,-0.20291005,-0.23128527,-0.11023655,-0.26393035,-0.30400246,0.06377076,0.2665797,-0.43406576,0.04888826,0.13535355,0.11162823,-0.05530603,-0.14926764,0.18964645,0.08382415,-0.4735751,-0.055265654,0.013872032,-0.27343106,-0.060860872,0.122884504,-0.2068335,0.058247037,-0.247383,-0.30917025,0.15389752,0.29349956,-0.2959315,0.23825641,-0.0032556946,-0.55336225,-0.35873666,0.15206625,-0.4059873,-0.15463954,-0.020339265,0.1120049,0.046170346,0.39213952,-0.20395091,0.024650872,0.11315519,0.1781083,0.26281756,-0.108517125,0.16287063,-0.23146309,-0.019424222,0.12531191,0.2438477,0.14255604,0.022637129,-0.019870998,0.13719822,0.5473038,0.21364756,0.09538748,-0.34224254,-0.21111956,-0.081019096,0.22750528,-0.23419061,0.1606129,0.029924722,0.0887328,-0.053988576,-0.14915718,-0.24344054,0.15289856,-0.019180575
SIM-0027-NT,-0.26931024,0.05581999,0.85582465,-0.050368357,0.41352603,-0.6463206,-0.06761756,0.23869692,0.0038888399,-0.16065802,-0.006606704,0.24627736,0.53586084,0.26637655,-0.12618138,-0.058218393,-0.056359112,-0.21681197,-0.038766146,-0.06845129,-0.30013895,0.20953228,0.10523125,-0.16023651,0.036949888,-0.24113801,-0.13806269,0.17191906,0.11776146,-0.12829706,0.077865995,-0.018594095,-0.24931563,-0.04180987,0.10800819,0.0765401,-0.42315462,0.04152443,0.0063564433,-0.47456977,-0.20201004,0.12290775,0.34620064,-0.4101292,0.24482583,-0.47009325,0.34937945,-0.05966661,-0.17868066,0.08863417,-0.2406242,0.12898031,-0.030992225,-0.95250475,-0.20267832,0.047774184,0.2666175,0.08287433,0.26262695,-0.22349082,0.18191136,0.18610348,-0.40774366,0.27487886,0.08184314,-0.07036885,-0.07467203,-0.25950438,0.15770225,0.07551199,0.1457314,0.01974704,0.051446658,-0.07397513,0.2691986,0.15159208,0.043212447,-0.033642404,-0.44198793,-0.4961588,-0.09207533,0.31717277,-0.17621574,-0.16638467,-0.24308725,-0.3225969,-0.2284981,0.06965769,-0.12296017,-0.1343033,-0.15656738,0.05924897,0.09757436,-0.4672513,-0.19006377,-0.022347325,0.10972752,0.031923477,0.20571387,-0.35296243,0.10379566,0.5128239,0.011930272,0.022118485,0.1298151,-0.13633421,-0.23671304,0.01450537,-0.4135019,0.09899177,0.1411315,-0.4009579,0.04075116,-0.05411864,0.36946952,0.32746023,0.21040474,0.30267033,-0.09130588,0.064986244,-0.06311337,-0.24928953,0.020666413,-0.020811137,-0.050580356,-0.014810051,0.015199913,0.22197078,-0.14611891,-0.3199083,0.16950022,0.21414496,0.08948828,-0.2846979,-0.03287232,0.07126139,-0.26708576,-0.19111346,-0.036643576,0.29573604,0.056290634,-0.14313275,-0.050416432,-0.16656882,-0.103002064,0.18056735,-0.4799994,0.32873616,0.54729563,0.04064081,-0.207769,0.29080835,0.069486365,-0.13149075,-0.242973,-0.101459354,0.048145324,0.22387657,0.07104883,0.11352922,-0.08343545,0.21373214,-0.051680297,0.45949802,-0.1631939,0.09874862,0.5473475,0.26048872,0.18635383,0.07420789,0.013208612,-0.043466505,-0.14045152,-0.3839319,0.1601543,-0.3845072,0.16284645,-0.07731226,-0.2388683,0.35142133,-0.3622739,-0.16653407,-0.14316308,0.037393536,-0.15316994,0.3654288,-0.34282377,1.0213544,-0.26469317,0.7389674,0.27326038,-0.027572555,0.056657404,-0.094690345,0.086764276,-0.18425295,0.17724776,0.045499362,-0.2473779,0.106786735
SIM-0028-NT,0.09135533,-0.17928383,-0.10692649,0.12812147,0.27268454,-0.035563275,0.23266381,0.29176533,0.3258163,0.104246005,-0.22543724,0.2228243,-0.047849964,0.12662628,-0.1572511,-0.15004265,-0.17534825,-0.33124357,-0.14668693,-0.2582402,0.14156653,-0.26621962,-0.16735776,0.00079526275,0.4531064,-0.1730262,-0.34555548,-0.32796487,-0.21515983,-0.16420792,0.57615125,0.24168617,-0.07875446,0.46321332,-0.1531452,-0.102813385,-0.117809296,0.25671196,-0.017493347,0.37683147,0.10850083,0.2272439,-0.4540322,-0.42478612,-0.41655862,-0.10702744,-0.3847119,0.3100798,-0.049797468,0.1538354,-0.12306786,0.20620039,-0.49127203,-0.012222632,0.12517998,0.14625064,-0.079419956,-0.42774957,0.25282365,-0.09806835,-0.07634613,0.5548023,0.024150215,-0.129728,-0.1447042,0.16129273,-0.20521851,0.12792635,0.2753357,-0.022073902,0.24695684,-0.017210757,-0.17186372,-0.41614422,0.06877759,0.074021146,0.24532928,0.22123928,0.51684135,-0.14525777,0.088976994,-0.17190276,0.23251618,-0.23172662,0.22842695,-0.18413445,0.19162804,0.30161634,-0.38852447,-0.33679837,0.058727026,0.032113764,-0.073041104,-0.11906522,-0.21379957,0.08276702,-0.2411057,0.09152492,-0.14359494,-0.105671525,0.30394468,0.23862086,-0.24922484,-0.21823007,0.19445819,-0.3584641,0.36349937,0.03378823,-0.14455386,0.002623848,0.34027112,-0.5327812,0.2565762,0.29863682,-0.08022547,-0.017895726,0.03411197,0.1833829,-0.18243283,-0.003628055,-0.024970928,0.16971137,0.6688553,-0.18346865,0.019708993,-0.19020122,-0.12220861,-0.26898932,-0.3826202,0.29571337,0.08901935,0.023219133,-0.21848856,-0.018741228,-0.28908932,-0.006814461,0.08343273,-0.1356251,-0.18920209,-0.12307562,0.20370468,0.050406117,-0.40172884,0.18086536,0.13581388,0.046774223,0.41140386,0.0059582265,0.10768569,0.11735394,0.21935384,-0.055716265,-0.16121022,0.2432678,0.23033504,0.31870857,0.10389219,-0.412189,0.0410204,0.008422728,0.3073625,0.2646081,0.15320225,-0.5182488,-0.20620434,-0.09107079,-0.08534217,0.041718666,0.37005123,0.1948143,-0.22974984,-0.20716733,-0.2297483,-0.029210301,0.20138739,0.24100453,-0.0940539,-0.0075352285,0.4185452,-0.37121388,0.15949066,0.13248767,-0.07416126,-0.0046119234,0.10505497,-0.07363849,-0.1594014,-0.17822902,0.4655419,-0.11007343,0.05033782,0.19631311,-0.052874066,0.008947457,0.12568626,-0.211983,-0.38411325,-0.18265104,0.43211693,-0.1437897
SIM-0029-NT,0.032662254,-0.3314528,0.33553603,-0.07527133,-0.11373599,-0.03335809,0.62825936,0.11038196,-0.03919845,-0.72070426,0.3382488,-0.17372255,-0.21316281,-0.19081192,0.36625594,-0.010540806,-0.38051546,-0.051033642,-0.20788407,0.08988528,-0.096604496,-0.39232397,-0.020622205,-0.014198867,-0.31337315,-0.49001798,0.07065359,-0.07016071,-0.053795207,0.18645804,-0.48467043,0.015075673,0.1656445,-0.045661923,-0.35403767,-0.16520754,-0.11286614,-0.39474463,0.09284356,0.0008008068,-0.16073263,0.24638098,-0.13049603,0.36997616,-0.06723211,-0.23863538,-0.23108836,0.022770226,-0.26762134,0.036100242,-0.100129865,-0.10586274,-0.010407614,0.25117096,-0.1357485,0.04603228,0.1110748,-0.30246088,0.13069053,0.20384498,0.24153587,-0.2771875,-0.25971618,-0.013587277,-0.027811378,0.004828462,-0.08915259,0.046457566,-0.63851863,0.16452019,0.36797145,-0.13826272,0.050589,0.42016727,0.008365959,0.07635649,0.46042538,0.50910705,-0.26519135,-0.10287331,0.22339728,0.12427875,0.17651045,-0.6553911,-0.4884696,0.44605377,0.19346842,0.08841046,-0.31057245,-0.10374701,0.14241304,-0.34577048,-0.1763135,0.09385017,0.14743564,-0.13076213,0.24556696,0.23744436,-0.44818833,0.40949148,0.29160395,0.05164218,-0.03432492,0.1973358,0.1334297,-0.06788817,0.40156776,-0.52617544,-0.16622317,0.11194462,-0.013026,0.17489761,-0.34866,-0.06361057,0.2875921,-0.37342665,-0.060117,-0.13270463,0.090840854,0.098273575,0.024274718,-0.07246353,0.015816914,-0.041162618,-0.008115707,0.36424178,-0.3005645,0.08541411,-0.23552819,0.48874798,0.022269586,-0.3169683,-0.057978347,-0.3647294,-0.15830787,0.15393807,0.34030938,0.2701715,-0.026219113,0.1425139,0.20212659,0.5624317,-0.15099382,0.37734777,-0.2730097,0.29498425,-0.15516375,-0.17093281,-0.071162395,-0.19399841,0.10651376,0.3066354,-0.5278904,-0.043650597,-0.2716404,0.2262706,0.3551007,-0.04366058,-0.17582604,-0.403801,0.48719752,0.32973257,-0.49462706,0.16386853,-0.2780338,-0.12713166,-0.31211895,-0.500199,-0.011396523,0.4738531,-0.2315089,0.22282946,0.26207337,0.18043748,0.49911433,0.23880178,0.45116374,-0.28676662,0.1863395,0.37772483,-0.19300063,-0.8715404,-0.31683403,-0.1811923,0.14029545,-0.14160872,0.00078006554,-0.15108329,-0.032135524,-0.016556159,-0.15809432,0.20531355,0.34507877,-0.2872177,0.054329,-0.3573824,-0.43818122,0.25913548,0.50185144,-0.08209126
SIM-0030-NT,0.4583243,-0.16205007,-0.058621008,0.4169339,-0.228166,0.22916977,-0.087069385,-0.18017636,-0.12720113,-0.54207486,0.31527242,0.05657505,-0.036999837,-0.1732358,0.07794401,0.22086273,-0.06863622,0.24089745,0.0687749,-0.023345016,0.22809069,-0.1269788,-0.31288305,-0.013272331,0.008819687,-0.055580564,0.2974737,0.12512311,-0.028765928,-0.0013773498,0.02015738,0.13151318,0.013133592,-0.038615614,-0.333551,-0.17744896,0.069250405,0.04700108,-0.37133282,-0.1404793,-0.23243827,0.34115845,0.06278329,0.10758697,-0.016680144,-0.15658173,-0.111359976,0.123180896,-0.06502432,0.12577151,0.035743296,0.07388641,0.0866393,-0.13153884,-0.0777301,0.22721168,0.45659018,0.22949806,-0.6972326,-0.18949945,0.0286792,-0.2745543,-0.28627184,-0.104679205,0.08633068,0.15438415,-0.09183668,-0.11103125,-0.21092045,0.12677422,0.10997245,0.22676139,0.03243814,-0.3278012,-0.08722223,0.2142299,-0.43386993,-0.021207066,0.07128761,0.50092185,-0.15027863,-0.030419232,0.42190045,-0.14708067,0.26867643,0.09816516,-0.055253055,0.11290428,-0.03687797,0.56445354,-0.51638913,-0.07061664,-0.06328906,-0.033498175,0.27010617,-0.11175921,0.12301003,0.057866633,0.20961912,-0.034295637,0.08055184,-0.030859932,-0.2465134,0.3997591,-0.19054598,-0.11962194,-0.21420556,0.10050536,-0.11954016,0.37881052,0.13348766,-0.069211446,-0.22743763,-0.027676689,0.13000762,-0.011471177,-0.035088662,-0.25511745,0.5607868,-0.050277807,-0.34362936,-0.2687617,-0.08602568,0.48619395,-0.042600635,-0.09370044,0.21117307,0.2294212,0.16477191,0.049968984,-0.27608407,-0.18775418,-0.39773196,-0.05599071,-0.106165,-0.13211171,0.06981575,-0.16429752,-0.08511628,-0.12158307,-0.007962453,0.09115933,-0.33613327,0.11330387,0.06606313,0.10465656,0.03330783,0.09039099,-0.10391652,0.11084203,0.28614172,-0.12384521,-0.11477367,0.15762627,-0.13850196,-0.17980954,0.10554299,-0.10761688,0.3054366,-0.116552874,-0.20477888,-0.0011964372,0.10885758,0.08007927,0.13472818,-0.13828902,0.28387335,-0.41383705,-0.19521412,0.009591896,-0.17427954,-0.07742498,-0.24541494,-0.052039195,0.11576931,-0.13388754,-0.21974185,-0.11522958,0.27596688,0.27389336,-0.11952749,0.12707174,-0.004583631,0.32101214,0.047891572,-0.050388545,0.39996934,-0.23095028,0.07980105,0.34151813,0.16654006,-0.1907103,-0.20416738,-0.352122,0.3707304,-0.28322333,0.17835037,-0.35662785,0.63927275,-0.3382243
SIM-0031-NT,0.010630429,0.30301502,-0.17576823,0.1409428,-0.070458,0.09704793,0.27019247,-0.10709252,0.37422758,0.08810724,0.48711646,-0.20798658,-0.16051917,-0.058066577,-0.3031632,0.2314709,-0.018959964,-0.28653106,-0.20569809,-0.21749115,0.23091488,0.11429407,-0.033141423,-0.09132463,-0.05968262,0.44527844,-0.05847534,0.21438697,-0.082327574,0.42062446,-0.30479795,0.20175765,-0.18984836,0.55332464,0.17433664,-0.4259482,-0.23286647,0.17128807,0.16444798,0.14578125,0.03914611,-0.07973058,0.27168682,-0.21603917,0.013358354,-0.15503547,-0.17497984,-0.114749976,-0.18381575,0.13742836,-0.3690255,0.10775436,-0.15856661,0.0075971144,-0.04171112,-0.12480537,0.30328086,-0.092720576,0.17587559,0.17909685,-0.068146035,-0.31447244,-0.22053635,0.31969956,0.12313768,0.034713864,-0.14175686,0.43295547,-0.21702692,0.034927275,0.12545173,-0.32642657,-0.18961999,-0.11438634,0.21547756,-0.109459795,-0.35904735,-0.38307068,-0.19174983,-0.37252712,0.19216087,0.20196009,0.0017637424,-0.06577874,0.18539913,0.17504492,-0.2466699,-0.21212833,0.17663606,0.067638814,0.15205881,-0.22348095,-0.18791504,0.11597221,-0.17048979,-0.37998497,-0.16670287,-0.051284615,0.42533726,-0.20961158,-0.015421523,0.51073194,-0.27335185,0.1651224,-0.17774408,0.100423284,0.58366054,0.1978875,0.037964713,-0.23778082,-0.0438552,-0.1413394,-0.36263868,-0.53222996,-0.20761655,-0.007886692,0.2798296,-0.1845473,0.04790367,-0.4252982,-0.20010054,-0.6118324,0.55853105,0.049498048,0.041602857,0.13380492,0.6330893,-0.10881854,-0.2451936,0.50004536,-0.3077215,0.3245318,-0.018454893,0.1083368,-0.35917827,0.64839417,-0.095557645,-0.17533827,0.13709271,-0.16124102,0.10611496,-0.31524542,0.036402084,-0.15079138,-0.19582914,-0.23533128,0.22146596,-0.0875994,-0.045971394,0.10676647,0.28503934,-0.23081341,0.055160638,-0.22741345,-0.05212855,0.26627174,-0.58651334,-0.23071975,-0.05783142,0.09515586,0.30493808,-0.42432022,0.35386992,0.13019778,-0.06015703,-0.36725885,-0.14310911,0.25629824,0.00660602,-0.045201723,-0.24287018,0.18365932,-0.037427425,-0.059155542,-0.023808645,-0.16131228,-0.20382468,-0.37988147,-0.1548677,-0.45004013,0.1214253,-0.16690841,-0.09807536,-0.009283663,-0.2005479,-0.29375097,0.055456582,0.47225252,0.2275342,0.31996754,-0.3246092,-0.047865745,-0.049500976,0.35710612,0.22920664,-0.04103423,-0.5720906,-0.28970182,0.15823697,-0.0801848
SIM-0032-NT,-0.027552567,0.153408,0.28295192,-0.19470641,0.14791356,0.40286264,0.3569934,-0.13270442,0.07371904,0.18768787,0.0050376,-0.062298264,-0.43261477,-0.21626914,-0.17383194,-0.3153441,0.027374623,0.2166395,-0.10480632,-0.55092585,-0.029593233,0.068496644,0.051591814,-0.18028606,-0.30124855,0.22159992,0.087932125,-0.17030816,-0.37529603,0.055651687,-0.22438635,0.09567305,0.03945911,0.5192271,-0.019475568,0.5001897,0.020478204,-0.16673169,-0.26387048,-0.21925732,0.10726998,0.032289922,-0.45965993,0.25504094,0.36922663,-0.4621973,0.25300616,0.4207732,-0.44901562,-0.11681535,-0.2123865,0.24347416,-0.10367211,-0.1136406,0.10531652,0.38990483,-0.015411308,-0.11768347,-0.071088225,0.16453612,-0.33284572,-0.004109569,-0.23443401,-0.3007494,-0.48616967,-0.1287477,0.26968205,-0.4958453,0.13567963,-0.16220881,-0.26584873,0.08596891,0.32764176,0.3744983,0.0709248,-0.017571133,0.09788832,0.6192406,-0.07316999,0.28373432,-0.14809316,-0.20765725,0.4422251,0.0006643326,0.056141622,0.13673699,-0.22316222,-0.10956829,-0.16051172,0.08304448,0.0916588,-0.15012795,0.50694156,-0.0068446468,0.02569543,0.33587316,-0.218732,-0.13021795,0.07137614,-0.36891353,-0.05936321,0.5127192,0.45724654,0.22430408,0.29568812,0.12334524,-0.10787879,0.4108942,-0.23720612,0.24211544,-0.12729728,-0.11224354,0.13466522,0.50849396,0.3571653,0.084690206,0.01571815,0.19536904,0.34129092,-0.44013938,-0.031752497,-0.26310846,-0.054669995,-0.31447616,-0.45151708,-0.32981282,-0.138377,0.14663628,-0.20347491,-0.21642616,0.098929144,0.07169723,0.4255465,0.23367156,-0.25647488,-0.16764177,0.18662007,-0.22163773,-0.08108513,-0.42761275,-0.3266558,0.3148452,0.041798215,-0.15725234,-0.12212524,0.428825,-0.16420373,0.11834154,0.21786499,0.36124268,-0.21276575,-0.3498607,-0.27591848,0.18275766,0.49797633,0.19144818,-0.16487412,0.29695642,-0.11727409,-0.20792659,-0.08285777,-0.14528084,-0.17547418,0.30543938,-0.12894358,-0.39682257,0.1464676,-0.23865819,-0.23059894,0.17531003,-0.18135694,-0.11321183,0.010543998,-0.07158552,-0.10730437,-0.5857353,-0.0432157,0.40336367,0.15741101,-0.09387532,0.117544994,0.15684026,-0.21051523,0.31429368,0.040768627,-0.07808243,0.39760926,-0.5170827,-0.29395235,0.16040061,0.16852099,0.41169748,-0.5639954,0.21467479,-0.31133726,0.10472495,-0.016254233,0.212475,-0.058843553,0.25275397
SIM-0033-NT,-0.20702106,-0.02036104,0.048196264,0.41917533,0.20823719,0.05109001,0.15995157,0.27153873,0.093634166,-0.25631085,0.15709378,-0.0070785927,-0.0882473,-0.19630949,0.14483306,0.1280002,-0.23889151,-0.27652812,0.4729059,0.21515694,0.021680903,0.15156129,-0.1169333,-0.04309933,0.0053670234,0.2410757,-0.3533316,-0.25506455,-0.3061854,0.2132794,-0.025228417,-0.22909437,-0.055380218,-0.15795134,-0.35863364,0.31508774,-0.037335772,0.3208623,-0.36219466,0.1260689,-0.36062616,0.6113454,-0.43236452,0.4490023,-0.004956073,-0.04568575,0.14733522,-0.23450582,0.19627702,0.21458474,0.002977987,0.062513046,0.4824113,0.16279444,-0.19555141,0.18763325,-0.13448349,-0.18288781,0.12816194,-0.25234005,0.0115985805,0.16843808,0.4774276,0.15958357,-0.36749214,-0.32844695,0.4315862,-0.15856352,-0.37911636,-0.2511923,0.1985326,0.028209938,0.16183364,-0.00825142,-0.27571338,-0.44681242,-0.20864682,0.030441925,-0.29588792,0.24572551,-0.2500171,-0.41299257,0.00016543496,0.1901806,0.37314013,-0.4029493,0.35592246,0.04633332,-0.15525109,0.17020318,0.33884624,-0.41976717,-0.107732974,-0.13616876,0.15649703,0.36500737,0.018350001,-0.073047146,0.11134021,-0.05861924,-0.54238755,0.12925687,0.24641895,0.26842412,-0.2889986,0.15178953,0.38319185,0.63265425,0.11973308,0.24596524,-0.24815618,-0.28084987,0.24683292,-0.5089712,0.038837157,0.35764974,0.17814657,0.17651734,-0.012367729,-0.1024717,0.53869385,0.30841103,0.21156423,0.0069614253,-0.14602984,0.26990882,-0.07672078,0.019676492,0.15392312,0.05236665,0.38749865,-0.32998896,0.016834144,0.5345161,0.22426336,-0.049261037,0.1997052,-0.011934503,0.36659288,0.20531327,-0.21662916,0.059590425,0.10465642,0.117027126,0.07968736,0.14118618,0.10475635,-0.18029696,-0.11411872,-0.06354156,0.023882657,-0.06272515,0.2757201,-0.24003205,-0.4336572,0.49171105,-0.20437576,0.27509436,0.15214743,-0.1955656,-0.033242684,-0.07048851,0.08909498,-0.19185682,-0.044129077,-0.009312989,0.2754552,-0.10277829,-0.24391322,-0.13617857,0.09175733,-0.44289735,0.2993288,0.0049128747,0.10830402,0.05479609,-0.16684045,-0.2705497,-0.1751197,-0.37650737,0.087063245,-0.040688314,-0.38358057,-0.15412648,0.1630339,0.32325572,-0.32097092,0.5403472,-0.23985334,-0.42619073,0.43936414,-0.26020902,0.3809582,-0.16622402,-0.07327614,-0.3262783,0.31935972,0.2850182,-0.16512239,-0.018721625
SIM-0034-NT,0.1655232,-0.11785351,0.34105527,-0.026462868,-0.12987003,-0.39570877,-0.32342818,0.14713734,0.058861956,0.20392749,-0.14071205,-0.410326,-0.124078095,0.5094811,-0.24120608,-0.009106983,-0.6033923,-0.12996852,-0.103483826,0.082961604,-0.079486795,-0.37964582,-0.16597691,-0.050993145,-0.24904187,-0.21271585,0.2512956,-0.15621948,0.10998877,-0.044240057,-0.30749115,-0.08324129,0.07274644,0.43419537,-0.193061,-0.021311803,0.2272707,0.31513095,-0.16222836,-0.038948182,0.27817398,0.12786277,0.25836104,0.29285574,0.13843058,0.03588668,-0.1677437,-0.061053377,-0.04446524,0.29974893,0.04408551,0.046452582,-0.24850896,0.30112043,-0.19183336,-0.07118091,0.3273518,0.22165209,-0.2124444,-0.26970607,-0.050932568,-0.14410235,-0.36685234,-0.18832354,-0.6870118,0.22599372,0.21025927,0.3524229,0.08830987,-0.11207515,0.25585076,-0.17536552,-0.33163133,-0.036806773,0.10276208,-0.2029901,-0.2618768,-0.1042109,0.10297714,-0.036357336,0.6591243,-0.034017485,0.18766132,-0.3621878,0.14672321,-0.11558747,-0.0023050557,0.421701,-0.09306616,-0.32700396,-0.28802568,0.04322328,0.029665755,0.01927442,-0.32138142,0.50658756,0.36612764,0.032580927,-0.38028204,0.39611384,0.28420576,0.025703657,0.29969218,-0.12358057,-0.24006493,0.039342184,-0.38818553,-0.2775328,0.13596863,0.05999574,-0.34541547,-0.10224907,-0.33451724,-0.12214218,-0.14946958,0.24805741,-0.03919919,-0.060813952,-0.098108605,-0.43015575,-0.024660395,0.12070727,0.0578987,0.17315322,0.18532284,0.5495217,-0.2821841,0.05868048,0.0866963,-0.079949334,-0.15812393,0.12469292,0.10069884,-0.26326936,-0.4493993,-0.12290016,-0.1683583,0.15068224,-0.23099515,-0.04440392,-0.4267276,-0.38787216,-0.19237152,-0.062632844,-0.20495413,0.035683755,-0.42531604,-0.053757593,-0.05086514,-0.36196187,0.057096984,-0.54225653,-0.17130113,0.1968722,-0.5562645,0.16775319,-0.29148594,-0.1476118,0.35164,-0.1567332,0.40344182,-0.076316684,-0.021153545,0.21056494,0.13601685,0.038523283,-0.115831025,-0.38771656,-0.37554595,0.3282908,0.42485958,0.03239447,-0.44342282,-0.19306897,-0.20547344,-0.13894476,-0.22117475,0.13014872,0.061848376,0.3950157,-0.097288355,0.050045576,0.18528207,0.25541788,-0.30872628,0.10121099,0.036664583,0.07569909,0.014909143,0.42821795,-0.22270964,-0.23750088,-0.20524323,-0.07254965,0.073329255,-0.11403557,0.25157803,-0.00087546866,-0.024094023,-0.3325605
SIM-0035-NT,0.4552725,-0.011862893,0.40927625,-0.1555661,0.2076558,-0.14065573,0.45476052,0.2801929,0.2123845,-0.1811789,0.47666502,0.5094941,-0.0949107,0.040415723,0.23170288,-0.4930448,0.28646755,0.2559185,-0.140786,-0.54807866,0.083295606,-0.28341556,-0.39705107,0.09267719,0.32948908,-0.054732937,0.29628482,0.16603367,-0.34329748,-0.13853063,0.26981705,-0.14056571,0.20477667,-0.10253732,0.18031381,0.10727612,-0.062073037,0.17326376,-0.5399684,-0.27141768,-0.11590705,0.29317558,-0.3615435,-0.00867225,0.07935813,0.0618856,-0.024646837,-0.15514597,-0.06166764,0.24369133,-0.17207597,-0.5398353,0.11654348,0.37396023,-0.26280424,0.3401877,0.13016683,-0.28909132,-0.1759325,-0.1868841,0.042257614,-0.045320556,0.27639204,0.21234299,-0.38632244,-0.3547401,0.15356937,-0.12885828,-0.043718945,0.1366396,0.2146182,-0.30834612,-0.55540234,-0.028286643,-0.21371046,0.016562609,-0.022152806,-0.24385266,0.5217158,0.004250329,-0.14343879,0.025358442,0.13246962,-0.15813471,0.58006406,-0.38064587,-0.36326477,-0.39983353,0.00097279897,0.11823871,-0.082614474,0.117493816,0.11413929,-0.09019088,0.1068505,-0.049111515,-0.10225595,-0.12462725,0.05826124,0.30444777,-0.30125788,-0.12007479,0.04066664,0.43921494,0.10792295,-0.20317625,-0.2309744,0.24627377,-0.07840793,-0.3077275,0.2534507,0.07704615,-0.29853684,-0.33508188,-0.54190964,-0.15559424,0.07614486,0.24013841,0.10623577,-0.32620692,-0.07092649,0.35734382,-0.12802652,0.19221756,0.16133687,0.18995424,0.10779871,0.1891835,-0.3703881,0.37883264,-0.45164463,0.07795157,-0.012113278,-0.15640813,-0.24379006,0.13743742,0.2003345,-0.025768617,-0.07231231,0.32035697,-0.10542712,-0.0105454605,-0.050901685,0.6176984,-0.2099943,0.20785743,-0.42483762,-0.23948157,-0.07730265,-0.03273971,-0.06860561,-0.02485215,-0.17225689,0.32189292,-0.25010553,0.18611385,0.16940533,-0.23695956,-0.09174852,-0.00062134,0.4188541,-0.092293605,0.90590733,0.19196911,0.08587486,0.22105324,-0.42964515,0.2929693,-0.330704,0.21741483,-0.14813232,-0.19981688,0.44312742,-0.024914134,-0.38276413,0.24369651,-0.30516317,0.340187,-0.0040519633,-0.31845695,0.20533343,0.13029774,-0.53084046,-0.015853956,0.074713886,0.06013199,-0.04618355,0.18624537,0.14223531,0.00778623,-0.059089974,0.03702933,-0.15092464,-0.2556253,-0.28095046,-0.025003158,-0.21443337,-0.039700046,0.33252382,-0.051766116
SIM-0036-NT,0.03454207,-0.057177313,0.3266267,0.414448,-0.11738254,0.1819497,0.52278686,-0.2901588,0.24508111,-0.43518022,0.0074061076,-0.035020355,-0.42675352,0.27230737,0.036908865,-0.23181286,0.08214527,0.22595866,-0.4421948,-0.7870779,-0.010497299,-0.19207193,0.33462182,-0.092604764,0.0773594,-0.046744693,-0.3864885,0.007629397,-0.33154824,-0.34378144,-0.27439454,-0.29633147,-0.05261521,-0.09799807,0.07103533,-0.39354634,-0.062923305,-0.12033339,0.05035059,0.06234,0.039070178,-0.2475678,0.0061726375,-0.12830065,0.32855007,0.027579457,0.019844843,-0.3202239,-0.14760055,0.06469867,-0.019682458,-0.022380268,-0.43842572,-0.2035186,-0.06873036,0.30042058,-0.4727691,-0.2610211,-0.47455314,0.0813521,0.2965393,0.09012997,0.14430472,-0.25800887,0.09235777,-0.19311681,0.014936956,0.12560563,-0.072981946,0.20504116,-0.04089801,0.068406574,0.472743,0.12437208,-0.18734643,-0.12011896,0.21827482,0.26067656,-0.0091141565,-0.38177025,-0.23756337,0.045186263,0.14509456,0.25119275,-0.50804776,0.21786746,0.35675186,-0.59838957,-0.0013275474,0.18944414,-0.35285598,-0.12485248,0.14005196,-0.1306817,-0.090907596,0.05520178,-0.29244983,-0.26672354,0.1170994,0.23723528,0.099630125,0.34030882,0.1049194,0.46175805,0.016447391,0.06317361,0.10080069,-0.15700847,-0.19401705,-0.22502112,-0.13893272,0.5176884,0.45536986,-0.081982,-0.1051331,-0.5367134,-0.24856515,-0.20233421,-0.109921075,-0.1424205,0.05368971,0.19373721,-0.18194911,0.35923153,0.08641673,0.22207004,-0.10988671,0.13661504,0.11337761,0.36689633,0.16317323,0.21342713,-0.13225277,0.29898077,-0.31903854,-0.14325997,0.0703253,-0.28817657,-0.23079482,-0.23066986,0.09466608,-0.039738446,0.24093303,0.47014758,0.067609325,-0.1278695,0.092083275,-0.22392626,-0.015916068,0.6155629,-0.05077406,0.0756627,-0.0403815,-0.10239557,0.12022552,-0.3177273,-0.041546773,-0.33936194,0.3861185,0.24680181,-0.1920429,-0.46395794,0.122592196,-0.010929255,0.56094253,0.3504337,0.15878725,-0.13205963,-0.065398626,0.07552722,0.08875823,-0.17691676,-0.34101516,0.48205674,0.0084646605,0.10604737,-0.21435878,0.34154934,0.26001993,0.015119002,0.052528206,0.071245916,0.024546012,0.13947639,0.094146505,-0.043975666,-0.29214466,-0.006334742,0.18756488,0.16803956,0.32810354,0.3545585,0.1754061,0.0468606,0.08587589,-0.14359319,0.19981924,0.33091864,0.2604069,0.1390901
SIM-0037-NT,-0.060163483,-0.088993005,-0.03994621,-0.1825418,0.06866859,-0.69912785,-0.13469721,0.017036315,0.6254142,0.001106593,0.010319,-0.20838247,0.42988402,-0.20334749,0.50819963,-0.18498558,0.2354077,-0.014174382,-0.14059436,0.25239745,0.33212498,-0.04638235,-0.006046335,-0.10315202,0.056013957,-0.27366558,-0.6733461,-0.46755704,-0.055265453,-0.26747054,-0.029397395,-0.12812008,-0.17659226,-0.16221109,0.24180087,0.05881996,0.39123738,0.025815085,-0.47748762,-0.2609504,0.02878181,0.060494553,-0.14649744,-0.19893482,-0.15199353,-0.03611458,-0.012253277,-0.27446908,0.061563447,0.05925693,-0.02748718,-0.17274792,0.16789313,0.3309053,-0.11205963,-0.15712379,0.11647949,-0.29264614,-0.319141,-0.16221055,0.077370934,-0.22011055,-0.004688194,-0.5023337,0.15419808,0.36011404,-0.2274675,0.11102575,-0.052014146,0.026542049,-0.06147316,-0.075876094,-0.20828372,-0.27321804,0.27484706,-0.41976467,-0.0046712197,-0.016029855,-0.011731371,0.1662167,-0.09268461,0.16325031,0.49646938,-0.038052928,-0.50799465,-0.035636608,-0.060188223,0.10050421,-0.49851727,0.08112432,-0.10535634,0.200684,-0.12961379,0.21699628,-0.37768206,0.0044457787,-0.24295767,-0.12202815,0.68002164,-0.2373924,-0.09314885,-0.28593537,-0.076748855,-0.03749021,-0.18364309,0.39409143,0.28879228,-0.2367021,0.20417696,-0.120022275,-0.3073278,-0.17946362,-0.31399137,0.23529701,-0.2190984,0.32203326,0.035218127,-0.10089384,-0.12552434,0.4381606,0.0025766478,-0.1260843,0.21336046,0.14638701,-0.24702314,0.0013115777,-0.45217305,-0.008362842,0.078551106,0.11196626,-0.24986765,-0.1846376,0.061848592,0.31262067,0.023016144,-0.13952681,0.24255595,0.032272678,0.04468361,0.19942851,-0.024075741,-0.23335642,-0.038646277,0.27803433,0.47316837,-0.30468428,0.40931255,-0.09172604,0.005114453,0.42496735,-0.10242595,-0.06859923,-0.16069709,0.009468221,0.07794035,-0.1717688,0.36259013,-0.1868319,0.124599196,0.006636337,0.3109306,-0.20098278,0.14313322,0.60527,-0.3604036,-0.22514653,0.5209932,-0.033541404,0.028398272,-0.08306631,0.41354594,-0.40339965,0.3092584,-0.3693769,-0.39173722,-0.27174318,-0.031959258,-0.17857967,-0.19340569,-0.2318967,-0.22757278,-0.23321065,0.058715355,-0.15897632,-0.6662997,-0.00932324,0.1873544,-0.06970371,-0.3151975,0.18625824,-0.34313586,-0.08029406,-0.0054648775,0.2697894,0.14443374,0.05960871,0.2326489,-0.28950068,0.3949928,-0.76625913
SIM-0038-NT,0.35694233,-0.21031414,0.09504479,0.36211586,0.14023614,0.09310466,0.21658191,-0.3699849,-0.3324866,0.06783932,-0.04940195,-0.07820247,0.30955002,0.28787026,-0.23018378,0.110605024,-0.3910803,-0.3970936,-0.22321184,-0.013242803,-0.16326448,0.112803705,-0.003833166,0.27852225,0.13640963,-0.25963256,0.22515614,-0.21548846,0.10286744,-0.123072125,0.33102012,0.1827963,-0.17315511,-0.09650349,0.81732833,-0.31523794,-0.17997806,-0.16775402,-0.28973314,-0.2634634,-0.027166324,0.11913324,-0.39828625,-0.12535997,-0.20099679,-0.29262128,0.24894679,-0.19125363,-0.3424732,0.22003731,0.31281015,0.059413996,-0.23521233,-0.06941582,-0.16375907,-0.012347822,0.17897752,-0.0063069286,-0.0008818758,-0.12827112,0.16621628,0.09207152,-0.4595473,-0.4453713,-0.0829113,0.2426681,0.29166198,0.19073719,-0.03766691,0.36622548,-0.18062384,-0.0852556,-0.3552334,-0.086334154,-0.21543029,0.3844677,0.33525014,0.015819918,0.11673641,-0.1510512,-0.63416284,-0.19061613,0.1869907,0.10953923,-0.09801776,0.18487564,-0.117706776,-0.285403,0.18489799,-0.15295541,0.256653,-0.49941647,-0.14238587,0.14929412,0.123466246,-0.0552855,0.07183042,0.03503977,-0.37225917,-0.0909053,0.056847744,0.12655455,-0.016280474,-0.13799019,-0.33362427,0.18819517,0.16071193,0.24680845,-0.2695927,0.030503033,-0.17306657,0.011612228,0.72666556,0.22591153,-0.1889094,-0.06315712,-0.090520404,0.030977046,-0.38098678,0.080925524,-0.52940315,-0.41817626,0.50041866,-0.09019024,0.35656145,-0.20254081,-0.52537674,-0.26267007,0.67199993,-0.35267043,0.4441216,0.08630347,0.02995878,-0.18714927,-0.22530319,0.14102364,0.32981893,0.0490727,0.18489215,-0.10639745,0.5432712,0.059646677,0.5083002,-0.24130064,-0.011252675,0.26787385,0.035503548,0.12943421,-0.2444447,-0.101373374,-0.21883066,-0.021381797,-0.04710003,-0.13226023,0.1580866,-0.2662932,-0.53729796,-0.14289305,0.5381008,0.12747452,-0.21156034,0.11125886,-0.033536933,0.096906595,0.22018334,0.04837836,0.030136991,0.37162542,0.13491684,0.048709605,0.010553505,-0.1414746,-0.3113841,0.16759981,0.31914687,0.1069585,0.14148347,-0.22177392,-0.14904866,-0.32045442,-0.062379748,0.2458011,-0.1743566,-0.018665615,0.17561328,0.30203095,-0.41175836,-0.11917171,-0.18456969,-0.21917517,-0.0957401,-0.48687074,-0.09190008,0.008752699,-0.26078352,-0.12042761,0.004889343,0.029954627,-0.40860516,0.17506395
SIM-0039-NT,0.18107627,-0.1856094,0.41948703,0.11395744,0.07781827,0.17076614,-0.25824872,-0.088359155,0.1544001,-0.1994462,-0.08811026,0.15025558,0.0774626,0.005232608,0.015643267,-0.043721616,0.21319386,0.5225159,0.07316796,0.32050604,-0.109176725,-0.1703921,-0.19704758,-0.22958599,-0.07338381,0.22152723,0.2507338,-0.12741314,-0.08098093,-0.0005111325,0.05852365,0.14667721,-0.09978649,-0.05010591,0.33867162,-0.06964659,-0.14365326,-0.02138352,0.019537222,-0.38521972,-0.11091996,0.10499114,0.5011247,-0.13222139,0.19121982,0.04480155,0.29000306,-0.15471259,0.2757968,0.3505181,0.36115256,0.35685197,0.04771689,0.14623645,-0.10489451,-0.55573267,0.06396865,-0.04024885,0.24076588,0.21549419,-0.2655416,0.5847891,0.09703363,-0.32104197,-0.28603137,-0.5444392,0.19091146,-0.13171655,-0.21009663,-0.16099197,-0.07515277,0.14391418,-0.41111574,-0.26745003,0.11625847,-0.14851925,0.1455711,-0.124365896,0.3937032,0.052167486,0.3065666,0.12944062,0.14457011,-0.18810506,0.29184538,0.05394014,-0.23844945,-0.5274978,0.03498494,0.37696823,-0.22678675,-0.23520175,-0.079064935,0.27530926,-0.45919693,-0.16254482,-0.2514402,0.14052531,-0.035678845,-0.08664497,-0.045020115,0.19620617,0.28040057,0.2561574,0.1438516,0.34597626,-0.23290353,0.09692006,0.5871471,-0.45918465,-0.13355814,-0.25896072,0.07217981,0.35945797,0.13437675,-0.054329388,0.13641971,-0.072429724,0.048585426,0.15465297,0.4382056,0.11235847,0.054423932,0.50885046,-0.4889916,-0.02300392,-0.18532033,-0.059602253,0.15099369,0.24516572,-0.13010028,0.16728294,-0.22441119,-0.32012185,0.017714279,-0.054634858,0.37263343,0.53211266,-0.15213749,-0.45288196,-0.34179345,-0.20892455,0.051826354,-0.065297976,-0.31462762,0.4465345,0.16571471,0.43975484,-0.45027307,0.31816944,-0.03725698,-0.09795931,0.0060824133,-0.17487408,-0.03574868,0.23660564,-0.49075273,0.37432823,0.09809771,-0.027554385,0.23390338,0.0909536,-0.11997763,-0.19321416,0.3748875,-0.36975604,-0.049226657,-0.35260442,0.12194691,-0.02426146,-0.31238008,-0.21724959,0.011102003,0.071269,-0.48429257,-0.17635633,0.040113237,0.30245602,0.20981516,-0.113739915,0.24977346,-0.078766726,-0.78059787,0.36021897,0.11441376,0.047013506,0.002056165,0.07567916,0.001826053,-0.072278306,-0.16327578,0.019237999,-0.22031853,-0.28561795,0.067450054,0.24499896,-0.19904882,-0.15556146,-0.42396387,-0.32904378
SIM-0040-NT,-0.31959197,0.24356672,-0.43409258,0.11479445,-0.06630105,0.15132567,0.2915462,-0.007484947,0.2834332,0.38746366,0.33658645,-0.16804677,-0.49236,-0.031211391,0.04459752,-0.48835057,0.015271068,-0.64318466,0.38645083,0.11935508,-0.20449159,0.03167483,0.06254586,0.120728634,0.017348984,0.23624615,-0.3169632,-0.032292157,0.44666475,-0.087935366,0.06034671,-0.2488116,0.5392156,0.0713207,-0.31467837,0.27259177,-0.26830554,0.1709496,0.2574937,0.50666964,0.055960827,0.012211387,-0.5067265,-0.11416761,-0.17856547,-0.04518861,-0.13002166,0.196552,-0.13989054,0.118882984,-0.02888248,-0.15568517,-0.17839777,0.058246955,0.34268275,-0.18270957,0.011884695,0.120959625,-0.0049534733,-0.4400502,0.11975681,-0.37660143,-0.3731454,-0.326175,-0.040448945,-0.24090275,-0.35886052,0.09499557,-0.0067388094,0.18941441,-0.18237726,-0.015893403,0.20008168,-0.32834017,-0.16539729,0.24819764,0.004890229,-0.037640475,-0.009647271,0.30575585,-0.0060176635,0.011390867,-0.004186085,-0.40398252,0.12565358,-0.20528771,-0.315552,-0.43661377,-0.3846922,-0.5673341,-0.2562676,-0.10866166,0.2653141,0.015180108,0.063374184,0.3198464,-0.7128063,0.097916484,0.07872519,0.20591211,-0.44907346,-0.14350344,-0.23274611,-0.32197315,0.57816195,-0.14151339,0.23180795,0.17642416,-0.36005038,-0.13128376,0.015067943,0.09886666,0.08267565,0.43828526,0.22760098,0.1642334,0.24207264,0.33819625,-0.1557548,-0.3948829,-0.15165973,-0.34340855,-0.24574421,0.024952628,-0.138362,0.16201827,0.07590154,0.091186464,-0.31623966,-0.21939807,-0.47749332,0.1420097,0.48053825,0.044700958,0.06692372,-0.13289839,-0.05414122,0.31866407,0.02268777,0.15982528,0.3252035,0.2751121,0.008083076,0.026456753,-0.0965803,0.12473181,-0.10333079,0.08752766,0.25957268,-0.42152917,-0.46436945,-0.0111648915,0.16721126,0.07172056,-0.30272794,0.22492725,0.47707257,-0.21717098,-0.18125556,0.0064057,-0.031439114,0.30076954,0.07089757,-0.07289982,-0.14742331,-0.38189393,0.34237653,0.15691121,-0.022621175,0.027184267,-0.02691553,-0.44138595,-0.35530633,-0.051061742,-0.055297747,-0.003031272,0.42438605,-0.071584806,-0.1906892,0.01325223,-0.3492132,0.03889154,-0.18120618,0.056263387,-0.04506269,-0.03537349,0.15662718,0.18359694,0.508284,0.17357703,-0.061243296,-0.1581561,0.08671466,0.36535916,0.21407211,-0.17807396,0.11314711,0.055503484,0.2622777,0.07535216
SIM-0041-NT,0.066005036,-0.29531437,0.1980145,-0.34764853,0.02239938,-0.13769285,-0.15244132,0.1456485,-0.0008057055,-0.59835505,-0.049461607,-0.097081125,0.31435788,-0.3106,0.47923186,0.21417998,-0.0695073,-0.104717165,-0.15956752,0.07984125,-0.196964,-0.029334515,-0.2716499,0.17819194,0.04236849,-0.116993695,-0.06043771,-0.17322081,0.07832346,-0.31376562,0.22548836,0.043323975,-0.11216179,0.14692333,0.097154126,-0.26140723,0.32684296,-0.6241382,0.27238527,-0.040786296,0.24763714,0.3601049,-0.106865644,-0.095116116,0.078657545,-0.28341043,-0.082919635,-0.10414632,-0.29653844,-0.11728645,0.18826151,0.17021841,-0.04430174,0.015593641,-0.076049104,-0.44034153,-0.25417456,0.23974746,0.29930803,-0.21458192,0.279772,-0.30017355,-0.12928514,-0.029701617,-0.06829371,-0.1730428,0.031684816,0.19411361,-0.36343858,0.03155478,0.24122891,-0.1031839,-0.1367192,-0.21270555,0.5000886,0.3732986,-0.07372062,0.29507032,-0.131525,-0.038902268,-0.26498812,-0.46077865,-0.14504445,-0.10625426,0.106644966,0.1637348,-0.030674517,-0.24778435,-0.16448578,0.39777544,0.15728652,0.35571066,0.4442414,-0.16436669,0.205044,-0.22554764,0.25832585,0.20695755,-0.52851826,0.10069324,-0.21414283,-0.08510163,-0.16492343,0.22698617,-0.17087615,-0.31975785,-0.20189105,-0.053630095,0.10255931,0.2989669,0.12839994,0.14594825,0.18462248,0.20433676,0.2583474,0.62627107,0.2002166,0.0716271,-0.11630331,0.077485785,0.28846923,-0.30456746,0.31464604,-0.10668546,-0.05798179,0.13044675,-0.13167639,0.11470323,-0.28804034,0.21899016,0.04899356,-0.0009185067,0.06867419,-0.0050370125,0.11038918,-0.051816914,-0.0727141,-0.44199112,0.3412174,-0.2907552,0.40386403,-0.0605834,0.30438069,0.26055664,0.24055731,0.011609132,-0.2986634,-0.045506082,-0.07861999,-0.025542071,-0.30692413,-0.07157147,-0.7306645,-0.07507633,0.03144936,-0.19547823,-0.06753682,0.040643543,0.25320223,0.26365787,0.0763462,-0.0073470823,0.08879368,0.44998807,0.12537088,0.065156795,0.26822197,0.012011002,-0.21334219,0.114790246,0.042585324,-0.054649513,0.13593382,-0.45313764,-0.13516448,-0.21967213,-0.19371316,-0.03849513,-0.22750421,0.41924134,0.11291666,-0.19859274,-0.4351087,-0.14586073,-0.082427405,-0.15873751,0.63562155,-0.4135496,0.012758527,-0.03248312,-0.06228288,-0.4848474,-0.010693422,0.04510112,0.17742337,0.12080236,0.30456263,-0.5115534,-0.05874311,0.6261265
SIM-0042-NT,0.2650231,-0.3633584,0.022034213,-0.26185235,-0.10788439,0.49991503,0.23962358,-0.3799867,-0.19130532,0.00020359238,-0.06608278,0.07830715,-0.1935907,-0.091555655,-0.19650048,-0.09190578,0.17597573,0.07418569,-0.17532554,0.2830751,0.26593396,-0.00027896962,-0.06451657,0.44063482,0.4017298,-0.37874046,0.2985734,0.4309472,0.16416003,-0.116730236,-0.08642141,0.4276542,0.20885655,0.13681322,0.5831953,-0.25192693,-0.02268722,0.04749947,-0.052896693,-0.4600911,0.25096768,-0.18780297,-0.19228308,-0.08976236,-0.05755731,-0.030376367,0.24092777,0.29221153,-0.064835355,-0.14953567,-0.032102637,-0.2234156,-0.0070905313,-0.23653154,0.53180546,0.031979192,-0.1344572,0.1764654,-0.3080143,-0.17789014,0.10594782,0.033844665,0.26218984,-0.68239695,0.20453164,-0.13584106,-0.29256374,-0.4307863,-0.13891824,0.39749464,0.24227749,0.4085919,-0.028456949,0.02669616,-0.39481986,-0.39486554,-0.03663761,-0.34404573,-0.2143026,0.010817299,0.31808516,0.002460925,-0.34007955,-0.45545056,0.029977186,-0.15727076,0.029038992,-0.0510432,-0.017610941,0.30039456,0.26340774,0.09221145,-0.22379777,-0.13781178,0.19081213,0.32534993,-0.31843042,0.3818819,-0.19493638,0.16719718,0.7002647,-0.3974266,0.12630102,-0.078487545,0.11181066,-0.1547433,-0.619866,-0.18845353,0.08675091,0.33730385,0.10138481,0.36818933,-0.12335924,-0.14369605,0.08576934,-0.093751475,0.2806262,-0.3513971,0.21567468,0.30200687,0.09127202,0.22818112,-0.1622979,-0.20785384,0.08804996,-0.18055615,0.07512783,0.0753996,-0.016851798,0.070574656,0.15867363,-0.025006574,-0.11921684,0.20566508,0.06831872,0.11276893,0.14564472,0.037137404,-0.08604941,-0.15420975,-0.02211236,0.120438,0.13210274,0.035975717,0.0880479,-0.27615967,-0.11610345,0.16772617,-0.20836233,0.035319403,0.012891478,-0.028466798,0.16969828,0.056797188,-0.2993669,0.12903927,-0.12677732,-0.34097013,0.18556385,-0.29646012,-0.08867002,0.07337543,-0.018325856,-0.15607111,-0.2484305,-0.1900205,-0.26935995,-0.031622026,-0.13634183,-0.3446894,-0.07230453,-0.16080467,0.067026585,0.0905284,0.33549166,0.16194533,-0.27206245,-0.5432668,-0.37968636,-0.1256331,-0.40199178,-0.15402985,0.008064584,-0.1407944,0.069686815,-0.15212582,-0.19048922,0.42700192,-0.008258394,0.028004264,0.21106076,0.21926264,-0.091518536,0.26149005,-0.11221777,0.25406125,-0.3084531,-0.07668495,0.055649772,0.090198256
SIM-0043-NT,-0.21090138,-0.41219002,0.11507695,-0.05167472,-0.09768748,0.4136006,-0.0732528,-0.12923224,-0.4500328,-0.27070025,0.21895474,-0.18135624,0.1571273,-0.32312557,-0.21729918,-0.22367795,0.1191909,-0.052977256,-0.2776587,0.17862076,0.12357463,0.085107855,0.07381085,-0.21349134,0.31464493,-0.025259601,0.06700209,0.09572968,-0.23622505,0.47409785,-0.0067664506,0.008349119,-0.10312952,0.28749314,0.29804274,0.039573383,-0.36645657,-0.04111569,-0.016247591,-0.11291132,-0.24583262,-0.38855958,0.3677857,0.1853992,0.0086127315,-0.16244325,0.090027556,0.051032633,-0.10028767,0.09742194,0.1280962,0.17183906,-0.2220341,0.10781472,0.29439244,0.074092135,0.55205244,-0.045098484,-0.4294306,-0.21222372,-0.16732568,0.13964498,0.2079579,0.03402603,0.073148824,0.47876886,-0.2077721,-0.018218432,-0.11310539,-0.29346743,-0.5062307,0.3241283,-0.19104984,-0.06259838,0.10764785,-0.29749838,-0.20860356,-0.005436349,-0.109570295,-0.31897402,0.1517966,-0.11605882,0.034187578,0.014233179,0.24240331,0.08826718,-0.2156494,0.2905515,-0.11832011,-0.20346445,-0.24050598,-0.5858762,-0.15211923,0.099164575,-0.34046692,0.42715028,-0.56016886,-0.19579858,-0.37188518,0.2295183,0.16312395,-0.066509746,-0.35544395,-0.29961583,0.06249691,-0.16903484,-0.14051047,-0.018438833,-0.10314409,-0.43741447,-0.3327236,-0.32666907,-0.1818851,0.022523578,0.012226824,0.29664898,-0.35175657,0.0766039,-0.19665171,0.49387982,-0.026476014,-0.1404003,0.06857537,0.049265966,-0.09498623,0.14848356,0.37759525,0.22954293,-0.037224032,0.4441659,0.12052678,-0.2744302,0.01372773,-0.054188468,-0.13534853,0.07859274,-0.46975273,0.40078035,0.1529844,-0.4603484,0.15002102,0.11081688,0.36632472,0.43101037,0.47313344,-0.06944736,0.13520391,-0.12009536,0.24460727,-0.54036194,-0.31885058,-0.1084681,-0.015053103,0.04086872,0.31858838,-0.16251871,-0.32303762,-0.096886374,-0.15151447,0.13830255,0.3812504,0.35875183,0.27236068,-0.14238814,-0.04043545,0.10615275,-0.19265611,-0.16936676,0.093618155,-0.34110796,0.27315116,-0.10038087,0.13513842,0.05170364,0.31354743,-0.5320455,0.31511033,0.30952707,0.0703068,0.13032709,0.1490942,-0.22527286,0.013535125,0.22250417,-0.44690466,0.11775771,0.02176622,0.15683745,-0.3179791,-0.18591397,-0.34903434,-0.35172108,0.20772637,-0.14722054,-0.16559298,0.27265462,-0.08587193,0.24093144,-0.2623451,-0.086565994
SIM-0044-NT,-0.22641848,0.13697302,-0.051729538,0.18278067,0.038214177,-0.486492,-0.06601826,-0.3838569,0.08662596,0.1387955,0.16472703,-0.030714538,-0.40802592,0.05239552,0.101786084,-0.04563616,0.021371676,-0.47198159,0.016558044,-0.027096612,-0.30318224,0.13206771,-0.12356667,0.05727965,0.122010216,0.08220023,-0.33519596,-0.09602606,0.53236526,0.34888372,0.20863,0.06858126,-0.24701358,-0.040571492,-0.105609834,-0.021173332,-0.3616203,0.23862457,-0.6716196,0.21427734,0.21905719,0.58170944,-0.062447418,-0.12999694,0.030086562,0.13995464,-0.022557627,-0.2957625,0.13963304,-0.00016430595,-0.2520461,-0.40620986,0.61722916,0.20801088,0.13984586,-0.028744081,0.17249689,-0.26307118,0.04984946,0.06074885,-0.25688428,-0.026111294,-0.1031909,-0.19098793,-0.13471274,-0.4267134,0.26570153,0.39058056,-0.23158166,0.277498,-0.008002975,-0.0025499368,-0.32382354,-0.1394337,0.13320266,-0.24383502,-0.1854225,-0.12702806,-0.8518202,0.08206889,0.15924197,0.09114747,0.23570862,-0.111007415,0.45279688,-0.21119723,-0.05611863,-0.0808061,0.046573512,-0.05989309,-0.025733607,-0.16961813,-0.10962313,-0.55856884,0.20060849,-0.2554957,-0.12266434,-0.26493937,0.14242044,-0.1358425,-0.6108069,0.0701882,-0.18681017,-0.0058423565,0.20804627,-0.24688838,-0.012719815,-0.19291541,0.24666831,0.019739274,-0.0057722493,-0.31022698,0.18754894,0.21927229,-0.19153613,0.038470764,0.14699996,0.5544931,0.097782284,-0.0001024594,-0.038913712,-0.024048338,0.19182457,-0.22050872,0.2331711,-0.3853121,0.16658422,0.23620144,0.20154388,0.06759677,0.09872298,-0.10005045,-0.2812384,0.062429186,0.017245596,0.23092128,-0.035319835,0.03973751,0.07185569,0.14309828,0.23714907,-0.23843376,0.17542596,-0.04514226,0.1606536,0.36961812,-0.52709454,0.3036128,-0.029595546,-0.21386473,-0.10937951,-0.257856,0.12687424,-0.2587025,0.3010814,0.17297913,0.056788854,-0.5090367,-0.33063835,-0.020037886,-0.006418931,0.23495214,-0.7281361,-0.18979271,0.20927094,-0.084305525,-0.1168295,-0.40305907,0.26463097,-0.12124201,0.27342412,0.366439,0.32928294,-0.008104337,-0.12104421,-0.1380734,0.49208552,-0.05297487,0.26329046,0.12060007,-0.102882504,-0.06326079,0.29584965,0.00781582,-0.11345367,-0.20171806,0.08001693,-0.12911537,0.14847201,0.63603747,0.12952346,0.45102602,-0.17870764,0.17099461,0.3139086,0.3449558,0.31981847,0.004145649,0.22247928,-0.25439492
SIM-0045-NT,0.40178084,-0.23803815,0.31353453,0.26088777,0.25929925,0.51639545,0.2631006,-0.33164668,0.14746375,-0.47233897,-0.022782356,-0.105602555,0.15946056,-0.20575237,-0.19824752,0.12529866,0.29369128,0.0006558909,0.5807624,-0.08581732,0.169934,0.08531307,-0.08568867,0.32784846,-0.2225809,-0.5189594,-0.031531576,-0.06421783,0.26570946,-0.3124382,0.13092655,0.10066278,0.08069981,0.26101953,-0.0058629033,0.0130458,0.11256989,-0.025490228,-0.3383185,-0.102620535,-0.06473967,-0.14060114,-0.07912399,0.04490096,-0.06848454,0.2134938,0.21739377,-0.5946952,-0.35828754,-0.60118747,-0.06845352,-0.084000885,0.037744,0.21062993,-0.010685693,-0.1507219,-0.0010788261,-0.12347334,-0.3693364,0.23945159,0.106141895,0.3622314,-0.30925846,-0.40369177,-0.2339899,0.09971466,0.21473809,0.07156979,0.035904627,0.21363398,-0.114857465,0.2641117,0.4962541,-0.26568764,-0.06351459,-0.347459,-0.24129532,0.09813577,-0.42140442,-0.19489652,0.2634073,0.05586204,0.19199988,-0.32338768,0.016930489,0.47168013,-0.16547455,-0.12200462,0.14542489,-0.2249579,0.17931406,-0.4491625,-0.60641146,0.07860936,-0.24495625,-0.14143711,0.21915716,0.15605557,-0.30682772,0.12993182,-0.075053245,0.10427286,-0.005040317,-0.37586588,-0.17828223,-0.6030268,0.046293452,0.09922452,-0.17610617,-0.028927326,-0.24351639,0.31409988,-0.32148868,-0.077758245,-0.32456824,0.058705952,0.25955015,-0.51899594,0.16350462,0.40788734,0.032241113,-0.1686883,-0.009518979,-0.13640448,0.4910748,0.20874935,0.22511525,0.5387602,0.33613595,-0.03034795,0.0063397447,0.5899456,-0.18482198,-0.042906236,-0.2532271,-0.45456314,-0.21993904,-0.21503301,-0.15627563,0.15306659,-0.00297345,0.25275102,0.03774143,0.044764373,-0.07283802,0.486741,-0.10584625,0.22917117,-0.29555118,-0.06086469,0.50189245,0.17126006,-0.34992984,-0.25796467,0.40053374,0.022087403,-0.06881065,-0.19475761,-0.07935095,0.35347202,-0.17500567,-0.15050092,0.14988346,-0.2599249,-0.23374273,0.0015734003,0.007841163,-0.20230708,0.11829462,0.054703254,-0.49337825,0.19512479,-0.14239337,0.20151469,0.51992255,-0.016771493,-0.16121508,0.34469792,-0.20977992,0.47311035,-0.115889475,-0.15673144,0.59147245,0.09075483,0.40549147,-0.006556993,-0.024342049,-0.73129964,0.2529267,0.09631427,-0.027950605,0.14797656,0.009572352,-0.2358483,0.090659656,-0.047673896,0.18526392,-0.07006951,-0.11716553,-0.13604952
SIM-0046-NT,-0.22099684,-0.13063945,0.107975274,-0.18742138,-0.2938564,0.19734888,-0.034540523,0.19200274,-0.05507161,-0.14293903,-0.4358066,-0.2824826,-0.21815917,0.07023618,-0.027247185,-0.2563761,-0.69518656,0.115652144,0.21934636,0.24117103,-0.24119988,0.25670525,0.14150344,0.14030461,-0.15234658,-0.033184778,0.4578794,0.41933736,-0.012070432,0.047923744,-0.548748,0.30098978,0.18640749,0.08626782,-0.15059766,0.016604118,0.3664384,0.09048809,0.6579169,0.20286915,-0.22969349,-0.10270042,-0.17745216,0.21442614,0.2883878,0.42907187,-0.083092615,0.11700215,0.32010457,0.3874584,-0.30763164,0.15502979,-0.29825893,-0.1504417,-0.32669762,-0.15523586,-0.36242554,-0.2954876,-0.22614326,0.07577439,0.008473194,-0.41100323,0.6853483,-0.122131206,-0.33231583,0.1456385,-0.0011438511,-0.20316009,0.09765374,-0.16810352,-0.07392295,0.36640605,0.030886272,0.15353,-0.13053185,0.038300395,-0.19270347,-0.20377068,-0.103093736,-0.17362699,0.25950956,0.14478429,-0.5730752,0.4310457,0.16028316,0.2861511,-0.042736318,-0.37351257,-0.33101243,0.42681202,-0.40681997,-0.36140615,-0.10820733,-0.34619355,0.13328502,0.15269913,0.10342207,-0.15353869,0.072190166,0.44589305,-0.35849828,0.27917153,0.20199661,-0.02631598,0.04159258,0.08918041,-0.24413191,-0.4080718,0.22662997,-0.3112277,-0.27328724,-0.12889309,0.07112327,-0.124839015,-0.18099456,0.23819032,-0.08330255,-0.19962579,0.098656215,0.014646452,0.007179854,0.110858604,-0.034361854,0.21117832,-0.35710043,0.31032103,-0.22829857,-0.4091609,-0.19707894,-0.087381266,-0.1837463,-0.24129069,0.25264362,-0.21765836,-0.5644475,-0.087610416,0.51134753,-0.26600945,-0.22491246,-0.10091934,0.38605395,-0.08988118,-0.2558328,0.090768695,0.0721624,0.12166262,-0.26557934,-0.14112118,0.28141704,0.10225351,0.20216781,-0.013526832,0.26409423,0.07328773,-0.13088441,0.18636636,-0.218765,0.38588762,0.25203156,-0.073176645,-0.046242803,0.033090644,-0.043215554,0.32974985,-0.13469103,-0.37563467,-0.06466279,0.18813543,0.2536678,0.028453,-0.15846086,-0.011021462,-0.16379,-0.5763183,-0.21301235,0.12759827,-0.06766544,-0.077137396,0.27670833,-0.24099444,-0.21655326,0.08273493,-0.17796095,-0.17920747,0.38730896,-0.26801053,-0.18312478,0.109722935,-0.012225964,-0.34336627,0.4460043,-0.19856682,-0.061382253,0.109205775,0.5405909,-0.10243517,-0.22985283,0.12443023,0.5220351,0.03398923
SIM-0047-NT,-0.071367435,0.0978247,-0.518843,-0.15375495,-0.45632756,-0.090001754,-0.12824637,-0.65938276,0.04481197,0.15452653,-0.048352182,-0.38210046,0.31630787,0.47428924,0.10004751,-0.088536754,-0.08527305,0.10833464,0.02250004,0.10888229,0.112486176,-0.18454568,-0.20571612,-0.07009686,0.11688131,-0.38985172,-0.057165243,-0.0089975335,-0.121692196,0.35067973,0.308008,0.10388989,0.4426006,0.21958737,0.033528123,-0.119232856,-0.09881247,0.09512838,-0.09294814,-0.37923685,-0.09517169,0.2569009,-0.6435176,0.3507629,0.14351423,-0.058604475,0.07191363,0.24027626,0.008349722,0.23716192,0.21270591,0.043790117,-0.27767807,-0.024439111,-0.51033145,0.11142609,-0.10492463,-0.15381981,0.16387679,-0.31760508,0.028028585,-0.08495104,-0.045103304,0.07107155,0.45585915,0.09962296,0.33956784,0.348869,0.19242,-0.46097633,-0.059914418,-0.27265903,0.71591324,-0.25094488,-0.374311,-0.69259286,-0.25906608,0.030711832,0.27181208,-0.2675431,0.2928689,-0.015922768,-0.121353656,0.043209653,0.354393,0.012777052,-0.2770654,0.1060354,0.1020354,-0.04756897,0.2553861,-0.57228625,0.08926827,0.1960872,-0.36220413,-0.37081516,0.2495321,0.29361352,0.3399424,-0.17324737,0.05026671,0.08331724,-0.42680192,0.039315112,0.03467724,0.18632767,-0.14289172,0.31260934,0.020084504,0.42742968,0.18665223,0.06942437,-0.29547405,-0.3300004,0.40021664,0.21943238,-0.071270704,-0.10420151,0.05547104,-0.33629715,-0.11691967,0.15313452,0.18657659,-0.092022635,0.40006208,0.26124635,-0.19219112,-0.3189534,0.14864202,-0.11251769,-0.16000994,0.055722672,0.17984542,0.19798131,0.013795945,-0.5734774,0.23860513,-0.20151934,0.07709464,-0.030539718,0.561014,0.5144739,-0.11486822,-0.33615944,-0.31660545,0.06789148,-0.1349372,-0.2777812,-0.13091819,0.11279768,-0.019565998,-0.12059714,-0.089220755,-0.040482562,0.05565698,0.07032093,-0.412099,0.041674484,-0.090513594,-0.25344878,-0.09317792,0.2890341,0.20215587,0.024301775,-0.22427455,-0.33990714,-0.23545392,0.0030523879,0.0083209295,-0.16284022,0.21945007,0.096122526,-0.6628196,0.027292963,0.18886878,0.05060864,0.14537685,-0.065868676,-0.016313698,-0.011087648,0.04602017,-0.14477667,0.27312115,0.35569528,-0.1327551,-0.29217598,-0.3363131,0.10124163,0.14695925,0.102292724,0.12378926,-0.1420934,-0.49753755,-0.12432179,0.4134662,0.06619943,0.10613456,0.2261857,-0.21002136,0.055869512
SIM-0048-NT,0.12805106,-0.23312965,0.09096492,0.32384136,-0.10017557,-0.43059087,0.04314853,-0.16413684,0.045271352,-0.21053734,0.015242974,0.3068064,-0.006950075,-0.41228777,0.09393179,0.004976716,0.05330671,0.24329913,-0.13126715,-0.07201039,-0.25735623,0.048339766,0.04178447,-0.06493173,0.18677087,-0.25917336,0.03173774,0.15027778,-0.13551407,-0.3433833,-0.42383984,0.038828667,0.42350665,-0.1524301,0.11283041,-0.6063332,0.09331853,-0.27210113,-0.09833061,0.019716883,-0.41519612,0.78641033,-0.15132838,0.15175168,0.37316683,0.07329828,-0.3069301,0.025675977,-0.4594103,-0.08274718,0.4192233,-0.35279998,-0.20604281,0.4634015,-0.043559145,-0.22342527,0.09730157,-0.117199674,-0.67899275,-0.34011436,0.5142479,0.08203681,0.36592183,-0.25729918,-0.01375876,-0.04222408,-0.13682309,0.05255853,-0.27869156,0.3023712,0.116813965,-0.043525882,0.033319417,-0.07558853,-0.43088353,-0.24766915,-0.045018226,-0.088201605,0.16189621,0.14009115,-0.13996106,-0.23924641,0.1887064,0.04732299,-0.1553979,-0.28549245,-0.16895871,0.097988,0.42170152,-0.05297752,-0.20824872,0.5393016,-0.09297285,-0.19852732,-0.10182692,-0.11427845,0.3176378,-0.4184332,0.14862809,-0.0027394053,-0.13917357,-0.08397955,-0.06267009,0.022019818,-0.1128316,-0.016377103,-0.194336,0.5454809,0.2523172,0.1221404,-0.11095435,0.20536606,0.0748217,0.029762914,-0.13325563,0.06864512,0.42089018,0.020168275,-0.06592056,0.024808623,0.010947023,-0.13678254,-0.18530244,0.19831555,0.3013357,0.5664583,0.11456541,0.02917725,0.22544605,-0.22700277,0.16064443,0.2596921,0.2560558,0.4168198,-0.14960255,-0.12308577,-0.0537889,-0.2788894,0.13460055,0.16878757,0.14038882,0.03734587,0.2514526,0.14379442,-0.1506286,-0.7374861,-0.082708746,0.009763058,0.011838675,-0.044804115,-0.13420467,-0.21170048,-0.2582414,0.1087393,0.27207178,-0.31280842,-0.015322633,0.1971811,-0.047221474,0.1790016,0.26958683,0.09860011,-0.123919316,0.32876483,-0.06686522,-0.066858016,0.128722,-0.075369194,-0.055953067,-0.09343432,-0.04516556,0.049241357,-0.49317378,-0.024480272,-0.44123992,-0.101649374,0.08452784,-0.08186725,0.17573798,0.08690564,-0.5390185,0.2994862,0.062422533,-0.1423065,-0.117449805,-0.5211641,0.054449003,0.16280098,-0.17000246,-0.22623938,0.035131965,0.29866618,0.2727046,0.20723122,0.50503314,0.23108625,0.28916642,0.021770557,-0.086671375,0.28366905
SIM-0049-NT,-0.24526046,0.10594693,-0.15198071,0.08481311,0.0669754,0.04074462,-0.004429479,0.13313337,0.17320044,-0.34972525,-0.011341699,-0.1045209,0.04853226,-0.10403096,0.3187738,-0.017066045,0.24663672,-0.23804219,-0.07018326,-0.1536756,0.09842026,-0.2962448,-0.42720783,-0.15640064,0.14027609,-0.20243645,0.066394284,-0.16182971,-0.4382092,0.2129868,0.16234119,-0.009957035,0.010723048,-0.05188235,-0.258144,0.32650152,-0.025152614,0.09041036,-0.124705486,0.11071853,0.2862901,0.041656047,0.090141155,0.21950077,0.17683657,0.2610358,0.080217175,0.08008127,0.05984217,0.21618831,-0.10793742,0.1326377,0.57435924,0.089738436,-0.29928917,-0.07253894,0.15519781,-0.16764827,-0.2444743,-0.34481654,-0.052071538,0.40292734,-0.13279776,0.21895802,-0.069762036,-0.096818134,0.12923814,-0.3834252,0.41734198,0.13432932,0.26285383,-0.06446951,0.12409682,0.23320131,-0.022677295,-0.21830085,-0.23578122,-0.10570428,0.056745853,-0.040706813,-0.122353524,0.16950612,-0.115265965,-0.14940053,0.23484486,0.13763994,-0.30625683,-0.33271027,-0.27693367,-0.0076563847,0.2946114,0.36184466,0.18762279,0.47822094,0.050406255,0.27725694,-0.14280134,-0.38902605,-0.07716295,-0.031285614,0.6462168,-0.00010828282,-0.25445232,0.24116202,-0.18989666,0.035885043,0.21932147,-0.23290956,0.37936497,0.28170067,0.088319965,0.43792036,-0.09556216,0.1985418,0.069704615,-0.15946122,-0.15194532,0.50776774,0.2648286,0.22237685,-0.15631713,0.17698623,-0.092008285,0.42450976,0.30322647,0.22983165,0.20444265,-0.021946557,0.12179427,0.38533375,0.11666464,-0.21018083,0.3137367,-0.16985698,-0.0073902668,-0.118418396,-0.6522459,0.043818574,0.5431935,0.079996355,0.7408255,-0.03830445,0.055362053,-0.026057608,0.01508319,0.092499904,0.37757486,-0.20971227,0.002178834,0.15393561,0.3200205,-0.53944534,-0.349593,0.010154039,0.27982405,-0.12016392,0.16724071,0.49446726,0.0025869152,-0.057039794,0.11796428,0.04500658,0.063812315,-0.04521558,-0.0642841,-0.25110745,0.15332247,-0.25993815,-0.2042839,-0.2994644,-0.08153793,0.006482333,-0.27492577,-0.06658056,0.04043239,-0.39233014,-0.18986171,0.4511624,-0.17715724,0.17710668,-0.12687564,0.05002697,-0.19932595,-0.4754385,-0.11024726,0.1104576,0.16956909,0.035757683,-0.19434847,0.23006263,-0.18049262,-0.16517963,-0.24505801,-0.10576003,-0.07389533,0.07332934,-0.33822504,-0.11509043,-0.20014647,0.106892
SIM-0050-NT,0.07563452,-0.25737512,0.12306052,-0.013088934,0.19829437,-0.16153355,0.14761116,0.21624625,0.017230451,0.5244602,0.12286929,0.44070113,0.63046235,-0.4182229,0.2879134,0.12908505,0.060851093,-0.16521491,-0.22282654,-0.26328436,0.5558246,0.12184566,-0.33979443,-0.2631537,-0.5062796,0.2977651,0.011321568,0.12729467,0.0006080117,0.23695073,-0.099212065,0.07386095,0.068512455,-0.29007435,-0.18075936,-0.07572547,0.08024985,0.34710583,0.02893434,-0.021928754,0.07749384,-0.039266415,-0.0056758323,0.37897715,-0.055766173,0.065485336,-0.16123906,0.31521058,-0.22784913,-0.01797137,0.24562465,-0.21649627,0.2169706,-0.5122704,-0.27298337,-0.023546936,0.60241014,0.036367197,0.041692268,0.2869312,-0.27158803,-0.75833064,0.43346295,0.15116458,-0.111318596,0.014339555,0.263034,-0.032316424,0.03622155,0.5088341,-0.31088814,0.12930293,-0.30550426,0.39080438,0.07327653,-0.17170686,-0.3751432,-0.08754852,0.046406925,0.2896078,-0.27340284,-0.20615524,-0.1242596,-0.19379632,-0.12863831,-0.23629299,0.10428493,-0.12073468,0.0027017961,0.07607606,-0.34485137,0.14840658,0.052363403,0.052621473,-0.03332625,-0.06739445,0.013452038,0.0239259,-0.29504493,0.39382488,-0.17393994,0.016676802,0.29130083,-0.08544447,0.05924375,-0.5478088,-0.49545112,-0.006396017,0.047366776,0.27653155,0.2002894,-0.398012,0.31706652,-0.2976413,0.21569507,-0.11292808,0.6789495,-0.14758725,-0.01850762,0.03957577,-0.060628735,-0.24929203,0.55102557,-0.1526661,-0.16162342,-0.027349811,0.04831223,-0.17121534,0.23837228,0.03818177,0.005023983,0.13952452,-0.21214978,-0.1462587,-0.0055120704,0.2324803,-0.06097007,-0.07927502,-0.52710205,-0.17337915,-0.41263634,-0.3503668,0.0914427,0.8297139,0.048558358,0.08318874,-0.19012627,-0.2621,0.5140356,-0.20134257,-0.49997008,0.06138952,-0.10744118,0.14896348,0.39190555,0.09224909,0.056729086,0.16490413,0.6761759,0.5696261,-0.07899038,0.23745047,0.44652167,0.17335787,-0.016582651,-0.12445814,0.02465583,-0.28495556,0.22383355,0.34773093,-0.09923651,-0.11263433,-0.26403266,0.11673505,-0.0027186002,-0.3608478,0.72872865,-0.44457483,-0.35994765,0.23488031,0.16427489,-0.1785758,-0.19468094,0.1144715,0.094530806,-0.17597581,0.24846606,0.14296485,0.3341204,-0.012455853,0.20254785,-0.057068195,0.13527016,0.089455314,0.21202423,0.12987426,-0.47221163,-0.15663278,0.020793233,0.11659295
SIM-0051-NT,0.20621535,0.13717182,-0.17617291,0.22952925,-0.20226106,0.3158139,0.3324927,-0.0025253787,-0.16200717,-0.1740118,-0.27349883,-0.23065557,-0.04511389,-0.13985574,-0.40247673,-0.120892644,0.023222506,-0.08477805,-0.22372925,-0.5977974,0.2863596,-0.009903654,0.08017509,0.045205142,0.12434213,0.060146086,0.024652394,0.19082393,0.24447037,0.34582403,-0.20797855,0.06235777,-0.4013447,-0.12035214,-0.049244992,0.18522716,-0.029448474,0.16820182,-0.08627452,-0.14442599,-0.20053712,0.1726811,-0.094598345,-0.6066229,0.15893552,-0.23231724,0.048297707,-0.28227788,0.0036829212,-0.7176027,-0.008421503,-0.2187922,-0.3169338,0.19104531,-0.029668655,-0.06102748,-0.18107662,0.22364219,-0.10868397,0.37193498,0.307392,0.35632506,0.24200322,-0.15156688,0.0131124845,-0.05076664,0.20954187,-0.0026490015,-0.060810793,0.4145072,-0.081855625,-0.15610954,-0.10048687,0.2678084,0.046946097,0.114613555,0.058999054,-0.5482246,-0.26720262,-0.06969202,0.07868683,-0.24607643,-0.25378525,-0.078074634,0.33157024,-0.53821665,-0.6628878,0.4338364,-0.38259578,-0.101330616,-0.37519005,-0.075641766,-0.03403148,0.40266666,0.18016872,-0.320781,-0.47699285,0.12491983,-0.12990306,-0.18077579,0.2961958,-0.4391105,-0.09157826,0.1576943,-0.29507613,0.3245263,-0.25291437,-0.017604226,-0.17332724,-0.68502766,-0.10514684,0.1980681,-0.25863436,-0.15705197,-0.12911437,0.13401608,-0.08993693,0.0057919337,0.0090587195,-0.13085735,0.42240572,-0.2563239,0.17574193,0.31895086,-0.03457533,0.015210814,0.13259135,-0.09281418,-0.47402373,-0.06234329,0.41145048,0.14221166,0.0192847,0.18906155,-0.036098924,0.00736879,-0.10780569,0.11937641,-0.1340338,-0.07882031,0.21974294,-0.04857702,0.14131379,0.16198526,-0.019176677,-0.087378666,-0.32993907,-0.27409747,0.15227616,0.14765418,-0.24746394,0.09910221,0.054086108,0.23387799,0.54137266,0.14370655,-0.17269869,0.18584737,-0.26048476,0.55534804,-0.30659747,0.10962941,0.00046742198,-0.103420064,-0.11915093,0.34044906,0.14161271,-0.038088314,0.43304992,-0.029670253,0.1837191,-0.33510047,-0.32174447,0.17743805,0.077015035,0.5366834,-0.17633013,0.1689294,-0.061434377,0.21205711,0.19220099,-0.0068813413,-0.18513432,-0.08480353,-0.27819568,0.091196924,-0.70222175,-0.14527991,0.22602594,0.22004572,-0.4030237,0.14572477,-0.2852952,-0.09457844,0.19149005,-0.24378507,0.35673314,0.0642275,0.115677096,0.26930618
SIM-0052-NT,0.22261882,0.20080727,-0.16443355,-0.2777319,-0.07056987,0.118601985,-0.32139766,0.14571394,0.093617454,-0.045451943,0.015380765,0.016277637,0.110403284,0.18660453,0.7178586,0.042269837,-0.1610275,-0.47654617,-0.3519908,-0.18934236,0.17236015,-0.098718494,0.10168202,-0.1830126,0.11386035,0.21810378,-0.10055191,0.10874516,-0.11010114,-0.30796802,0.13842392,0.10318702,0.14836457,0.23888314,-0.06220219,-0.04378712,-0.07122058,0.08632206,-0.034686867,0.031478457,-0.18016094,-0.2568988,-0.22718167,0.10414771,-0.010715471,-0.12338444,0.16583443,0.36445704,-0.123692974,-0.27099845,0.23628119,0.0038572599,-0.04584412,0.25443822,-0.06563651,0.09926537,0.040066294,0.8111251,-0.03357315,0.23420416,-0.06266438,0.11251062,-0.048995014,0.19885066,-0.023919696,0.12587501,-0.1889989,-0.19915952,-0.47051775,0.09145052,-0.16224818,0.5488741,-0.11808027,0.31160042,0.2860912,-0.06150289,-0.18418372,-0.033672813,0.28372446,0.5713718,-0.3087084,0.0035694186,-0.15113053,-0.09042992,0.4267159,-0.19239293,-0.40185001,0.050506067,0.09489498,-0.105268866,-0.17033969,0.040084798,-0.3374759,0.105441764,-0.08692845,0.34675145,0.0796035,-0.038367476,-0.057424475,-0.48342854,-0.031027898,-0.050811633,0.012854324,-0.047574442,0.3570772,-0.067232154,-0.21097665,-0.4161782,-0.111480206,-0.26175916,-0.3244806,-0.07793831,0.28457156,0.23375592,-0.3204986,0.009171928,0.10578478,0.14617276,0.40091574,-0.2924193,-0.22145616,-0.16565172,0.09158918,-0.68046147,-0.057166513,-0.44559827,-0.00058175763,0.5175198,0.2252509,-0.30655771,-0.10465865,-0.2224457,0.32364294,-0.5504531,-0.10980782,-0.17413883,-0.29330152,0.41463402,-0.3915441,-0.29857007,0.39888325,-0.024897428,-0.0438774,-0.15633622,-0.00054565375,-0.1072903,-0.18365394,-0.35035446,0.010062605,-0.14926209,-0.11728161,0.16491605,-0.1264291,-0.02747518,0.41842374,0.09590941,-0.13493948,-0.27428854,-0.033156063,0.19692847,-0.1475262,-0.0108274,-0.15389588,-0.10193389,-0.31934357,0.05259786,0.020921893,0.35350937,0.010834921,-0.19450824,0.34671313,0.074706666,0.030876331,-0.020025283,0.021256873,-0.23295514,-0.038246352,-0.07263539,0.07136696,0.26131585,0.223702,0.110005125,-0.44867808,-0.12651002,-0.47330612,0.25273913,-0.04790286,-0.054586995,-0.18921013,0.2982309,0.007647747,-0.04634943,0.013562861,0.032751504,-0.051425572,0.2979028,0.29533452,0.0057370993,-0.21216325,0.06401115
SIM-0053-NT,-0.16652364,0.339047,0.37500563,0.16246015,-0.30774796,-0.13405605,-0.06764588,-0.22766943,-0.093209274,0.040727407,0.11439455,0.304587,-0.022734907,-0.09231354,-0.3392868,0.06959964,-0.13038029,-0.069263294,-0.15851077,-0.1514344,0.1624626,-0.031166455,0.37358388,-0.2964121,0.29572985,-0.14014857,-0.030677434,0.10675428,0.23979262,0.24964476,0.24479297,-0.06878124,0.43643624,0.13701276,-0.7523782,-0.0018818089,-0.105399124,-0.088407114,0.14907125,0.066692084,-0.17908464,0.36575624,-0.3312753,-0.34816062,-0.28151733,0.101072505,0.0818481,-0.21308486,-0.15879604,-0.011022929,-0.27712426,0.18966192,0.3815693,-0.054379262,0.07668735,0.017152036,0.33190554,0.47526926,-0.09935442,-0.001859328,0.2046147,0.0763088,-0.23786126,-0.46218562,-0.15923114,0.07206045,-0.10842079,-0.27358934,-0.15497011,0.44779807,-0.29202795,-0.088582404,-0.13892184,0.47916248,-0.37800324,-0.20619738,0.0063173347,0.03240878,0.27082515,0.24499942,-0.18555327,0.06881983,-0.052818343,-0.123969615,0.24450606,0.054074533,0.3891052,0.10947636,0.22229138,-0.6880502,0.013119911,0.09898837,0.12207233,0.37765735,0.14599429,-0.3115746,0.1263341,0.20106518,-0.16066591,-0.11098085,0.18883319,-0.006902206,0.266032,0.039151113,-0.55272555,0.007598711,-0.10625732,0.147288,0.09924291,-0.24213637,0.043124374,0.12756306,0.10459917,0.23786332,-0.26197883,-0.045406155,-0.5633663,0.2886328,0.024147501,-0.027945746,-0.032014176,0.12006126,0.2601687,-0.07279578,0.10237598,0.09946533,-0.5496173,-0.17700207,0.108874105,0.30846277,0.33976823,-0.3061673,0.24985361,0.25828895,0.103182994,-0.50496006,-0.1342824,0.02707827,-0.058981676,-0.54214936,-0.0653211,-0.2326666,0.14770755,0.11998241,0.1307701,-0.09234366,0.0050706957,-0.020977488,0.2284078,-0.13333192,-0.1892984,0.24038304,0.2052159,0.11648343,0.39483696,0.5221022,0.30766279,-0.18683562,0.2077742,0.02755839,-0.14057559,-0.18528143,0.0673183,0.2042107,0.34483063,0.16852853,0.1434828,-0.05146684,0.0541312,-0.37372312,0.14131269,0.10792916,0.478555,-0.00992478,0.29781803,-0.1185941,0.42425823,0.36237073,0.28298527,0.015056957,-0.055558905,-0.09274456,-0.24318194,0.116910726,-0.062092163,0.09566993,0.04245902,-0.26843783,0.26531997,0.024023015,0.21555048,-0.2913456,-0.19097859,-0.0980907,0.06072655,-0.025892505,0.34108746,0.25865468,-0.18273106,0.7365664
SIM-0054-NT,-0.021205425,0.32280582,-0.07114099,0.15618101,0.23747268,-0.37607053,0.43672976,-0.19532615,-0.0872752,-0.15129277,-0.14180674,-0.13002856,-0.2984957,0.19030944,0.028812198,-0.03457335,0.2540221,0.44160652,-0.39001188,0.4058893,-0.005792505,-0.33773398,0.103176735,-0.029229313,0.2151352,0.036347713,0.08920056,-0.108803846,-0.25710785,0.1854403,-0.13123977,0.10059678,0.37146327,-0.039948206,0.1750202,-0.0076485043,-0.091162875,-0.39058736,-0.009849636,-0.04105784,-0.21769975,-0.5087718,-0.41754025,0.44631156,0.009452536,-0.35905334,-0.15052967,0.002534423,0.11221129,-0.05830627,0.5053034,0.5170898,0.09574562,-0.09156064,0.09564786,-0.33222604,0.24986927,0.042931117,-0.30175513,-0.14606577,0.1433642,-0.41629845,-0.22337824,-0.116466604,0.24380423,0.428591,0.09468333,-0.790047,-0.27919224,0.8739114,0.039352957,-0.65160024,0.5931929,-0.33400166,0.14336978,-0.2865739,0.55054414,-0.3542234,-0.14632678,0.2622487,-0.13828132,0.121587366,0.20767419,0.044280384,-0.27777174,-0.19675277,-0.09585673,0.14683995,0.2029241,0.051278282,0.17554101,-0.39790967,0.07442592,-0.016221674,0.12380624,0.18806799,-0.2627745,-0.02749968,0.33361927,0.07598908,-0.025062734,-0.304466,0.13570759,-0.34756523,-0.04460013,-0.122805715,0.09835816,-0.14967282,-0.08211415,-0.22767729,-0.06210874,0.053683214,-0.08684646,-0.0783798,0.041132644,0.2502745,0.1861527,-0.32344532,0.1918477,0.3419631,0.17642277,-0.6033773,0.066188745,0.34587076,-0.11215435,0.7250367,-0.545066,0.036536958,0.18084691,0.043021113,0.03849955,-0.26003313,-0.1438296,0.14341605,-0.5284344,0.22632913,-0.028511578,0.13806866,0.21159633,0.9325643,0.3496783,-0.30043525,0.5404287,-0.67833287,-0.11093499,0.043400805,-0.08100042,0.07043946,-0.04218777,0.32118782,-0.12056148,-0.02890993,0.44287512,0.24203151,-0.042470943,0.11807909,0.46816346,-0.34614277,-0.2718694,-0.14365137,0.05429796,0.24209608,-0.19121726,-0.2354103,-0.32791176,-0.23556563,-0.16393757,-0.54086375,-0.1403311,-0.26237836,-0.040973816,0.42451587,-0.39836264,0.25348416,0.4169229,0.2412176,0.085600644,0.3284951,0.15822469,0.27767363,0.029668592,-0.26507878,0.2909381,0.6524068,-0.08510369,0.0056451852,0.027999891,-0.36725664,-0.21206765,0.07613048,-0.023471212,0.004179212,0.006628863,-0.029053207,-0.19143032,0.10873129,0.0821293,-0.22006394,0.10368399,-0.15585968
SIM-0055-NT,0.16327225,-0.010792488,0.09854985,0.044005074,-0.014080587,0.08176643,0.21052933,0.030124629,0.026065998,-0.08846873,-0.4546713,0.008436999,-0.3165821,-0.14148703,-0.2165043,-0.1793928,-0.16379562,0.12138326,0.08318668,0.027738996,0.30236274,0.7646224,0.12686184,0.22701561,0.07008399,0.16198441,-0.4060865,-0.67615104,-0.5285049,-0.1561472,0.34171677,0.063839726,-0.09766489,0.14236028,0.08827953,-0.33878848,0.117222995,0.20808244,0.5252032,-0.019885143,0.42344227,-0.101197906,0.5816157,-0.14874776,0.16066435,0.0716587,0.37244534,0.33870342,-0.26061225,-0.084060125,0.5315826,0.024772674,0.20348321,-0.26758713,-0.061474316,-0.17717335,0.23149815,0.18440093,0.30590162,-0.2713197,0.13716725,0.005045985,-0.61117184,0.11579889,0.32300237,0.3926861,-0.0088370945,0.20738831,0.13634345,-0.19003376,-0.22416593,-0.011968454,-0.05893991,0.022053162,-0.10443367,0.053116195,-0.26659822,0.3808826,-0.45497742,-0.020259235,-0.050897703,-0.033863913,-0.21098992,-0.37776515,0.06008761,-0.051222026,0.096122555,-0.41249368,0.42914408,-0.019962993,-0.7604161,0.047194745,-0.11798,-0.28330407,0.3080062,0.23242866,0.08544217,0.019253489,0.12621312,-0.39447996,0.047921035,0.3093981,0.2600159,-0.2626476,0.04639007,-0.28069833,0.039263003,-0.18804808,-0.217502,0.08952811,-0.18143855,-0.19867106,0.08790924,-0.37037438,-0.08050285,-0.38425967,-0.33875546,0.29267642,-0.10408801,-0.17931008,0.21273594,0.4039983,0.06290772,0.2551801,-0.13790587,0.013595316,0.0018317737,0.08096178,0.2411587,-0.3673817,-0.22253075,-0.121319346,-0.24253963,0.05745092,0.054338727,0.01465196,-0.10067312,0.33694166,0.05415469,-0.037552956,0.016635839,0.18608293,0.053483993,-0.21604888,0.44071022,0.11549217,-0.28800336,-0.45396912,0.17220303,0.3231423,0.11299904,0.15317085,0.15946706,0.0011891407,-0.42036974,-0.17471996,0.1986422,0.14651266,-0.048907988,-0.13703704,0.0434653,-0.08578252,-0.0198816,0.033058733,-0.19430186,0.20001362,-0.04117454,0.121895224,0.0158694,0.3855667,0.13572727,0.10189878,0.09282079,0.5209949,-0.011033095,0.040977005,0.026200296,-0.49149734,0.023253366,0.25406852,0.1286954,0.37776673,0.19639048,0.1255096,0.2222107,0.09118977,-0.070157036,-0.032131705,-0.59575945,0.39876637,-0.04956952,-0.260864,-0.09158004,0.4392878,0.017961318,0.06424046,0.5215483,0.20885804,-0.07204524,-0.4249585
SIM-0056-NT,0.15975396,-0.16955659,0.16497901,-0.01205307,0.10219198,0.22396278,-0.43231437,0.03218097,-0.004547256,0.0719814,0.12609792,0.038000166,-0.16196308,-0.28235087,-0.3969264,0.029918434,0.13167845,-0.08550393,0.20768523,-0.02861897,-0.02140761,-0.35955697,-0.11084163,0.23016956,0.34938732,-0.04757624,0.21678378,0.35360867,-0.23434485,0.07936276,0.047583025,0.26875505,-0.20877963,0.07892711,-0.06457783,0.106242955,0.30534753,0.36932406,0.30754468,-0.2475649,-0.118234485,0.2515892,0.15120667,-0.065678634,-0.22911483,-0.9766969,-0.39854097,-0.076367304,-0.07257037,0.10276931,0.1504088,0.5647564,-0.19245465,-0.48779374,-0.232225,0.41918376,0.003221806,0.2530938,-0.14071421,-0.1253545,-0.4285481,-0.082686976,0.0027171494,0.21688378,0.14026368,0.4967737,-0.038456384,0.06062831,-0.0039000583,-0.17377459,0.102415845,-0.06892744,0.4157971,-0.19736001,-0.08495432,-0.31093764,0.084594004,-0.33187994,-0.002027361,-0.29223728,-0.245905,-0.19123225,0.18237509,-0.023640467,-0.030689217,0.1406084,-0.16501957,-0.49143603,-0.27473053,-0.07148089,-0.012238006,0.13968709,-0.03630978,0.25423065,0.09038181,-0.35202977,-0.6368225,-0.251853,0.034459464,0.09276145,-0.026361113,0.03005821,0.33013865,0.0035044332,0.08746719,0.39912593,-0.4528339,0.42742154,-0.6397829,-0.20650694,-0.13978502,-0.40832043,-0.041215323,-0.012794293,0.18500921,0.17695616,0.043388445,0.27960417,0.1612303,-0.081232674,0.029768955,-0.15892741,-0.30637133,0.10697851,-0.37472174,-0.046862125,-0.5745027,0.01774476,-0.18174435,0.14204973,-0.05561787,-0.031896252,0.013047103,-0.15286385,-0.14163873,-0.14152959,-0.031292256,-0.13923821,0.11261494,-0.4424368,-0.37478653,0.4721453,-0.10853579,-0.25367492,-0.006373962,0.19177452,0.1602551,-0.1870497,-0.12816788,-0.08343372,0.0778451,0.011369654,-0.22925285,-0.12737936,-0.06632533,0.37051114,-0.04434014,0.82717717,-0.067304224,-0.4207865,0.08780435,0.26179972,0.11877319,0.049170706,-0.09492235,-0.07126147,-0.5818612,0.2147631,-0.09478844,0.28659463,-0.13315247,-0.013371401,0.31229764,0.33397552,0.21030585,-0.4677851,-0.3192594,0.17528176,-0.17460607,0.018437969,0.051856995,0.06404345,-0.26393434,0.2557142,-0.13111286,0.14746557,-0.05179416,0.48021367,0.36212558,0.532901,0.41319853,-0.03357395,-0.13348629,-0.2838564,0.06655684,0.0060864864,-0.010753799,-0.2072702,0.09024747,-0.09546883
SIM-0057-NT,-0.120632716,0.040971987,-0.019467548,-0.356545,-0.19692805,0.13315238,-0.011932635,-0.4856364,0.17470029,-0.012359886,-0.26543367,-0.16723038,0.04130619,-0.55215657,0.10513043,0.24668448,0.22264242,0.28856155,-0.19498432,0.25849304,0.06807801,-0.20882547,0.11669941,0.10910352,0.3851277,0.29929343,-0.17264402,0.085168,0.0824898,0.06282623,-0.076210745,0.43867067,-0.1557786,0.41659653,-0.35620153,-0.095354855,0.19114289,-0.2632079,-0.18374994,0.13374008,-0.4320957,0.276196,0.36964044,0.38036963,0.0813826,-0.10694871,-0.090607874,0.0718388,0.03239619,-0.09505518,0.39598858,-0.061545886,0.35932076,0.024981095,0.009474512,0.1295111,0.12626524,-0.036139634,0.14117111,0.17188881,0.41330883,0.017830024,-0.19520882,-0.16940774,0.59198046,-0.4699432,-0.29748195,0.0064914883,-0.15378377,0.20471507,0.18285279,-0.13366273,0.37593558,-0.2758323,-0.18431276,0.39311287,-0.32635516,0.08671833,0.3920619,-0.64981157,-0.08442164,0.23689303,-0.06751226,0.014826684,0.04700743,0.078184076,-0.20146762,0.19155979,0.06375087,-0.28652087,-0.11641345,-0.35328838,0.05346069,0.1226629,0.053037927,0.13745688,0.03336886,0.19052866,-0.031976122,0.17545098,-0.32146838,-0.34931326,0.02165371,0.17111565,-0.06919198,0.15952775,0.07746928,-0.51221067,0.58084375,-0.31466913,-0.23618297,0.28739202,0.0049366206,-0.19195184,-0.11740135,-0.22011185,-0.20007436,0.19732516,-0.1245307,-0.2671097,-0.19000253,-0.038836192,-0.18727152,-0.076996945,0.0870298,-0.12020464,-0.21493053,-0.17420225,0.34803402,0.5437358,0.011528288,0.18122412,-0.2349749,-0.14754026,0.11248749,-0.590909,0.19315575,-0.14114407,-0.26946914,0.0970432,0.3606093,-0.07825388,0.07303475,0.11342045,0.060000893,-0.24917372,0.055880155,0.046041094,-0.6824243,0.21439323,-0.37591428,0.03206105,0.37943977,-0.060954988,-0.2615282,0.13978729,0.35047415,-0.2771514,-0.58990395,0.29566815,0.21354587,0.09622175,-0.4499552,0.14941902,0.25838876,0.5390991,-0.070362434,0.039762538,-0.5381669,0.2420886,0.23605116,0.10096175,0.29690662,-0.19544409,-0.054534715,-0.044770252,0.27480248,0.28041276,0.079426184,0.06632573,0.13773143,-0.08412494,0.34042376,-0.112983525,0.10738746,-0.1490691,0.23670734,-0.02489941,0.51664114,-0.031613886,0.23434183,-0.15762362,-0.07680971,-0.010512046,0.08784488,-0.18662621,-0.14269942,0.02232019,0.09967436,-0.009075443
SIM-0058-NT,-0.044855215,-0.33184373,0.12509775,0.2107158,0.24029869,0.037533384,-0.15083352,-0.080446765,0.038572848,-0.004689837,-0.21129447,-0.4205866,-0.1389021,-0.06922406,0.07728795,-0.10242088,-0.06287502,0.027904013,0.39166605,-0.041592117,-0.38716885,-0.17112997,0.45199794,0.3585317,0.23490056,0.175381,0.1782404,-0.059742138,0.21682423,0.22655305,0.21111657,-0.14965755,-0.08117775,-0.16044065,0.24923462,0.0757829,0.09803505,0.14389056,-0.35300645,0.22046487,-0.13521895,-0.11249053,-0.20893005,0.020001575,-0.016706005,-0.34776482,-0.44727707,-0.050626945,0.20349026,0.17936583,0.25015765,-0.049441412,-0.088422,-0.02776391,0.20112035,0.40314957,-0.11509018,-0.066451766,0.0077270214,-0.06631415,-0.14517277,-0.031414103,-0.19766685,0.18139254,0.3684626,-0.07098771,0.4157673,-0.026983658,-0.17435625,0.17158504,-0.23105069,0.15598647,0.06348045,-0.10091839,-0.12734972,-0.21819368,0.2578985,-0.055681765,0.0778047,-0.0027510384,-0.05302701,0.081597276,0.12799984,0.03462785,-0.047223672,-0.27166474,-0.15087987,-0.07652139,0.0040125535,-0.43477353,0.15486622,0.08027195,-0.1454865,-0.22907007,-0.17165932,-0.3309208,-0.084831975,-0.04487327,0.22961618,0.11857396,0.31178033,0.0280545,-0.22777835,0.435174,-0.079637684,-0.3864029,0.055071346,-0.39746326,-0.02115814,-0.118824415,0.13092257,0.23838408,-0.08119216,-0.099035695,0.18953688,-0.19169219,0.016117154,0.13537306,-0.19764937,-0.0751609,0.025226131,0.33268213,-0.3023685,-0.037298203,0.3384364,0.24283715,-0.0688924,-0.017829133,0.11485707,0.12003198,0.3445352,0.28286484,-0.34557262,-0.39876255,-0.13591823,-0.46312708,0.3281094,-0.373973,-0.07479322,-0.21779364,-0.3967722,0.29518858,-0.14418377,0.47676194,0.35135114,-0.0007921176,-0.5238043,-0.08505014,0.57147497,0.10704884,-0.041825995,-0.15286382,0.22179827,0.09242625,0.07097316,0.2840264,0.27059793,0.10930991,-0.3967168,-0.24557558,-0.15414616,-0.009317413,0.37475234,0.51315135,0.09791916,0.13755076,-0.3778038,-0.10569446,-0.1382836,-0.15916248,0.14492913,-0.1127408,-0.47378477,0.21064916,0.3008734,0.07206732,-0.042053793,-0.22484706,-0.20932488,0.2677406,-0.18709393,0.50316346,0.23740397,0.084912986,0.6786385,0.3189325,-0.107606426,-0.255912,-0.10599823,-0.025673535,-0.1895842,-0.28111303,0.05885779,0.22205245,0.4644251,0.019173713,0.15062521,-0.46279526,0.21465571,-0.25220984
SIM-0059-NT,0.076200895,-0.01078153,-0.060466114,-0.37093076,-0.18925114,-0.23863237,-0.14852235,0.29560876,-0.088176385,-0.16822636,0.162389,0.08164553,0.5080724,0.25278124,-0.4972208,0.20129399,0.17153803,0.41487303,-0.04962134,0.27409467,-0.08865523,0.07260777,-0.2637338,-0.34361202,0.21740346,0.00089205266,-0.32019165,0.2036283,-0.6839047,-0.20247027,-0.4151827,0.2997941,-0.10838931,0.019726245,0.07605227,0.20214666,0.173831,0.2003108,-0.06637533,0.2132784,-0.1638518,-0.100499004,-0.3841943,0.41909686,-0.24841149,0.35270524,0.13432543,0.04981776,0.09174913,-0.26631317,0.4013897,-0.0904234,0.25322577,-0.13581575,-0.3578496,0.49585435,-0.15086806,0.11546011,-0.7569429,-0.017731575,0.15101475,0.035629656,-0.024503047,-0.05275933,0.21764296,-0.32341698,-0.059181,0.3586726,-0.37067556,-0.026622493,-0.27582368,0.07524785,0.008258734,-0.23599748,0.0060614916,0.016437378,-0.15231678,-0.10414239,-0.1620079,-0.5701205,0.23172903,0.29870903,-0.4375539,0.3020102,0.10037083,-0.27553988,-0.05230554,-0.1763956,0.23083074,-0.22939624,0.5307305,0.28963727,-0.30623674,0.4096069,0.18246002,-0.037655856,0.16893469,0.2311635,-0.18958054,0.20874071,-0.1081808,0.20356572,-0.03410384,-0.25183466,0.15755461,-0.09467653,0.038635634,0.10221513,0.36731657,-0.10894627,-0.21202825,0.41145062,0.00079575484,-0.1362865,0.0905766,-0.0859057,-0.06693977,0.64341825,-0.24700288,-0.35951665,0.30638304,-0.094800554,0.07977456,0.15955868,-0.43745506,0.28514838,-0.14034091,0.47471684,-0.19906367,0.39143053,0.43668005,-0.12237411,-0.047576323,-0.07851201,0.3799112,0.044855792,0.13318458,-0.035880484,0.11802718,0.13429181,-0.14919771,0.44311827,-0.050925896,0.25749886,-0.31544122,0.17100172,0.2662174,0.06647449,0.2689745,-0.17682004,0.118131526,-0.38018283,0.037141003,-0.19822513,-0.017189957,0.34481034,0.43445882,-0.32059944,0.31131855,0.34978062,0.08116337,0.33948758,-0.10374435,-0.12847823,-0.12739743,0.17848647,-0.024314037,-0.1789545,-0.16697472,0.00030344463,-0.21229969,0.1670923,0.29877162,0.24346201,0.72777545,0.10270726,0.42380637,0.045951318,-0.069605425,0.02978137,0.041594002,-0.030903623,-0.27062896,-0.24485879,0.28329507,0.20853244,0.44468606,-0.09819051,-0.121509865,-0.28729662,0.2639869,-0.22303241,-0.0077133738,0.07830585,-0.39086807,0.19423455,0.2525158,0.06919619,-0.02169995,-0.008068699
SIM-0060-NT,0.35005292,0.013333181,-0.0050449665,-0.17165928,-0.6997788,0.2740762,-0.0007227395,-0.21884425,0.5275758,0.10985224,-0.05150324,0.2545479,0.09198612,0.087129675,-0.15216869,0.174083,0.23507033,-0.1508158,-0.47372317,0.23751424,0.1571145,0.21052426,0.011545567,0.2406771,-0.16321725,-0.046650324,-0.2617326,0.28936964,-0.011688085,0.05796017,0.10832458,-0.059640706,0.2056045,0.414503,0.24492387,-0.4308174,0.027449809,0.03880464,0.31056368,-0.13727194,-0.26010635,0.20890117,-0.004806994,-0.15594073,-0.06502796,-0.352773,0.042529974,-0.075947285,0.13324566,-0.05123652,0.00887464,-0.11382643,-0.06365535,-0.28244,0.25805384,-0.010420522,-0.49728352,-0.39634228,0.2593867,-0.010808396,-0.004979403,-0.0006737357,0.1218433,0.38264576,0.11127994,0.076841675,-0.14281988,-0.38565806,0.11861827,0.13881281,0.2749148,0.4280352,-0.28997192,-0.1535011,0.16706596,0.00029693666,0.36084747,-0.048395224,0.50025177,0.01399606,0.40691724,-0.60171413,0.12158748,0.0058268313,-0.5234086,-0.0038288396,-0.30943945,-0.1299135,0.0762961,-0.030724267,0.08907844,0.039292898,0.58859456,0.064812206,0.028126631,0.10522871,-0.006560723,-0.3959932,0.17295977,0.32267815,0.3888088,0.17234308,-0.06721673,0.06573406,0.4465912,-0.05599011,-0.2983761,0.5523369,-0.25452816,-0.3929548,0.079783656,0.10219307,0.11451446,0.21956278,-0.04041918,-0.036817204,-0.14330213,0.034199487,0.13548173,0.22669388,-0.22445044,-0.31155863,0.22124691,-0.13225338,-0.24629004,-0.46253332,0.3518488,0.06891602,0.13637254,0.10935456,0.053134076,-0.005804405,-0.017571805,-0.24422692,-0.44134608,0.5614071,0.009494452,-0.10938714,-0.20024021,0.26239562,0.036181353,-0.21585137,-0.0758943,0.07782641,-0.096657574,0.20377055,0.53102297,-0.10549037,-0.071237065,-0.20748219,-0.038373895,-0.4900939,0.27483487,-0.33354133,-0.20157665,0.020953583,0.34435847,-0.21356438,-0.046667926,0.0733808,-0.16789426,-0.030121578,-0.39762422,-0.13192269,0.30761385,0.20391609,-0.11094114,-0.2532687,-0.05309054,-0.36591503,-0.049192265,-0.102509,-0.11165106,-0.03528892,0.13419442,-0.2596612,0.23941252,0.28131202,0.549934,0.074082404,0.3682587,0.24411131,0.04760967,-0.30426922,0.22381282,0.0599334,0.44683838,0.18505196,0.26395506,-0.14457686,0.061147377,-0.48090053,0.13862598,0.30444223,0.34798113,-0.088731885,-0.4534358,-0.13440114,-0.019459527,0.10220249
SIM-0061-NT,-0.5073596,-0.026137795,-0.2593737,0.36162826,-0.58373123,0.25317368,-0.039881933,-0.5117239,0.4193562,0.3375547,0.3124988,0.02327969,-0.16788928,0.016276535,0.13651209,-0.13560742,-0.21445198,0.123286486,0.04885516,0.23148683,0.38075927,0.21408522,-0.28807417,-0.003248763,0.09674472,0.20229857,0.21452458,-0.014510271,-0.122606814,0.25217184,0.094406486,0.07037255,-0.17616408,0.5249542,0.06226062,-0.021704549,0.062276307,-0.03290877,-0.32219034,0.07466931,-0.36290017,0.025773985,-0.39829892,-0.538578,0.15325092,-0.27591106,0.10855267,0.042331032,0.036717914,-0.15676579,-0.03275329,-0.16407755,0.23620479,-0.12075371,-0.06209843,0.18617865,-0.1553812,-0.4478082,-0.26523805,0.2639423,0.020650374,0.07303804,0.07393063,0.44706383,-0.51879096,-0.03195139,0.007515697,-0.0050691934,0.19987649,0.20621876,-0.054041468,-0.4223771,0.62711287,-0.0015590366,0.021869788,0.3155723,-0.098320335,0.3229285,-0.07663962,0.45727578,0.11383024,-0.1688639,0.5450932,0.15059917,-0.15221804,-0.35178378,0.1743945,0.3460182,0.0967643,0.08251616,0.38965377,0.14958376,-0.1644741,-0.15373495,0.13889319,0.1255321,0.2719884,0.09215541,0.1699668,0.08702849,0.24106185,0.1864617,-0.06458648,-0.04709253,0.08097735,0.028017698,0.3285594,0.05297999,-0.3558523,-0.29549423,-0.059780393,0.1804474,-0.18131337,0.16283192,-0.19176035,0.039693877,0.10363264,-0.28582105,0.09890877,0.403888,-0.04938721,0.019110808,0.0633452,0.022657897,0.006012294,-0.013306195,-0.39185876,0.11323437,-0.26874363,0.094121836,0.1752944,0.101724535,-0.220917,0.07885198,-0.053411957,-0.1474666,0.5158972,-0.22454737,0.12368291,0.38144195,0.095697135,-0.15378246,-0.13781255,-0.3492407,0.023367897,0.032562476,-0.06267308,0.35595268,-0.009333058,-0.38750696,0.37911907,-0.28711426,0.13688953,0.16967309,-0.00957462,0.24378109,0.02974543,-0.07932208,-0.5105862,-0.42231724,0.6991175,0.19458917,0.3248793,0.6398293,-0.07862648,-0.023184456,-0.40040442,-0.06028718,-0.06684713,-0.08556659,0.2750277,0.1910856,0.24232112,-0.29271457,0.019387998,0.09807257,0.47917518,0.041345645,-0.028763149,0.28381398,-0.052406687,0.12967215,0.1222625,-0.117867984,-0.16068871,-0.007891492,-0.10820426,-0.3745795,0.18037747,0.14258727,-0.18569538,-0.20994839,0.12215368,0.43802238,0.255194,0.30015925,-0.07611797,0.10386449,-0.033100016,-0.18151854
SIM-0062-NT,0.04891552,-0.2169384,-0.18628456,-0.11127389,-0.084620506,-0.007369142,-0.51657075,-0.23308747,0.39271843,-0.002212471,0.14034739,0.104038775,-0.027068822,-0.22073366,-0.13746962,0.489602,-0.1333178,0.4304178,-0.103828214,-0.07979589,0.019107904,-0.044023704,-0.23463723,-0.0035532196,-0.36803937,0.09110341,0.05619834,0.18210512,-0.12421171,0.18457396,0.10766616,0.03187986,0.49427578,0.11770432,-0.11596774,0.3840702,0.12755336,0.44470796,-0.4637422,-0.07515063,-0.074527994,-0.4720989,0.04147341,-0.0929319,-0.4997282,-0.1915634,0.34659645,0.22718264,-0.17793109,-0.18521927,0.21521127,-0.4913941,0.14839627,-0.45793873,0.41049916,0.16459288,-0.46101284,-0.09512232,0.079323255,-0.49672335,-0.0108846715,0.12040059,-0.51713,0.18652996,-0.031183006,0.22920272,-0.058621645,-0.2642703,-0.28867853,-0.07802317,-0.04718578,0.26601467,-0.06982515,-0.39008045,-0.1144566,-0.38104853,0.08748485,0.14496768,0.18757258,-0.07562812,-0.17495659,-0.12768275,-0.022832613,-0.12729336,0.40240276,-0.09151357,-0.025577188,-0.18784823,-0.18220304,-0.31826004,-0.25712866,0.4680413,0.135965,-0.08472056,-0.16414052,0.30882606,-0.20891808,-0.4258027,0.11879933,-0.23168358,-0.32086983,-0.27310368,0.10375295,-0.02606,-0.24611546,0.11738438,-0.20688272,-0.40891084,-0.32696262,0.0054999776,-0.19589244,0.026315512,0.27809843,-0.15750133,0.6665774,0.06905559,-0.044073034,-0.33367553,-0.08713088,-0.06213452,0.18993482,-0.14894235,0.10809497,0.010505378,0.24369207,0.26340482,0.08339778,0.19124645,0.28089118,0.1343328,0.06944649,0.10230311,0.40291774,0.028156005,0.18223707,-0.16907316,0.37522656,0.11238117,-0.086336695,-0.017521696,-0.05459786,0.0012431085,0.052441053,-0.049192782,-0.39700872,0.4436033,0.06657398,0.06780738,-0.0120064365,0.22701205,0.012053101,-0.077734314,-0.061751448,0.31282768,0.05059707,-0.008781492,-0.1088629,-0.080131344,0.27015913,-0.22908276,0.16742434,0.17665449,0.053907342,-0.047472734,-0.3705068,0.1660352,-0.39876446,0.04170852,0.013022806,0.19200708,-0.22392862,-0.23628893,0.13364677,-0.042701527,-0.50427777,-0.0015511349,0.45193693,0.13715473,-0.2963983,0.11741986,0.24569902,-0.43125653,-0.071861915,0.32488513,-0.38105246,-0.06998558,-0.05379265,-0.10388423,0.34396264,0.30557108,-0.075615525,-0.25427923,0.3182398,0.19372953,-0.004201652,0.16372631,0.16188197,-0.21863708,-0.14849646,0.001409212
SIM-0063-NT,-0.48333746,-0.085668474,-0.19808638,0.042850155,-0.2815388,0.10734977,0.05563236,-0.025460102,0.11729852,0.14808732,-0.05947693,0.008851071,-0.16966626,-0.17258215,0.39513555,-0.050567493,-0.002931543,-0.01930205,0.09287976,-0.13599195,-0.111946315,0.23425008,-0.37182906,0.046728153,-0.2052312,-0.50225633,-0.020296704,-0.28861183,-0.33333546,0.64894754,0.13552071,0.14165525,-0.013313229,-0.29853624,-0.041374408,-0.08880398,-0.48106843,0.44782364,-0.022354612,-0.20819904,0.030789046,-0.34465638,-0.23446497,0.3841164,-0.12993172,-0.004538856,0.025875494,-0.04352141,-0.13466825,0.56727433,-0.18525493,-0.22347398,0.12265932,-0.32122546,0.2553068,-0.05027065,0.032257017,0.073881656,-0.0848877,0.22892314,0.16243763,0.12911098,-0.37857655,-0.08716302,-0.027823756,0.434421,-0.35350353,-0.15954612,0.2703961,-0.2346934,-0.16441989,0.41849375,0.09144413,0.2144902,0.18063457,0.029271074,0.022864366,0.22166386,-0.21174516,0.43350458,-0.13351613,0.25577268,0.126476,-0.13683958,0.12089356,0.03186909,-0.441394,-0.021685237,-0.31218046,0.12687205,-0.03538185,0.2193578,-0.174193,-0.32397288,-0.26905054,0.505027,0.75725055,0.50033194,-0.38503116,-0.3442344,-0.26627743,0.19353674,0.5269664,0.22619894,0.04749037,-0.23111762,-0.071414106,0.022159187,0.22066747,-0.12476561,0.1002971,0.06877136,0.025084741,-0.09886388,0.030240232,-0.023973716,-0.1954607,0.2211296,0.3936685,0.04252768,-0.01149922,0.18969068,0.04632227,0.28508666,0.026586201,0.14654107,0.43336967,0.3169231,-0.039208014,0.27035415,-0.26695198,-0.050237715,0.20839271,0.38244632,-0.1878578,-0.0068290876,0.00076039444,-0.02304822,-0.30404687,0.12518287,-0.31890193,0.2844466,0.33744958,-0.15962538,-0.31727293,-0.008049605,-0.12998119,-0.052420262,0.022890542,-0.23256372,0.414763,-0.16029376,0.23385572,-0.22246473,0.015340706,0.1125774,0.03390892,-0.06348374,-0.12324963,-0.10169811,-0.16879073,0.083257444,0.45781404,0.08982361,0.14894684,0.27056435,-0.11275752,-0.4510849,0.0007339666,0.21374075,0.5025753,-0.24505383,0.27494702,0.065254495,-0.09720587,-0.26149657,-0.14597464,0.14331974,0.30569154,-0.6810601,0.12811816,-0.14338577,-0.12004789,0.10412593,0.48027414,-0.17946261,-0.02390514,-0.39386925,0.10962474,-0.17250068,0.39401314,0.09007995,-0.070809506,-0.06907087,0.09118146,0.17277421,-0.29220906,-0.03715074,-0.00066419167,0.052925553
SIM-0064-NT,0.3264596,-0.35638103,0.23898171,0.0910988,-0.12445033,0.20157214,-0.09577958,-0.45308906,-0.8584535,-0.30410284,-0.13604544,0.042924594,0.14932558,-0.06451302,-0.35252526,-0.095127955,-0.054565653,0.43438876,0.13921066,-0.41411597,-0.07875963,0.17412247,0.0052496996,-0.40594608,0.20459983,0.0908646,-0.03924992,-0.2015909,0.25333244,-0.45349893,-0.3885694,-0.18370704,0.07555938,-0.34102216,-0.13618188,-0.08534068,0.08579433,-0.06920204,-0.068266444,-0.17645264,0.27225694,0.16493732,0.1559486,-0.19450557,-0.12814932,0.11910261,-0.14687528,-0.2316284,0.07217647,-0.32697037,-0.052354787,0.22306795,0.036319613,-0.2617784,0.11815947,-0.1502497,0.2114103,0.12728609,-0.086784326,-0.18747285,-0.21232139,0.6474167,-0.5728444,-0.440069,0.2756201,0.22165589,0.09008546,-0.4979806,0.13470544,-0.24491513,-0.02470594,0.10171865,0.12664679,-0.16267237,0.3212322,0.20322506,-0.24003793,-0.11994225,-0.18966594,-0.015657559,0.157294,-0.46267524,-0.49604324,-0.20801648,0.3381738,0.059389703,0.39429337,-0.038937718,-0.21050942,-0.41910872,-0.20729111,-0.15504096,-0.60630065,-0.21027045,-0.21246563,0.005437014,-0.010536927,0.080005825,-0.4056745,-0.28375375,0.23148412,-0.06476634,0.2117337,-0.035301976,0.04679298,0.13217245,-0.1391204,-0.16677952,-0.16999449,-0.019489916,0.1435487,-0.10165607,0.2887696,0.43740666,-0.21962214,0.29710943,-0.0044739572,0.09518807,-0.03348129,0.30478027,0.08684403,-0.08692541,-0.10434953,-0.30031908,-0.14290233,0.30508077,0.27074963,-0.16001989,-0.2745032,0.23794357,0.10728331,-0.49401295,0.71993184,0.0029133605,0.42541614,0.04354945,-0.26018482,0.048510727,-0.3668904,-0.03148149,-0.27200738,-0.051104225,0.062001396,0.07387921,-0.36495447,-0.16120197,-0.49381423,0.15521389,0.050702628,-0.29371724,0.3514746,0.11664123,-0.026308144,-0.1183283,-0.15938765,-0.19730723,0.29348966,0.06861688,-0.26224247,0.32421654,-0.022598399,-0.22975263,0.49386752,-0.27374882,-0.20630914,5.1924875e-05,0.08055672,-0.18821637,-0.5527098,0.008120125,-0.261494,-0.0897652,-0.20255938,-0.27090472,-0.06661555,-0.15802686,-0.2100142,0.24140364,-0.24873157,-0.06312446,-0.009371816,-0.42265314,-0.27942544,-0.009888254,-0.01925017,-0.19704114,-0.0065085357,0.0669232,0.14670725,0.16661008,0.30226895,0.026909739,-0.3472379,-0.07393466,-0.31726465,0.21126062,0.34327933,-0.0015311021,0.29058185,0.2735011
SIM-0065-NT,0.07591835,0.13166705,0.23717943,-0.34900224,0.061954916,0.13852184,-0.3586247,0.4780553,0.27312946,0.2751784,0.10222362,-0.237145,-0.31711894,-0.02480501,0.17420581,0.1356227,0.42755672,-0.07767769,-0.09000635,0.0019421568,-0.28904942,0.37547097,-0.06251185,0.0633096,0.20357852,-0.1881585,0.06934602,-0.0019176927,0.24384661,0.0021038956,-0.71422255,-0.23361215,-0.37493682,0.48179913,0.35364452,-0.5375958,-0.25263545,-0.34623346,0.054110274,-0.23897435,-0.066370964,-0.3442984,0.10757927,-0.41981757,0.62577134,0.37608567,0.62041897,0.1515974,0.3892479,0.22319648,-0.25111982,-0.093064874,0.10601198,0.2880551,-0.0016485294,0.13864966,-0.083164,-0.10310007,-0.36788484,0.11067458,-0.12304182,-0.3212217,-0.14822988,0.07132227,0.16702467,-0.046114337,0.26704592,0.37256277,-0.07168747,0.24343413,-0.16684818,-0.32508913,-0.23619348,-0.21614039,-0.10943615,0.49556157,-0.13090181,-0.09411107,0.038402557,-0.33017358,0.03647766,0.16417693,0.37064883,0.32846272,0.09077694,-0.05584109,-0.04138442,0.10187926,-0.011656089,-0.022683723,-0.23363277,0.16766746,0.07443811,-0.18907237,0.37225437,0.052133884,-0.35602245,0.23622343,-0.16816425,-0.1024489,-0.046730813,0.21580383,-0.0144336,0.15458804,-0.3933974,-0.27583334,0.007992481,-0.18129173,-0.051087953,0.18647203,-0.200791,-0.1838357,0.027430572,-0.5315802,0.25189412,0.03253436,0.023264451,-0.1348296,0.17226605,-0.040354773,0.3065337,-0.42772797,0.01581603,0.010595545,0.07781823,0.3509142,-0.34094998,-0.3486418,-0.08826679,-0.4731284,0.5766374,0.23335461,0.12931333,0.1957231,0.3177557,-0.15366302,-0.090253845,0.08556837,-0.1260584,-0.23188607,-0.13237976,0.09542809,0.22786419,-0.31770054,-0.04743822,-0.01350619,-0.3476693,0.112209834,-0.026769735,-0.23463646,-0.120583825,0.13381478,0.24446768,0.08489474,0.47652555,0.27884632,0.13783617,-0.1756869,0.28278965,-0.19215403,0.18670009,-0.61100525,-0.1234479,-0.34943035,-0.07156197,-0.38479134,0.007139955,0.11676891,-0.1625259,-0.08000938,0.054870557,-0.011774312,0.3369806,-0.17134689,0.13430817,0.06505692,-0.39718637,0.021817701,-0.02171731,-0.12309913,0.44358298,0.3212515,-0.19065702,0.1588285,0.1859693,0.036469646,-0.27452707,-0.23808901,0.13196976,0.12671168,-0.071342476,0.32894412,0.3733551,0.3704042,0.37146825,-0.0039584083,-0.33371243,-0.08060123,-0.028706115,-0.15743423
SIM-0066-NT,-0.095205374,-0.28886572,0.17861028,0.40707517,0.5954989,0.062058464,-0.04290282,-0.009238835,0.3402974,0.33607316,-0.060147706,0.30086175,0.040403847,-0.18388124,-0.038656197,0.4257713,0.18042323,-0.12669073,0.23433232,0.1784804,-0.077489436,-0.18665336,-0.2778191,-0.41106918,-0.16356535,-0.044422492,0.31503952,0.20606795,0.04912699,-0.46845192,0.07381736,-0.41136134,0.21829943,0.22536802,0.012725213,0.20421234,0.2535517,0.02739248,-0.036222093,-0.33218572,-0.088766426,-0.24914765,-0.25166443,-0.18323073,-0.4903844,0.24483754,0.05475047,0.29021928,0.20048887,0.1247133,0.19855618,0.037703175,0.32626644,-0.12743895,-0.0050341487,-0.06979738,0.50426316,-0.15796052,0.3219374,-0.3408374,0.02506891,-0.045398224,-0.25521886,-0.16611409,0.12576681,-0.084116064,-0.2412948,0.22444385,-0.005296772,0.08280349,0.27329484,0.38645333,-0.57151806,-0.02685802,-0.41922992,0.68151444,0.037687734,0.24329028,-0.15677656,-0.08885715,0.27484268,0.12877636,0.4194321,-0.20859675,-0.054512564,0.12828451,0.16642149,0.10481948,-0.33078,-0.23565969,0.085403465,-0.38583222,-0.22150812,0.009330417,-0.19402319,0.057320558,-0.022401897,-0.19704258,-0.1911242,0.31947255,0.096031114,0.061831355,0.013715307,-0.22685632,-0.1410925,-0.6001807,-0.1591268,-0.15491648,0.13715003,-0.1507833,0.1964742,-0.06493281,0.037134074,-0.007796134,0.17494704,0.30155212,-0.24675228,0.4398577,-0.21419233,-0.04606569,-0.13223495,0.3769386,-0.2652174,0.17938551,-0.5520913,0.20346038,-0.04782278,-0.09362216,-0.17292666,-0.016649354,-0.088740334,-0.37272465,-0.19621778,0.19960311,-0.100666516,-0.19764613,0.01162548,0.12215005,0.16253534,0.084473364,0.30223954,0.012293243,-0.059025783,0.2183623,-0.17713112,-0.10104379,-0.39827138,0.45347115,0.52134913,-0.043755535,0.19086617,0.17488901,0.04734995,0.3038703,-0.3162065,-0.046211164,-0.5217153,-0.25275838,-0.4064207,-0.45945644,-0.12385019,0.09122116,-0.16631229,-0.13627422,-0.18368094,0.03509921,-0.15113038,-0.2516392,0.23308074,-0.2180824,-0.31795734,0.18497856,-0.42094824,0.30733764,-0.25650078,0.020042093,-0.24864618,0.0032370246,-0.13025035,-0.24563017,-0.4009053,-0.13519137,0.11876247,0.16859166,-0.17964958,-0.17905658,-0.043581907,0.00034436042,-0.00081566133,-0.10847127,-0.091384225,-0.07181392,-0.6037935,-0.10139911,0.19553278,0.34831187,0.29410735,0.022520043,-0.29721978,-0.1369219
SIM-0067-NT,-0.1904572,-0.35226077,-0.23551945,-0.1822194,-0.3486909,0.2331947,0.15226947,-0.012298401,0.09542338,0.07647589,-0.18337221,0.4497296,-0.19215871,-0.4170002,0.04032626,0.14106473,-0.07547215,0.311172,0.045157,-0.20515756,-0.14843863,0.037157767,0.02012684,0.3033583,0.20869814,-0.39191508,-0.04218122,-0.31072313,0.36464843,-0.24337222,0.05052222,-0.17445925,-0.4946397,-0.3138301,-0.062351447,0.1421424,0.13274753,-0.33268338,0.07832517,0.23744735,0.12817551,-0.09042855,0.012020288,0.038108606,0.34925833,0.42533323,0.16122243,0.013355029,-0.007767392,0.018155308,0.051345937,-0.12906146,0.49203312,-0.19798508,0.32388797,-0.54947186,-0.06883985,-0.08470795,0.057178814,-0.09108181,0.34649923,-0.06057777,-0.25732327,-0.24149175,-0.11823624,0.181084,0.22637726,-0.30057308,-0.20002863,-0.26638645,-0.07136211,0.24049757,0.042856053,0.13753468,0.18672128,-0.14669226,-0.32023665,-0.14684232,0.20534074,0.1507177,0.019776396,0.2372203,0.036410455,-0.08296154,-0.3922007,0.31782728,-0.024016932,-0.11285048,-0.025667211,0.37468663,0.24816209,-0.09000122,0.117438495,0.30677205,0.08685696,0.030181343,-0.52257466,0.31143987,-0.25707948,-0.4676787,-0.4510748,-0.21377693,0.12149154,0.29015857,0.08541423,0.4338782,-0.10078587,-0.058017932,-0.46668997,-0.14395122,-0.5105068,-0.33543083,0.15753078,-0.4217687,-0.3970482,-0.4394516,0.1940921,0.40972573,-0.018683473,0.2357212,-0.29101652,0.3074732,-0.17892072,0.1668947,-0.0068056853,-0.47949237,-0.22128983,0.04277393,-0.46241224,0.07413879,-0.3540681,0.13515683,-0.34014952,0.1107956,0.20415194,-0.042016387,-0.02003241,0.37138575,-0.1958031,-0.133561,0.16016337,0.105579205,-0.060707364,-0.30375654,0.24340685,-0.30955043,0.5695516,-0.29888377,-0.27630985,0.08543596,0.1372801,-0.24349038,0.42310712,0.082432516,-0.061976567,0.09650087,0.30266914,0.40230736,0.04821591,-0.3185204,-0.31462416,-0.35373053,-0.16062525,0.009446677,0.053484492,0.28166732,-0.5183355,-0.0026899392,0.11520269,-0.7019992,0.11338722,0.6825206,0.19334044,0.07697127,-0.068400085,0.058197923,0.3842829,-0.08668599,0.29839462,0.116031006,0.40664747,0.2722623,0.04738431,0.031266365,-0.078318,0.24422994,-0.14755228,0.028436555,-0.048354417,-0.33530623,0.055102076,-0.38133532,-0.11205079,0.16678558,0.04222654,0.038238052,-0.21617919,0.26221687,-0.22153838,0.17658865
SIM-0068-NT,0.32471463,-0.3826372,-0.10162022,-0.12460363,0.0682228,-0.2358585,-0.29135406,-0.013398095,-0.14028099,-0.036489982,0.2231745,-0.40434927,-0.028443078,-0.14774302,0.005915398,-0.14675201,-0.29504567,0.098264314,0.69285893,-0.025146225,-0.181534,-0.18229571,0.23367809,-0.2192399,0.32490736,-0.40920043,0.048081785,0.16583832,0.19061235,0.1730688,0.06650633,0.28839663,-0.24774219,-0.16103378,-0.1007607,0.37087905,0.11654961,0.17048271,-0.044773765,0.20420188,-0.38800308,-0.10222709,-0.0543461,-0.1185804,-0.08031699,0.1367142,0.059589993,0.2984195,-0.5215697,0.37206215,-0.16242988,0.32899436,-0.104385346,0.09238074,-0.26920304,-0.3040335,0.14528246,-0.66601366,-0.30379358,0.19167127,-0.10359353,-0.22054993,0.38069943,0.46859473,0.00010440636,0.31843436,0.3792591,-0.0040787887,-0.12805337,0.022179674,-0.36362523,0.14198649,-0.08236147,0.014120753,0.010502198,-0.21188074,-0.008954904,-0.3398485,-0.12059047,-0.27833006,-0.21915942,-0.5643965,-0.10731366,0.12138538,0.044448476,0.2709756,-0.23817565,-0.11967386,0.22928526,-0.021647878,0.046249986,0.5285451,-0.063551456,-0.121035166,-0.24824357,-0.072303236,0.2554422,0.14339453,0.35814345,0.09021065,-0.5602083,0.15727107,0.0260638,0.00042765672,0.30455753,-0.06859073,0.14491746,-0.26918572,-0.37956664,-0.14970101,-0.07841994,0.13700795,-0.27436298,0.3767402,-0.24139942,-0.02203269,0.0029075514,0.074812986,0.11269676,0.5655207,-0.15065871,0.07818445,-0.020887459,0.24572904,0.11221838,0.05494064,-0.37345424,-0.11328151,-0.24414465,-0.111794986,-0.20647304,-0.1295457,-0.10274821,-0.098385625,-0.07356156,-0.23201232,0.00925761,-0.22547136,-0.14971362,-0.012547086,-0.645396,0.622889,0.13119073,0.07995827,-0.13046,0.023492916,-0.30247048,0.12255691,-0.42094702,-0.31722218,-0.1774827,0.377476,-0.2754673,0.08342048,-0.5156996,0.0062022014,0.43379408,0.12506321,-0.518272,0.010877297,-0.116004035,0.3065941,-0.025042823,-0.36003155,-0.034084182,-0.1740467,-0.54005337,-0.043561473,0.0011143644,0.095332175,0.25437692,-0.07018694,-0.37531775,-0.20917192,-0.0046541383,0.3038054,0.000988218,-0.03304969,-0.059101373,-0.0020471504,0.47761148,-0.021093586,-0.06589585,0.009566085,-0.16908596,-0.39032286,-0.43500072,-0.18169552,0.29530728,0.2917729,-0.27899608,-0.039539907,0.03288245,-0.18123238,0.32717147,0.19050726,0.09021465,0.017128412,-0.3907557,0.3392421
SIM-0069-NT,0.14512838,0.10231497,-0.1844878,-0.16280343,0.1236385,0.27555984,0.43121046,-0.18384138,-0.03971902,-0.52358305,-0.615281,0.13109705,-0.2133258,-0.49330693,-0.29074058,0.08570632,0.09597729,-0.40931368,0.3091048,-0.1739247,0.068727456,0.009406838,-0.0028894974,-0.23423457,-0.0060793525,0.06734237,-0.049829017,0.025231063,0.27545422,-0.117813945,0.1633395,-0.052602828,0.35613567,-0.35149452,0.32595104,-0.13291134,0.5279465,0.10881964,0.21256211,-0.04022942,0.17017952,0.17007771,-0.03560369,0.19107409,-0.8402191,-0.16103536,0.005350527,0.12547325,0.24300353,-0.063174106,-0.09761189,0.21788076,0.2878868,0.18496561,-0.038259942,0.637142,0.019838376,0.05410804,0.408235,0.38201353,0.17687805,-0.22541805,0.02816525,0.12935986,0.48801613,0.73743844,-0.14975376,0.21316552,-0.20374708,-0.031216884,-0.21687497,0.41730848,0.05945825,0.07336051,0.012314688,0.09407465,0.10261712,-0.1712993,-0.42195347,-0.33185482,-0.40267578,0.048728004,-0.20411953,0.24502508,0.06016567,-0.4588552,-0.102620594,-0.5307118,-0.28605098,-0.12256717,-0.2363413,0.47122914,0.18719889,-0.08195565,0.35672092,-0.2436168,-0.0830453,0.21347623,-0.27890638,0.17125872,0.07319588,0.14701913,0.44935104,0.113883875,0.031510077,-0.37433878,0.0525713,-0.11998627,-0.03078201,-0.11835823,0.12287816,-0.24765448,0.0530127,-0.2603934,-0.4496841,-0.08543359,0.1159732,-0.1942488,0.034147665,-0.090745054,-0.25885543,0.13932407,-0.16283143,0.09365558,-0.36504665,0.03420259,0.15596494,0.087943144,0.22313525,0.1613735,0.07480411,0.2115028,-0.09343943,0.1303196,0.005445082,0.46265367,0.06837379,-0.32136503,0.06325833,-0.23780443,0.18212233,0.18662398,-0.15226763,-0.25945824,0.033191297,-0.22599068,-0.209613,-0.1265157,0.15607774,-0.37098423,-0.188621,0.59968436,0.488451,0.30244967,0.010947617,0.18799858,-0.096178725,-0.6761887,-0.14255318,-0.11849499,0.007057062,0.12074324,0.41273177,0.0079449965,-0.2508803,-0.048981905,0.16102643,-0.028054249,-0.20087986,0.13114336,-0.2856995,-0.21964306,0.104023114,-0.19630295,-0.08813755,0.0039765015,-0.010479812,-0.24191977,0.08222027,-0.2293888,0.41266155,-0.10034898,0.15197356,0.18328622,-0.08871833,-0.24177063,0.18241513,-0.35564935,-0.31744662,0.15174556,-0.0501955,-0.17672291,-0.12466764,-0.19887374,0.54528606,0.25459778,-0.20607862,-0.0781622,0.14920397,-0.24395129
SIM-0070-NT,-0.13968107,-0.074529506,-0.22034563,0.2741012,-0.17858993,-0.029108956,0.029169878,0.3965362,-0.021574598,0.5342387,-0.09067337,-0.05519669,0.23424183,0.48001927,-0.06612544,0.30903947,0.21185465,-0.19019438,-0.004524378,-0.010169745,-0.25788,0.041045178,0.020003024,0.09368288,0.017459426,-0.16681673,0.6115405,0.054239523,0.32497513,0.1095173,0.37674597,-0.1940064,-0.022228127,-0.11201734,-0.14299132,0.06687854,-0.061553877,-0.3567888,-0.07568147,-0.09649978,0.22018434,-0.3617313,-0.12822442,-0.187598,0.18623959,-0.13636374,0.26151523,-0.011770382,0.12244348,0.27642557,-0.30053446,-0.0617943,0.10527465,0.04947058,-0.32424903,0.17412873,0.011930783,0.032056924,-0.055338476,-0.7954479,0.13636445,0.14700578,-0.10535904,-0.37113017,-0.13385354,0.24874863,-0.10196167,0.0056300224,-0.08339145,0.07884583,-0.3292116,-0.050562777,0.27406952,-0.22926772,-0.068701796,0.263232,0.18667537,0.11309693,0.097213015,0.09325498,-0.05761668,0.27553096,-0.11713203,-0.2485722,-0.34597793,-0.15415896,-0.15734401,-0.1778472,-0.29390243,0.093506575,-0.23662063,0.13711378,0.18025123,0.6432503,-0.11365018,-0.03991916,-0.1865827,-0.2928888,-0.1050621,-0.19400106,-0.29600802,0.05916764,-0.26800534,0.14147092,0.21395788,-0.2161806,0.34962845,0.10029717,-0.018220935,-0.44465932,-0.4282974,0.39316618,0.3299097,0.3999066,0.46432096,0.34367758,0.059595108,0.13995187,-0.17108186,0.059649646,0.186402,0.19120711,-0.031362686,-0.50740457,-0.37831149,0.11900062,-0.12634048,0.16630468,-0.30430752,0.34039652,-0.23440516,0.36912996,-0.3878758,0.15083596,-0.23286778,-0.0022165806,0.2690851,0.22544229,-0.205775,-0.15314189,-0.3931932,-0.4479962,-0.2084647,-0.21368179,-0.37657392,-0.051324673,-0.0081021255,-0.003320801,-0.19974421,-0.144767,-0.07920289,0.20426215,-0.16919495,-0.41967565,-0.08029116,-0.10904895,-0.4037665,-0.09982178,-0.22122735,-0.019474896,0.104951195,-0.13414173,0.12776536,-0.0765254,-0.066130444,-0.07728556,-0.048482314,-0.34412536,-0.45726368,0.27948645,0.05289009,-0.13565683,0.26581475,0.7161007,-0.37501425,-0.009737971,0.16678466,-0.40754223,-0.38164973,0.2381981,-0.013553581,-0.17342116,-0.41017342,0.08157277,-0.35037684,-0.25473672,-0.23893343,-0.084715895,-0.27527544,-0.23747325,0.23624606,0.04197115,0.0038444935,0.109049544,-0.26475185,0.09086764,0.106703624,-0.25591812,0.14917405,0.058921695
SIM-0071-NT,0.06558111,0.41655922,0.030589728,-0.23085305,0.03257596,0.0033181317,-0.27718392,-0.50599337,-0.01628745,0.23577859,0.23813312,0.07062907,0.39251128,0.04362611,-0.049299978,0.051018696,-0.18325748,-0.3168199,-0.2446798,-0.11984161,0.21654236,-0.3617652,-0.24351832,0.20132336,-0.08920933,-0.049832724,-0.0936957,0.48315194,0.14007397,0.06298863,0.0493626,0.102369145,0.4620526,-0.09348263,0.0421782,0.0072827297,0.22585404,0.42621848,-0.14706357,0.113279946,0.044053968,-0.34818184,0.24253953,0.39085165,0.20492668,-0.15802413,-0.33918542,0.16027394,-0.2698579,-0.24495047,0.052333076,0.18395959,-0.08403655,-0.051663995,-0.027976204,-0.22901495,-0.09502971,-0.40436986,0.18386209,0.69706297,0.015020564,0.29776484,-0.065410994,-0.33661163,0.5627977,-0.21141376,0.2367688,0.0540146,0.29679394,-0.016770106,-0.29096088,-0.16617477,0.5880577,0.07991966,0.54435307,-0.09189109,0.17845528,-0.32097796,0.0074435268,0.5557748,-0.19595385,-0.17259414,0.20689833,0.02865317,0.47403204,-0.060234535,0.017197812,0.079213105,-0.26894107,-0.32465383,-0.34744143,-0.8269627,-0.021257833,-0.32517558,-0.13475263,0.2550195,-0.23647293,0.17245312,-0.3950499,-0.1712509,0.435266,-0.10695632,0.32195276,0.58885235,-0.10471318,-0.16643259,-0.54006386,0.07295081,0.094815426,0.19268334,0.34783757,-0.25647852,0.46777612,-0.07044417,0.09091727,-0.016850637,-0.19283897,-0.29970735,0.052576095,-0.2410423,-0.05510363,-0.1030373,-0.09056407,-0.4498295,-0.79177713,0.20976153,0.28137368,-0.6404221,0.104546785,0.05430972,-0.33101565,0.22446465,0.2845485,0.26484302,0.43620923,0.2500233,-0.20786506,0.0043430054,0.096359566,0.37974012,-0.06277556,-0.15808007,-0.4134861,0.21827416,0.052291628,-0.2166325,0.1926341,-0.085040696,-0.33118492,0.33270246,-0.5157741,0.03594928,-0.027705044,-0.40968904,0.08135397,-0.173366,0.42089576,0.2510066,0.055288818,-0.62292445,-0.13891989,-0.15818933,0.3025908,0.04449304,0.0792243,0.25434232,0.40766877,0.36470547,0.13654943,-0.06795779,0.10873446,-0.008247805,0.1965004,-0.14194459,0.22586544,0.0116284685,0.09651172,-0.29906768,-0.068404436,0.11163167,-0.045573406,-0.58669895,-0.30850986,0.08545379,0.37607026,-0.058147162,-0.122232966,0.2630642,0.0027239178,0.18577175,-0.07392952,-0.10154894,0.20548958,0.16812351,-0.08020529,-0.28105432,-0.41729546,-0.38436472,-0.15830897,0.07914841
SIM-0072-NT,-0.41640943,-0.40009424,0.094390266,0.3921821,0.27219594,-0.4604088,0.09793332,0.23894952,-0.1238148,-0.059218388,0.08337667,0.12195158,0.09428082,0.18107016,0.053913526,-0.1564542,-0.111565396,-0.19479282,-0.11526487,0.14043114,-0.19319104,0.26748928,-0.24707985,0.05081017,0.20895576,0.11220005,-0.46186975,0.03331433,-0.18444887,-0.3305569,0.05572015,-0.31223178,0.061202448,0.36399382,0.075559735,-0.058202643,-0.040176008,0.22849649,-0.07639895,-0.116340175,-0.23282877,-0.22351776,0.22331081,-0.121493444,0.13880645,0.15900056,-0.23900487,-0.1987703,0.14431605,0.035114817,-0.044710085,0.11542991,0.2531117,-0.00973318,-0.14221941,0.029310014,-0.20117822,0.035682224,0.00047862993,-0.20396453,-0.10119161,-0.081056744,0.18329595,-0.21878003,-0.20235993,-0.093401276,0.14098904,0.18182932,0.06546928,0.1787094,0.29055923,0.03937694,-0.20040834,-0.019353842,-0.3404243,0.09868045,-0.122916095,0.028018259,-0.021232698,-0.09575253,0.05634773,-0.031203495,-0.15762039,-0.27447915,0.088989526,-0.3015944,0.44870323,0.32178825,-0.3974586,0.15687695,0.2845793,-0.14652564,0.087777376,-0.031294644,0.170462,-0.11159176,0.25349036,-0.035850305,-0.07926977,0.16211802,0.22517858,-0.5840795,-0.7260151,0.08541821,-0.16550097,-0.33025444,-0.093491025,0.7277797,-0.3325186,0.22141321,-0.19035326,-0.36304665,-0.15298793,-0.35534593,-0.39201492,-0.18122719,-0.27256194,-0.03650999,0.042149797,-0.19726288,0.15739134,-0.16603829,-0.038389187,-0.5423143,0.020528855,0.5630172,0.1987453,-0.043139677,-0.2895195,0.40802455,-0.040248945,-0.16836213,-0.16209647,0.5182472,-0.029542057,0.1126426,-0.050778747,-0.016304614,-0.10622616,0.35558087,0.0110134445,-0.35195822,0.09853015,-0.028689284,0.09528149,-0.08289778,-0.13526514,0.22353694,0.4647845,-0.46472204,0.02050983,-0.135038,-0.22797029,-0.53913015,0.090197235,-0.120863564,-0.13575134,0.30067563,-0.10985259,-0.12045551,-0.33399493,-0.22696875,0.3666046,0.15289634,0.32190338,-0.21014522,0.09029432,0.2619553,0.14482903,0.39508125,0.100503534,-0.00045829645,-0.58859825,0.104200415,0.14940986,0.28688776,-0.1986421,-0.008394666,-0.3975012,-0.4032993,0.12824127,0.31663314,0.32540107,0.10961663,0.5114914,-0.09812655,0.22456145,-0.3294654,-0.7858705,-0.12034067,-0.030160213,0.05863968,-0.04654031,0.090342894,0.43507633,0.18446873,-0.19140756,-0.62814265,-0.268827,0.3357515
SIM-0073-NT,-0.12589595,0.16966367,0.1600748,-0.0139194755,-0.021698797,-0.16607739,0.55680186,-0.23899294,0.2802376,0.20769577,0.15378255,-0.029969284,-0.36994648,-0.2870135,-0.19369346,0.09243897,0.22265537,0.07850142,0.06492736,0.26061165,-0.52248824,-0.5517311,-0.38692653,0.23138523,-0.5023368,-0.0024623114,-0.22759667,0.03879702,-0.03541537,0.06258184,-0.099791184,0.17684606,0.36587057,0.31618232,-0.090600446,-0.2162624,0.04890225,0.49384877,-0.013296027,0.20968534,0.19594565,0.19300999,0.31821194,-0.32920337,-0.24080704,0.011888558,0.30759022,0.307016,-0.011503368,0.24954307,-0.105395086,-0.2066047,-0.3322498,-0.034313083,-0.08665015,0.2508529,0.14070123,0.013557617,0.01456941,-0.10478873,-0.44478717,-0.29560164,0.19667031,-0.0346171,-0.32796592,0.34176692,0.42454433,0.3011279,0.105997294,0.071550354,-0.006146851,0.040859524,0.15717806,0.17685744,0.11352957,-0.81924665,0.28779662,0.049873576,-0.33936393,0.04950828,0.07562417,-0.39270297,-0.160643,-0.27647215,-0.24337873,0.14259288,-0.15554689,0.023319807,0.18440464,-0.10847292,0.19438258,0.33878285,0.21155557,0.14997517,0.21361567,0.09873769,0.21221283,-0.29343626,-0.018625073,0.09803425,-0.018736936,0.6255967,-0.047856428,-0.44562882,0.013778601,0.20707744,-0.2182164,-0.009174466,-0.018301351,-0.014898603,-0.14956005,0.2742349,0.5418561,-0.20987837,-0.32673293,-0.10937733,0.35175502,-0.064504065,0.09156126,-0.22808056,0.44595197,-0.07384811,0.062352188,-0.19899097,-0.22304545,-0.0009055173,0.026018122,0.21569416,-0.4219333,-0.23773953,-0.17180935,0.030025806,-0.28238678,-0.023858024,-0.16092409,-0.03388991,-0.1936659,-0.2528925,0.071268894,0.27824536,0.20335688,0.2781741,0.30750808,-0.040140957,0.4677291,0.18903084,-0.23746663,-0.16716665,0.03772328,0.22013366,-0.057213318,-0.24276999,0.19762047,-0.27922022,0.07597144,0.010787078,-0.3356134,0.44432378,0.004182481,-0.29649284,0.01213737,-0.43253028,0.090272576,0.21527322,0.67547107,0.024464622,-0.16473147,0.051677372,0.36008725,0.12522647,0.20816982,0.19001387,0.12658288,-0.35046035,-0.3640767,-0.3948281,-0.2993728,-0.27059132,0.46493107,-0.17671356,0.024965052,-0.060973156,0.048375662,0.017515972,-0.31399357,0.14943554,-0.16995668,-0.17834315,-0.076616704,0.2022414,-0.15614,0.022945292,0.10071178,0.06420755,0.050518688,-0.35089326,0.03171732,-0.22867997,-0.4399935,-0.11566248
SIM-0074-NT,-0.1297118,0.74004847,0.24404997,0.19607548,-0.10193223,-0.04631595,0.642892,-0.15898243,0.063731045,0.46032605,-0.1809226,0.03744755,-0.004536781,-0.2221957,0.19373813,-0.27883,0.1939656,0.10738701,0.22448489,-0.04855067,0.097363204,0.25654507,-0.3522261,-0.30211362,0.14543849,0.20574602,0.0338762,0.22998896,-0.09055041,0.31678498,-0.018155424,-0.1946834,0.35621735,0.20671707,-0.11257312,-0.107568234,0.15021925,-0.25013724,0.080132216,-0.04218104,0.05369033,-0.5053297,-0.22675644,0.06341743,0.26315403,-0.032788258,0.1806388,-0.37039202,-0.11214861,0.06996401,-0.015591416,0.19065435,-0.064217895,-0.061780106,0.163407,-0.13434808,-0.22691528,0.11621324,-0.24092624,0.354635,-0.4605227,-0.07456302,0.40665674,0.4939596,-0.022811849,0.27599323,0.19377895,-0.1228849,0.11680172,-0.21539654,-0.39050534,0.12606664,0.14078744,-0.29636845,-0.03568341,-0.296528,-0.1153293,-0.109117724,0.18521535,-0.12502266,-0.3154478,0.42893207,0.12372698,0.22400662,0.15204783,0.23526184,0.10913669,0.11628177,0.031830866,-0.10977576,0.22166778,-0.06615084,0.029433776,0.09252025,0.11363623,-0.2535862,0.050299432,-0.25519902,0.04464677,0.19494489,0.44996563,0.14442287,0.21598908,-0.2719385,0.13454315,-0.27885935,0.30061102,-0.2665567,-0.24428429,0.18868317,0.41994274,0.26446268,-0.08849508,-0.24733725,-0.106960736,0.031430416,-0.019349253,-0.25721827,0.32154122,0.3269812,0.47123763,-0.41511965,-0.2021572,0.06271192,0.0012091012,-0.112389304,-0.21404833,-0.24943116,0.506538,-0.35674733,-0.38937756,-0.29704738,0.04805178,-0.06825855,0.103407234,-0.17666894,0.022018924,0.021190407,0.39369464,0.44475183,-0.037736334,0.2137336,0.040592007,0.19268923,0.0962147,0.18398166,0.213268,0.10614399,0.03419454,0.26070508,-0.033661917,-0.14402437,-0.38855,0.106325105,0.17307556,-0.43097723,-0.15344432,0.18775195,-0.035918884,0.013812344,0.22816062,-0.027031496,0.09607556,-0.27022773,0.08788714,-0.3347101,-0.32418913,-0.12585825,0.13720722,0.013120169,-0.19731687,0.21937077,0.07968767,0.26126382,-0.22268504,0.35857195,0.3954801,0.22790761,0.12196757,0.124108925,0.08266658,-0.34328982,-0.14966416,-0.026008375,-0.25759545,0.35871652,0.12508798,0.44558704,0.19753507,-0.34917808,0.32674405,-0.11266338,0.34113312,0.37702158,0.33792272,0.26834908,0.10834625,-0.002580778,0.47127473,0.06809521
SIM-0075-NT,-0.09631999,0.11047856,0.28720802,0.27800274,-0.271525,0.27007693,0.17233445,-0.086367294,-0.20610894,0.3575217,0.3822089,0.39244288,-0.3269802,-0.05240406,0.014239958,0.37561965,0.20189694,-0.05596043,0.040498067,0.17844874,0.18692099,0.4201296,0.36413082,0.31176695,-0.19105092,-0.17572086,-0.24768706,0.10578925,-0.11739229,0.14892085,0.18501018,0.061611287,0.22676292,-0.1539242,-0.36202997,-0.1689743,0.21697502,0.46767855,0.3776526,-0.04176004,0.24859041,-0.33808848,0.3960962,0.14085197,0.20753679,-0.46792772,0.12620938,0.4720188,0.08522196,-0.011175293,-0.052037727,-0.16816221,0.034591913,-0.29188976,0.12492348,0.2898968,-0.094967365,0.10839406,-0.003476546,0.111228675,0.24008797,0.116161294,0.2275997,0.142947,0.228313,0.091573745,0.09532807,0.1854278,-0.0055931434,0.12497521,-0.21034363,-0.44065887,0.035480976,-0.1873488,0.49488005,-0.18807451,0.20285574,-0.16618647,0.0053398665,-0.268103,-0.2913451,0.08245557,-0.08829316,0.19656724,0.3228712,-0.38766617,0.27318576,-0.24032724,-0.08326541,-0.35046807,-0.3429985,-0.48629847,-0.10112096,0.015307362,-0.09286932,-0.44765994,-0.48923948,0.0025288719,0.19725701,0.061947,0.46697658,-0.0095295,0.07885798,-0.005252957,-0.19538201,-0.041059922,0.20962657,0.21939215,0.089391105,0.39556715,0.114371724,0.08168856,0.37555012,-0.17875756,0.3570079,-0.24348642,-0.0665055,-0.45910367,0.06281045,0.3314019,-0.23445204,-0.07070381,-0.055412583,-0.053772043,-0.2619639,0.009376146,0.39250216,-0.12522276,0.057554603,0.055552095,-0.09891214,0.06956606,-0.09520995,0.10440764,-0.017626317,-0.35144037,-0.4497635,-0.53448796,-0.10253834,0.20767072,-0.18251576,-0.061726484,-0.16345817,-0.2087434,0.5506505,-0.19951674,-0.33805755,-0.22373694,0.018689428,-0.14336716,0.071481586,-0.18257347,-0.14699328,-0.17683853,-0.022850152,0.17838706,0.2047968,0.35188293,-0.32813054,-0.25996423,-0.22965759,-0.00083555625,-0.26928413,-0.17226575,0.17111425,0.2675199,0.17325522,0.080130085,-0.16565263,0.0053165536,0.2851755,0.16538894,0.22116186,0.2376632,-0.081992194,0.15843508,-0.09494131,0.14879186,0.30667996,0.38845676,0.14867575,0.09847767,0.34693626,-0.21614212,0.3614589,0.032677103,0.034503315,-0.11272709,-0.2933023,0.36789474,0.10100221,-0.09229383,0.08750113,-0.084166646,-0.42619908,-0.044522163,-0.3517408,0.059459984,0.3964748,-0.16033559
SIM-0076-NT,0.19773133,-0.15997735,-0.0051057166,-0.21948998,0.15483086,0.33661866,0.04811142,0.13388467,0.13341787,-0.062145956,0.326846,-0.12941985,-0.39309683,-0.2303482,0.1539349,-0.096734546,0.023201993,-0.05963655,0.04522253,0.27333808,0.3813839,-0.24233341,0.23300698,0.049179308,-0.3057993,0.123560704,0.46211937,-0.18451843,-0.057178214,-0.40147766,-0.029192045,0.040047176,0.49345428,-0.2335756,0.2409804,0.075167984,0.55852026,0.043805424,-0.012858788,0.21165286,0.12222154,0.23392019,0.1403133,-0.36886695,0.13053228,0.12471611,-0.1849185,0.07239465,-0.45896772,0.06382573,0.17118996,0.23987575,0.17518814,-0.22155896,-0.36634514,0.23529893,0.10122884,0.123293504,0.42031795,-0.4018067,0.45076725,-0.140542,0.20623279,-0.0032902318,-0.086416565,-0.3772294,-0.16810448,0.11675489,0.08875891,0.23800568,-0.172905,0.18669678,0.01653913,0.15820134,0.12829329,-0.11787485,0.06304984,0.11522655,0.19662084,0.3762871,-0.1585969,-0.2915963,0.3216641,-0.32158792,0.25839612,-0.2272954,-0.15741041,-0.019768404,-0.36284417,-0.24250543,-0.41830242,0.16730486,-0.0028983268,0.0036060414,-0.015272969,-0.004419509,-0.12050684,0.23909025,-0.44079003,-0.36065853,0.3395567,0.066769294,-0.5061667,0.079853356,-0.39738354,0.3250987,0.23001698,0.52431333,-0.07474446,-0.3042467,-0.13513958,-0.1294202,0.09638567,-0.4578891,-0.001336923,-0.25361052,-0.12824243,0.34574685,0.25067312,0.1824413,0.15911224,-0.06611303,-0.012124072,-0.3931438,-0.30846596,0.031679414,-0.27995196,0.1724385,-0.012424729,-0.074389726,-0.15171382,0.11269222,0.16945502,-0.22006191,-0.13109516,-0.04705515,0.08024492,0.07707047,-0.02555544,0.17704952,-0.033941578,-0.349166,0.33429995,0.24498953,-0.3442708,0.044628542,0.32514304,-0.07605836,0.19290896,0.27763817,0.06704819,0.53576124,0.16246453,0.02551563,-0.04176299,-0.011811211,-0.14111412,-0.27837166,-0.22478884,-0.035624146,0.200827,0.08163168,0.042259015,0.5300892,0.4207143,-0.22813353,0.17610459,-0.29681844,0.06694328,-0.34327164,-0.15174232,0.15597223,-0.113614514,-0.26972124,-0.17188452,-0.2359415,0.10310628,0.30068526,-0.049252458,0.25737706,-0.14331573,-0.025287088,0.44598,-0.044461858,0.26748937,-0.18001463,-0.005035702,-0.21454762,0.016617797,0.059865594,0.1891623,-0.14479047,-0.04180867,0.29716966,-0.30224094,-0.61879545,-0.16336443,0.15253535,0.020722395,-0.23904823
SIM-0077-NT,0.017852021,-0.09166873,-0.3913918,-0.08508619,0.18617238,-0.06947322,-0.37824643,0.43145505,-0.2483047,0.09321551,0.20878111,0.105432115,-0.058097083,-0.45409033,0.29309338,-0.29164514,0.24302867,0.2777226,-0.3053287,-0.30910885,-0.098280795,0.22990663,-0.14941956,0.02346988,-0.12551914,0.19642052,-0.15872714,-0.18019508,-0.25811392,-0.2658271,0.26600727,-0.08945279,-0.23774727,-0.41776174,-0.06761719,-0.20521048,-0.25265053,-0.19353066,0.030444967,-0.2902365,-0.076544315,0.22139919,-0.13835372,-0.26602393,0.26381463,-0.022027295,-0.043659415,0.1302701,-0.02160733,0.017472504,-0.39274573,-0.20986998,0.4656107,-0.26006666,0.017165966,0.43548518,0.17169823,0.072602704,-0.20040587,-0.15582752,-0.07729235,0.084281325,0.31814188,0.029388987,-0.14271519,-0.024157677,0.13016458,0.084212504,-0.062185958,-0.28006938,0.26925695,-0.065459624,0.0613411,-0.1691664,-0.1755637,0.124343015,-0.31660485,-0.29087532,0.3771775,0.20654298,0.104195476,-0.26812583,0.055158332,-0.018419027,-0.11057154,-0.022408025,-0.35772622,-0.5173393,0.074238814,0.040397774,0.06296912,0.19239849,0.1278892,0.37119427,0.29485965,0.014616241,0.039554287,0.056142487,-0.38345334,0.2300003,0.1463356,-0.4143849,0.38738883,-0.1070325,-0.031058056,-0.035847347,-0.042968243,0.59867126,-0.0652836,-0.0811106,0.004868402,-0.21209621,0.072961114,-0.20529108,0.12519777,-0.26073885,-0.1467968,-0.25123268,-0.13301398,-0.44665363,-0.611307,-0.08051803,-0.38399872,0.4334583,-0.08974902,0.17714623,0.077276066,-0.2656699,-0.10516081,0.18516816,0.16887835,0.21659355,-0.16411336,0.14603285,-0.15121998,0.25272074,0.24500011,-0.3435109,0.068989486,-0.2738463,0.20696604,-0.2820615,0.080644466,0.18468276,0.016815316,0.21540794,0.073303625,0.39165637,-0.27541238,-0.095988765,-0.47991213,-0.07414868,-0.29674986,-0.34671372,-0.3888594,-0.11827166,0.063469976,0.119508885,0.2504841,0.2360524,-0.2821667,-0.18564865,0.048202567,0.05213054,0.34502283,-0.07198503,0.1919063,-0.035716973,0.089435756,0.09708433,-0.005578117,-0.24400172,0.06916834,0.16079995,0.026750432,-0.6907115,-0.04415029,0.16963254,-0.24495037,0.26650655,-0.15317997,-0.07993645,0.051541865,-0.23032373,0.22796726,0.31607753,-0.27502507,-0.04637881,0.47332615,0.27485254,-0.40337628,0.29175803,-0.8552555,0.1536584,-0.21419646,0.11498541,0.061715845,0.03346348,0.14642037,-0.123993725
SIM-0078-NT,-0.14972273,0.23263843,0.0014270659,-0.14239423,-0.044519287,-0.06618849,-0.086463585,0.11077927,-0.21756488,0.38018808,0.055960298,-0.4590375,0.06876486,-0.23258227,-0.0068796123,-0.038118422,0.16944532,0.16659619,0.055342235,0.47739986,-0.18119997,0.3414159,0.34835014,0.08433456,0.11469244,0.23767994,-0.07894685,-0.12653327,-0.113511,0.073106445,-0.117272474,-0.18055147,-0.25895542,-0.2459571,-0.159926,-0.15422827,0.02681942,-0.19405973,0.12292026,0.49194518,0.31238452,-0.26525703,-0.07478799,-0.3176665,0.04876776,0.06325064,0.043490883,-0.2623455,-0.16237856,0.23894723,0.09921697,-0.21702078,-0.32098514,-0.018187717,-0.03064015,-0.32155964,-0.077067114,-0.12114984,-0.14683528,-0.10699324,0.06857852,0.022389436,0.31380495,0.049454372,0.20120305,-0.3308829,0.03795317,-0.093103506,0.180973,0.063526325,0.39377484,-0.23296267,-0.17782587,0.085305706,-0.0324421,-0.23588808,0.093316235,-0.12381727,0.11263491,-0.4249727,-0.07334896,0.039229766,0.042327594,0.1747574,-0.061117373,0.11191047,-0.017365027,0.18332328,-0.38443536,-0.65107816,0.313416,-0.14213525,-0.42584333,-0.040191825,-0.1296466,0.09226836,0.12306139,-0.10436177,0.2322426,-0.3027315,-0.5876277,0.036903337,-0.06448876,-0.47363278,0.15233094,-0.4245895,-0.028116785,0.19173515,0.0642003,0.050115705,-0.118551075,0.042124115,0.1271361,-0.16114804,-0.28271168,0.19707488,0.46292642,0.37367973,-0.65660137,0.31284755,-0.15857753,0.45016524,-0.2596358,-0.28206882,-0.012514679,-0.10042439,-0.08801081,0.23577914,0.30914837,-0.23596784,0.41007978,-0.30765682,-0.15110229,0.63335955,0.092422366,-0.16426131,0.06598248,0.17639247,0.084338866,0.320108,-0.21630381,-0.16345528,-0.22254755,-0.20766619,0.010607812,-0.26593497,0.07266185,0.15818745,-0.3056537,-0.15750858,-0.12761441,-0.054826327,-0.041156918,0.22633505,0.24492903,-0.20210598,0.1729213,0.3437323,0.30238435,0.051217653,-0.013585561,-0.35090455,-0.103274636,-0.37349203,0.2850296,-0.06593739,-0.021606589,-0.15436311,-0.352573,0.17813359,0.12550424,0.23339735,-0.43805596,0.32969412,-0.031404495,0.19433749,-0.65889275,0.10255218,-0.018377885,-0.05516667,-0.024570312,-0.14902619,-0.3530705,-0.31608683,0.0067048473,0.32785198,0.2767144,0.057582118,-0.12217879,0.5157654,0.17022438,0.14866069,-0.3331165,0.06388355,-0.30945978,0.52041215,-0.21024698,-0.15169537,-0.16231807,-0.092541255
SIM-0079-NT,0.16760167,0.0007575828,0.010583024,0.17977732,-0.37934205,0.18703596,0.033663146,-0.17569536,0.032942127,0.028326778,-0.6559712,0.34370115,0.30218568,-0.32651892,-0.18895201,0.33840358,0.16611743,0.097206555,0.10896842,0.09349509,-0.26620576,-0.14115967,0.24934658,0.16406392,0.0710001,-0.1619858,0.2473064,-0.2416559,0.3702107,-0.18133995,-0.217886,0.007546608,0.053154826,0.024263335,-0.33070016,0.10538684,0.24483788,-0.020271035,-0.38653883,-0.05282689,-0.28321746,-0.4829241,-0.13705298,0.40603298,-0.020635612,-0.06826239,0.1775038,0.15277629,-0.3664543,0.4672685,0.049444128,0.2266694,-0.1487573,-0.488799,-0.029219924,-0.27557614,0.29278418,-0.35424936,0.0066405647,0.14984871,0.10628955,-0.12523971,-0.445021,-0.37675083,-0.18930934,-0.35253364,-0.018864134,-0.19063094,-0.32319817,-0.3556685,-0.39798605,-0.01410585,-0.18347263,0.006434436,-0.019344311,-0.050827753,0.16182281,-0.3683293,0.16317202,0.09813949,-0.049444158,-0.2019944,0.009881019,0.11215106,-0.35002097,0.15245897,0.43470517,-0.016244732,0.32580918,0.11873841,0.06587236,-0.17517957,-0.08526031,-0.24520485,0.23581162,-0.18613574,0.44050556,0.10958626,0.098511904,-0.33088332,0.16637136,-0.05508148,-0.14102216,-0.16397986,-0.31030142,0.0024730999,-0.041743338,-0.32840076,0.12869023,0.53212076,-0.3560046,-0.028309474,0.41457906,-0.1943435,0.10991918,0.098126166,0.1645634,0.45815957,-0.4474622,0.047719676,-0.1252466,-0.009943183,0.011259362,-0.07353478,-0.27182195,-0.25479382,0.53140295,-0.34539312,0.3066608,-0.25875893,0.023845896,0.49204472,0.19870864,-0.35952875,-0.08425667,-0.006467057,0.2576425,0.01181498,-0.039717216,0.42999247,0.39508393,0.17466602,-0.15652859,-0.66281587,-0.3197661,-0.38595143,-0.01529648,0.23447932,0.49395502,0.31840244,-0.17742626,0.06349054,0.100579776,-0.38986763,-0.21840826,-0.107685454,0.53248584,0.09661358,-0.3286484,-0.106209286,0.112200335,-0.06278244,-0.08903964,0.18299858,0.35036933,0.30403966,-0.0750606,-0.04126579,-0.077282086,0.26399803,-0.09722761,-0.4808603,0.120623745,0.13232754,-0.10132945,0.46329242,-0.13556069,0.35442302,-0.33475515,0.069093496,-0.20216446,-0.018268367,0.19038524,-0.14243016,-0.17447563,-0.055646233,0.9399037,0.050566114,0.035775248,0.10871706,-0.42901647,0.23021832,0.17783748,-0.4459682,0.601103,0.000759473,-0.27919373,0.07840475,-0.22721225,-0.40259528
SIM-0080-NT,-0.068137534,-0.05688688,-0.39363977,-0.19507214,-0.25826496,-0.08933771,0.16192181,0.035340138,-0.008170217,-0.45628202,-0.0070211324,-0.27197686,-0.4294662,0.2193995,-0.3327424,0.023527207,-0.12179622,-0.23838294,0.30496815,-0.15011434,-0.13313277,-0.18375216,0.04397248,-0.03987826,-0.1754503,-0.23065613,-0.01033457,-0.16260105,0.431128,-0.13134567,0.08354477,-0.022741003,-0.07227383,0.22482891,0.1450474,0.14024062,0.13747495,-0.40359375,0.11017001,-0.061852593,-0.12822546,0.86508137,-0.36840996,-0.022640191,-0.042819288,-0.02046891,-0.25350136,0.056255236,-0.28093734,0.07088211,0.039156336,-0.061042834,-0.018165613,0.39603332,0.1445353,0.043250423,0.106138,0.010054174,0.13804045,-0.15147196,0.55267155,0.046970133,0.70658267,0.5541945,-0.12595019,0.059880156,0.09139348,0.2334391,0.032814376,0.30172524,-0.43978164,-0.15249501,-0.047723956,-0.16666028,-0.43298888,0.22096547,-0.27674392,-0.16857897,0.18871333,0.30609438,-0.14138226,-0.25918338,-0.2033189,0.27867225,0.29282555,0.08412624,0.061756037,-0.32967585,0.116271205,0.19643,0.041361615,0.050468802,-0.25793543,0.29211226,-0.3398024,-0.0041479575,0.11438302,0.28525043,0.26341417,0.28479892,-0.075531125,0.58098173,0.27195442,-0.088207856,-0.072095156,0.19010517,-0.11685617,-0.31935933,0.020640593,-0.56808984,0.089586,0.15949093,-0.066504076,0.2874921,0.21300985,-0.25473174,0.011060518,-0.1298443,-0.080773786,0.28657523,0.15635401,-0.17938712,0.05604606,-0.1889252,-0.12118715,0.38479546,0.63672537,0.4447547,0.069347695,0.045989595,0.2548481,0.025379293,-0.35646448,0.45473665,-0.29693875,0.30195868,0.18995097,0.46495152,0.21563065,-0.14696111,0.2713338,-0.09083796,-0.24436943,-0.45787552,-0.03091466,-0.42215633,0.3591409,-0.39272857,-0.09501666,-0.0843253,0.042927325,-0.21682552,0.28369126,0.040773083,-0.004420231,-0.1625701,0.13741617,0.34932223,0.67374355,-0.23528011,-0.034123387,-0.47676912,0.16995876,-0.34131372,0.06886141,0.30872017,-0.10299089,-0.23303421,0.32952765,0.17767297,-0.2824468,0.034932546,-0.21342736,0.26514173,0.030737992,0.38192287,-0.23288928,0.056773297,-0.0030622755,0.06367428,-0.14158162,-0.56274986,0.16976824,0.013404822,-0.20782071,-0.12545198,-0.2923188,-0.46458355,0.25968012,0.14289509,-0.33782798,0.63118196,-0.28170347,0.17864507,0.0009346946,-0.31573942,0.0874195,-0.046110682,-0.15924248,0.32978776
SIM-0081-NT,0.15597272,0.17980067,-0.053817593,0.08803771,-0.0067197187,0.12480233,-0.24288286,-0.5935432,0.33903337,-0.0036875675,0.14293247,-0.17111275,-0.055939022,0.38007772,0.09096608,0.55117697,0.22289695,-0.16703759,0.11040778,0.42057654,0.05506797,0.16135436,0.35319427,-0.5863603,0.17532359,0.33670324,-0.1918861,0.26132286,-0.0012987324,-0.42302465,0.19765434,-0.0023879008,-0.018589266,0.16152798,-0.23729716,0.19295156,-0.22806461,0.3782212,0.28476128,0.3844474,0.11606112,-0.10592799,-0.18021707,-0.19514473,-0.04314835,-0.17157918,0.081214815,-0.20134525,-0.15554574,-0.0952215,-0.19404115,-0.08554961,0.14595835,-0.22097562,-0.30094004,-0.044556357,-0.2847981,0.33415222,-0.1746653,0.012023466,0.113497175,-0.31552672,-0.21117894,-0.15750302,0.19562168,0.45788604,0.46398315,0.31832677,-0.3100006,-0.21910965,0.34686574,0.38138837,0.19892882,0.20144962,-0.10726559,0.42903435,-0.18276078,-0.4026336,0.20032395,-0.14569506,-0.32464147,0.21950099,-0.45707026,0.113581754,-0.11165462,0.40034056,0.11432339,0.2684594,-0.27109435,-0.42351633,-0.09057229,0.15293089,0.017820448,0.2876917,0.13660622,-0.2623569,0.116160974,0.042985223,0.31770602,-0.23150761,-0.16581134,0.09922655,0.35344663,-0.04983517,0.14913283,0.00880561,-0.010610524,0.28797162,0.027465384,-0.11063984,-0.12542157,-0.07677159,-0.17301057,-0.05947983,0.0147111425,0.07168631,-0.2463029,-0.10514139,-0.09291335,-0.19083549,-0.1448525,0.22518297,0.3409966,-0.07825494,-0.17775138,-0.02031663,0.021073658,0.17301849,-0.09909432,-0.13550708,0.6129005,-0.32339478,0.22528067,0.37242854,-0.0634549,0.10998104,-0.41920558,0.0062188096,0.28987578,0.030122947,0.0095554385,0.4335617,0.20477119,0.17706236,-0.20264278,-0.6112189,0.09326352,0.0013843921,0.19063362,0.031169264,0.011095105,0.0076668714,-0.27742565,-0.46125802,-0.22140661,-0.27565807,-0.011449808,-0.40825596,-0.11897386,0.48236415,-0.01864342,0.012018657,0.0038754288,0.05298597,-0.13161097,-0.04128634,-0.13549477,-0.37323257,0.29324663,-0.22054102,0.40014985,-0.1911926,-0.339641,0.4839742,-0.36991176,-0.5661555,-0.36159584,-0.034468193,-0.3344427,-0.1406519,-0.5083588,0.27186736,0.104967944,-0.31646368,-0.5788804,-0.22594236,0.16254462,0.26917967,-0.05890042,-0.12536205,-0.144644,0.07608767,0.22037967,-0.03578607,-0.09346805,0.1951858,0.3735925,-0.07165455,0.021230496,-0.1878613
SIM-0082-NT,0.020075966,-0.2316354,0.35546586,0.2215338,0.4342563,-0.14000157,0.5175913,0.061140496,-0.033448257,0.31452405,-0.25513008,0.00837515,-0.039096743,0.104390085,-0.11092035,-0.13485245,-0.095180415,-0.07262061,0.019663973,0.3220009,-0.53912324,0.19160174,-0.11805283,-0.044724904,-0.27167943,0.011538729,-0.09784419,-0.056236137,0.14578131,0.1588407,0.35499385,-0.14807037,0.17058809,0.15837549,0.021942033,0.42135933,-0.15956938,0.037733518,0.07623648,-0.29946792,0.31623596,-0.026649997,0.10931703,0.39493358,0.05375305,0.010089437,0.016602507,-0.25123218,-0.095143765,-0.037858903,0.024549242,0.3446602,0.23228346,-0.14690746,-0.0058686947,0.35019395,-0.43099514,-0.05687149,-0.32653862,0.6108623,0.19307356,-0.12406225,-0.008944871,-0.20544095,0.49784,-0.5733065,0.081862256,-0.017793814,-0.25719002,-0.0628219,-0.40518147,0.39245546,0.0064049903,0.2287637,-0.12114827,0.33614677,0.008692478,0.26823136,0.1418576,-0.008407632,0.24992087,1.0463481,-0.28279358,-0.030219465,-0.32341793,0.10367839,0.056443993,0.48566267,-0.06415545,0.23796336,-0.5199173,0.037944525,-0.21745217,0.14806843,0.28783074,-0.14998594,0.13514312,-0.089228846,0.011827348,0.1028333,-0.25099647,-0.24976924,0.21681564,-0.16934164,0.31992215,-0.4437702,0.23383637,0.0020607149,-0.02339257,0.036842473,-0.36147267,0.28051823,-0.10757288,-0.20856532,0.54113686,-0.08721965,-0.21590976,0.20322844,0.06586939,0.2524806,0.020853745,0.23878366,0.5131145,-0.18946435,-0.11471941,-0.40065473,0.0949965,0.031282067,0.31568915,-0.0071528894,-0.021052955,0.048933424,-0.058541454,0.09200922,0.056613013,0.13473655,-0.056967687,0.13751937,0.15427794,-0.08158758,-0.02041777,-0.043978408,-0.30675387,-0.12145034,0.19015804,0.21154249,0.08463794,-0.25330818,0.24468684,0.46300104,0.1483456,-0.0006937029,-0.21598217,-0.0034879085,-0.12371296,-0.049771506,0.32229957,0.22078301,-0.085734226,0.021961985,-0.0012124816,-0.10833016,-0.33587226,0.20700671,0.29547593,-0.15185545,-0.16327927,0.22694525,-0.16648434,-0.3466687,-0.111005716,0.33899984,-0.13084738,-0.16207722,-0.1177443,-0.28770557,-0.3293884,-0.065584734,-0.35069117,-0.09960647,0.06586985,0.09419806,-0.035164945,-0.29958072,-0.10283311,0.08631121,0.15516973,-0.06824523,-0.17597412,0.020772645,-0.088431716,-0.254609,0.076742515,0.004610387,-0.27688974,-0.15781009,-0.047423236,-0.38100612,-0.18173029,0.15795033
SIM-0083-NT,-0.1224719,-0.19961436,0.2706785,0.08737987,0.17384388,-0.19632122,-0.07110195,-0.0026988718,0.056703206,0.5714425,0.021032166,0.27095434,0.5720759,0.4290283,0.03935176,0.28690308,0.031887334,-0.009740306,0.21026248,0.2209014,0.1267812,-0.041882977,-0.12073216,-0.30169815,0.040576797,0.059132554,0.20760524,-0.3647954,0.026032392,-0.050624605,-0.014375992,0.3113107,0.32040745,0.2539132,0.023439031,-0.047351446,0.3010002,0.42756072,0.3997026,0.12229456,0.009989376,0.17292196,0.18879141,-0.10002604,-0.04807963,0.7618509,-0.100104734,0.2129813,-0.12859853,-0.031088034,-0.23047513,-0.22986487,0.15435654,0.12457324,0.46009892,0.0065062214,0.038878705,-0.010719864,-0.24317795,0.1473315,-0.04229527,-0.35889727,0.27682912,-0.14362186,0.08264836,0.091528766,0.05254854,-0.25108364,0.349045,-0.18216756,-0.6140462,0.21213363,0.20394811,-0.29870862,-0.0014047414,0.27000833,0.3529838,0.15312071,0.20672372,0.17921622,-0.03429203,-0.27224454,-0.065300316,0.28106153,0.27870122,0.05085781,-0.08335748,0.43367526,0.03100257,0.15934423,-0.301634,-0.014010478,0.27155155,-0.34236163,-0.009671583,0.10223228,0.35712427,0.24400249,0.423288,0.20795676,0.22240566,-0.23883294,-0.24603203,0.42015296,-0.113369256,-0.13546145,-0.5768953,0.2650575,-0.2797561,-0.20507292,0.27357852,-0.5521936,0.33968326,-0.20731062,-0.036726788,-0.19396167,-0.3324807,-0.18971959,-0.20682223,-0.3077436,0.38562274,-0.2423832,-0.4717622,-0.51611024,0.10891249,-0.4335152,-0.044545412,0.49239144,0.045478452,0.0810219,-0.1324144,-0.0033465133,-0.053948008,0.077180356,0.4142863,-0.10675952,-0.19697614,-0.018882992,0.24003619,-0.08460344,0.06663593,0.12783915,0.5381518,0.23063035,-0.2181802,-0.5478031,0.037594795,-0.17628682,-0.12144662,-0.24899825,-0.12631583,-0.13130625,-0.028924357,-0.16819023,-0.17927997,0.13250446,-0.00063780625,0.0011179468,-0.012347042,-0.22376119,0.35920176,0.50807893,0.30962688,-0.44105476,-0.16540731,0.17699912,-0.18752743,-0.17526487,-0.3428322,-0.09057821,-0.20538889,-0.59774816,0.28786144,0.10417341,-0.33390614,0.2169818,0.031722754,0.28981262,0.18356651,-0.19383056,0.16722375,0.17780533,0.26388514,0.24935886,0.51957405,0.23814999,-0.19613016,0.044324994,-0.26226345,0.30234736,-0.21407022,0.55778736,-0.07310546,-0.010982822,-0.11617169,-0.17922823,-0.1325865,0.05791863,0.004411733,-0.10674579
SIM-0084-NT,0.076622576,-0.13570903,-0.0012465671,0.4414531,-0.14326972,-0.07584552,-0.28870746,-0.0845856,0.09364506,-0.13215096,-0.28354833,0.090372935,0.11682025,0.15349534,-0.30977705,0.34263483,-0.121969,-0.25192493,0.25613508,0.33381847,-0.07883328,-0.20818003,0.110576406,-0.3331148,0.6378944,-0.25803113,0.08904011,-0.040184736,-0.22993784,-0.23394899,0.28193247,0.09181465,-0.17402792,-0.13998248,-0.20341249,0.22026,0.23057942,0.13183522,0.06343796,0.15665978,-0.41224104,0.06878694,0.26711202,0.0577485,0.013241201,-0.15899882,-0.14235167,-0.13082294,0.05575374,-0.12127159,-0.45585006,0.19943592,0.13055384,0.088816226,-0.23421174,-0.1230674,0.12974733,0.0066083656,-0.17448509,0.32491004,-0.21177784,-0.74626267,0.021828745,0.032475732,0.014493776,0.10045162,-0.13924512,0.256528,-0.3415449,-0.005353862,-0.15645117,0.2516876,-0.19862619,0.017735416,0.02128405,0.048954792,-0.1824729,0.09142067,0.007152905,0.085849896,0.39360318,0.02900916,-0.24876955,0.49025667,0.2447755,0.16350718,-0.045661703,0.18492442,-0.51434624,0.38656148,0.22408204,-0.04426626,0.21773432,0.15470865,-0.25234312,0.044730533,0.093755834,-0.03346202,-0.054809697,0.2253128,0.043998882,0.46945637,-0.16330034,0.10236411,-0.23011544,0.16937195,-0.27858958,0.07205121,0.2951566,0.012994057,-0.24766612,0.23626998,0.09004987,-0.021305501,-0.24194205,-0.4025914,0.56289953,-0.14329672,-0.24823576,0.078665465,-0.25452447,0.12453679,0.33776534,-0.26446795,-0.07468712,0.107711084,-0.30453193,-0.22772011,-0.029188875,0.4901869,-0.21319877,-0.07069965,0.61989415,0.19878757,-0.42356485,-0.058384247,0.1462413,0.36166966,0.34821635,0.14001852,0.1792306,-0.32475862,-0.17313997,-0.32432142,0.25762546,0.09415544,0.026577571,0.38588446,0.13454278,0.28452814,0.18908498,0.2134639,-0.2606629,0.2435588,0.1182856,-0.102224775,0.1711195,0.32146096,-0.024544625,-0.18739142,-0.17585573,-0.34881,-0.042152554,0.14755361,0.43342865,-0.20144506,0.08981066,0.0056622485,-0.0021504657,-0.38245016,-0.25271162,0.45366025,0.2523167,0.07071505,0.11546471,0.18586002,-0.11205868,-0.10177676,-0.15396309,0.04222264,-0.2876508,-0.16600196,0.12651432,-0.088233426,-0.43764502,-0.094804615,0.13637275,0.029001677,-0.42244157,0.25807464,-0.06162022,0.08476317,0.2611798,-0.030947356,-0.477266,0.438881,-0.5519178,-0.08313871,0.32391822,-0.17431918
SIM-0085-NT,-0.1595329,-0.0541808,-0.04516358,-0.21506776,-0.15896589,0.26868257,-0.13279916,0.12561977,-0.22820756,0.34611142,0.23440894,-0.022403218,0.16033483,0.38046965,-0.25045654,-0.2639757,0.09348523,-0.323198,-0.38805437,-0.40080515,0.037112523,-0.50887,-0.10084422,-0.85757905,0.10946646,0.12622085,-0.053109568,0.29541054,0.19887435,-0.1978474,-0.21936,0.22090903,0.17119126,-0.06726338,-0.43988332,0.23231676,0.016688291,-0.014486763,-0.7097907,0.13320254,-0.015259054,-0.13504009,-0.20913173,0.027711976,0.11699146,-0.095533505,0.13982764,-0.28807437,-0.16308478,0.17156878,-0.10111563,0.4292011,0.06923545,-0.29200426,-0.39225504,0.1960997,-0.15178789,0.22919074,-0.13506877,0.06049476,-0.08385672,0.063869335,0.18233776,0.0047830516,0.16525073,-0.42465493,0.10390537,0.005753277,-0.06552844,-0.5977751,-0.4171564,0.05683818,0.08837743,0.102338016,-0.0018078072,-0.29964235,-0.25701076,-0.527285,0.031154383,0.47641984,-0.022974262,-0.19005793,0.0064043077,-0.033918723,-0.43407485,0.063540794,-0.027151434,-0.042643767,0.49707347,-0.025318382,0.4556478,-0.20678298,-0.3775262,-0.20245965,0.29331958,-0.1896431,-0.35652104,0.08506891,-0.09587133,0.14361481,-0.16790196,-0.23082872,0.41484606,-0.20816404,-0.20886827,0.11541876,-0.6966531,0.18319747,0.44711763,0.2163122,-0.2602727,-0.18082279,0.016085794,0.09128965,0.40349212,0.39222524,-0.053810474,-0.1328241,-0.19540499,0.16111867,0.26997587,0.017068956,-0.00030449402,0.5282663,0.16999808,-0.5132252,-0.00856855,0.05036726,-0.06735973,0.31543875,-0.082444586,-0.24616772,-0.17754427,0.16862476,-0.33872336,-0.12324067,0.21179871,-0.34008783,-0.25931764,-0.42377383,-0.22388825,-0.13061345,-0.05931535,-0.22918211,-0.09555125,0.24491857,0.083480954,0.53360313,-0.1682525,-0.11229846,0.038543254,-0.12861808,-0.0066471724,-0.47942048,-0.0926739,0.2194312,0.47591826,0.36219725,0.03146984,0.12029691,0.08262508,-0.1385743,-0.23978896,0.062070068,-0.027530024,0.20982222,-0.5951422,-0.043383617,0.3023057,0.14409849,-0.24575382,-0.3272591,-0.011535798,0.19629602,0.12907293,0.028866066,0.16051291,0.064365044,0.14983703,0.2343533,-0.111217886,-0.22145356,0.18222646,-0.12768921,-0.48660737,0.3568471,0.06351184,0.052355926,-0.046224706,0.20930116,-0.3208048,0.0008870958,0.0705694,0.13775104,-0.42712688,0.14846237,-0.104666896,-0.16288717,-0.3903841,0.55814546
SIM-0086-NT,-0.03203734,0.06141604,-0.26295605,-0.3823463,0.20365708,-0.33749384,0.3258959,0.45013273,-0.19386345,-0.11530405,-0.63579,-0.43575478,0.1579723,0.31362885,-0.19544402,-0.15762179,-0.39529598,-0.28254762,0.33216056,0.07750896,-0.4487833,0.14162283,0.5927961,-0.09850494,-0.1665849,0.14540236,0.251607,0.20539944,-0.07927514,-0.10512925,-0.43107012,-0.30744252,0.09017745,-0.13364002,0.06160497,-0.059655372,0.015443237,0.004847547,0.18652824,0.21217391,-0.0042917337,-0.051067915,-0.008970482,-0.19600518,0.27156535,-0.14051764,-0.039964274,0.04405324,0.0775067,0.06722775,-0.034165904,0.41120514,0.018819543,-0.06281939,0.4493887,-0.19443169,0.44871303,-0.4988496,-0.10042935,-0.41742977,-0.34053102,0.11321318,0.071380556,-0.15208027,0.4084256,0.2835904,-0.012896119,-0.45214626,0.23971523,-0.120671466,0.073054455,0.19942607,-0.100312084,0.3196945,-0.09487651,0.13470201,0.18879144,0.22807792,0.4360528,-0.20554541,-0.28320834,-0.08034883,0.76090765,0.3376437,-0.13752665,-0.08692632,-0.0037794232,0.068248756,0.16029304,0.1707225,0.29917255,0.5007161,-0.033385426,-0.053429488,-0.09106677,-0.0692092,0.0922327,0.15889743,0.43154535,-0.17724623,0.08965488,-0.2101657,0.10121815,0.66814834,-0.034199327,0.6131201,-0.209238,-0.11507164,-0.08565582,0.0437143,-0.03853062,0.19099173,-0.68692505,-0.2449631,0.47361776,-0.3519029,-0.08915652,0.15312475,-0.011370399,-0.21246645,0.111277,0.20896003,-0.14924152,0.1018497,0.21519631,0.2701157,0.09251692,0.42736736,0.011831081,-0.2457571,-0.05462067,0.30301577,-0.22335915,-0.56047916,0.11493518,-0.11097166,0.562029,0.06662019,0.30929303,-0.12262726,0.14847822,0.09288016,0.34486127,0.047837526,-0.13091068,0.2596557,-0.17855152,-0.20433567,-0.011013362,-0.08153193,0.004180219,-0.16698499,0.27999574,0.27637726,0.20766048,0.182964,-0.46201152,0.029075,0.21445167,0.33517304,-0.05097259,0.32587755,0.076839924,-0.64574575,-0.024803882,-0.21003672,-0.15303174,0.26300877,0.07436661,-0.12960257,-0.16915609,0.109512076,-0.046089813,0.17414697,-0.20658122,-0.09514299,-0.27989042,-0.1383764,0.5444442,-0.18411337,-0.11835885,-0.20601827,-0.04581389,-0.018096466,0.30457833,-0.101421446,0.028550789,-0.468522,-0.21619204,0.2714318,-0.21395269,0.19190209,-0.23140907,-0.043233443,0.42872304,0.18626508,-0.48804075,0.8053408,-0.25965276,0.46657026
SIM-0087-NT,-0.11155843,-0.30720222,-0.112780735,-0.16332944,-0.13704121,0.014936066,0.11951051,0.35510308,0.053601798,0.019373132,-0.18065129,-0.07006784,-0.12603016,-0.34330136,0.63772494,0.060599484,0.06375639,0.30442023,-0.6453875,0.5596825,-0.21472454,-0.22083606,-0.13571788,0.2460791,0.5360895,0.40988657,-0.12048138,-0.4495674,-0.10358857,-0.15988354,-0.41120854,0.14571327,0.001105308,0.12513946,0.18292099,0.17118073,-0.01609727,0.40998855,-0.12250027,-0.15963078,-0.05794166,0.13449788,0.17056863,-0.08507186,-0.07986594,0.3261884,-0.32691422,0.6867675,-0.075164475,-0.051109117,0.09244501,0.13299851,-0.16372763,0.084594876,-0.23341584,-0.14971828,-0.40119568,0.035186317,-0.044076506,-0.5034334,-0.17024566,-0.0071873036,0.21483211,-0.32046753,-0.07524517,-0.2750432,0.18129148,-0.16707134,0.12970078,-0.08958795,-0.42597255,-0.017489973,-0.2961062,0.27985016,0.45455262,0.15942581,-0.16015342,0.00557076,0.072528474,0.27115515,-0.047086194,0.10204174,-0.41979128,0.060441963,-0.21508986,0.01070567,-0.25953707,0.10286563,0.15950479,-0.058249656,-0.21650574,0.14347653,0.3893162,0.48040795,0.09897169,0.06955461,-0.32880494,0.3284697,-0.5807077,0.29790756,0.0066579306,-0.60798705,0.084154256,-0.039114464,-0.11218241,-0.06746661,-0.004744952,-0.005484151,-0.36891577,0.1007248,-0.094908156,0.39671728,0.2150157,0.24314508,0.465402,0.18400104,-0.036569923,-0.63962936,0.060224883,0.4326902,0.22365916,-0.12688322,0.014966216,-0.13895927,0.07643357,-0.1276002,0.35984206,0.03008201,0.06440063,-0.20706172,-0.104430445,-0.2888895,0.35428506,-0.12832193,0.039926443,-0.3872423,-0.30797917,-0.06258689,-0.077833176,0.06118436,0.50277835,-0.504318,0.24461395,0.12454961,-0.15452893,-0.108410835,0.2800178,-0.015572269,-0.080489025,-0.26216295,-0.20901954,-0.30407867,0.2211253,-0.19604708,-0.2985115,0.04367037,-0.20405693,0.38668403,0.0102751115,0.05126529,0.05195305,0.14273055,0.17760149,0.007326236,-0.25398332,-0.038413312,0.014832832,-0.40803683,-0.52618885,-0.30317426,-0.48773712,-0.121616244,-0.19322109,0.022164326,0.17730795,0.0723374,0.10861187,0.23648627,-0.08152922,-0.6517025,-0.4361044,0.124598265,0.049044814,0.17378485,0.7106226,0.054849505,-0.023876244,0.08652738,-0.29755262,0.18872309,-0.04283607,0.42069045,-0.40013197,0.0011353035,-0.15689479,-0.26661703,0.15566489,-0.07938533,0.33263412,-0.1327195
SIM-0088-NT,-0.09814783,0.5036606,-0.33772022,-0.19590814,-0.77245903,-0.11171557,0.17269295,0.102447584,0.036054786,-0.21907069,-0.047598787,-0.09938953,-0.0013688162,0.043550793,-0.08769784,0.005955532,-0.024450628,-0.16874328,0.019878648,-0.31927586,0.045342594,-0.27769154,-0.0063810563,0.11635577,-0.23147544,0.25821078,0.44706473,-0.16251124,-0.036186434,0.3029817,-0.4495274,0.008346968,-0.07551338,0.2251159,-0.061282907,0.11299194,-0.20579106,0.23789795,-0.28039986,0.2177043,0.01904851,-0.58860934,0.0157598,0.15173972,-0.3073394,-0.21174991,0.022206957,-0.1278878,0.08239536,-0.052312385,-0.32992464,0.58209467,-0.08496071,0.031066641,0.44310126,0.21572359,0.13687709,0.26444957,0.13786235,0.13785318,0.14178391,-0.042186584,0.2686987,0.16860983,-0.57490945,0.21270601,-0.19836001,0.0607299,-0.41806635,-0.14582454,-0.09108683,0.13416559,-0.14692526,-0.54146785,-0.12257945,-0.095140696,0.15826789,0.037017293,-0.19166464,0.06926116,0.458417,0.29258648,-0.47737145,0.6187786,0.29595128,0.3963479,-0.37996763,-0.10356587,0.14712678,-0.28039357,0.13195905,0.40831512,-0.08329743,0.42584145,0.17562376,-0.46466953,-0.21722613,0.27706483,-0.25805223,0.26980445,0.15289593,0.07811861,-0.14431897,0.07528462,0.42061663,-0.09751142,0.15252878,0.50157857,0.06557663,-0.12265867,-0.12538,-0.5209297,-0.3028596,0.084567286,0.24245782,-0.10652537,0.23924196,0.22352238,-0.19269677,-0.14894482,-0.3365344,0.1859864,0.00093605946,0.22192168,-0.014925776,-0.23514193,0.19493742,-0.49537855,-0.084280334,-0.19358575,0.38138586,0.43744048,0.10578794,-0.14470614,0.43029243,-0.17459439,-0.3460168,-0.49677977,0.025586395,-0.42874625,0.35471806,-0.14511168,-0.32159695,0.27891386,0.21896827,0.41585368,-0.4248794,-0.4775307,0.39017594,-0.70155734,-0.30387214,0.013831372,-0.33236063,0.05282337,-0.2871662,0.32252008,0.179452,0.06877233,-0.0887473,-0.25836992,-0.033676624,-0.30796373,0.47924042,0.07981789,-0.21752661,0.391465,-0.0115408255,0.34969085,0.34212112,0.10911965,-0.3173503,-0.14512514,0.8972756,-0.1377944,-0.06433818,-0.11797136,-0.23490374,0.17598757,-0.33472598,-0.20770009,0.07716971,-0.06265089,0.04077224,-0.007754313,-0.29305384,0.36614528,0.2857535,-0.2389006,0.11919093,-0.12264828,0.27084056,0.21473558,0.31401566,-0.23682018,-0.33869871,-0.46462274,0.6687968,0.22653323,0.3112397,-0.3584387
SIM-0089-NT,0.15887259,-0.43041122,0.11378069,0.0051175402,-0.07457126,-0.13551976,0.29394642,-0.13073437,0.33834106,-0.011839441,0.09341592,0.1375693,0.11491713,0.057114623,0.53815055,0.2821986,-0.6391699,-0.05205478,0.3715155,-0.20327769,0.0011615332,0.019834314,0.3980192,-0.26167813,-0.22581753,0.12637973,0.08617561,0.13051605,0.08056549,-0.029625207,0.14007556,0.051338986,-0.062273987,-0.015850903,-0.13490845,-0.1769823,0.13939437,-0.3267107,0.1722211,-0.06595668,-0.025791653,-0.04431446,0.12580857,0.37004182,0.45088726,0.2619046,0.019632285,0.19984925,-0.5054879,0.15197217,0.097419,-0.38617733,-0.14527579,0.06940121,0.09541979,0.23929875,0.41742563,-0.037297435,-0.28449324,0.20548338,0.3219639,0.3168829,0.1176885,0.4999603,-0.06847822,0.3998334,-0.29005954,-0.56653404,-0.29421446,-0.14363532,0.00017402775,-0.23316099,0.03194295,0.1617035,0.08816776,-0.03444063,0.30065593,-0.20011042,-0.06029973,-0.13749479,0.1631941,-0.10637091,0.100040644,0.2040831,-0.12671769,-0.3995847,-0.05630647,-0.19890523,-0.1605982,-0.61779153,-0.40510252,0.19999468,-0.23435532,0.28898373,-0.17890556,0.12157627,-0.063301064,0.16240908,-0.063366614,0.05331475,0.30770802,0.117764704,-0.1720518,-0.46829298,-0.02723613,0.107575364,0.0384945,-0.21945952,0.037916496,0.16495852,0.34838596,-0.056491014,0.614238,0.36331344,0.04206947,0.06540651,0.34723145,-0.24081238,-0.20058143,-0.3219888,-0.06378632,-0.21500432,-0.0887386,-0.0086705545,-0.34461325,0.3415574,0.29797244,-0.114981376,0.37046376,0.0971176,0.2747862,-0.33913296,-0.08408834,0.15705453,-0.040981874,-0.04396824,-0.027667778,0.09336473,0.027866134,0.38952133,-0.24735561,0.023630138,0.17597967,-0.3109178,-0.08592453,0.043465074,0.3757229,0.034097604,0.18949813,0.20586474,-0.6889502,0.020095445,-0.108924516,0.3757901,0.1746654,0.21868533,0.12990734,0.026195748,0.20889078,-0.005332356,0.32106903,-0.2672546,0.25946566,-0.09068857,0.16986404,-0.39293355,0.06742413,-0.037780195,-0.011335143,-0.4418846,0.008220974,0.03242194,-0.44540185,-0.28767413,0.03942246,0.10172633,-0.012653934,0.011232205,0.006724933,-0.13621242,-0.04455919,-0.3503946,-0.14616477,-0.010605436,0.30898443,-0.030412028,0.5153603,0.4824905,0.01742541,-0.103440806,0.5665068,0.1865,0.109655865,-0.18037343,-0.10687684,-0.25012255,0.37199867,0.12538557,-0.07757383,-0.11806959
SIM-0090-NT,-0.24782069,-0.017459098,0.042676307,-0.5688758,-0.2410481,-0.16914043,0.2713709,-0.13844399,-0.4485912,-0.2752374,0.43111157,-0.093194366,-0.2596155,-0.41839454,0.0061018555,0.032434795,0.11027668,0.68168914,-0.3090634,-0.09230572,0.07310874,-0.10939352,-0.51641077,0.12783106,-0.15783812,-0.26599178,-0.22336377,0.3877913,0.3247575,-0.27278864,-0.43294778,0.22459093,0.5145516,0.58317274,-0.35398853,0.33946276,-0.001339931,-0.48244894,-0.21489987,-0.19644359,0.118870236,-0.34172776,0.2360035,0.11886642,0.25501955,-0.16504961,0.099128224,-0.2589696,0.16917576,-0.059327494,-0.03479504,-0.008180923,-0.43534455,0.2974585,0.020716235,0.29846582,0.2800356,-0.20332146,-0.0674647,-0.38770244,0.3064903,0.081154115,0.05029068,-0.06901645,-0.24244002,0.32067683,0.50136995,0.3303873,-0.041844953,0.0975413,0.26748255,0.02352344,0.4861511,0.31209463,0.69637173,0.048557907,-0.6037064,0.017962817,-0.09491112,0.043185618,0.44576198,-0.13546097,-0.20789741,-0.16170947,0.5385342,-0.11519049,0.0648621,0.46161678,0.16590239,-0.56362706,-0.1207946,-0.16320376,-0.43568566,-0.11907216,-0.6805417,0.08125878,0.0018607157,-0.1770365,-0.45236033,0.34862348,-0.14208852,0.2743948,-0.031447332,0.36483145,0.1461108,0.027874218,-0.20992415,0.3247605,-0.05135731,-0.20372787,-0.03931561,-0.0115409205,0.21853381,-0.47052497,0.5957771,0.1158376,-0.0039737294,0.11099968,-0.38286698,0.031008033,0.16258673,-0.07364449,0.13089664,0.19827439,-0.1821134,0.31219354,-0.015063749,0.47663096,0.32735616,0.10160896,-0.20295471,-0.027882457,0.25195953,-0.1399055,0.108366236,0.13661519,-0.02811555,-0.20541936,0.3993969,0.118766665,-0.07546129,-0.1975446,0.2246299,-0.017351285,0.24436407,-0.23053879,0.0756521,-0.119949155,0.43537244,0.092056416,-0.24894665,0.2337409,0.30867776,-0.084259406,-0.20244741,-0.5507272,0.27519658,-0.4382508,-0.012087004,-0.43129972,0.45025134,0.33363864,0.07503417,0.26192516,-0.033050865,-0.20618553,-0.41911232,0.19799975,-0.25234655,0.631636,-0.27809042,0.25301796,0.31900048,-0.33494595,-0.112414956,-0.057479873,0.8706506,-0.061338592,-0.28454617,0.122936174,-0.26187903,-0.01538601,-0.11373495,0.12950312,-0.14030293,-0.1740323,0.26976058,0.07226565,0.0070599956,-0.4812391,0.15545815,-0.11766636,0.06960302,-0.4610735,0.06930453,0.04827778,-0.057384975,-0.22150712,0.29151106,-0.18663467
SIM-0091-NT,0.22754969,0.26178947,-0.208055,0.18701361,-0.10742665,0.15963137,-0.23397397,-0.028774284,0.019264467,-0.007349096,0.09530111,-0.20219699,-0.13808972,0.17846036,-0.10308609,-0.12431822,-0.21045539,-0.11501033,-0.25676402,0.18232504,-0.112265885,-0.27091777,-0.050792105,-0.34912097,-0.21394323,0.33862272,-0.27203307,-0.035857555,0.55159855,0.06231347,-0.12769794,-0.49691695,0.041730214,-0.1919256,0.13945024,-0.16906276,0.06929084,0.36159405,0.16781653,-0.32958335,0.022241637,0.24087004,-0.3799045,0.42180642,0.035230067,0.14411272,-0.0859572,0.011580074,-0.22361208,0.3867689,0.44826338,0.53666633,-0.44143388,0.08238555,0.108029425,-0.176389,0.09320377,-0.35915187,0.36789832,-0.38329312,0.06260784,0.19729774,-0.14987494,0.3431511,-0.45624933,-0.007658665,-0.42165893,-0.19332173,-0.123455144,-0.1387121,0.31772387,-0.2930985,-0.38856876,-0.10776646,0.028333303,0.12579884,0.2884551,-0.53750396,0.4221597,-0.20460743,-0.06961785,0.005792363,-0.5425948,-0.10810833,0.24801202,0.15785629,-0.12511298,0.053259496,0.11538321,-0.06469538,0.12312231,-0.20011126,-0.23633601,-0.074247666,-0.6035718,0.17331871,0.020786403,-0.05554429,0.19913761,0.09677751,0.26595014,0.39496034,0.082640044,-0.17993554,0.1812226,-0.1791087,-0.19056387,-0.073165275,0.28953212,0.1875474,0.2214609,0.03072278,0.14235133,0.15022048,-0.1720751,0.14707105,-0.000983763,-0.101243086,-0.089246854,-0.1381061,-0.070231654,-0.0020277153,0.16625324,0.3773224,0.14212418,0.029289564,-0.50003225,0.60473245,-0.17698829,-0.16890591,0.31604424,-0.2753027,0.09294614,-0.11572498,-0.063172236,0.012426559,-0.29841226,-0.030871212,0.2564884,-0.018653745,0.8746433,0.022902874,-0.29914653,-0.13038622,-0.48362646,0.26940292,0.40136614,0.21073696,-0.21003257,-0.2181118,0.18415909,-0.1302359,-0.21516345,-0.24311583,0.46726346,-0.11603262,0.20792165,0.13739364,-0.21216568,0.010136133,-0.25028676,0.36198625,-0.22769876,0.09131828,-0.12354935,-0.2312247,0.26932827,-0.13029368,-0.4574031,0.10607771,-0.17687349,0.03939957,0.2140302,0.08915733,0.22220105,-0.32453904,0.29961503,-0.07436205,-0.35666153,-0.61364514,-0.077096894,-0.1965512,-0.19267613,0.08359044,0.43006754,-0.22541355,0.02300797,-0.1419446,-0.24673861,-0.25398362,0.41057122,0.0033179824,-0.047521986,-0.17132339,0.016809354,-0.159506,0.48250943,0.06295322,0.034864865,0.029201992
SIM-0092-NT,0.326952,-0.0055177673,-0.11911653,0.040265005,0.1978352,0.29574054,0.053752623,0.057344384,0.24818476,-0.683539,0.022052217,-0.1461072,0.014510843,0.088925526,0.31125084,-0.34612733,-0.17981651,-0.22236322,-0.15171377,-0.34255308,0.53436005,0.217684,-0.19384688,0.0038746363,-0.10868692,0.03903116,-0.19193347,-0.3807582,-0.14306107,0.34533012,-0.37124553,0.2742813,0.13998717,-0.09990893,0.18751486,0.05215387,-0.5343614,-0.10113507,-0.09381016,0.3612496,-0.10020624,-0.052715678,-0.2903082,-0.015823517,-0.2972221,0.27151048,-0.105134144,-0.2978216,0.30637735,-0.3265091,0.06383733,-0.37182122,0.0732546,0.26688844,-0.16205275,-0.2949483,-0.28716832,-0.013841419,0.48199984,0.26698986,0.29261965,-0.26747864,0.27422926,0.24676706,0.07625065,-0.15788838,0.24304768,-0.16946512,0.1643047,-0.095176466,-0.24637939,-0.10131393,0.49197614,-0.29147297,0.24788001,0.21006604,-0.046095952,-0.13802534,-0.3120854,0.32215387,-0.29741523,-0.69708884,0.07698634,-0.33768994,-0.027432455,-0.33595055,-0.14532971,0.017351918,0.067885056,0.33469275,0.00034914823,0.026793487,-0.05995399,0.23098756,-0.28275725,-0.10939164,-0.00032007112,-0.22654176,0.3489437,0.07962713,-0.3064157,0.10208493,0.32752365,-0.17991929,0.34040615,0.064224884,0.050420813,0.29959798,0.05092815,0.097572125,0.02307349,-0.4384481,0.10288023,0.06304,-0.09500828,-0.6373859,0.15551887,-0.21508838,-0.281689,-0.30546743,-0.48975632,0.11542754,0.58900535,-0.14497414,0.20525216,-0.023403063,0.06893541,-0.016653202,0.19557811,-0.30203995,0.02488958,0.28370404,0.17529094,0.08158615,0.02437876,-0.090218335,-0.08818378,-0.3883268,0.12579505,0.34120697,0.07350999,0.004155679,0.14976938,-0.52961516,-0.1267953,-0.018462637,-0.42669207,0.040122684,-0.4626881,0.17278068,0.056463692,-0.047714297,0.1903589,0.036757607,0.1188473,0.07088705,-0.21500137,0.39206567,0.3114349,0.1071772,0.037591726,0.1875827,0.31503844,0.47601405,-0.13537703,0.2614544,-0.021800512,-0.40229028,0.20951635,0.36683583,0.24325678,-0.042272855,0.09688211,0.17471346,0.14323977,0.3075197,0.23574592,-0.14470725,0.006619627,-0.12619351,0.040307026,-0.46721384,0.48206323,-0.19492076,-0.128289,0.020687064,-0.3444234,-0.08384588,0.042151008,0.41216347,0.035522036,-0.101410754,-0.2814086,0.5345768,0.01917316,0.020604983,-0.34286913,0.13118427,-0.14701791,0.36791843
SIM-0093-NT,0.11609695,0.031251546,-0.3307008,-0.024547765,-0.05345396,0.030741725,-0.49250972,-0.2273917,-0.12396965,0.12505141,-0.48260054,0.3454298,0.3104918,-0.24860092,0.6172577,0.059586547,-0.027238572,0.1485226,0.10452389,0.029301437,-0.27113107,-0.10929456,0.08932397,0.20852934,0.3598913,-0.11430165,0.019809622,-0.16507824,0.273461,-0.077834465,-0.14698085,0.015489207,-0.41825774,0.13526128,-0.07745169,0.6918923,-0.15454979,-0.06683381,0.2543097,0.1955003,0.25897875,-0.069934495,-0.28674397,0.6670429,0.12908159,0.056425903,0.20145628,-0.32580313,-0.114109136,-0.26074988,0.041728016,-0.34453118,0.16844206,0.29588416,0.2866843,0.11010428,0.048056472,-0.10449646,0.11213639,-0.027452826,-0.4674104,-0.15418588,0.19807619,-0.28143358,-0.28634703,-0.049923822,-0.54222673,0.18239917,0.16029546,0.23679303,0.055309523,-0.21322091,-0.30751467,0.13773899,0.17885938,-0.27919158,-0.31266877,-0.004758247,0.03415014,0.23371767,0.16559568,-0.020008221,0.25887716,-0.087385304,-0.0771384,0.21206568,0.2393904,0.24593166,-0.04487299,0.017903859,-0.2165883,0.22498678,-0.14782675,-0.49914104,-0.1102655,-0.21394609,-0.67674494,-0.14337045,0.19561423,0.10342201,0.10295317,0.3564208,-0.14471307,-0.28634822,0.1234898,0.08926795,-0.31655803,-0.044027343,0.1346245,0.06869931,0.18296924,-0.16804492,-0.35460573,-0.2283293,0.21608873,0.25891525,-0.04188313,0.37815073,-0.04052566,-0.12811323,-0.35273087,-0.018925685,0.26512545,0.31712845,0.26731873,0.12487384,0.39918318,-0.2421724,0.2962541,0.070310056,0.052642345,-0.35576287,0.08533611,0.28850535,-0.5321795,0.19888729,-0.5712691,-0.35434657,-0.02357555,0.39567736,-0.032022733,0.11749136,-0.22746284,-0.048567735,-0.01371982,0.40730405,-0.186823,-0.16479407,0.2692064,-0.061704673,0.028292675,0.1087968,-0.15912679,-0.51308286,0.26878926,0.02903596,-0.31924424,0.19452426,0.5023087,0.29815125,0.5202352,-0.306944,0.062385052,0.088710144,-0.029190607,-0.081936225,-0.73988324,0.42312327,-0.40419486,0.22592674,0.0027416786,-0.007622246,-0.051370177,0.049754553,0.16019465,0.2379242,-0.03147521,-0.30137262,-0.3099524,0.2597329,-0.06782872,-0.25619555,-0.18543781,-0.023474991,-0.3208426,-0.0077849776,0.31326526,-0.029672708,-0.44189328,0.2169449,0.27754757,0.29072955,0.014747988,0.5828695,0.18399306,0.7474495,0.33789775,0.29962808,-0.15566353,-0.23700057
SIM-0094-NT,0.028877655,-0.04813189,-0.13439532,-0.032536983,-0.04951025,-0.16003351,0.16429788,-0.18791954,-0.010786474,-0.3036002,0.025021432,0.05032987,-0.24033219,0.01761788,-0.024454873,-0.11519044,-0.112829246,0.11194866,0.0070841177,0.23941061,-0.2590912,-0.046890464,-0.15360239,0.015116556,0.06729392,-0.29547808,0.14825404,0.5406978,0.042655047,-0.21695334,-0.07299761,-0.081042916,-0.16682108,0.18068078,-0.45578775,0.06811841,0.32261977,0.30650035,0.2561266,-0.16502678,0.36438623,0.09165638,0.35581604,0.27039045,0.07859873,-0.061180696,0.59102684,-0.4449688,-0.043365642,-0.3513521,0.029248059,0.08917851,-0.16073222,-0.14192949,-0.33015254,0.11297806,-0.11658265,0.105603255,-0.13094239,0.061792154,0.18489403,0.11962527,0.05266227,-0.025851946,0.11929597,-0.15067609,-0.04889352,0.08664693,0.38430044,-0.15299565,-0.22130217,0.071302526,0.3017814,0.2029422,0.0054633813,0.30640778,-0.4525382,0.25286034,-0.07854674,0.15749705,0.2519952,0.048428502,0.017535217,-0.097873576,0.422875,0.086118385,0.05558578,0.37736067,-0.12562679,-0.0624437,0.23435757,0.4435888,0.011133316,0.09664608,-0.3971069,0.32055324,-0.27079007,-0.13485853,0.04710088,-0.16225858,-0.48488024,-0.3089271,0.024611184,0.37407058,0.35395038,0.09550518,0.03918011,0.19941223,0.33141592,0.029265145,0.03785434,0.05088722,0.25240117,-0.3421196,0.004096881,0.100150086,-0.47331706,0.22928478,0.26904565,-0.48652714,-0.10333962,-0.095019855,-0.22221294,-0.187738,-0.13060293,0.15248586,0.31185815,0.13795525,-0.22846478,0.19775793,0.15099935,-0.73327947,0.3099764,0.033382207,0.042664513,-0.43572763,0.40347937,0.08424081,0.193778,-0.33094725,0.12794432,0.1329269,-0.03889039,-0.32329363,-0.015362299,-0.23876506,-0.17455465,0.29000852,0.021686757,-0.020218296,-0.29386255,-0.01145014,-0.037545744,-0.24540916,0.27125102,0.2592821,-0.19362354,0.09895749,-0.46318007,0.07955986,0.19533616,-0.28069437,0.0037547392,0.03190174,0.7222817,0.6452029,0.08047977,-0.16592328,0.06111453,0.2815665,-0.41849086,-0.5228597,-0.28649116,0.19058637,0.20515944,0.11057362,0.2776889,-0.045396395,-0.06773792,0.09627456,0.42782158,0.10278631,-0.023936717,0.10070834,0.35571763,-0.08995492,-0.111981705,-0.11850927,0.20381784,-0.19481312,0.16016583,-0.36777574,-0.06492441,-0.014564036,0.44696903,0.24257465,-0.08898672,-0.12964736,-0.16855168,-0.28055653
SIM-0095-NT,0.40393224,-0.1890151,0.43021375,0.024820596,-0.020622173,0.024398357,0.30249628,-0.21360081,0.12704813,-0.009700179,0.100823864,-0.05111353,-0.09024493,0.13131133,-0.3451443,0.34848285,0.02698829,-0.13737032,0.09214859,-0.17362636,0.01971061,0.021255212,0.31453827,0.06971075,-0.2798992,0.14529969,0.18025339,-0.4030634,-0.297047,0.50245726,-0.082924336,-0.077051915,-0.008738019,-0.16020638,-0.4431333,-0.28056118,-0.15973869,-0.12574326,-0.19235088,-0.37297544,-0.13838446,0.27881494,-0.16798148,-0.045576658,0.3609621,-0.17184852,0.76427746,0.22298996,0.019315457,-0.06201463,0.3355222,-0.17329806,-0.10817312,0.40181884,-0.09387796,-0.11667201,-0.16560242,-0.48309308,0.253708,-0.010747101,0.2674141,-0.042223014,-0.105520844,-0.16585614,0.17099336,-0.20105118,0.09612571,0.009530208,-0.26065513,-0.1120666,0.0025161684,-0.077622816,0.47381756,0.05875293,-0.049023733,-0.090777785,-0.05731153,-0.15195186,-0.20577449,0.1496535,0.38499907,-0.11267745,0.107345685,-0.16606864,0.025942449,-0.3271231,-0.21337388,-0.2222945,-0.036306463,-0.29246476,-0.560128,-0.34251693,-0.043637305,-0.19813332,-0.1447786,0.06611949,-0.20526674,-0.020020414,0.53416616,-0.09525077,-0.051379804,0.095114835,-0.20443007,-0.14793524,-0.023851998,0.048522137,-0.23261526,0.13953649,0.3866632,-0.4782577,0.09788378,-0.022835858,-0.0742692,0.08156829,0.3448177,0.06427851,0.23979472,-0.009746614,0.09126971,-0.1359723,0.009473858,-0.06798931,0.026704261,-0.41380715,-0.27877775,0.29702947,0.34851858,-0.4328657,-0.14175294,-0.18696146,0.063336365,-0.0209417,0.17006013,-0.33781427,0.0874875,-0.08346471,-0.18431157,0.110429406,-0.06178698,-0.025179103,0.33408603,0.017724695,0.48624355,-0.58244,-0.0023915777,-0.2779006,-0.23202197,-0.16389509,0.23064503,-0.10166664,-0.28539267,0.16493098,-0.29559523,0.41800395,-0.32275945,-0.07182817,0.48110187,-0.0811535,0.10590891,-0.027381916,-0.00033056655,-0.20462216,0.11329811,0.3318336,-0.48552263,-0.23108561,-0.1381559,-0.22182618,0.16066903,-0.15149637,0.020239618,0.3727758,-0.4487062,0.079249986,-0.030683096,-0.029944738,-0.22626548,-0.09514822,-0.0019823094,-0.04602109,0.1742791,-0.27349618,-0.34921074,-0.5015494,0.035333004,0.18911277,-0.2933379,-0.31563792,0.4721394,0.31934518,0.3334387,0.08730179,0.17634834,-0.07176135,-0.35593337,-0.3432952,0.000796276,0.23125175,-0.04187022,0.1522523
SIM-0096-NT,-0.022426693,0.076094165,0.1927117,0.332713,0.071336366,0.48484445,-0.05827418,0.33092558,0.14562628,-0.45764896,0.3534086,-0.22954604,-0.062212944,0.21828677,-0.18613344,-0.01776865,0.16430262,-0.20555335,-0.05896065,-0.088358454,0.24099009,0.39207962,-0.27501193,0.019430181,-0.13103138,0.007756175,0.4416811,0.094956376,-0.14076072,-0.34206286,0.24977323,-0.11479635,-0.19399768,0.07599851,0.1447503,-0.0921309,-0.23648341,0.3421396,0.17088453,0.24681327,-0.089240886,-0.20741576,-0.13318783,-0.38091132,-0.08363061,-0.16883804,-0.01942497,0.012257591,0.022676677,-0.14633934,-0.29706156,-0.36054817,0.048841536,0.033839017,-0.34801823,0.35661578,0.20868789,-0.25537157,0.06637067,-0.034215234,0.06589627,0.042998552,0.16791748,0.36979654,0.07479548,0.13323818,0.36620656,-0.13446267,-0.2332671,0.16798793,-0.30572394,-0.20190361,0.37624615,-0.42947102,0.07571307,-0.36055157,0.1026309,0.45810196,-0.25318292,-0.5258305,0.0891507,-0.15689448,-0.04602164,0.09117813,0.1407345,0.14319181,-0.0068649887,0.108931735,-0.046994958,-0.08224364,-0.0040703765,0.14431377,-0.1617566,0.053705294,-0.11475455,-0.18398874,0.26285362,0.0927809,0.09508702,-0.23634,-0.061650425,0.15018658,0.09305253,0.641151,0.05497394,-0.16624318,-0.10878941,-0.21412852,-0.16159132,0.024931308,-0.11594115,0.33402017,0.22025216,0.21601693,-0.06297122,0.22845481,0.2557817,0.39896294,-0.1352842,0.002902659,-0.18770838,0.659821,-0.050466735,0.31895185,0.039149836,0.21985666,-0.0036215265,0.23079099,0.06907905,0.42629167,0.076548666,-0.18061635,0.12952626,0.002313439,-0.24664809,0.09480899,-0.15420015,-0.05894237,0.010271721,-0.50683403,-0.10783352,0.23095295,-0.048069797,-0.47544375,-0.020419924,0.12074073,-0.074456766,-0.06636966,-0.11157589,0.15515375,-0.2055175,0.13656658,-0.06698046,0.31328472,-0.12132821,-0.27768785,0.15470909,0.12318999,0.102970555,0.21162039,-0.250458,-0.197096,0.32992148,0.108877316,-0.11391392,-0.44090253,-0.31106108,-0.2393616,-0.1403059,0.076373845,-0.3414561,-0.13195443,-0.31586805,-0.105341725,0.59616417,0.2973145,0.14338687,-0.13056259,-0.26923168,-0.021669624,-0.3883645,0.16203117,-0.04955471,-0.006884022,-0.4160509,0.012452992,-0.0597623,-0.23916365,0.056114346,-0.09962697,0.07367238,0.15457855,-0.27120775,0.026753154,0.02203776,0.31091732,0.21024841,-0.08708272,-0.10643119,0.037410494
SIM-0097-NT,-0.28090826,-0.2434064,-0.11697272,-0.59541154,-0.2474153,-0.08306408,0.68899786,-0.16103253,0.16505602,-0.04952013,0.10999022,-0.2706277,-0.386407,0.34433767,-0.33251828,0.37090647,-0.09275099,-0.20676586,-0.12910056,0.40054372,-0.17462589,-0.09552382,0.24381123,0.118437566,0.51936954,0.29132646,-0.17406774,0.325642,-0.48055127,0.19255815,-0.1636675,0.14890416,0.49088174,-0.4176005,0.2307288,0.21003285,0.16506216,-0.24504685,-0.022375816,-0.24076349,0.10749981,-0.3260784,-0.109318785,0.1575244,-0.18318696,-0.0990671,-0.22662932,0.0641748,-0.034412656,-0.1831602,-0.15767203,0.03952328,-0.26455495,-0.011072615,0.008296913,0.039031517,-0.1325706,0.15127134,0.2404016,0.16183087,0.05245588,-0.35660547,0.41889545,0.0146522615,0.07795749,-0.17625494,-0.05369666,0.29484603,0.19566801,-0.07782006,0.38191754,-0.2523169,-0.42021176,-0.48228994,0.19873695,-0.17401609,-0.035092138,0.27359325,0.082185455,-0.29653004,0.40604833,-0.07274875,-0.015735967,-0.17820622,-0.27891114,0.057589974,-0.36034736,-0.020770289,0.39634967,0.18781503,0.050745383,-0.2745762,-0.015176202,-0.19901502,0.36055514,-0.118484914,-0.19649348,-0.05442672,-0.1954302,0.058913395,0.45531812,0.00179215,-0.23069458,-0.03950569,-0.317723,0.71837276,0.45022216,0.3117546,0.18785353,-0.041371774,-0.035853684,-0.055096008,0.59421474,-0.048037432,-0.14102197,-0.026135914,0.12924379,-0.87059253,0.0983308,-0.63562775,0.36801887,-0.43103352,-0.20079505,-0.47926226,0.45020455,-0.0030706977,0.5566458,0.4969769,0.3123193,-0.3504283,0.0413698,0.34155267,0.0972073,-0.092460714,0.087884106,0.1119251,-0.36930767,-0.14171417,0.16328493,0.21859735,0.06084629,-0.10197026,-0.047991734,-0.18858075,-0.026015662,0.21251853,0.60704726,-0.30106127,0.31669044,0.095701315,-0.4003091,-0.024423715,-0.045497447,-0.00040452208,0.261945,0.49371886,0.32376873,0.053202104,0.080976814,0.5197388,-0.26467767,0.31052017,-0.28681937,-0.38136858,0.15779231,-0.414408,-0.098204404,0.34356606,-0.22847176,0.44919512,-0.5643877,0.26106697,-0.34603095,-0.048580658,0.053936098,-0.07057514,-0.06431492,-0.36270034,0.3537446,-0.3074523,-0.30767626,-0.02430872,-0.17420715,0.20964561,-0.13339213,-0.00029421225,0.028623268,0.24344993,-0.13192266,-0.417947,-0.20240699,0.28432664,0.08701522,-0.0926029,0.015280116,-0.06640787,0.19692282,0.08436937,-0.06972107,0.22941498
SIM-0098-NT,0.29420128,-0.22983609,-0.2252644,0.60024875,0.15652011,0.41733348,0.22309196,0.11485693,-0.5341724,-0.30529082,0.16258071,-0.22623271,-0.0370649,0.22758639,0.033910234,0.09969444,0.34698862,0.37174442,-0.014078745,0.31848803,-0.24020824,0.05669728,0.14150421,-0.026350316,-0.055512596,-0.27985352,-0.008892207,-0.4021188,-0.03329514,0.01507669,0.18630761,-0.29407406,0.084969394,0.14242508,-0.0055146404,0.111856006,0.06746993,-0.65017134,-0.23053165,0.53568876,0.16400734,-0.15040132,0.09165691,0.17774476,0.3852807,-0.09733009,-0.14900517,-0.1244378,-0.14284778,-0.15125208,0.04684739,-0.10526234,-0.015520627,0.46808973,-0.23947324,0.08420806,-0.28390107,0.23175311,0.27974594,-0.21691787,-0.1739671,0.16667873,-0.06862172,0.354289,-0.3004578,0.26926222,0.5593814,0.09802136,-0.1592228,-0.1942756,-0.040505555,0.16901556,-0.37339592,-0.07744552,0.03290369,0.38854024,0.4654256,-0.032900836,-0.27709106,0.035036,0.043989744,0.2965315,-0.11092225,-0.2472511,-0.002911423,-0.08502733,-0.091659024,-0.21707423,-0.31386504,0.15258987,0.06600254,-0.20088454,0.20498402,-0.46065053,-0.101998635,0.053838197,0.27696198,-0.13887641,0.28100926,-0.16293205,0.2053652,0.42054075,-0.24998538,0.037858263,0.13515496,-0.31106398,0.1081223,-0.14160402,-0.21072902,-0.105828784,-0.12402214,0.20017211,-0.00022716858,0.57768166,-0.13402213,0.11847082,-0.037666455,-0.31904468,0.3976099,0.029892046,-0.19523996,0.09996334,0.25835282,-0.21221547,0.012587379,0.26008448,0.04126914,0.13854307,-0.066014364,-0.3932207,-0.06294695,-0.14015795,-0.027252298,-0.13741918,0.042572647,-0.086678796,0.2022127,0.15391687,-0.23110944,0.3141404,-0.18081607,-0.28107962,0.26383892,-0.14807633,0.024456477,-0.32195517,-0.09150778,-0.02884244,-0.09813626,-0.12845181,0.010243116,0.24750815,-0.23540534,-0.6318678,0.30988002,-0.16457902,-0.1432825,-0.13634288,-0.33208844,-0.09872648,-0.06995228,0.10881203,-0.13691932,-0.61034405,-0.3343391,0.2788716,-0.21003835,0.13645406,-0.17836243,0.20320785,0.024771009,-0.36283326,-0.29273564,-0.37244463,0.22811687,-0.3146925,-0.09231512,-0.02006545,0.05550009,-0.11525831,-0.39388084,-0.30169973,-0.26299143,-0.6620569,0.107896484,0.12635781,-0.26795033,0.326133,-0.02659994,0.21187241,0.19397476,-0.033540137,-0.50732875,0.04976026,0.13160224,-0.16314016,0.040205065,-0.007168457,-0.23832093,-0.024970526
SIM-0099-NT,-0.12730221,0.093767606,-0.14750154,-0.17791702,-0.4094345,0.55161184,-0.11314249,-0.2826285,0.1508782,0.046731815,0.13704972,0.16352352,0.27426624,-0.26618987,0.036644008,-0.39476055,-0.07668011,0.16766334,-0.2238027,0.5577176,0.00450738,-0.45258138,0.17630918,0.5550482,-0.55910593,0.17861,-0.24733554,-0.013508322,-0.3272937,0.21337497,-0.07960577,0.29009682,-0.25740367,-0.05164621,-0.5784399,0.6494272,0.47991428,0.5448169,0.38327608,-0.14772578,-0.011036048,0.07286033,0.09361363,-0.27387682,-0.28645226,-0.3342698,-0.10663239,-0.07998718,-0.113168284,0.062805526,-0.34572065,-0.21359397,-0.19007944,0.20473795,0.049372405,0.08454939,-0.23348592,0.010123512,-0.1936037,-0.1850459,0.092394106,-0.16172354,-0.026378306,-0.06747277,-0.29355702,-0.14437576,-0.14037494,-0.095420405,-0.4507281,-0.18232112,0.22796357,0.10934706,-0.09986401,-0.29493546,0.025099982,0.24192013,0.37926054,-0.13099794,-0.26502088,0.12044012,0.08977705,0.0026089598,-0.15880156,-0.3272097,0.1686492,0.22413431,-0.08999409,0.42763525,0.059055537,-0.043738976,-0.29571706,-0.4251175,-0.12799008,0.09218803,0.5833957,0.016890572,0.14806442,-0.20681271,0.05216323,0.019494768,-0.23636846,0.33454573,-0.03351338,0.27634034,0.0024118896,-0.08284968,-0.19531956,-0.08759019,0.3661745,-0.22466798,0.16658057,-0.07779563,0.14737356,0.0517181,-0.33332264,0.0414224,0.5414339,0.07686957,0.2317657,0.07430697,0.19705676,-0.17950717,-0.03035782,0.22001894,-0.08754119,0.26804078,-0.25088546,0.014702407,-0.064717576,0.6595689,-0.097446166,0.10505515,-0.4978498,-0.2919565,0.07643962,-0.06597285,-0.061162055,-0.08124433,-0.04625653,-0.42787415,-0.02169283,-0.05482655,0.2666197,0.2087868,-0.7071833,-0.18366018,0.45052525,0.22647941,0.12271431,-0.12568256,0.18502475,-0.37882593,-0.14148317,0.08620953,0.15190282,0.054098833,0.09839355,0.041046094,-0.078813665,0.33517414,0.4628376,-0.012697852,-0.29381555,-0.05873091,0.02171137,-0.55249596,0.3346187,-0.15957214,-0.20669495,-0.0848891,-0.11818716,0.014170059,0.197414,0.31888714,0.19763395,-0.23569433,-0.027259536,0.026167745,0.07680172,0.122318916,0.019448735,-0.021607066,0.22768387,-0.033197716,0.23923501,0.20336193,0.36318478,0.054437693,0.36092263,-0.07587406,0.08640466,0.19125316,-0.2526674,-0.09819304,-0.16696756,-0.014398732,-0.13317624,0.02663629,-0.019484708,-0.06985882
SIM-0000-TP,0.03666109,-0.1224283,-0.008830311,0.10507427,-0.14680518,0.22035258,0.14561889,-0.044989653,-0.20660783,-0.02266522,0.5276676,-0.18935718,0.38269517,-0.4387954,-0.21519655,-0.13565743,0.23727219,0.013839289,0.32751787,-0.08316056,-0.013464944,-0.08217034,0.5066003,-0.28006035,-0.12704924,-0.24449058,0.14332812,-0.28525245,0.4555366,0.020169972,0.10309502,0.11577562,-0.0050148126,0.030416092,0.021182818,0.12981078,-0.20559226,-0.2480195,0.20524202,-0.0004794475,-0.5016131,-0.11879752,0.3824936,-0.04009428,-0.13274783,-0.37369847,-0.14195776,-0.29093838,0.107301146,0.012323185,-0.09086573,-0.19055445,0.38161013,-0.17632914,-0.17539968,-0.06074201,-0.025779726,0.12051158,0.2326112,0.2138933,0.6074736,-0.4232185,0.05771283,-0.13012671,0.50244,0.04390087,-0.50741804,0.10855345,0.06670811,0.18943645,-0.1808827,0.08195682,-0.067621596,-0.16784047,0.08568096,0.038196173,0.2625133,0.0067472383,0.15097564,-0.3018584,0.3486293,-0.19430017,0.22573262,0.065779686,0.034080934,0.19008635,-0.53499544,-0.14338107,0.1865324,0.4805233,-0.0060895546,-0.6094073,-0.07930475,-0.015037464,0.27736485,0.012085758,-0.3191813,0.24087414,0.1420792,-0.17477342,0.17996815,-0.13665359,-0.074552014,-0.13242209,-0.077485286,0.22669007,-0.44644636,0.27603233,0.044081215,-0.097521335,0.0051907715,-0.22724399,-0.40793088,-0.22019456,-0.47387233,-0.33816054,-0.4056879,0.3059547,-0.3210528,-0.010311589,0.27918416,0.21252221,-0.073784016,-0.07264407,0.045037687,0.52805704,0.103261806,0.16705498,0.5665992,0.06945659,0.28696474,0.11943132,0.11578939,-0.24083473,-0.282288,-0.12807912,0.22048381,0.20861654,0.33329657,-0.0027759213,0.13443547,0.1354989,-0.026873553,-0.080383666,-0.37124956,-0.03813364,-0.026000129,0.28359684,0.30824795,0.036428332,0.5158458,0.047496747,0.2582301,-0.025018532,-0.2850377,-0.106304824,0.36851275,-0.066050515,-0.11662454,-0.0010164666,-0.097374275,0.29843977,0.47136366,0.0014837239,0.13511392,0.24296878,0.02713704,-0.21947803,-0.10236065,0.10300574,0.098453045,-0.44804713,-0.10915525,-0.18425177,0.22057295,-0.17456023,-0.115286656,-0.124022864,0.19783293,0.24221109,0.12339339,0.27660236,0.3088538,-0.45257717,0.14797784,-0.09244967,-0.3141871,-0.07993362,0.18271518,0.36381182,-0.33627495,0.15460394,0.49140725,0.45768842,-0.86332625,0.54472,0.24026027,-0.5768457,-0.19141525,0.31444103
SIM-0001-TP,0.09007138,-0.14348893,0.016615685,0.13647974,-0.14481723,-0.031779353,0.22422928,-0.17520477,-0.33924705,-0.15932806,-0.2222281,-0.15121679,-0.43186465,0.058905248,0.21690032,-0.2029319,-0.16299231,-0.046846624,-0.22782633,0.24594565,-0.2221653,-0.13147487,-0.19081698,0.2518693,-0.057769727,0.49827734,0.08844117,0.28960782,-0.081068054,-0.23565513,-0.008290216,-0.1697609,-0.49963233,0.25337994,0.008185753,-0.1750756,0.09406791,0.011733157,0.3524477,0.10820419,-0.03922982,0.17335702,-0.00899104,0.045958195,0.3065417,-0.29214302,-0.2158184,-0.104839176,-0.06825721,0.28913477,-0.35367486,-0.007374971,-0.13769452,0.42512062,0.22096187,0.05967307,0.24221067,-0.32985997,0.5068761,-0.21046346,0.31423748,0.13791277,0.0660812,0.30380616,0.24914551,0.026845543,-0.10539966,0.03075724,-0.02570166,0.0884978,0.2551474,0.117142126,0.046217427,-0.16349173,0.08116418,-0.42398328,-0.19937687,0.15156057,0.22129679,-0.005165854,0.05024763,0.09256529,0.17035899,-0.050352287,-0.24574012,0.09679359,0.4895763,-0.23061322,-0.03172833,-0.09656161,0.6032996,-0.24018136,-0.040114496,-0.09117155,-0.31358668,-0.32716474,0.14209585,0.17716323,-0.13987504,0.3522491,-0.56270325,-0.31461808,-0.20618016,-0.002238319,-0.11272678,-0.050261777,0.12126394,0.36426738,0.20060767,0.014038355,-0.02003539,0.2753529,0.4710587,0.15957324,-0.12252615,0.064807035,0.14507805,-0.13878645,0.21643862,0.06601039,0.29116452,-0.24418546,-0.4353694,-0.09818847,0.0059342226,-0.4502257,-0.15211457,0.32088888,0.13332088,0.03455691,-0.26394612,0.31257048,-0.10433644,0.023748582,0.10185047,0.04281281,0.37294453,0.14377846,0.08458558,-0.021607393,0.10797652,-0.052499063,0.04734476,-0.085428596,-0.12485834,-0.2290148,-0.06779786,-0.08419867,0.45734403,0.24802637,-0.03350645,-0.10582788,0.15376379,0.48556983,0.19914006,-0.43001342,0.21579114,0.26007995,0.54980975,-0.0620866,0.03464219,0.11256005,-0.19099443,-0.21364374,0.09983942,-0.38575724,-0.32925585,0.2039193,0.124459796,0.31243536,0.11580829,0.0026056361,0.3222673,-0.10571762,-0.08333454,-0.016129553,0.11261636,-0.016655587,-0.37126192,-0.06664801,-0.007889263,0.0287051,-0.112350106,0.126404,-0.40263143,0.10393989,0.44821495,-0.151702,0.014402595,-0.061756313,-0.05754259,-0.2571172,0.49788964,0.09644631,-0.16769914,-0.19616163,0.015375304,-0.5419183,0.2632055,-0.12846264
SIM-0002-TP,0.097198375,0.10889944,0.2413248,0.12315638,0.18579377,0.25476637,-0.08256162,0.5378468,0.088218465,-0.0069955965,-0.21027611,-0.05176223,0.100464016,0.023819251,0.45686194,-0.097496286,0.16982742,-0.2813871,0.54580206,-0.2984093,1.6280801,1.0755491,0.550871,1.4475185,1.1300902,0.9961488,1.2699294,1.275611,1.2131548,1.3932686,1.1726463,1.2719401,0.9790679,1.3009,0.9801585,0.8283738,1.0579435,1.0405638,1.3414466,0.7462088,1.3829173,0.95376533,0.49328518,0.80766165,1.0326252,1.2205654,-0.033324875,-0.30238464,-0.19463366,-0.298215,0.06468907,-0.022648374,0.153443,-0.44254956,-0.13349578,0.5071995,0.16025859,-0.07402682,-0.24683852,0.2769369,0.38316777,-0.28716692,-0.2635172,0.06970023,0.09307088,0.12069462,0.46084246,-0.24287197,0.0099645825,0.18029849,0.17760487,-0.16195373,-0.15208104,-0.11480553,0.4258643,-0.24461779,-0.08107741,0.193863,-0.27220312,0.06450454,-0.47488287,0.04815033,0.013093685,0.040902406,-0.21723312,0.056931082,-0.009762088,0.3247801,0.15946029,-0.36224562,-0.20814627,-0.15408929,0.045096442,-0.042279314,-0.043313835,0.70443326,-0.12822413,0.34771648,-0.036840282,-0.54463106,0.047831357,0.2798077,0.15836178,0.0640376,0.0059314747,-0.123664625,0.22405888,-0.10855084,-0.16008434,0.102658,-0.07501861,0.32021615,0.116820075,-0.19449246,-0.2861818,-0.14339797,0.5844891,-0.059393182,0.18956959,-0.32641166,-0.2707703,-0.047107916,0.42527452,-0.32268363,-0.15743363,0.22542354,0.39814717,0.10935082,0.16896711,-0.22423054,-0.33073014,-0.28645593,-0.21833959,0.056400586,-0.30490956,0.062600315,-0.07879665,-0.1406295,0.22125943,-0.23975763,0.35892612,0.20771077,-0.24752542,0.30055904,-0.27705932,0.32326993,0.083233446,-0.39478073,-0.32384458,-0.10124366,0.2169489,-0.042672448,-0.04890515,0.010042347,-0.498771,0.20605633,0.33491457,0.19734031,-0.10587157,-0.22126037,-0.27048427,-0.28328523,0.5661407,-0.019705739,0.2261715,0.2124095,0.03565261,-0.23291378,0.1296734,-0.27063093,0.15057625,-0.25921905,-0.10904002,-0.10945851,0.3497379,-0.6085239,0.5826965,-0.20147629,-0.030840456,0.10332674,0.081903875,0.21090749,0.15259321,0.5092488,0.18289892,-0.029340427,-0.13825333,-0.1447134,0.32331094,0.4388005,0.25102526,-0.7911053,-0.56178755,-0.0018905174,-0.04167307,0.00497716,0.31293562,0.3004725,0.043728337,-0.38097015
SIM-0003-TP,-0.30730107,0.016857237,0.10420564,-0.30432716,0.16513044,-0.4380941,-0.6657901,-0.21878184,0.34326586,0.38057128,-0.39873484,-0.37962186,0.19023377,-0.11017248,0.34159356,0.1861653,0.22909838,-0.20547006,0.11095287,0.5040959,1.2333405,1.186528,1.0888551,0.79729444,0.923042,0.97482276,0.78670335,0.8119079,0.5857323,1.0021508,1.3665905,1.1186488,1.119782,1.389473,1.6200198,1.766111,1.2339061,1.1273282,1.0945086,1.3455788,1.158702,1.1595961,1.176161,0.96224433,0.61472934,1.0304693,0.36436984,0.35261902,0.23494564,-0.123432145,-0.1976284,0.40614912,-0.27078247,0.009849481,0.42237338,0.030986603,-0.07336951,0.2899597,0.01800301,0.049042758,0.3786782,-0.6362313,0.089710005,-0.19158004,-0.051805828,0.028239101,-0.16886765,0.057130545,0.09634118,0.0508639,0.0278536,-0.029400172,-0.024483228,0.019848164,-0.23560394,0.31752917,-0.022778278,-0.10084405,0.09896097,-0.02867245,0.31065604,0.2236708,0.023235023,0.23472877,0.058817096,-0.288528,0.2224669,-0.47511145,-0.87921387,0.174499,0.11089059,0.094188124,0.3473892,-0.0061790184,-0.09456257,0.19915996,-0.17844842,-0.0595273,0.06314324,0.083135396,-0.08325621,-0.12261982,-0.2799797,-0.19679374,0.4547721,-0.066394195,0.04731287,-0.3728195,0.64080274,-0.21536624,-0.29376858,-0.015295643,-0.22311981,0.09124532,-0.37791088,0.28426227,0.2349648,-0.029670168,-0.41387993,-0.20306331,0.015631402,-0.30262777,-0.26195577,0.26232478,0.038729258,0.030832684,0.13186486,-0.040955715,-0.014876451,0.1139964,0.20224577,0.124525756,0.36509702,0.0061575915,-0.3367929,0.27206764,-0.06127155,-0.19217251,0.17808735,0.09269293,-0.31968695,0.16765757,0.46857923,0.08090449,-0.064045936,-0.41731387,0.51280457,-0.12924005,-0.35199714,0.02771123,0.25206223,0.3089787,-0.16805491,-0.024631433,0.00010319905,0.24413949,0.14820853,0.06765616,0.22870661,-0.34051695,0.10521864,0.055399083,-0.012501672,-0.062418602,0.033537403,-0.14254703,0.68182296,0.33974355,0.27322748,-0.13241933,-0.2392982,-0.052988045,0.02853991,-0.3620975,0.1199942,0.2705374,-0.55891937,-0.22509202,0.30695853,0.09349133,-0.21658072,0.18384047,-0.14855367,-0.059030388,-0.28471935,0.0042286823,0.25454757,-0.11937615,0.1613643,-0.01247747,0.2697518,-0.115759365,0.38875496,0.1703972,0.06100325,0.07012685,-0.11624661,-0.13233462,0.06554811,-0.29968336
SIM-0004-TP,-0.15042298,-0.23431379,0.14295529,0.14675683,0.31695557,-0.08366329,-0.20194203,-0.3673241,0.06773755,0.34919855,-0.018653104,0.0066578053,-0.0015535306,0.06350259,0.24926229,0.47979715,0.124576494,0.14106773,-0.05981622,-0.026953053,1.3987476,1.337538,1.4609563,1.5852934,1.4449639,1.3589447,1.4605744,1.1891106,1.6299099,1.325785,1.1403326,1.544511,1.5569205,1.2140918,1.584967,1.5875497,1.9227949,1.3703185,1.4154806,1.2773756,1.5524936,1.4279237,1.676057,1.3205872,1.5470387,1.3696135,-0.46062002,0.15701017,-0.43701246,-0.039871067,-0.03596686,-0.0020923535,0.011827693,0.009366902,0.090768166,-0.02718272,0.65392435,-0.085598186,-0.3056523,-0.35250327,0.1645642,-0.3979088,-0.3024369,-0.33843976,0.11428553,0.33267686,-0.23598662,0.10551036,-0.65923643,-0.18618627,0.15061873,-0.07807616,0.24850722,-0.5582976,-0.18374403,0.11318663,0.110048756,0.1292338,0.051877905,-0.28603113,-0.19477871,0.5790962,-0.3148443,-0.35389274,0.16997284,-0.26481742,0.4480534,0.68361163,-0.0602349,0.07736304,-0.45616433,0.2579013,-0.5596592,-0.3348841,0.029648066,0.13691431,-0.37097448,-0.13563341,-0.41539317,-0.079256766,-0.20018856,-0.15892433,0.16280407,0.070392296,0.14029674,-0.03230017,0.17923312,-0.008774051,-0.12284639,0.14264256,-0.10585542,-0.08237228,0.26706746,0.24352193,-0.07428451,0.21821427,-0.31954303,-0.07283467,-0.18795022,-0.00043762597,0.1836465,0.1389193,0.104907475,0.034372915,-0.039842203,0.30029684,-0.3866319,-0.16669248,0.102820516,0.38197038,-0.08645927,-0.06523234,-0.32247967,-0.13537963,0.17705767,0.3948234,-0.07332141,-0.19974357,0.017437812,-0.40367,0.3088955,-0.30768323,0.078448065,0.07474854,0.15693511,0.06389803,0.00067819754,0.10714966,0.20867239,0.4491141,-0.27562994,-0.4597621,-0.38672325,-0.45331872,-0.29992056,-0.33165327,-0.104091726,0.21378063,0.15662134,-0.15555786,-0.13396473,0.5026941,0.14869624,0.043176796,0.030375443,-0.07231176,0.5007845,-0.047461703,0.037323937,-0.41220427,-0.15909146,-0.13767944,0.12157341,-0.19380477,0.012078018,-0.15158872,-0.27516034,-0.2853232,-0.043349285,0.025765771,-0.048431262,-0.20821574,-0.03443906,-0.08067792,-0.26046684,0.020771064,0.45258173,-0.037395764,-0.36527014,0.36713618,0.3142804,0.35813186,-0.01055434,-0.19588862,-0.22325645,0.28530607,0.40146974,-0.23009327,-0.63002664,-0.0044464935
SIM-0005-TP,-0.22606464,-0.17681655,-0.05955477,0.10246839,-0.19524091,0.034019135,-0.031538542,-0.57633704,0.13624379,-0.11275123,-0.31596565,-0.1814995,0.050741427,0.011558278,0.16110814,0.109145895,-0.29290086,-0.73857737,0.03022634,0.1577378,-0.05061108,0.16515112,-0.2504107,-0.086504765,-0.23014416,0.17432448,-0.2276002,0.5149623,-0.12549853,0.19954519,-0.12228642,0.33440536,0.3248773,-0.08094149,0.068674855,0.3184894,0.076082475,-0.23018141,0.017516494,-0.18705563,0.0377487,-0.19686817,0.09320141,-0.44719794,-0.28049517,-0.19830592,-0.040053524,-0.37802047,-0.22086412,0.19453026,0.22429127,-0.63340616,-0.1466864,0.31870905,0.09650964,0.1018372,0.14103678,-0.23973261,0.05350763,0.11793345,0.026770016,-0.09840824,-0.01202155,-0.28503615,0.15353917,-0.35883367,-0.20406482,0.17044626,0.0725641,-0.121037565,-0.42811558,-0.011533172,-0.15754406,0.12010432,-0.12915604,-0.4376667,-0.34593296,-0.10674863,0.02719172,-0.29097176,-0.1896213,0.19811837,0.2774111,0.069228694,-0.07125923,-0.1553536,0.13480608,-0.07909217,0.23003188,0.24317105,0.1025193,-0.1244052,-0.10509623,-0.41092563,-0.013163893,-0.02092298,-0.34438148,0.5910385,0.1390617,-0.21011141,0.513548,-0.12401226,0.20758475,0.021908147,-0.11543964,-0.08423539,0.35916293,0.21905752,-0.03060122,-0.512581,0.07610697,-0.31161875,0.13464825,-0.17851348,-0.15235701,-0.15952115,0.2551287,-0.4415669,0.18444048,0.08557519,-0.018158846,-0.1120121,0.1216205,-0.110005446,-0.112267755,0.015938397,0.42993888,-0.37821785,0.12517604,-0.03576062,-0.05514895,-0.38174284,-0.43894598,0.084982984,-0.31733558,0.2540927,-0.2539647,0.13774423,-0.14401317,-0.15600017,-0.22846374,0.10920413,0.17889297,-0.07888307,0.1478015,0.003152074,-0.33355704,0.09463329,-0.0751343,-0.65357405,-0.09769305,-0.42337507,-0.30788493,-0.06223791,-0.018804712,-0.20876339,0.1318251,-0.028630428,-0.105994746,0.0108511485,0.30126473,-0.5375793,0.324881,-0.15416062,-0.19473022,-0.10054377,-0.22167595,-0.26009375,0.21170641,0.039921355,-0.47942284,0.16852753,0.13211063,-0.37114704,0.045064665,0.15511477,-0.40107402,0.0713214,-0.16877422,0.13554786,-0.23341198,0.2605608,-0.060883716,-0.15372342,-0.18063009,0.21850471,-0.18079087,0.26511148,0.053354878,-0.3464027,0.0064947926,0.011714897,-0.35453886,0.0020705587,0.13554499,0.28203818,0.2710839,0.59725827,0.00014612549,0.1384504
SIM-0006-TP,-0.15155871,0.4710574,-0.22273383,0.45980906,0.42773435,-0.19622312,0.25908178,0.11418263,-0.102996185,-0.03395224,0.06636939,0.09015986,0.37354797,0.1428064,-0.19246724,0.18590488,-0.43691438,-0.096646465,-0.07257912,0.1645788,0.9022577,0.51398015,0.36921516,0.28498662,0.668317,0.4108476,0.33375597,0.6973785,0.75187564,0.2197171,0.085410714,0.435111,0.17449725,0.14029253,0.19939256,0.7211891,0.6221529,1.0739264,0.2990662,0.7920156,0.5829458,0.32045984,0.4228879,0.31927213,0.5242376,0.7062321,-0.09214284,0.21209608,0.3178076,0.37347922,-0.2932362,-0.012287826,0.17735821,-0.27168372,-0.32739407,-0.006602719,-0.10324107,-0.043086097,-0.1178369,0.5399728,-0.11541196,0.14640734,0.12964909,-0.42220375,0.3665298,0.1564496,0.039237905,0.2643583,-0.011945507,0.22048283,-0.46905586,0.20438161,0.045908533,0.049816534,-0.21057145,-0.054707196,-0.062030163,-0.28478092,0.089575306,0.39329448,-0.35532212,0.122561224,-0.10510954,-0.13397782,0.018690929,0.022480045,0.04616966,-0.28271642,0.27248096,0.020284481,0.14845644,0.3036496,-0.48028016,0.1576148,-0.04104563,0.25471887,-0.2003334,0.23383656,-0.26375142,0.10055334,0.07106445,-0.038855627,-0.25802132,-0.09217453,0.23071659,0.3719434,0.48854002,0.13169883,0.062856585,0.112230934,0.48212972,0.13015552,0.02180089,-0.06882605,-0.039947715,0.09659977,-0.18785958,-0.15660961,-0.015955256,-0.112978786,0.14912185,0.16848113,0.06562853,0.12247343,0.02939834,-0.94806445,-0.21896659,0.17683618,-0.20970422,0.213854,0.22790717,-0.06637329,-0.14763597,0.0023977752,-0.011002859,0.15675081,-0.5852777,-0.18351735,-0.2530991,-0.62957567,-0.12370335,-0.37489945,-0.096871234,-0.12198998,0.11334495,-0.062541515,-0.42286584,0.086634636,0.60497236,0.26876992,0.16980898,-0.048863728,-0.12272673,-0.140071,0.060160544,-0.28398356,0.055087157,-0.16590852,-0.4286177,-0.16943567,0.31279936,0.03459453,-0.8881266,-0.16840698,0.22581507,-0.074591674,0.13094838,-0.098823436,0.045985162,0.008823893,-0.16147186,0.14287023,0.38288477,0.096161,0.02599018,-0.21079385,0.23455298,-0.1277633,0.14017175,0.19042456,0.24687703,0.25153172,0.24248971,-0.31405577,-0.21476941,-0.34311867,-0.35995507,0.38132754,-0.24648224,-0.28163233,-0.013967193,-0.18649396,0.565476,-0.06835627,0.111293375,-0.19511783,-0.41550875,-0.18217832,-0.17949432,-0.18124577
SIM-0007-TP,-0.4000144,0.034018308,-0.08419901,-0.3854791,0.026568202,0.19055818,0.2994326,-0.60507256,-0.18272509,-0.34269422,-0.16307876,0.34713817,-0.18180467,-0.11876019,-0.20726815,0.40648314,-0.5749413,-0.13909164,-0.21640141,-0.43029287,1.6150533,0.8887228,1.224637,1.3198158,1.1517684,0.9059328,1.2974337,1.1490408,1.5416609,1.4685266,1.825568,1.3669928,1.4868115,1.249765,1.767431,1.342066,1.3138602,1.4746432,1.178259,1.2145945,1.4744633,1.5225573,1.4887652,1.3194531,1.4071056,1.5796044,-0.2734939,0.00034819855,-0.7278502,0.18505882,-0.19565327,-0.18901469,-0.030474793,0.15477608,0.5979587,-0.38825876,-0.21237777,0.05717137,-0.18168129,0.20898454,-0.041948903,0.2213276,-0.06212262,0.13622102,-0.23928232,0.4843554,-0.42491487,-0.17694104,-0.355096,0.20007461,0.13490264,-0.30454698,0.24927846,-0.17463554,0.096829675,0.15553212,-0.061217684,0.22746333,-0.036027115,0.08468391,-0.06853124,-0.46705562,-0.030883655,-0.21841653,0.34806725,-0.341044,0.30625468,-0.044692934,0.101550534,-0.34497914,-0.07719756,-0.16615492,0.5258106,-0.17233631,0.28834414,0.2918412,0.28481832,-0.1484689,0.45122403,0.5030453,0.09177905,-0.11634972,-0.21516167,0.117939785,0.016225573,0.045678783,-0.33696696,0.008237533,0.28596216,0.20379616,-0.10353048,-0.027260423,-0.36708373,-0.16631305,-0.085007094,0.15835197,-0.176587,-0.25899622,0.18941978,-0.10565119,-0.20973618,0.20310298,0.114695705,-0.0518678,-0.08782018,0.09488205,0.13469137,0.05222793,0.030159894,-0.15165623,-0.13667545,-0.042956144,-0.24027523,-0.26951212,-0.022433229,0.24736147,-0.5182277,-0.09785963,0.06812962,0.2680764,0.44997457,-0.064459205,0.49313086,0.11389151,0.20355713,-0.26634422,0.11335008,0.22514065,-0.17233853,-0.65140235,0.037251744,-0.05373363,0.3360632,-0.13457792,-0.17625247,-0.29285526,-0.157521,0.66673857,-0.39666256,-0.33382276,-0.013575675,0.49364132,0.18538637,0.38808215,-0.09626305,-0.3475262,-0.112303905,-0.031175856,0.0027393228,-0.053496327,0.14768362,-0.1779792,-0.23178963,-0.30115473,0.05125659,0.026437724,0.27285567,0.38674757,-0.3018437,0.0058804317,-0.051339217,-0.3841823,-0.13204204,0.39165437,-0.15817565,-0.19974643,-0.0130131785,0.22792274,-0.076169185,0.03192163,-0.5711498,0.14308152,0.0552829,0.2211701,-0.46690622,-0.075620845,0.24104548,-0.1392342,0.012763299,-0.102406316
SIM-0008-TP,-0.09628082,0.29178342,-0.3558481,-0.012568975,0.062940456,0.23452517,-0.03048865,0.24222015,-0.013657698,0.029885685,0.020334663,0.16381943,0.13543293,-0.2782648,0.05425537,0.1351654,0.36543274,-0.25216416,0.13461168,-0.08697108,0.047964353,-0.26837444,-0.0033456413,0.079731405,-0.24253163,0.36219022,-0.38605556,0.13438916,-0.60710984,-0.063745864,0.11990921,0.17815714,-0.026343258,-0.060406145,0.1418608,0.23766564,0.34490338,-0.32270336,-0.050161444,-0.548383,-0.34187523,-0.1760297,0.216253,-0.12022327,-0.0722412,0.07500767,-0.16764031,-0.49866897,-0.18648162,-0.030180823,0.1171157,-0.051597245,0.112958394,0.23117653,0.2801406,0.04307735,-0.28429002,-0.3112538,-0.28796706,-0.2687216,0.024851454,0.47186065,0.052976325,-0.0209987,0.24047266,-0.20714094,0.26050875,0.24197865,0.01474927,0.5234365,0.2788078,0.0113474615,-0.035913236,-0.10797779,-0.03268495,-0.025449574,-0.07987257,-0.05349244,-0.2981232,-0.14203455,-0.39931476,0.103608124,0.020014692,-0.030646594,0.22155839,-0.21588589,-0.17770731,-0.37030312,0.25575477,0.15138315,0.33239663,0.3956426,-0.106091,-0.17778708,-0.44886652,-0.27449673,-0.0812265,-0.51523685,-0.2693329,-0.020708693,0.22335935,-0.17926988,0.03199494,0.46593955,-0.4515109,0.27146816,0.09519317,0.3166328,0.2417231,-0.16580059,0.00045041004,-0.36513588,-0.13073409,0.00731201,0.07589675,0.197359,0.39573172,-0.10888635,0.2861921,0.066825666,-0.3268543,-0.03760086,0.028970009,-0.20917434,-0.26014143,-0.26853952,-0.13588727,-0.2161575,0.30760196,-0.61277795,0.027817851,0.1320786,-0.24070625,-0.057978436,-0.08552557,-0.0193445,0.16573358,0.14334531,-0.14999443,-0.37611303,0.04126715,-0.1641684,-0.13193884,0.055861603,-0.10876793,0.07667899,0.6282141,0.17146106,0.33622447,0.12772328,0.019279439,0.13151614,0.11932704,0.21570137,0.014841602,-0.32707894,-0.36703536,0.11530846,-0.2815488,0.17160669,0.33466354,-0.055164963,0.30283657,0.06473451,0.0064800093,0.018211544,-0.20771259,-0.23965865,-0.41101024,-0.18327412,0.53484845,-0.3733414,-0.29413435,-0.20139748,-0.18966377,0.06733097,-0.15295285,-0.049628906,-0.21237524,-0.11880562,-0.014918641,-0.03363878,0.49519104,-0.0070466707,-0.05243544,-0.6242411,0.059981354,-0.49377137,0.13792378,0.035604343,0.19947429,-0.15860724,0.006744949,0.1689415,-0.23238699,0.15250857,0.14106403,-0.03371682,0.39463347,0.12888826
SIM-0009-TP,-0.41853824,0.24717203,-0.16452722,0.19942032,0.07388181,-0.6604355,0.15121622,-0.055414066,-0.11486174,-0.10554951,0.19721971,-0.23031768,0.2783202,-0.3799125,0.07392355,0.19311012,0.18697459,0.046019424,-0.05169893,-0.13749623,-0.3056051,-0.17141752,-0.24034469,-0.28132907,0.45092762,-0.4298568,0.28137743,-0.3091255,-0.2555316,-0.2596189,-0.27761894,0.23071375,0.14709172,-0.058149785,0.6768393,-0.004181689,0.014969057,-0.17140946,-0.2011834,-0.13327833,0.2129323,0.14278059,0.32265046,-0.17926925,0.14737727,0.07637704,0.108550526,-0.2159439,-0.25968325,0.13478456,0.21821025,-0.15457651,0.1522588,0.29984364,-0.090449445,-0.35970315,-0.32844764,-0.16913068,-0.11150346,-0.009034704,-0.0039545614,-0.06809024,0.16980875,-0.1901934,0.3161686,0.23501647,0.21670178,-0.16487631,-0.029105822,0.18071087,-0.049978543,-0.17478748,-0.18481566,-0.1726396,-0.29023418,0.7175884,-0.48807982,-0.24519764,0.14900583,-0.1703502,-0.08792805,0.09879727,0.2580885,-0.06835482,0.23050702,-0.42435503,-0.15149419,0.12370473,0.49329767,-0.24134795,-0.28536054,0.08535052,0.013295225,-0.17960824,-0.30417204,-0.12847316,0.13030934,-0.08330024,0.2927906,-0.03400556,0.15037625,0.06961846,-0.10091683,0.20827943,-0.3043213,-0.13839261,-0.10347285,0.09538467,0.15770693,-0.2037949,-0.23902394,0.01964356,-0.38441217,0.25195894,-0.055957858,-0.2923851,-0.29733145,0.078283615,0.071518615,-0.19210862,-0.028468283,-0.28230146,-0.06460372,0.36888555,0.5326402,-0.052940026,0.107960574,0.09808389,-0.4302588,-0.287464,-0.5789103,0.11226839,0.486346,0.26645914,0.011124853,-0.02412082,-0.08809224,0.264917,0.05391433,0.015615031,-0.27581954,0.15026914,-0.037496075,0.09924219,0.24976917,-0.40871984,-0.0739023,-0.110154115,-0.13218792,-0.27922243,-0.18188031,-0.27461264,0.20622824,0.094353884,0.07701964,-0.48174423,0.48721087,-0.10213207,0.43615776,0.18728301,-0.057915945,0.51080114,0.14184506,-0.05708592,-0.09777518,0.25798845,-0.13412751,-0.09464131,-0.1492373,-0.18891092,-0.17361663,0.4431142,0.25189406,0.058832116,-0.13687438,-0.13784319,-0.0916557,0.4472385,0.07272888,0.1868847,0.049958758,-0.22140898,0.025640607,-0.26895818,0.2988338,-0.18715562,-0.14297277,0.20329456,-0.17457926,-0.054763786,-0.65942276,-0.08064969,0.1485729,-0.15660033,0.1398199,-0.004039455,0.27195865,-0.18374513,-0.060387485,-0.36741382
SIM-0010-TP,-0.023018852,-0.10538859,0.24002935,-0.15618381,-0.105932206,-0.16879505,0.0067911358,0.4971287,-0.87442905,-0.011955589,0.29359743,-0.12863718,0.13174918,0.2943439,-0.06904362,-0.16314258,0.23385328,0.1238428,-0.015592344,0.15281194,0.24008293,-0.013254994,0.07636444,0.13061693,-0.11546694,0.29699302,-0.25772667,-0.03281253,0.19187623,-0.2641073,0.21783227,0.047573492,0.3312947,0.15319625,-0.04069387,0.057901222,0.06688072,0.5058197,0.021172646,-0.034498498,-0.04886726,0.04721399,-0.28357813,-0.09569105,-0.2530338,-0.22036612,0.20102504,0.0065677883,-0.18546416,-0.037570283,-0.061513178,0.013173062,-0.37677607,-0.2728153,-0.36036515,-0.22489852,-0.1806805,-0.25863656,0.19110404,0.4599872,0.2063954,-0.14134978,0.052546825,-0.016603243,-0.15220505,0.33117926,0.5018033,-0.36750233,0.3600668,-0.1477453,-0.06557953,0.0706694,0.3869144,0.07031232,0.10311435,0.21334173,0.25278527,0.12778363,0.25433546,-0.14947268,-0.43362024,0.45624954,-0.2594213,-0.13346142,-0.08288183,-0.1259722,-0.18153681,0.11589618,0.11855715,0.15498424,0.13929996,-0.1041704,-0.10458149,0.27979833,-0.1303463,-0.1353128,0.2323744,-0.0046459595,-0.12626663,-0.123904146,0.28097588,0.14650594,0.05913392,-0.29158482,0.060197014,-0.053198714,-0.2281114,-0.15039861,0.17403923,0.31060567,-0.2643521,-0.23281716,0.17353375,-0.10229824,0.138188,-0.10566076,0.14424863,-0.3434328,0.13733241,-0.5248093,0.23133138,-0.008504806,0.11030811,0.059280187,-0.42646173,0.34170687,0.0836215,0.18908215,-0.19980417,0.060193866,-0.32747447,0.037306674,-0.23489128,1.2518088,0.15128976,0.332715,-0.062396716,0.099751025,0.22633575,-0.2681893,-0.16814514,0.24312589,-0.05451298,-0.18691552,-0.15774328,-0.30561838,-0.48983625,-0.4240327,0.011425876,0.16790408,0.62973374,-0.010346286,-0.31999004,-0.007115609,0.17573275,0.2575451,0.23327973,0.1431937,0.023823466,0.18420288,-0.29620522,-0.5020425,0.52331316,-0.011755009,0.13347454,-0.7004364,0.38622478,0.28896636,-0.39140135,-0.0793267,0.06655696,-0.31594592,0.122189306,0.26140642,0.08105079,-0.39155623,-0.25918126,-0.030949317,-0.062392782,-0.05731443,-0.06616299,-0.45100307,0.20141368,0.15681387,0.13059343,0.10742885,-0.07102758,-0.15176776,-0.25440332,0.38573146,-0.0051271576,-0.4151449,-0.0073034754,-0.5210648,0.062002353,0.035744835,-0.13548008,-0.23487242,0.14060652,-0.02075415
SIM-0011-TP,-0.48542422,0.30097234,-0.23495746,-0.32954487,0.3396686,0.26489568,-0.10512719,-0.31312147,-0.22743028,-0.10937472,0.30404994,0.3237483,0.041494783,0.16252962,-0.052341215,-0.21820597,-0.37514964,0.08072945,0.22509338,-0.12766264,0.2968806,-0.09623403,0.020936983,-0.0552677,0.30911574,0.123167515,-0.014591989,0.019150818,-0.29722404,-0.5583607,-0.1328717,-0.04850296,0.13281691,-0.04077775,-0.11730292,-0.73689103,0.13179678,0.052755184,0.20346016,0.0068155928,0.28671563,-0.13763322,-0.010139517,0.060126968,0.16497162,0.10410289,0.119397186,0.06720087,-0.048175897,0.22531578,-0.41857782,-0.15728882,0.39796045,-0.16814642,-0.019538153,0.34695065,-0.031524424,-0.20847058,0.29959014,-0.072335154,-0.055261213,-0.49509108,-0.03183522,0.1707426,-0.107713066,-0.32033753,-0.12011527,-0.15380183,-0.06340888,-0.12940027,0.4161454,0.07558809,-0.43505347,0.017873496,-0.009988428,0.2986187,-0.039003115,-0.046185028,0.46574938,-0.26720434,0.19942106,0.015972612,-0.12521438,-0.16202864,0.33958802,0.11632655,0.15027875,0.22244331,0.08547601,-0.26524726,-0.39292914,0.3849108,0.052003697,0.019815873,0.45114475,-0.2660897,-0.63087153,-0.4528891,-0.1327237,0.02929342,0.34791082,0.21080421,-0.6404419,0.7001732,-0.102633625,0.30695102,0.13650292,0.0013366169,-0.05926279,-0.27809176,-0.32196617,-0.04155936,-0.34704837,0.4119784,0.024237478,0.5231788,-0.10890366,-0.14762986,0.1477173,-0.06482019,0.24327104,0.35955432,0.2747876,0.34110475,0.20439656,-0.13726255,0.28496918,0.17440014,-0.15443198,-0.12272818,-0.022952689,0.27786988,0.029232297,-0.0014122631,-0.03978781,-0.08833691,-0.29097986,0.19880621,-0.25435266,0.016906327,-0.102213115,0.19158457,-0.08550126,-0.25156063,0.24732722,-0.20649774,0.038670067,0.31845015,-0.18253414,-0.025878707,-0.10779527,0.03286239,-0.017116457,0.23009987,-0.15517984,0.31854627,0.4011664,0.06413618,-0.1975362,-0.010277225,-0.031219758,0.4430917,-0.025792502,0.34569937,0.027862927,0.011457874,-0.088599354,-0.06527308,0.2224288,-0.1826506,0.23993438,0.36021835,-0.14795613,0.30199298,0.26205948,0.21730275,-0.15901563,-0.029851899,-0.030192425,0.5226694,-0.0025157204,-0.04582232,-0.28698385,-0.24296387,-0.17103705,0.09033439,-0.3560149,-0.16646965,-0.46524683,0.35047606,0.026601993,0.07760293,-0.27249667,0.2903233,0.3757653,0.016730655,-0.119780086,0.1380613,0.1836993,0.2175837
SIM-0012-TP,0.1659727,0.2409981,-0.17315902,0.22797686,-0.11345031,-0.62748235,-0.11574598,-0.13847584,0.060259257,0.20949775,0.048203044,0.5021595,-0.13125838,-0.49692813,0.06949852,-0.13621302,-0.27142122,-0.07438332,-0.195853,-0.17119713,1.1349236,0.78537875,0.6879573,1.1537012,0.68042845,0.44676548,0.4226834,0.7342986,0.34373477,0.4611834,0.6589835,1.0372822,1.0772508,0.9192094,0.7533287,0.61169624,0.85138726,1.199789,0.7896519,0.6387975,0.7148813,0.6876245,0.8914875,0.5633792,0.85584325,0.896338,0.08601168,-0.2715608,-0.037368286,-0.13169912,-0.018463373,-0.16665263,0.31083548,0.046721954,-0.40453446,-0.33242923,0.3011893,-0.04501813,-0.09745277,0.2821352,-0.037879255,-0.29878208,-0.28191012,0.15687813,0.50736535,0.20989142,-0.09547225,-0.056679554,0.012119,-0.5049921,0.0058672414,0.14602272,0.44323453,0.27268368,0.482481,0.42014545,0.34867334,0.0065503544,0.08621404,-0.41754282,0.0325872,0.1415401,-0.07084033,-0.385409,0.3957006,0.10151747,0.43015257,0.18554336,0.3421108,0.29077217,-0.1698555,-0.12724265,-0.10709451,-0.24158955,0.4412799,0.010567427,0.11487704,-0.3327574,0.20464604,-0.102363326,0.31524286,-0.17135276,0.332972,0.235215,-0.11642246,0.35446018,0.28720033,0.12240799,-0.24840435,0.20002809,0.016502513,0.012337129,0.01845741,-0.00753026,-0.21640587,-0.37884015,-0.43042648,0.07483561,-0.60595316,0.1815557,0.1265415,-0.075681604,0.2566318,-0.065018,0.1046417,-0.489543,-0.5604555,-0.05883191,0.105713986,0.23756525,-0.04431538,0.061641857,0.19655983,-0.031939913,0.14681454,-0.28220254,-0.4141078,-0.13346604,0.19368763,-0.17776123,0.16270187,-0.25674388,-0.14562853,0.06051006,-0.16685505,-0.12448924,-0.6521033,0.20981155,-0.02964975,-0.23633187,0.45815125,-0.1972834,-0.12888467,-0.24044636,0.27594268,0.3584477,0.33347332,0.33109018,-0.14932752,0.41810718,-0.048901267,-0.38565928,-0.10662089,0.0814882,-0.1612063,0.036724363,0.13414747,0.10265334,0.16378322,-0.04501211,-0.1818208,-0.36754295,-0.022001073,-0.13430758,-0.029604511,-0.5176472,-0.37960884,0.12749495,-0.40887037,-0.047508758,-0.20769894,-0.22358198,0.02132684,0.007140066,0.13656972,-0.2755013,-0.2211142,0.2808076,-0.05615805,0.09147235,-0.124280095,0.11381117,-0.62218755,0.28785053,-0.11382192,-0.3122301,-0.2656241,-0.065897,-0.027598852,0.035298377
SIM-0013-TP,-0.29816312,0.2177928,-0.1310686,-0.14357845,-0.05656711,0.16570787,-0.008475173,-0.13558592,-0.08093591,0.304789,0.26384288,0.0914598,0.0371523,0.5784017,0.115878634,0.04515263,-0.05052086,0.0892018,-0.7613133,0.2569289,-0.31794226,-0.1795197,-0.35004562,-0.18410362,-0.085081354,0.2223378,0.32226616,0.48527616,0.025559418,-0.054765884,0.19489196,-0.21353595,-0.24146253,-0.09180325,-0.008460358,-0.51671386,0.26673737,0.060018606,0.19954939,-0.39262155,-0.16626705,-0.17894422,-0.050685767,-0.008390654,0.21739659,0.024689835,-0.18534225,0.5469284,-0.06639228,-0.22670521,-0.47128794,0.022602443,0.17269185,-0.28499258,0.1562476,0.02091027,-0.44334227,0.15642148,-0.06626255,-0.2815274,0.23922531,0.2344663,-0.28694773,0.0733635,0.05081848,-0.016980017,-0.12891404,-0.037105598,0.23462583,0.10228773,-0.48196697,-0.53586495,-0.46427822,-0.3395532,-0.18879282,-0.11317563,-0.016390042,-0.008459593,-0.012151518,0.28590757,-0.41917413,0.08348911,0.08227484,-0.3156711,0.13344614,0.09314291,-0.010813143,-0.6044236,0.24094613,0.056671724,0.10089457,-0.84768075,-0.13287927,-0.35842234,0.3233555,-0.27625522,0.36981657,0.23821235,0.055337433,0.28384736,-0.23610434,-0.19131635,0.23059048,-0.23495333,-0.33145416,-0.08032404,-0.2205351,0.46634638,0.1938397,-0.14399624,-0.2503417,0.084666125,0.2968861,0.07272739,-0.23775718,-0.35917574,-0.09452249,0.07896391,-0.11762117,0.2519282,0.1317932,0.059337366,0.12686206,-0.3472871,-0.124557525,-0.2600618,0.09609681,-0.25625265,0.020484328,-0.041127875,0.14999801,-0.29916763,0.112940304,-0.2673692,-0.24107999,-0.035649035,0.2985825,-0.2104004,-0.44445166,-0.23631862,-0.096290484,0.46726146,0.09708272,-0.1883128,-0.035317607,0.39274213,-0.060094003,-0.05709382,-0.10135945,0.17401649,-0.1313496,0.21807165,0.26569268,0.15337247,-0.05605172,-0.34961718,-0.055993523,-0.16714317,-0.19475485,-0.05984201,0.11980888,-0.15570255,-0.3437031,-0.23968664,0.4225864,0.13718507,-0.23943353,0.32225108,-0.059989847,0.56950647,0.06551305,0.14137974,0.20932211,0.37149438,-0.10975151,0.34988818,-0.15594813,-0.09036147,0.0022302258,0.23010762,-0.082553044,0.41268033,0.33161262,0.009899185,-0.2415132,0.25027964,-0.5239073,0.18532355,-0.20595492,0.31406593,-0.34645346,-0.16554862,0.10953603,0.15040302,-0.15652476,-0.08303124,0.23815906,0.2516989,-0.08794032,-0.15178296
SIM-0014-TP,-0.34225488,0.06340916,0.20315726,0.037839044,-0.23124906,0.44662997,-0.52585095,0.21955661,0.054177966,0.1171697,-0.19670738,-0.03810407,0.07333764,-0.021454915,-0.4484407,0.4281253,0.16254939,0.008648231,0.024772657,0.4209345,0.28405684,0.22768088,0.6822583,0.5854116,0.21726778,0.74190974,0.54347855,0.24524957,0.59232,0.5549124,0.44772786,0.56581676,0.62628675,0.698287,0.4965629,0.4020852,0.5295043,0.7674589,0.6272221,0.38805717,0.48365223,0.886154,0.6570621,0.50769204,0.75483364,0.3339665,0.08222645,0.46890542,0.16338734,0.40521258,-0.020939887,-0.1190508,0.29005444,-0.4570792,0.04504755,0.2577191,0.14062798,-0.52562505,-0.33649877,-0.02859622,0.118716426,0.12853253,-0.0015409702,0.18256,0.109223776,-0.03215265,0.13440005,-0.16186681,0.15920524,-0.21172567,0.1218616,0.11571386,-0.07471846,0.15873756,0.38567457,-0.25500363,0.23854947,0.27162337,-0.051814925,0.2002254,-0.06364316,0.31405073,-0.6847378,0.3612223,-0.27806953,0.022492487,-0.20348759,0.37412754,-0.057264637,-0.13552609,0.28004467,0.18303429,-0.08340868,-0.24779731,-0.28156114,0.3187673,0.104732424,0.04335268,0.123057485,-0.4871636,-0.08113148,-0.07449217,0.24534656,-0.36727268,0.26341227,0.44860572,-0.4297727,0.0041633286,0.12483541,0.21826462,-0.54113287,0.084404275,-0.054685622,-0.07081904,0.5172635,-0.05388996,0.112463914,-0.030082893,0.06030688,0.13815932,0.2233349,-0.19424279,0.03815659,0.046990596,-0.41201016,-0.23841566,0.22273089,-0.11540752,0.65300065,0.24076757,0.11296203,0.37759924,0.19318081,0.046057533,-0.3535414,0.16633436,0.3491784,-0.14821778,-0.4565063,-0.26732183,0.4397583,0.020049833,0.364942,0.0047611743,-0.12413066,0.5336486,-0.09290449,-0.06226729,0.11515134,-0.07252499,0.19454278,0.111483775,0.12138166,-0.15416092,-0.4155999,-0.20804696,-0.18600078,0.07315792,-0.20377077,-0.3663248,-0.2866487,0.096904084,0.17185456,-0.12665984,-0.100017905,0.15349412,0.041371923,0.29651803,-0.03941498,-0.20785953,0.27160278,-0.07782368,-0.19718787,0.22320381,0.3623119,0.045811493,-0.25107107,0.3836956,0.09418012,0.054934286,-0.10099301,0.28245667,-0.27711642,-0.30093184,0.47362682,-0.2156059,0.2399207,0.34460908,0.052540924,-0.22025445,0.15744445,0.34794372,0.08562103,-0.18661343,0.076516934,-0.34615648,-0.24341623,-0.06466042,0.015380899,-0.30050784
SIM-0015-TP,0.062433988,0.13041459,-0.05368111,-0.53954995,0.026113793,0.45371503,0.11443079,0.0039059198,-0.093112454,0.14427945,0.052110557,0.176828,-0.2740838,0.030333947,-0.11529892,0.09289869,-0.4863934,-0.09818276,0.1356127,0.17593122,0.09205503,-0.44042456,0.26001248,0.4957126,-0.110018544,-0.0067909583,0.30131254,0.30798927,0.37393612,0.35333586,-0.2833755,-0.020168178,0.25628692,0.078135625,0.19115031,0.06707163,-0.009284161,0.039209157,-0.18077913,-0.08118812,0.08294329,0.08748995,0.24156761,0.028385192,0.5186202,0.40715867,-0.12559094,0.0494529,0.3032105,-0.16017616,-0.18693474,0.3248377,0.17284478,0.26845118,0.078857854,-0.06372239,-0.3354718,0.034213513,0.3080233,0.31095088,0.26768908,0.19680569,0.5527673,-0.3879306,0.057735834,-0.23419161,0.38811004,-0.13815719,0.25212556,-0.11233462,0.1050663,-0.027129233,-0.0034462009,0.083407775,0.22987694,-0.027328845,0.22284049,0.25945845,-0.10427685,0.4712981,0.18629517,-0.107854135,0.15350582,0.25960642,0.14741978,0.05046819,-0.8628426,-0.24183875,0.16964898,-0.24680726,0.12846597,0.22118378,-0.028153474,-0.4411666,-0.184188,0.17119402,0.3142404,-0.5204086,0.020202717,-0.36687523,0.022612508,-0.039255727,0.59009767,-0.13469853,0.26219863,0.2522392,-0.048722364,0.029712392,0.00011922822,-0.18594034,-0.20756844,-0.10245823,-0.28460175,-0.12509762,-0.048866615,0.040454797,0.110920966,-0.049084406,-0.19227129,0.10638948,0.19774172,-0.121464945,-0.2456551,-0.11156623,-0.04539195,0.28626677,0.17344557,-0.0008199324,0.47517273,-0.008695639,0.3534443,0.30531573,0.28766048,0.080290385,0.029189155,0.0012881716,0.21253924,-0.19732925,-0.06573878,0.41674125,0.15584698,0.23852786,-0.30528834,-0.1080117,0.08345812,-0.010368672,-0.30633792,0.1899389,0.26935712,-0.071337596,0.1989329,0.50727314,0.38133165,-0.06014812,-0.2758809,0.057539523,0.58674306,0.33451322,-0.0015246054,0.39056155,0.2921775,-0.4748587,0.26540843,0.029690284,-0.21664558,0.022812974,0.103567354,-0.19852927,-0.029974323,-0.08269823,0.198814,-0.075347304,-0.42498153,-0.11187493,-0.23658638,-0.3235054,0.29509145,0.2008911,-0.24173449,-0.317345,-0.025661694,-0.33086798,-0.06052462,0.017628673,0.07612158,0.085033916,-0.19518416,0.017639996,0.3201374,-0.52427626,0.08142408,-0.29457963,0.35097343,0.20425227,0.1962868,-0.21334559,0.06595679,0.09379482,-0.592799,0.036627457
SIM-0016-TP,0.15331726,-0.3535135,0.1504959,0.02491273,0.34531707,-0.10327504,0.04441191,0.085317194,-0.70188755,-0.08864412,0.021574328,-0.5891255,0.16855383,0.021467363,0.020056829,0.18029748,-0.1027093,0.0108292755,0.2162717,0.013868779,-0.46094584,0.012890144,0.015983878,0.22514382,-0.0858086,-0.24449135,-0.24367315,0.3606536,0.072313815,0.3478838,0.38406286,-0.18588592,-0.2049909,-0.031921968,0.15360062,-0.3503916,0.113724716,0.101061955,-0.281352,-0.2725846,0.111124456,0.5182534,-0.07371538,0.082437314,-0.15125139,0.059122052,-0.15634552,-0.06473413,0.61227775,0.026768023,-0.39104325,0.16071112,0.28233233,0.1688753,-0.044193268,-0.22933982,-0.2231941,-0.047434423,-0.091704614,-0.13955493,0.30382928,0.23029183,0.31674844,-0.1970926,-0.23019947,0.019345514,0.10374478,0.017879289,0.08671144,0.39626357,-0.054597303,0.20178443,0.12949131,0.023830364,0.19025913,-0.19198865,-0.24226843,0.10821752,-0.40950674,0.12788543,-0.2820418,0.37948236,-0.09906641,0.36330777,-0.052704647,-0.06338496,0.21647935,0.073241845,-0.016675258,-0.10102587,-0.09863593,0.5893843,-0.41882372,-0.3006326,0.29422125,0.27546626,-0.23062511,-0.4381058,0.31808192,-0.26169908,-0.122777134,0.024030134,-0.26815185,0.23110838,0.0052329334,-0.22050868,-0.1984809,0.32424456,-0.069688454,0.15361786,-0.0024959624,-0.43863678,0.18671101,0.26846215,0.46060783,-0.47514418,-0.7896133,0.15977085,-0.14983077,-0.35750192,0.026882762,-0.112325355,-0.31904757,-0.020698462,0.14162555,0.043732375,0.04562701,0.110856414,-0.42284578,-0.012824249,0.05998973,-0.09448504,-0.20735787,-0.18654485,-0.07334722,0.22859575,0.38180548,0.3308627,-0.39018515,-0.2348288,0.16436577,0.32518095,-0.24170291,0.045818076,-0.2829649,0.06912222,-0.16086233,0.04573055,-0.3029508,-0.40846917,0.7745704,0.017335273,0.53367776,0.37726238,-0.4089016,0.09044614,-0.32361925,-0.074049614,-0.47122455,-0.39355657,-0.21369752,-0.13643663,0.009706774,-0.25904715,0.037327092,0.28394124,0.06847249,-0.016830675,0.08540715,-0.3587455,0.23800176,-0.29940796,0.38796574,0.1926883,0.13914052,0.1500245,-0.0004729466,-0.19659634,-0.23544426,0.43784797,0.02582599,-0.27873224,0.12917784,0.08572085,-0.082334846,-0.22450571,0.18388984,0.2365118,0.08059917,0.01788588,-0.19559757,0.119959965,-0.15867314,-0.3181183,0.28139922,-0.25747505,-0.474234,0.32725385,-0.43610987,-0.09743487
SIM-0017-TP,-0.27390364,-0.18095002,0.55601764,-0.025391083,0.089976266,0.19762199,-0.16170591,0.26878506,0.09400231,0.18845086,-0.18119124,0.11099758,-0.0022348766,0.28243825,-0.13508393,0.50805384,0.08468078,-0.031304467,-0.060548052,-0.0017112707,1.0039308,1.3277749,1.1581172,1.6469988,1.0527654,1.1309344,1.0525182,1.6283566,0.7996634,1.1845062,1.2393417,0.8790903,1.8218927,0.92845464,1.1694769,1.582103,1.0673295,1.197003,1.0749025,1.1477758,1.4314604,1.0557027,0.49748182,1.1528577,1.1768254,1.2099553,-0.045826204,-0.21563448,-0.061286017,0.441298,-0.010511105,0.16322713,-0.25843242,-0.07285527,-0.25015315,0.3234182,-0.38894486,0.09310041,0.08518645,0.06898453,-0.58622056,-0.50573444,0.029264031,-0.23077956,-0.1607139,-0.106134996,-0.263242,-0.3063274,-1.3850969e-05,-0.4765206,-0.12645039,-0.16685362,-0.0059216395,0.5967948,-0.24548708,0.10159238,0.055198453,0.13997406,-0.053322893,0.36036396,0.17132442,0.1753014,-0.35356224,0.02408495,-0.12746386,-0.21540898,-0.15661612,-0.0139797535,0.114191115,0.24540088,0.2336737,0.07317365,0.013905883,-0.08112178,-0.061898552,-0.1950733,-0.10711483,0.08845667,0.3850883,-0.037431695,-0.20192054,0.24231353,-0.50060385,0.26078737,-0.35820952,0.1642899,-0.1190223,0.08022736,0.52078736,-0.20944415,-0.25013772,0.019552948,0.38133198,0.044791263,0.011153929,0.042269986,-0.25116798,0.0448069,-0.09820767,0.33061543,0.19949695,-0.33093378,-0.07078332,0.13199648,-0.24538194,-0.2698182,-0.11549507,0.086110264,0.2592881,0.058018588,0.6155841,-0.16919011,0.18508789,-0.2772743,0.4027442,0.3398528,0.17787693,-0.43408337,0.17556031,-0.20478319,0.11340552,-0.36366177,0.06749557,-0.088388465,-0.19455858,0.14815047,-0.012824901,-0.051240195,0.18429816,0.47598952,0.068918414,-0.45149338,-0.38956997,0.017228672,0.2566176,0.03367701,0.12789139,-0.014704893,0.2405239,0.15415145,-0.2548942,0.111950435,-0.38565832,0.112005986,-0.07062537,0.040173493,0.081003904,0.070409276,0.35436866,0.008519934,0.04722932,0.33245417,0.47420022,-0.004427332,-0.12802137,-0.115628526,0.11268051,-0.050846905,-0.43731266,0.2807622,0.2038472,0.2866608,0.33603138,0.047653154,0.065138236,0.25166458,-0.30376145,-0.08811862,-0.014830978,0.23048432,-0.13465191,-0.17803732,-0.10774186,0.11740757,-0.017068943,-0.3626837,-0.31339422,0.034150947,0.042475637,0.0068962458
SIM-0018-TP,-0.117678,0.19691186,0.09224515,0.083727695,0.092599295,0.39935368,-0.25606808,-0.10526761,-0.08408568,0.31441647,-0.09343838,-0.19811484,-0.026452191,0.02614356,0.2990956,-0.09492162,-0.17186275,-0.22746158,-0.08607132,0.64091367,1.4337409,1.4877061,1.3380638,1.3724824,1.5347644,1.4788063,1.4254255,1.3421665,1.25006,1.4442217,1.3590261,1.871328,1.6007853,1.1695663,1.0457487,1.2385831,1.0673287,1.2235587,1.0957439,1.256379,1.2593564,1.3749297,1.2864172,1.1125627,1.6418617,1.4388837,-0.13611595,-0.22153166,-0.3668071,-0.38511774,0.26186463,0.23531987,-0.14606483,0.34154505,0.154191,0.05081338,0.21548492,0.15461521,0.03841936,-0.06001076,-0.026798839,-0.4019937,-0.2001824,0.4500403,-0.20686504,-0.4626642,0.22599088,0.062153548,0.076218136,-0.039380886,0.22769035,0.38241872,-0.13036212,0.15822043,0.27962407,-0.144441,0.3773945,0.27879182,-0.31050292,0.39874446,-0.29739478,-0.17186113,0.170916,0.26036492,0.02466957,-0.15746707,-0.06502827,-0.09462107,0.21030542,-0.10146931,-0.16296166,-0.36931157,-0.14855748,-0.029592495,-0.2825999,-0.43618107,0.24498963,-0.2501044,-0.3273329,0.3923812,0.21219325,0.2563714,0.12630017,0.32784337,0.22085081,-0.08611006,-0.26626208,-0.32078645,-0.034924414,-0.2749984,-0.19942062,-0.038073257,0.34947008,-0.3776444,0.007431361,-0.31285828,-0.1390858,0.23246288,-0.21208367,-0.065842636,0.035255544,0.17529447,-0.13697311,0.315195,-0.111282915,0.12108828,-0.04747864,0.18522637,0.5068769,-0.06939997,-0.0040038847,-0.10800688,-0.14648688,-0.17482421,-0.004661708,-0.19424458,-0.1866586,-0.7913753,0.3462378,0.41095054,0.16218945,-0.21847051,-0.31587186,-0.39112553,0.15978992,0.31632438,0.04152178,0.21445698,0.111211695,-0.19272035,0.25236684,0.23639277,-0.24762097,0.20177642,-0.036901537,-0.06522226,0.09765211,0.08992825,0.22217138,-0.21232598,0.14139977,-0.28999287,-0.04468844,-0.028019479,0.24251156,0.002315793,-0.06546017,0.35648233,-0.107249156,-0.117788084,-0.46912387,-0.05421649,-0.2349209,-0.06268233,0.059989568,-0.27127573,-0.20574503,-0.39986476,-0.12745321,-0.23612101,0.53604794,0.3760096,0.33546034,-0.32369626,-0.04434132,-0.30079755,0.46070555,0.20777076,-0.26314646,0.092368424,-0.3706406,-0.034120835,-0.04389073,0.18491188,0.24695992,0.005080994,-0.05600016,-0.80881536,0.39053097,-0.16439775
SIM-0019-TP,0.025536677,0.5647731,-0.2985138,0.0053178496,0.12421461,0.2731154,0.000305006,0.29389557,-0.10391021,0.13587938,0.103489175,-0.022777218,0.08087503,-0.21864136,-0.074662425,-0.3217201,-0.110389985,0.2845455,0.105103545,0.07698269,-0.39972004,0.080012895,-0.015693853,0.13435394,0.34580415,-0.102230035,-0.078901455,0.22953284,-0.1508549,0.021848021,-0.49914712,-0.077013895,0.3262553,0.08385914,0.22485436,0.23907872,0.33731464,-0.086791925,0.23557018,0.56190467,-0.0065781353,-0.3299158,-0.14873862,0.11708419,-0.41542718,-0.19052117,-0.08244571,0.02746451,0.4491275,0.17195345,-0.27846572,0.96690184,-0.0041300734,-0.42010555,-0.25959527,-0.25811535,-0.3369953,0.12824067,-0.66672957,0.24556273,0.20360206,-0.11411979,0.2289282,-0.27318567,-0.21058078,0.1373874,-0.05238531,-0.15627669,-0.028383587,0.3296911,0.31999883,0.10653159,-0.08885782,0.13035321,-0.21561185,0.29223707,0.23760621,0.4828975,-0.20054421,-0.23157439,0.13783105,-0.06844058,0.24982978,0.3294275,0.42570117,0.014599575,0.22009616,-0.12923987,0.05430375,-0.01335925,-0.026693365,0.45597917,-0.33551997,-0.0012445573,0.01344263,0.1608252,-0.27429307,-0.07474629,-0.14894168,-0.56297797,0.29061952,-0.36748308,-0.4008047,0.236907,-0.08371377,-0.075071014,-0.070304975,0.2685927,-0.13795526,0.14876643,-0.28529403,0.082511276,0.22567292,0.3512741,-0.38728237,-0.07417422,0.39959085,0.23046723,-0.049752995,0.0009522691,0.074254684,-0.09324542,0.13678758,0.122627206,-0.2786952,-0.122443,-0.11352175,-0.06388066,0.06746909,0.045118522,-0.17993894,0.33506867,0.001264042,0.36590478,0.36004668,-0.2648008,-0.12258466,-0.10431634,0.07832763,0.18160225,0.036731586,-0.13772622,0.41290092,-0.10960664,0.18545714,-0.0092906505,-0.01629172,0.16843808,0.38575065,0.07624788,-0.122208424,0.37001812,0.123461135,0.04259068,0.25691867,0.08055469,0.61423814,0.0004642931,0.28741327,0.11049704,0.10967116,-0.09051923,-0.089278586,0.12415793,-0.21706532,-0.14388719,0.0038245763,0.3100932,0.02013303,0.01617283,-0.26465383,0.42392182,0.276779,0.30492622,-0.36316347,0.08788823,-0.23456366,0.19290735,0.08042305,0.12970757,-0.17915267,-0.25996113,-0.16018198,0.0769501,-0.06055733,0.06329001,-0.25599283,-0.001634007,0.34877577,0.08308399,0.09872688,0.10072754,-0.12798242,0.40793502,0.089256,0.044300232,0.17174335,0.23517346,-0.311401,0.014090778
SIM-0020-TP,0.55879533,0.41382837,-0.026600622,0.18199982,-0.08165213,0.08841608,-0.114578925,-0.11882047,-0.14796366,0.42058033,-0.12011218,0.2854427,-0.10791569,-0.13653494,0.09735136,-0.32468325,0.16616662,-0.034032453,-0.13768984,-0.19137105,1.963589,1.4621773,1.4516352,1.6889927,1.2603434,1.7543292,1.4618194,1.1248124,1.3381315,1.1969655,1.4910433,1.2723571,1.2448295,1.5438052,1.4817383,1.7730441,1.7619674,1.4860966,1.5956669,1.1188729,1.6447651,1.5734303,1.7092748,1.3941981,1.3963764,1.3979377,0.35864606,0.07073072,-0.37399012,0.16109534,-0.11582454,0.2711452,0.13468775,0.31011108,0.25971484,0.23434174,0.2836186,0.20376481,-0.17346059,-0.28589624,-0.20756336,0.18267371,-0.55584925,-0.0038498433,-0.06646598,0.30596113,-0.02930308,-0.09212936,0.32900378,-0.022976987,-0.06335832,-0.1223065,0.07141017,-0.08287061,-0.08196738,0.36255816,0.012223086,-0.112054236,-0.24877623,0.049628302,-0.13993716,-0.0920832,-0.21288231,0.049224827,-0.32583138,0.10286659,-0.1366181,0.17915955,0.12131576,0.02600166,0.21153572,0.38923746,0.31712365,-0.32771614,-0.15134147,-0.120735765,0.15965252,-0.13055727,-0.14037098,-0.18354398,0.07472226,0.1586691,-0.30290177,-0.12856016,-0.4737573,-0.59792167,0.12116645,0.07885658,0.04310132,0.3967445,-0.41893396,-0.52002615,-0.2808358,-0.52991,-0.15333898,0.14571486,0.07414038,0.2568791,0.09269185,-0.101010084,-0.1314904,0.1093638,-0.38254058,-0.794422,0.097555816,0.058572873,0.39232472,0.17410886,0.0772946,-0.0780326,-0.20278215,-0.0700633,0.2387835,0.11591592,0.2335577,0.026678378,-0.2248856,0.29014483,0.2675214,0.046380892,0.13899165,0.12523791,-0.11709937,-0.06502213,-0.22741829,-0.06595259,0.25771037,0.21026373,0.13961564,0.23979452,-0.09132856,-0.29332957,-0.03921911,-0.019421993,0.16893435,0.1278617,0.2526451,-0.5037269,-0.19950797,-0.022839898,0.11983845,0.5235966,-0.24432705,-0.17745851,-0.10583172,-0.18639232,-0.22205912,0.011479351,0.24591117,0.029837692,-0.21492857,-0.049054928,-0.2596477,0.245757,0.36778823,-0.3987844,0.057256594,-0.19455133,0.015719254,-0.021388877,-0.33526522,0.30220416,-0.037927367,-0.11750269,0.029077131,-0.21764936,-0.045914214,-0.45932993,-0.5892788,-0.24251917,-0.13309623,-0.43925092,-0.12436978,-0.13342987,-0.015390828,0.15353835,0.42802343,0.10706248,-0.24602838,0.16662282
SIM-0021-TP,0.3501511,-0.28006783,-0.26615587,-0.35526502,-0.14112423,0.093303904,0.37080094,0.2229184,0.09638164,0.011439439,0.09787931,0.11261114,0.32579905,-0.0052202647,0.06543688,-0.102124445,0.028350184,-0.06407607,-0.29739293,0.21831919,0.78622836,0.40480798,0.49717817,0.62957597,0.37833327,0.46156347,0.35991865,0.27678907,0.54456115,0.54229534,0.6448005,0.41331542,0.11420861,0.6910804,0.23053041,0.22621441,0.28117573,-0.021733314,0.35975915,0.5689999,0.30575675,0.74871397,0.7332157,0.636487,-0.06957403,0.77259284,-0.059294235,0.4196028,-0.1510171,-0.034952093,0.022407169,-0.23308793,-0.40511632,-0.59940726,0.73820394,-0.41715288,-0.41370833,0.14299855,-0.35595843,-0.4023996,-0.71859187,0.07317953,-0.26751462,0.1608472,-0.01895131,0.021379879,-0.11335669,-0.06894763,-0.22370228,-0.20001931,-0.2737487,0.3784953,-0.09903133,-0.56620455,0.06469013,-0.20093516,-0.011120157,-0.06738702,0.37254396,-0.09590651,0.20401838,0.17762503,-0.34163916,0.046936512,-0.18958168,-0.3021645,-0.30118003,0.205328,0.6607568,-0.20132694,0.05393531,0.07760646,-0.13249709,0.35190082,0.5492363,-0.1494259,0.43359834,-0.13667801,-0.24256344,-0.034833387,0.21725425,-0.026055425,0.18444842,0.056643922,0.33821106,0.13266271,0.38263765,-0.21439809,-0.050864,-0.00038365024,-0.2134701,-0.25177547,0.09552737,0.1663122,0.028158935,0.26475546,-0.27582917,-0.097765215,-0.294964,0.034846492,0.12196688,0.33546036,-0.29431424,0.0931055,0.35902816,-0.2504223,-0.30906174,-0.36861673,0.15611935,-0.18136936,0.11951338,-0.054038633,0.45022574,0.1969653,-0.20095234,-0.07552279,0.1969671,-0.26715967,0.29554152,-0.06255499,0.20222747,-0.049029116,-0.13096078,-0.17187126,0.43309405,-0.0737795,0.77015156,0.037958536,-0.2126974,-0.39631686,0.3081958,-0.048432674,0.20567097,0.580569,0.16720898,0.08432474,0.30657643,0.20102888,-0.3156857,0.33316284,-0.011489253,0.38533905,0.12676156,0.29788765,-0.05615333,-0.3793266,0.14092822,0.24421297,-0.13923302,-0.050826326,-0.5535879,-0.038824305,-0.31261307,0.12930585,0.083730675,0.003800088,0.33066234,0.060241193,0.048363537,0.08040547,-0.14570266,0.24784592,-0.22909082,0.105688505,0.30467054,-0.2566185,-0.33559653,-0.26103204,0.45426396,-0.15232678,-0.30011454,0.09158886,-0.6809527,-0.23864764,0.35351872,-0.23884194,-0.06519774,0.073529616,0.073668174,-0.1331302
SIM-0022-TP,0.13659589,0.36155605,-0.2654115,-0.12110926,-0.026287427,0.17496426,0.008278669,-0.031791385,-0.38734236,-0.28326428,0.048169278,-0.12845986,-0.08552392,-0.015468399,0.58542067,-0.12437025,0.34673798,0.32845837,0.20094006,-0.21186069,0.37714383,0.24522603,0.8464527,0.44551194,0.28955328,0.7890787,0.2547227,0.4807508,0.5184518,0.42969343,0.31624705,0.552229,0.18536164,0.62127256,0.2724951,0.6772974,0.60441995,0.48017788,0.32029855,0.61851704,0.4856223,-0.46128425,0.13842052,0.38503343,0.41278028,0.519638,0.38721165,0.14666355,-0.5210861,0.049411457,0.3039509,0.027896976,0.050862145,-0.12356247,0.23730566,-0.08829415,0.14821412,0.107136086,0.013555064,0.12102343,0.050418124,0.31932765,0.16917987,0.25993064,-0.19097877,-0.20665476,0.015678173,0.18736427,0.13286757,-0.18781689,0.19514054,-0.15696004,0.1684627,0.071638376,-0.056280293,-0.13399442,0.03329514,0.020761855,-0.26164106,0.15051837,0.289171,0.21514425,0.07875877,-0.11248411,0.032235544,-0.032865413,0.031075297,0.2341108,-0.027004926,-0.45933262,0.19988678,0.09930167,0.03747854,-0.293594,-0.20807934,-0.17884682,-0.1459256,-0.122528754,-0.29542938,0.5379132,0.37552315,0.0692911,-0.008414347,0.45663273,0.40594125,-0.18497935,0.06191911,-0.045601133,-0.06733809,-0.041367803,-0.021416934,0.052684095,0.0541002,0.35954514,-0.20172241,0.24172989,-0.26875287,0.059211276,0.26083747,0.14225738,-0.07909301,0.071198985,0.4130723,-0.14792503,0.1416383,0.24127176,-0.09700615,0.43384272,0.5183065,0.27350757,0.2740385,-0.4321756,-0.33023095,-0.021111088,-0.16443832,0.15646948,-0.7118307,0.15485178,-0.04393525,-0.13544933,0.47664875,-0.07701667,-0.40419078,0.11424027,0.09554308,-0.04348437,0.58782303,0.052524764,0.25369775,0.080766946,0.31764162,-0.08271926,-0.26585457,0.19143477,0.0748177,0.19880559,-0.15417777,0.120047376,-0.39856872,-0.11994644,-0.17616424,0.12399007,-0.121054254,-0.3432068,-0.14206056,0.14962216,0.032770827,-0.18627079,0.20980346,0.39135176,0.22720699,-0.57687366,0.05928874,-0.035458576,-0.50893563,-0.32260367,0.19976646,0.046417575,0.020158842,-0.16252322,0.2705712,-0.3074506,-0.22198188,-0.07943921,-0.381434,-0.22041513,0.2653927,-0.21107177,0.19521905,0.15873773,-0.042108968,-0.35473353,0.015853552,-0.5277027,-0.13222553,0.060814068,0.21738547,-0.037937257,-0.15199196,-0.172005
SIM-0023-TP,-0.11707509,0.15603328,0.08752289,-0.0055044596,0.15750897,0.00013348252,-0.33371067,-0.27758107,0.15041961,-0.343496,-0.09524376,-0.02853852,-0.25833982,-0.41693524,-0.2936924,-0.4524324,0.15290785,0.09936836,-0.1899069,-0.3418383,1.2807555,1.0992687,0.8339227,1.2859626,1.0235833,1.0686858,0.7286887,0.6101225,0.5966649,1.5099404,0.78228885,1.0054755,1.1040853,0.9839763,0.95061946,0.9450449,1.1091686,0.72923136,0.8790479,0.41324782,0.52342045,0.6646698,1.2026188,0.9210065,1.1635339,1.0854034,0.065024,-0.23602182,0.018734356,0.06362003,0.55016977,-0.086503014,0.18305486,-0.03096984,-0.17556272,0.21738371,0.4728961,0.06550126,-0.17075847,0.1168728,0.06985629,0.554126,0.18554239,-0.23339646,0.31867334,0.19384,0.23384906,0.11122301,0.2520751,0.11015584,-0.063594356,0.03355467,-0.028987842,0.08534656,0.019860597,-0.07864544,-0.045401867,-0.000899809,-0.44526985,0.2561078,0.08698228,-0.15287223,0.14779863,-0.12702742,-0.12703508,0.093659155,0.35765588,0.06996875,-0.19396907,-0.08795329,0.21226183,0.10106996,0.23986796,0.09836427,0.19270799,0.503249,-0.33808002,0.6017859,0.23412274,0.656243,-0.24581298,0.095612876,0.039844137,0.22088504,0.11743867,0.08943385,0.1947305,-0.026702404,-0.12895738,0.11331236,-0.12945272,-0.031382937,-0.36027735,0.013981477,-0.23216107,-0.008244313,-0.2715069,-0.00483297,0.2249265,-0.14896013,-0.23332255,0.19541024,0.22831923,0.10598026,-0.11636318,-0.15742145,-0.08287143,-0.0147910025,-0.43135673,-0.24578743,0.31271765,0.051857002,0.30674514,0.2539191,-0.078113444,-0.07433763,0.24164073,0.18966235,0.24685381,-0.003382028,0.03564497,-0.063890174,-0.01336712,-0.17141084,-0.018696394,-0.04000229,-0.11468505,0.19778697,-0.3525593,0.084359296,-0.2304226,-0.21196288,-0.19053528,0.11770969,-0.5644087,0.042175114,0.011363448,-0.24254061,0.045552753,-0.30331293,-0.010941247,-0.31274724,0.51258385,0.21535146,0.0616166,-0.23879482,-0.06888235,-0.05854791,0.060475152,0.09963752,0.05621894,0.085576735,-0.042462587,0.08561569,-0.15948352,-0.2658747,0.46197018,0.104001604,0.45152164,-0.068685316,0.6026792,0.019901115,0.28648996,0.0082133105,0.041230638,-0.028799996,-0.12320066,0.24506056,-0.0022152788,0.20760916,0.22594854,0.35358468,0.10529286,-0.3777428,-0.080051444,-0.0063003185,0.0031037587,0.32959884,0.28405678,-0.03622858
SIM-0024-TP,0.6075237,-0.08720873,-0.06692276,-0.27309957,-0.38979143,-0.29501855,0.25338626,0.1853755,-0.22088762,0.024969796,0.2016173,-0.5083429,0.44305283,0.26313424,0.20262867,0.3005203,-0.51038456,-0.054643,0.31459233,-0.0017573468,0.18566915,0.3620437,0.17590584,-0.06442732,0.14392659,-0.41775006,0.122587815,0.18740892,0.037737474,0.29038244,0.069657005,0.036738385,0.45808232,-0.23945956,0.34803346,0.3282411,0.21132383,-0.1011282,0.0856739,-0.20107317,-0.14052838,0.032860626,-0.2209049,-0.058332857,-0.2755005,0.16323116,0.4087152,0.5492297,-0.25837988,-0.21445549,-0.012493201,0.20558475,-0.022999292,0.26938668,0.16152865,-0.41345635,0.042358294,-0.28126827,-0.11284086,-0.07457171,0.2136861,0.020964004,-0.088218,0.55224305,-0.1952105,0.1000959,0.19489062,0.06998051,-0.1966648,-0.20942526,0.1829698,0.28910032,0.014678802,-0.30162162,0.030293122,0.40643597,-0.22380602,-0.05169662,0.042198863,0.2997552,-0.10470439,0.14872561,0.37544042,-0.34275624,-0.30009583,0.004235358,0.27275276,0.11086738,0.29508862,-0.39789084,0.11411248,-0.684055,0.3593827,0.32486418,-0.054474525,-0.54976827,-0.024588294,0.3067405,0.13108738,0.48985285,-0.04650884,0.5351225,-0.47805333,-0.16234003,-0.296423,0.21144342,-0.27549487,0.27904156,0.19890837,0.072389014,-0.0010981272,-0.23616466,0.17724478,-0.100611165,0.21762227,0.4000544,-0.0517284,0.35561395,0.07297076,0.1746648,-0.30505234,-0.14622219,-0.14893973,0.36194167,-0.062293205,0.18253238,0.0064328145,-0.06379806,-0.3425978,-0.45186412,-0.05927257,-0.044714756,-0.19427855,0.06168767,0.5163284,0.39864242,0.02120888,0.02988848,0.17545106,0.07683931,0.17588586,0.083937064,0.03851125,-0.14801964,0.10235871,-0.5537481,0.07796493,-0.50500596,0.078166224,-0.23290303,0.33125457,0.034110725,0.012214671,0.11325523,-0.20421019,0.29229128,0.18520898,-0.12585436,-0.25279203,-0.09338727,-0.026916469,-0.27118173,-0.11421521,-0.14788833,-0.05056089,-0.048564646,0.12202467,0.007810899,0.10051665,0.062212206,-0.048727866,0.17093076,-0.68600166,-0.08969655,-0.14266457,0.029843148,-0.15858382,0.137225,0.18133336,-0.3460005,0.05587436,-0.3202243,0.119915634,-0.116635054,-0.20105389,-0.4276121,-0.023045804,-0.28950018,-0.37088728,0.04649069,0.24231105,0.09861808,-0.35774645,-0.034195725,0.17014097,-0.034097683,0.081382945,-0.10931507,-0.09617394,-0.16490328
SIM-0025-TP,0.15300348,0.16877085,-0.13879316,0.18871596,-0.35674363,-0.042780798,-0.33841804,-0.28296462,-0.3414158,-0.16393231,0.15493777,-0.019590406,-0.1459768,-0.04337634,-0.5140733,0.1429538,-0.5619086,-0.17680974,-0.01971927,0.111385405,0.059746493,-0.012373808,0.3643723,0.5037139,0.0017637146,-0.025021436,-0.039932065,-0.15271765,0.09396442,0.31788564,-0.62254477,-0.042415317,0.3721486,0.098291576,0.103448756,-0.40022767,0.17553176,0.2522819,0.049984194,-0.16388758,0.11070488,-0.25946352,-0.29254857,0.2005335,0.2739534,-0.18565537,-0.29133254,-0.21946137,0.049412448,-0.29105034,0.32095852,-0.11622506,0.0915729,-0.1857999,0.14600585,0.16647147,-0.41945234,-0.16991583,-0.03915537,-0.13129328,0.21789512,-0.14929834,0.17871276,0.12116588,-0.026986007,0.18908742,-0.38448197,-0.0154230455,-0.19355862,-0.026729083,-0.117351525,0.0149960825,0.0023715983,0.03468858,0.044595987,0.14334016,-0.31468272,0.12734133,-0.37815857,-0.6985908,0.49311575,-0.23470986,-0.11200969,-0.46593255,-0.11361373,0.051698875,0.06069459,-0.3016949,-0.11091271,0.09218889,0.059637185,0.032063663,0.19010665,-0.02724753,0.34806222,-0.07328672,0.17362961,0.18252993,-0.40978813,0.110226095,-0.16003485,-0.25221252,-0.10610674,0.040422086,-0.3912244,0.0067209103,-0.05439424,0.25954452,-0.15838534,0.29745564,0.096699715,-0.008372853,0.31841537,0.48063323,-0.052637182,-0.18502177,0.10724614,-0.3557582,-0.3252573,0.32671818,0.14296502,-0.21454215,0.7837618,-0.34553355,0.15493073,-0.19912474,0.4452676,-0.13273206,-0.07115324,-0.4521893,0.5206615,-0.15448755,0.12004709,0.0011813748,-0.13786411,-0.55692345,-0.057075735,-0.067921035,0.07969197,0.53636706,0.16112328,0.21496537,-0.076292865,-0.32831848,-0.06981622,-0.1836217,-0.012517718,-0.123541854,-0.41942364,0.3167447,-0.03519679,-0.08250914,-0.2761949,-0.11885023,-0.21582688,-0.29849765,0.04068045,-0.11720545,0.18715057,-0.09008937,0.028697155,0.021571523,0.096202925,-0.21029012,0.22477922,-0.29500133,0.010609027,-0.3012314,-0.030182036,0.22271034,0.13886976,0.26463914,-0.075806275,0.22723126,-0.1730565,-0.11461129,0.032508533,0.21250005,-0.13683546,0.17378439,0.05779686,0.084219985,-0.21365702,-0.09617689,-0.023408275,0.08437446,-0.20185287,-0.32299414,-0.5331922,0.18645278,0.23602235,-0.5024211,0.018917702,-0.09428347,0.30425763,-0.052566044,0.13637777,-0.106309295,-0.17177361,0.19180903
SIM-0026-TP,0.2695903,-0.31722882,0.28561044,-0.2436985,-0.5830153,0.002704583,0.12679264,-0.37893274,-0.49569136,-0.123697974,-0.15714064,0.34240407,0.003023076,0.18363611,0.052422576,0.39217344,-0.22292458,-0.02198837,-0.39226764,0.20284876,0.27850586,0.21819338,-0.031170264,-0.37235937,-0.021600056,-0.16942896,0.23066325,-0.106678255,-0.112014666,0.54349583,0.19982998,0.26898378,-0.12802649,-0.27508992,0.2666992,0.3730257,-0.3216232,-0.12937264,-0.22856444,0.12035426,0.27158636,-0.09207701,-0.09280129,-0.48918566,-0.23856045,0.3768286,0.12316542,0.23157234,-0.091290444,-0.0682654,0.0046544056,0.08105973,0.34401068,-0.16818817,-0.034521922,-0.19831301,-0.49204123,0.23003486,0.43686306,0.19136508,0.0575723,0.46335968,0.114719406,0.20068705,0.035243057,0.073424734,-0.033238,0.20814508,-0.2728206,0.10481503,-0.21326134,0.12746502,0.59853166,0.17496292,0.29348087,0.22561923,-0.58144057,-0.032923546,0.111968376,-0.52222186,-0.07096668,-0.019810956,-0.30789757,-0.24242231,0.3343386,-0.89520746,0.06786717,0.29089275,-0.0067835953,0.3521565,-0.106844366,-0.22626674,-0.0023588042,-0.09538839,-0.14295584,-0.045116328,-0.19799799,-0.2094717,-0.28049675,0.10413322,-0.24974503,-0.31051227,-0.26842785,0.0514088,0.16734461,0.1877581,0.053575456,0.13388464,-0.013697237,0.11389888,0.110054284,-0.1824098,-0.26891196,0.33803883,0.031338513,0.26294738,-0.27499723,-0.10138868,-0.3441569,0.161582,-0.15362178,-0.13856961,0.48895094,0.16657014,0.16352163,-0.30052766,-0.4643867,0.2426589,-0.56009513,-0.1253943,-0.20291005,-0.23128527,-0.11023655,-0.26393035,-0.30400246,0.06377076,0.2665797,-0.43406576,0.04888826,0.13535355,0.11162823,-0.05530603,-0.14926764,0.18964645,0.08382415,-0.4735751,-0.055265654,0.013872032,-0.27343106,-0.060860872,0.122884504,-0.2068335,0.058247037,-0.247383,-0.30917025,0.15389752,0.29349956,-0.2959315,0.23825641,-0.0032556946,-0.55336225,-0.35873666,0.15206625,-0.4059873,-0.15463954,-0.020339265,0.1120049,0.046170346,0.39213952,-0.20395091,0.024650872,0.11315519,0.1781083,0.26281756,-0.108517125,0.16287063,-0.23146309,-0.019424222,0.12531191,0.2438477,0.14255604,0.022637129,-0.019870998,0.13719822,0.5473038,0.21364756,0.09538748,-0.34224254,-0.21111956,-0.081019096,0.22750528,-0.23419061,0.1606129,0.029924722,0.0887328,-0.053988576,-0.14915718,-0.24344054,0.15289856,-0.019180575
SIM-0027-TP,-0.26931024,0.05581999,0.85582465,-0.050368357,0.41352603,-0.6463206,-0.06761756,0.23869692,0.0038888399,-0.16065802,-0.006606704,0.24627736,0.53586084,0.26637655,-0.12618138,-0.058218393,-0.056359112,-0.21681197,-0.038766146,-0.06845129,-0.30013895,0.20953228,0.10523125,-0.16023651,0.036949888,-0.24113801,-0.13806269,0.17191906,0.11776146,-0.12829706,0.077865995,-0.018594095,-0.24931563,-0.04180987,0.10800819,0.0765401,-0.42315462,0.04152443,0.0063564433,-0.47456977,-0.20201004,0.12290775,0.34620064,-0.4101292,0.24482583,-0.47009325,0.34937945,-0.05966661,-0.17868066,0.08863417,-0.2406242,0.12898031,-0.030992225,-0.95250475,-0.20267832,0.047774184,0.2666175,0.08287433,0.26262695,-0.22349082,0.18191136,0.18610348,-0.40774366,0.27487886,0.08184314,-0.07036885,-0.07467203,-0.25950438,0.15770225,0.07551199,0.1457314,0.01974704,0.051446658,-0.07397513,0.2691986,0.15159208,0.043212447,-0.033642404,-0.44198793,-0.4961588,-0.09207533,0.31717277,-0.17621574,-0.16638467,-0.24308725,-0.3225969,-0.2284981,0.06965769,-0.12296017,-0.1343033,-0.15656738,0.05924897,0.09757436,-0.4672513,-0.19006377,-0.022347325,0.10972752,0.031923477,0.20571387,-0.35296243,0.10379566,0.5128239,0.011930272,0.022118485,0.1298151,-0.13633421,-0.23671304,0.01450537,-0.4135019,0.09899177,0.1411315,-0.4009579,0.04075116,-0.05411864,0.36946952,0.32746023,0.21040474,0.30267033,-0.09130588,0.064986244,-0.06311337,-0.24928953,0.020666413,-0.020811137,-0.050580356,-0.014810051,0.015199913,0.22197078,-0.14611891,-0.3199083,0.16950022,0.21414496,0.08948828,-0.2846979,-0.03287232,0.07126139,-0.26708576,-0.19111346,-0.036643576,0.29573604,0.056290634,-0.14313275,-0.050416432,-0.16656882,-0.103002064,0.18056735,-0.4799994,0.32873616,0.54729563,0.04064081,-0.207769,0.29080835,0.069486365,-0.13149075,-0.242973,-0.101459354,0.048145324,0.22387657,0.07104883,0.11352922,-0.08343545,0.21373214,-0.051680297,0.45949802,-0.1631939,0.09874862,0.5473475,0.26048872,0.18635383,0.07420789,0.013208612,-0.043466505,-0.14045152,-0.3839319,0.1601543,-0.3845072,0.16284645,-0.07731226,-0.2388683,0.35142133,-0.3622739,-0.16653407,-0.14316308,0.037393536,-0.15316994,0.3654288,-0.34282377,1.0213544,-0.26469317,0.7389674,0.27326038,-0.027572555,0.056657404,-0.094690345,0.086764276,-0.18425295,0.17724776,0.045499362,-0.2473779,0.106786735
SIM-0028-TP,0.09135533,-0.17928383,-0.10692649,0.12812147,0.27268454,-0.035563275,0.23266381,0.29176533,0.3258163,0.104246005,-0.22543724,0.2228243,-0.047849964,0.12662628,-0.1572511,-0.15004265,-0.17534825,-0.33124357,-0.14668693,-0.2582402,2.028879,1.6210927,1.7199545,1.8881075,2.3404188,1.7142861,1.5417569,1.5593474,1.6721525,1.7231044,2.4634635,2.1289985,1.8085579,2.3505256,1.7341671,1.7844989,1.769503,2.1440244,1.8698189,2.2641437,1.9958131,2.1145563,1.4332801,1.4625262,1.4707537,1.7802849,-0.3847119,0.3100798,-0.049797468,0.1538354,-0.12306786,0.20620039,-0.49127203,-0.012222632,0.12517998,0.14625064,-0.079419956,-0.42774957,0.25282365,-0.09806835,-0.07634613,0.5548023,0.024150215,-0.129728,-0.1447042,0.16129273,-0.20521851,0.12792635,0.2753357,-0.022073902,0.24695684,-0.017210757,-0.17186372,-0.41614422,0.06877759,0.074021146,0.24532928,0.22123928,0.51684135,-0.14525777,0.088976994,-0.17190276,0.23251618,-0.23172662,0.22842695,-0.18413445,0.19162804,0.30161634,-0.38852447,-0.33679837,0.058727026,0.032113764,-0.073041104,-0.11906522,-0.21379957,0.08276702,-0.2411057,0.09152492,-0.14359494,-0.105671525,0.30394468,0.23862086,-0.24922484,-0.21823007,0.19445819,-0.3584641,0.36349937,0.03378823,-0.14455386,0.002623848,0.34027112,-0.5327812,0.2565762,0.29863682,-0.08022547,-0.017895726,0.03411197,0.1833829,-0.18243283,-0.003628055,-0.024970928,0.16971137,0.6688553,-0.18346865,0.019708993,-0.19020122,-0.12220861,-0.26898932,-0.3826202,0.29571337,0.08901935,0.023219133,-0.21848856,-0.018741228,-0.28908932,-0.006814461,0.08343273,-0.1356251,-0.18920209,-0.12307562,0.20370468,0.050406117,-0.40172884,0.18086536,0.13581388,0.046774223,0.41140386,0.0059582265,0.10768569,0.11735394,0.21935384,-0.055716265,-0.16121022,0.2432678,0.23033504,0.31870857,0.10389219,-0.412189,0.0410204,0.008422728,0.3073625,0.2646081,0.15320225,-0.5182488,-0.20620434,-0.09107079,-0.08534217,0.041718666,0.37005123,0.1948143,-0.22974984,-0.20716733,-0.2297483,-0.029210301,0.20138739,0.24100453,-0.0940539,-0.0075352285,0.4185452,-0.37121388,0.15949066,0.13248767,-0.07416126,-0.0046119234,0.10505497,-0.07363849,-0.1594014,-0.17822902,0.4655419,-0.11007343,0.05033782,0.19631311,-0.052874066,0.008947457,0.12568626,-0.211983,-0.38411325,-0.18265104,0.43211693,-0.1437897
SIM-0029-TP,0.032662254,-0.3314528,0.33553603,-0.07527133,-0.11373599,-0.03335809,0.62825936,0.11038196,-0.03919845,-0.72070426,0.3382488,-0.17372255,-0.21316281,-0.19081192,0.36625594,-0.010540806,-0.38051546,-0.051033642,-0.20788407,0.08988528,-0.096604496,-0.39232397,-0.020622205,-0.014198867,-0.31337315,-0.49001798,0.07065359,-0.07016071,-0.053795207,0.18645804,-0.48467043,0.015075673,0.1656445,-0.045661923,-0.35403767,-0.16520754,-0.11286614,-0.39474463,0.09284356,0.0008008068,-0.16073263,0.24638098,-0.13049603,0.36997616,-0.06723211,-0.23863538,-0.23108836,0.022770226,-0.26762134,0.036100242,-0.100129865,-0.10586274,-0.010407614,0.25117096,-0.1357485,0.04603228,0.1110748,-0.30246088,0.13069053,0.20384498,0.24153587,-0.2771875,-0.25971618,-0.013587277,-0.027811378,0.004828462,-0.08915259,0.046457566,-0.63851863,0.16452019,0.36797145,-0.13826272,0.050589,0.42016727,0.008365959,0.07635649,0.46042538,0.50910705,-0.26519135,-0.10287331,0.22339728,0.12427875,0.17651045,-0.6553911,-0.4884696,0.44605377,0.19346842,0.08841046,-0.31057245,-0.10374701,0.14241304,-0.34577048,-0.1763135,0.09385017,0.14743564,-0.13076213,0.24556696,0.23744436,-0.44818833,0.40949148,0.29160395,0.05164218,-0.03432492,0.1973358,0.1334297,-0.06788817,0.40156776,-0.52617544,-0.16622317,0.11194462,-0.013026,0.17489761,-0.34866,-0.06361057,0.2875921,-0.37342665,-0.060117,-0.13270463,0.090840854,0.098273575,0.024274718,-0.07246353,0.015816914,-0.041162618,-0.008115707,0.36424178,-0.3005645,0.08541411,-0.23552819,0.48874798,0.022269586,-0.3169683,-0.057978347,-0.3647294,-0.15830787,0.15393807,0.34030938,0.2701715,-0.026219113,0.1425139,0.20212659,0.5624317,-0.15099382,0.37734777,-0.2730097,0.29498425,-0.15516375,-0.17093281,-0.071162395,-0.19399841,0.10651376,0.3066354,-0.5278904,-0.043650597,-0.2716404,0.2262706,0.3551007,-0.04366058,-0.17582604,-0.403801,0.48719752,0.32973257,-0.49462706,0.16386853,-0.2780338,-0.12713166,-0.31211895,-0.500199,-0.011396523,0.4738531,-0.2315089,0.22282946,0.26207337,0.18043748,0.49911433,0.23880178,0.45116374,-0.28676662,0.1863395,0.37772483,-0.19300063,-0.8715404,-0.31683403,-0.1811923,0.14029545,-0.14160872,0.00078006554,-0.15108329,-0.032135524,-0.016556159,-0.15809432,0.20531355,0.34507877,-0.2872177,0.054329,-0.3573824,-0.43818122,0.25913548,0.50185144,-0.08209126
SIM-0030-TP,0.4583243,-0.16205007,-0.058621008,0.4169339,-0.228166,0.22916977,-0.087069385,-0.18017636,-0.12720113,-0.54207486,0.31527242,0.05657505,-0.036999837,-0.1732358,0.07794401,0.22086273,-0.06863622,0.24089745,0.0687749,-0.023345016,1.3796301,1.0245607,0.8386564,1.1382672,1.1603591,1.0959588,1.4490131,1.2766626,1.1227735,1.1501621,1.1716968,1.2830527,1.1646731,1.1129239,0.81798846,0.97409046,1.2207899,1.1985406,0.7802066,1.0110601,0.9191012,1.492698,1.2143227,1.2591264,1.1348593,0.9949577,-0.111359976,0.123180896,-0.06502432,0.12577151,0.035743296,0.07388641,0.0866393,-0.13153884,-0.0777301,0.22721168,0.45659018,0.22949806,-0.6972326,-0.18949945,0.0286792,-0.2745543,-0.28627184,-0.104679205,0.08633068,0.15438415,-0.09183668,-0.11103125,-0.21092045,0.12677422,0.10997245,0.22676139,0.03243814,-0.3278012,-0.08722223,0.2142299,-0.43386993,-0.021207066,0.07128761,0.50092185,-0.15027863,-0.030419232,0.42190045,-0.14708067,0.26867643,0.09816516,-0.055253055,0.11290428,-0.03687797,0.56445354,-0.51638913,-0.07061664,-0.06328906,-0.033498175,0.27010617,-0.11175921,0.12301003,0.057866633,0.20961912,-0.034295637,0.08055184,-0.030859932,-0.2465134,0.3997591,-0.19054598,-0.11962194,-0.21420556,0.10050536,-0.11954016,0.37881052,0.13348766,-0.069211446,-0.22743763,-0.027676689,0.13000762,-0.011471177,-0.035088662,-0.25511745,0.5607868,-0.050277807,-0.34362936,-0.2687617,-0.08602568,0.48619395,-0.042600635,-0.09370044,0.21117307,0.2294212,0.16477191,0.049968984,-0.27608407,-0.18775418,-0.39773196,-0.05599071,-0.106165,-0.13211171,0.06981575,-0.16429752,-0.08511628,-0.12158307,-0.007962453,0.09115933,-0.33613327,0.11330387,0.06606313,0.10465656,0.03330783,0.09039099,-0.10391652,0.11084203,0.28614172,-0.12384521,-0.11477367,0.15762627,-0.13850196,-0.17980954,0.10554299,-0.10761688,0.3054366,-0.116552874,-0.20477888,-0.0011964372,0.10885758,0.08007927,0.13472818,-0.13828902,0.28387335,-0.41383705,-0.19521412,0.009591896,-0.17427954,-0.07742498,-0.24541494,-0.052039195,0.11576931,-0.13388754,-0.21974185,-0.11522958,0.27596688,0.27389336,-0.11952749,0.12707174,-0.004583631,0.32101214,0.047891572,-0.050388545,0.39996934,-0.23095028,0.07980105,0.34151813,0.16654006,-0.1907103,-0.20416738,-0.352122,0.3707304,-0.28322333,0.17835037,-0.35662785,0.63927275,-0.3382243
SIM-0031-TP,0.010630429,0.30301502,-0.17576823,0.1409428,-0.070458,0.09704793,0.27019247,-0.10709252,0.37422758,0.08810724,0.48711646,-0.20798658,-0.16051917,-0.058066577,-0.3031632,0.2314709,-0.018959964,-0.28653106,-0.20569809,-0.21749115,1.9574972,1.8408765,1.693441,1.6352577,1.6668998,2.171861,1.668107,1.9409693,1.6442548,2.1472068,1.4217844,1.9283401,1.5367341,2.279907,1.9009191,1.3006341,1.493716,1.8978705,1.8910304,1.8723637,1.7657285,1.6468518,1.9982692,1.5105432,1.7399408,1.5715469,-0.17497984,-0.114749976,-0.18381575,0.13742836,-0.3690255,0.10775436,-0.15856661,0.0075971144,-0.04171112,-0.12480537,0.30328086,-0.092720576,0.17587559,0.17909685,-0.068146035,-0.31447244,-0.22053635,0.31969956,0.12313768,0.034713864,-0.14175686,0.43295547,-0.21702692,0.034927275,0.12545173,-0.32642657,-0.18961999,-0.11438634,0.21547756,-0.109459795,-0.35904735,-0.38307068,-0.19174983,-0.37252712,0.19216087,0.20196009,0.0017637424,-0.06577874,0.18539913,0.17504492,-0.2466699,-0.21212833,0.17663606,0.067638814,0.15205881,-0.22348095,-0.18791504,0.11597221,-0.17048979,-0.37998497,-0.16670287,-0.051284615,0.42533726,-0.20961158,-0.015421523,0.51073194,-0.27335185,0.1651224,-0.17774408,0.100423284,0.58366054,0.1978875,0.037964713,-0.23778082,-0.0438552,-0.1413394,-0.36263868,-0.53222996,-0.20761655,-0.007886692,0.2798296,-0.1845473,0.04790367,-0.4252982,-0.20010054,-0.6118324,0.55853105,0.049498048,0.041602857,0.13380492,0.6330893,-0.10881854,-0.2451936,0.50004536,-0.3077215,0.3245318,-0.018454893,0.1083368,-0.35917827,0.64839417,-0.095557645,-0.17533827,0.13709271,-0.16124102,0.10611496,-0.31524542,0.036402084,-0.15079138,-0.19582914,-0.23533128,0.22146596,-0.0875994,-0.045971394,0.10676647,0.28503934,-0.23081341,0.055160638,-0.22741345,-0.05212855,0.26627174,-0.58651334,-0.23071975,-0.05783142,0.09515586,0.30493808,-0.42432022,0.35386992,0.13019778,-0.06015703,-0.36725885,-0.14310911,0.25629824,0.00660602,-0.045201723,-0.24287018,0.18365932,-0.037427425,-0.059155542,-0.023808645,-0.16131228,-0.20382468,-0.37988147,-0.1548677,-0.45004013,0.1214253,-0.16690841,-0.09807536,-0.009283663,-0.2005479,-0.29375097,0.055456582,0.47225252,0.2275342,0.31996754,-0.3246092,-0.047865745,-0.049500976,0.35710612,0.22920664,-0.04103423,-0.5720906,-0.28970182,0.15823697,-0.0801848
SIM-0032-TP,-0.027552567,0.153408,0.28295192,-0.19470641,0.14791356,0.40286264,0.3569934,-0.13270442,0.07371904,0.18768787,0.0050376,-0.062298264,-0.43261477,-0.21626914,-0.17383194,-0.3153441,0.027374623,0.2166395,-0.10480632,-0.55092585,0.23400798,0.33209786,0.31519303,0.08331515,-0.037647337,0.48520112,0.35153335,0.093293056,-0.11169481,0.3192529,0.039214864,0.35927427,0.30306032,0.78282833,0.24412565,0.76379097,0.28407943,0.09686953,-0.00026926398,0.04434389,0.3708712,0.29589114,-0.19605872,0.5186422,0.6328279,-0.19859609,0.25300616,0.4207732,-0.44901562,-0.11681535,-0.2123865,0.24347416,-0.10367211,-0.1136406,0.10531652,0.38990483,-0.015411308,-0.11768347,-0.071088225,0.16453612,-0.33284572,-0.004109569,-0.23443401,-0.3007494,-0.48616967,-0.1287477,0.26968205,-0.4958453,0.13567963,-0.16220881,-0.26584873,0.08596891,0.32764176,0.3744983,0.0709248,-0.017571133,0.09788832,0.6192406,-0.07316999,0.28373432,-0.14809316,-0.20765725,0.4422251,0.0006643326,0.056141622,0.13673699,-0.22316222,-0.10956829,-0.16051172,0.08304448,0.0916588,-0.15012795,0.50694156,-0.0068446468,0.02569543,0.33587316,-0.218732,-0.13021795,0.07137614,-0.36891353,-0.05936321,0.5127192,0.45724654,0.22430408,0.29568812,0.12334524,-0.10787879,0.4108942,-0.23720612,0.24211544,-0.12729728,-0.11224354,0.13466522,0.50849396,0.3571653,0.084690206,0.01571815,0.19536904,0.34129092,-0.44013938,-0.031752497,-0.26310846,-0.054669995,-0.31447616,-0.45151708,-0.32981282,-0.138377,0.14663628,-0.20347491,-0.21642616,0.098929144,0.07169723,0.4255465,0.23367156,-0.25647488,-0.16764177,0.18662007,-0.22163773,-0.08108513,-0.42761275,-0.3266558,0.3148452,0.041798215,-0.15725234,-0.12212524,0.428825,-0.16420373,0.11834154,0.21786499,0.36124268,-0.21276575,-0.3498607,-0.27591848,0.18275766,0.49797633,0.19144818,-0.16487412,0.29695642,-0.11727409,-0.20792659,-0.08285777,-0.14528084,-0.17547418,0.30543938,-0.12894358,-0.39682257,0.1464676,-0.23865819,-0.23059894,0.17531003,-0.18135694,-0.11321183,0.010543998,-0.07158552,-0.10730437,-0.5857353,-0.0432157,0.40336367,0.15741101,-0.09387532,0.117544994,0.15684026,-0.21051523,0.31429368,0.040768627,-0.07808243,0.39760926,-0.5170827,-0.29395235,0.16040061,0.16852099,0.41169748,-0.5639954,0.21467479,-0.31133726,0.10472495,-0.016254233,0.212475,-0.058843553,0.25275397
SIM-0033-TP,-0.20702106,-0.02036104,0.048196264,0.41917533,0.20823719,0.05109001,0.15995157,0.27153873,0.093634166,-0.25631085,0.15709378,-0.0070785927,-0.0882473,-0.19630949,0.14483306,0.1280002,-0.23889151,-0.27652812,0.4729059,0.21515694,0.7288116,0.85869205,0.59019744,0.6640314,0.7124978,0.9482064,0.35379913,0.45206618,0.40094534,0.92041016,0.6819023,0.47803634,0.6517505,0.5491794,0.3484971,1.0222185,0.669795,1.027993,0.34493607,0.8331996,0.34650457,1.3184762,0.2747662,1.156133,0.70217466,0.66144496,0.14733522,-0.23450582,0.19627702,0.21458474,0.002977987,0.062513046,0.4824113,0.16279444,-0.19555141,0.18763325,-0.13448349,-0.18288781,0.12816194,-0.25234005,0.0115985805,0.16843808,0.4774276,0.15958357,-0.36749214,-0.32844695,0.4315862,-0.15856352,-0.37911636,-0.2511923,0.1985326,0.028209938,0.16183364,-0.00825142,-0.27571338,-0.44681242,-0.20864682,0.030441925,-0.29588792,0.24572551,-0.2500171,-0.41299257,0.00016543496,0.1901806,0.37314013,-0.4029493,0.35592246,0.04633332,-0.15525109,0.17020318,0.33884624,-0.41976717,-0.107732974,-0.13616876,0.15649703,0.36500737,0.018350001,-0.073047146,0.11134021,-0.05861924,-0.54238755,0.12925687,0.24641895,0.26842412,-0.2889986,0.15178953,0.38319185,0.63265425,0.11973308,0.24596524,-0.24815618,-0.28084987,0.24683292,-0.5089712,0.038837157,0.35764974,0.17814657,0.17651734,-0.012367729,-0.1024717,0.53869385,0.30841103,0.21156423,0.0069614253,-0.14602984,0.26990882,-0.07672078,0.019676492,0.15392312,0.05236665,0.38749865,-0.32998896,0.016834144,0.5345161,0.22426336,-0.049261037,0.1997052,-0.011934503,0.36659288,0.20531327,-0.21662916,0.059590425,0.10465642,0.117027126,0.07968736,0.14118618,0.10475635,-0.18029696,-0.11411872,-0.06354156,0.023882657,-0.06272515,0.2757201,-0.24003205,-0.4336572,0.49171105,-0.20437576,0.27509436,0.15214743,-0.1955656,-0.033242684,-0.07048851,0.08909498,-0.19185682,-0.044129077,-0.009312989,0.2754552,-0.10277829,-0.24391322,-0.13617857,0.09175733,-0.44289735,0.2993288,0.0049128747,0.10830402,0.05479609,-0.16684045,-0.2705497,-0.1751197,-0.37650737,0.087063245,-0.040688314,-0.38358057,-0.15412648,0.1630339,0.32325572,-0.32097092,0.5403472,-0.23985334,-0.42619073,0.43936414,-0.26020902,0.3809582,-0.16622402,-0.07327614,-0.3262783,0.31935972,0.2850182,-0.16512239,-0.018721625
SIM-0034-TP,0.1655232,-0.11785351,0.34105527,-0.026462868,-0.12987003,-0.39570877,-0.32342818,0.14713734,0.058861956,0.20392749,-0.14071205,-0.410326,-0.124078095,0.5094811,-0.24120608,-0.009106983,-0.6033923,-0.12996852,-0.103483826,0.082961604,-0.079486795,-0.37964582,-0.16597691,-0.050993145,-0.24904187,-0.21271585,0.2512956,-0.15621948,0.10998877,-0.044240057,-0.30749115,-0.08324129,0.07274644,0.43419537,-0.193061,-0.021311803,0.2272707,0.31513095,-0.16222836,-0.038948182,0.27817398,0.12786277,0.25836104,0.29285574,0.13843058,0.03588668,-0.1677437,-0.061053377,-0.04446524,0.29974893,0.04408551,0.046452582,-0.24850896,0.30112043,-0.19183336,-0.07118091,0.3273518,0.22165209,-0.2124444,-0.26970607,-0.050932568,-0.14410235,-0.36685234,-0.18832354,-0.6870118,0.22599372,0.21025927,0.3524229,0.08830987,-0.11207515,0.25585076,-0.17536552,-0.33163133,-0.036806773,0.10276208,-0.2029901,-0.2618768,-0.1042109,0.10297714,-0.036357336,0.6591243,-0.034017485,0.18766132,-0.3621878,0.14672321,-0.11558747,-0.0023050557,0.421701,-0.09306616,-0.32700396,-0.28802568,0.04322328,0.029665755,0.01927442,-0.32138142,0.50658756,0.36612764,0.032580927,-0.38028204,0.39611384,0.28420576,0.025703657,0.29969218,-0.12358057,-0.24006493,0.039342184,-0.38818553,-0.2775328,0.13596863,0.05999574,-0.34541547,-0.10224907,-0.33451724,-0.12214218,-0.14946958,0.24805741,-0.03919919,-0.060813952,-0.098108605,-0.43015575,-0.024660395,0.12070727,0.0578987,0.17315322,0.18532284,0.5495217,-0.2821841,0.05868048,0.0866963,-0.079949334,-0.15812393,0.12469292,0.10069884,-0.26326936,-0.4493993,-0.12290016,-0.1683583,0.15068224,-0.23099515,-0.04440392,-0.4267276,-0.38787216,-0.19237152,-0.062632844,-0.20495413,0.035683755,-0.42531604,-0.053757593,-0.05086514,-0.36196187,0.057096984,-0.54225653,-0.17130113,0.1968722,-0.5562645,0.16775319,-0.29148594,-0.1476118,0.35164,-0.1567332,0.40344182,-0.076316684,-0.021153545,0.21056494,0.13601685,0.038523283,-0.115831025,-0.38771656,-0.37554595,0.3282908,0.42485958,0.03239447,-0.44342282,-0.19306897,-0.20547344,-0.13894476,-0.22117475,0.13014872,0.061848376,0.3950157,-0.097288355,0.050045576,0.18528207,0.25541788,-0.30872628,0.10121099,0.036664583,0.07569909,0.014909143,0.42821795,-0.22270964,-0.23750088,-0.20524323,-0.07254965,0.073329255,-0.11403557,0.25157803,-0.00087546866,-0.024094023,-0.3325605
SIM-0035-TP,0.4552725,-0.011862893,0.40927625,-0.1555661,0.2076558,-0.14065573,0.45476052,0.2801929,0.2123845,-0.1811789,0.47666502,0.5094941,-0.0949107,0.040415723,0.23170288,-0.4930448,0.28646755,0.2559185,-0.140786,-0.54807866,2.4933395,2.1266284,2.0129929,2.502721,2.739533,2.355311,2.7063289,2.5760777,2.0667465,2.2715132,2.679861,2.2694783,2.6148207,2.3075066,2.5903578,2.5173202,2.347971,2.5833077,1.8700756,2.1386263,2.294137,2.7032194,2.0485005,2.4013717,2.489402,2.4719296,-0.024646837,-0.15514597,-0.06166764,0.24369133,-0.17207597,-0.5398353,0.11654348,0.37396023,-0.26280424,0.3401877,0.13016683,-0.28909132,-0.1759325,-0.1868841,0.042257614,-0.045320556,0.27639204,0.21234299,-0.38632244,-0.3547401,0.15356937,-0.12885828,-0.043718945,0.1366396,0.2146182,-0.30834612,-0.55540234,-0.028286643,-0.21371046,0.016562609,-0.022152806,-0.24385266,0.5217158,0.004250329,-0.14343879,0.025358442,0.13246962,-0.15813471,0.58006406,-0.38064587,-0.36326477,-0.39983353,0.00097279897,0.11823871,-0.082614474,0.117493816,0.11413929,-0.09019088,0.1068505,-0.049111515,-0.10225595,-0.12462725,0.05826124,0.30444777,-0.30125788,-0.12007479,0.04066664,0.43921494,0.10792295,-0.20317625,-0.2309744,0.24627377,-0.07840793,-0.3077275,0.2534507,0.07704615,-0.29853684,-0.33508188,-0.54190964,-0.15559424,0.07614486,0.24013841,0.10623577,-0.32620692,-0.07092649,0.35734382,-0.12802652,0.19221756,0.16133687,0.18995424,0.10779871,0.1891835,-0.3703881,0.37883264,-0.45164463,0.07795157,-0.012113278,-0.15640813,-0.24379006,0.13743742,0.2003345,-0.025768617,-0.07231231,0.32035697,-0.10542712,-0.0105454605,-0.050901685,0.6176984,-0.2099943,0.20785743,-0.42483762,-0.23948157,-0.07730265,-0.03273971,-0.06860561,-0.02485215,-0.17225689,0.32189292,-0.25010553,0.18611385,0.16940533,-0.23695956,-0.09174852,-0.00062134,0.4188541,-0.092293605,0.90590733,0.19196911,0.08587486,0.22105324,-0.42964515,0.2929693,-0.330704,0.21741483,-0.14813232,-0.19981688,0.44312742,-0.024914134,-0.38276413,0.24369651,-0.30516317,0.340187,-0.0040519633,-0.31845695,0.20533343,0.13029774,-0.53084046,-0.015853956,0.074713886,0.06013199,-0.04618355,0.18624537,0.14223531,0.00778623,-0.059089974,0.03702933,-0.15092464,-0.2556253,-0.28095046,-0.025003158,-0.21443337,-0.039700046,0.33252382,-0.051766116
SIM-0036-TP,0.03454207,-0.057177313,0.3266267,0.414448,-0.11738254,0.1819497,0.52278686,-0.2901588,0.24508111,-0.43518022,0.0074061076,-0.035020355,-0.42675352,0.27230737,0.036908865,-0.23181286,0.08214527,0.22595866,-0.4421948,-0.7870779,-0.010497299,-0.19207193,0.33462182,-0.092604764,0.0773594,-0.046744693,-0.3864885,0.007629397,-0.33154824,-0.34378144,-0.27439454,-0.29633147,-0.05261521,-0.09799807,0.07103533,-0.39354634,-0.062923305,-0.12033339,0.05035059,0.06234,0.039070178,-0.2475678,0.0061726375,-0.12830065,0.32855007,0.027579457,0.019844843,-0.3202239,-0.14760055,0.06469867,-0.019682458,-0.022380268,-0.43842572,-0.2035186,-0.06873036,0.30042058,-0.4727691,-0.2610211,-0.47455314,0.0813521,0.2965393,0.09012997,0.14430472,-0.25800887,0.09235777,-0.19311681,0.014936956,0.12560563,-0.072981946,0.20504116,-0.04089801,0.068406574,0.472743,0.12437208,-0.18734643,-0.12011896,0.21827482,0.26067656,-0.0091141565,-0.38177025,-0.23756337,0.045186263,0.14509456,0.25119275,-0.50804776,0.21786746,0.35675186,-0.59838957,-0.0013275474,0.18944414,-0.35285598,-0.12485248,0.14005196,-0.1306817,-0.090907596,0.05520178,-0.29244983,-0.26672354,0.1170994,0.23723528,0.099630125,0.34030882,0.1049194,0.46175805,0.016447391,0.06317361,0.10080069,-0.15700847,-0.19401705,-0.22502112,-0.13893272,0.5176884,0.45536986,-0.081982,-0.1051331,-0.5367134,-0.24856515,-0.20233421,-0.109921075,-0.1424205,0.05368971,0.19373721,-0.18194911,0.35923153,0.08641673,0.22207004,-0.10988671,0.13661504,0.11337761,0.36689633,0.16317323,0.21342713,-0.13225277,0.29898077,-0.31903854,-0.14325997,0.0703253,-0.28817657,-0.23079482,-0.23066986,0.09466608,-0.039738446,0.24093303,0.47014758,0.067609325,-0.1278695,0.092083275,-0.22392626,-0.015916068,0.6155629,-0.05077406,0.0756627,-0.0403815,-0.10239557,0.12022552,-0.3177273,-0.041546773,-0.33936194,0.3861185,0.24680181,-0.1920429,-0.46395794,0.122592196,-0.010929255,0.56094253,0.3504337,0.15878725,-0.13205963,-0.065398626,0.07552722,0.08875823,-0.17691676,-0.34101516,0.48205674,0.0084646605,0.10604737,-0.21435878,0.34154934,0.26001993,0.015119002,0.052528206,0.071245916,0.024546012,0.13947639,0.094146505,-0.043975666,-0.29214466,-0.006334742,0.18756488,0.16803956,0.32810354,0.3545585,0.1754061,0.0468606,0.08587589,-0.14359319,0.19981924,0.33091864,0.2604069,0.1390901
SIM-0037-TP,-0.060163483,-0.088993005,-0.03994621,-0.1825418,0.06866859,-0.69912785,-0.13469721,0.017036315,0.6254142,0.001106593,0.010319,-0.20838247,0.42988402,-0.20334749,0.50819963,-0.18498558,0.2354077,-0.014174382,-0.14059436,0.25239745,0.33212498,-0.04638235,-0.006046335,-0.10315202,0.056013957,-0.27366558,-0.6733461,-0.46755704,-0.055265453,-0.26747054,-0.029397395,-0.12812008,-0.17659226,-0.16221109,0.24180087,0.05881996,0.39123738,0.025815085,-0.47748762,-0.2609504,0.02878181,0.060494553,-0.14649744,-0.19893482,-0.15199353,-0.03611458,-0.012253277,-0.27446908,0.061563447,0.05925693,-0.02748718,-0.17274792,0.16789313,0.3309053,-0.11205963,-0.15712379,0.11647949,-0.29264614,-0.319141,-0.16221055,0.077370934,-0.22011055,-0.004688194,-0.5023337,0.15419808,0.36011404,-0.2274675,0.11102575,-0.052014146,0.026542049,-0.06147316,-0.075876094,-0.20828372,-0.27321804,0.27484706,-0.41976467,-0.0046712197,-0.016029855,-0.011731371,0.1662167,-0.09268461,0.16325031,0.49646938,-0.038052928,-0.50799465,-0.035636608,-0.060188223,0.10050421,-0.49851727,0.08112432,-0.10535634,0.200684,-0.12961379,0.21699628,-0.37768206,0.0044457787,-0.24295767,-0.12202815,0.68002164,-0.2373924,-0.09314885,-0.28593537,-0.076748855,-0.03749021,-0.18364309,0.39409143,0.28879228,-0.2367021,0.20417696,-0.120022275,-0.3073278,-0.17946362,-0.31399137,0.23529701,-0.2190984,0.32203326,0.035218127,-0.10089384,-0.12552434,0.4381606,0.0025766478,-0.1260843,0.21336046,0.14638701,-0.24702314,0.0013115777,-0.45217305,-0.008362842,0.078551106,0.11196626,-0.24986765,-0.1846376,0.061848592,0.31262067,0.023016144,-0.13952681,0.24255595,0.032272678,0.04468361,0.19942851,-0.024075741,-0.23335642,-0.038646277,0.27803433,0.47316837,-0.30468428,0.40931255,-0.09172604,0.005114453,0.42496735,-0.10242595,-0.06859923,-0.16069709,0.009468221,0.07794035,-0.1717688,0.36259013,-0.1868319,0.124599196,0.006636337,0.3109306,-0.20098278,0.14313322,0.60527,-0.3604036,-0.22514653,0.5209932,-0.033541404,0.028398272,-0.08306631,0.41354594,-0.40339965,0.3092584,-0.3693769,-0.39173722,-0.27174318,-0.031959258,-0.17857967,-0.19340569,-0.2318967,-0.22757278,-0.23321065,0.058715355,-0.15897632,-0.6662997,-0.00932324,0.1873544,-0.06970371,-0.3151975,0.18625824,-0.34313586,-0.08029406,-0.0054648775,0.2697894,0.14443374,0.05960871,0.2326489,-0.28950068,0.3949928,-0.76625913
SIM-0038-TP,0.35694233,-0.21031414,0.09504479,0.36211586,0.14023614,0.09310466,0.21658191,-0.3699849,-0.3324866,0.06783932,-0.04940195,-0.07820247,0.30955002,0.28787026,-0.23018378,0.110605024,-0.3910803,-0.3970936,-0.22321184,-0.013242803,-0.16326448,0.112803705,-0.003833166,0.27852225,0.13640963,-0.25963256,0.22515614,-0.21548846,0.10286744,-0.123072125,0.33102012,0.1827963,-0.17315511,-0.09650349,0.81732833,-0.31523794,-0.17997806,-0.16775402,-0.28973314,-0.2634634,-0.027166324,0.11913324,-0.39828625,-0.12535997,-0.20099679,-0.29262128,0.24894679,-0.19125363,-0.3424732,0.22003731,0.31281015,0.059413996,-0.23521233,-0.06941582,-0.16375907,-0.012347822,0.17897752,-0.0063069286,-0.0008818758,-0.12827112,0.16621628,0.09207152,-0.4595473,-0.4453713,-0.0829113,0.2426681,0.29166198,0.19073719,-0.03766691,0.36622548,-0.18062384,-0.0852556,-0.3552334,-0.086334154,-0.21543029,0.3844677,0.33525014,0.015819918,0.11673641,-0.1510512,-0.63416284,-0.19061613,0.1869907,0.10953923,-0.09801776,0.18487564,-0.117706776,-0.285403,0.18489799,-0.15295541,0.256653,-0.49941647,-0.14238587,0.14929412,0.123466246,-0.0552855,0.07183042,0.03503977,-0.37225917,-0.0909053,0.056847744,0.12655455,-0.016280474,-0.13799019,-0.33362427,0.18819517,0.16071193,0.24680845,-0.2695927,0.030503033,-0.17306657,0.011612228,0.72666556,0.22591153,-0.1889094,-0.06315712,-0.090520404,0.030977046,-0.38098678,0.080925524,-0.52940315,-0.41817626,0.50041866,-0.09019024,0.35656145,-0.20254081,-0.52537674,-0.26267007,0.67199993,-0.35267043,0.4441216,0.08630347,0.02995878,-0.18714927,-0.22530319,0.14102364,0.32981893,0.0490727,0.18489215,-0.10639745,0.5432712,0.059646677,0.5083002,-0.24130064,-0.011252675,0.26787385,0.035503548,0.12943421,-0.2444447,-0.101373374,-0.21883066,-0.021381797,-0.04710003,-0.13226023,0.1580866,-0.2662932,-0.53729796,-0.14289305,0.5381008,0.12747452,-0.21156034,0.11125886,-0.033536933,0.096906595,0.22018334,0.04837836,0.030136991,0.37162542,0.13491684,0.048709605,0.010553505,-0.1414746,-0.3113841,0.16759981,0.31914687,0.1069585,0.14148347,-0.22177392,-0.14904866,-0.32045442,-0.062379748,0.2458011,-0.1743566,-0.018665615,0.17561328,0.30203095,-0.41175836,-0.11917171,-0.18456969,-0.21917517,-0.0957401,-0.48687074,-0.09190008,0.008752699,-0.26078352,-0.12042761,0.004889343,0.029954627,-0.40860516,0.17506395
SIM-0039-TP,0.18107627,-0.1856094,0.41948703,0.11395744,0.07781827,0.17076614,-0.25824872,-0.088359155,0.1544001,-0.1994462,-0.08811026,0.15025558,0.0774626,0.005232608,0.015643267,-0.043721616,0.21319386,0.5225159,0.07316796,0.32050604,-0.109176725,-0.1703921,-0.19704758,-0.22958599,-0.07338381,0.22152723,0.2507338,-0.12741314,-0.08098093,-0.0005111325,0.05852365,0.14667721,-0.09978649,-0.05010591,0.33867162,-0.06964659,-0.14365326,-0.02138352,0.019537222,-0.38521972,-0.11091996,0.10499114,0.5011247,-0.13222139,0.19121982,0.04480155,0.29000306,-0.15471259,0.2757968,0.3505181,0.36115256,0.35685197,0.04771689,0.14623645,-0.10489451,-0.55573267,0.06396865,-0.04024885,0.24076588,0.21549419,-0.2655416,0.5847891,0.09703363,-0.32104197,-0.28603137,-0.5444392,0.19091146,-0.13171655,-0.21009663,-0.16099197,-0.07515277,0.14391418,-0.41111574,-0.26745003,0.11625847,-0.14851925,0.1455711,-0.124365896,0.3937032,0.052167486,0.3065666,0.12944062,0.14457011,-0.18810506,0.29184538,0.05394014,-0.23844945,-0.5274978,0.03498494,0.37696823,-0.22678675,-0.23520175,-0.079064935,0.27530926,-0.45919693,-0.16254482,-0.2514402,0.14052531,-0.035678845,-0.08664497,-0.045020115,0.19620617,0.28040057,0.2561574,0.1438516,0.34597626,-0.23290353,0.09692006,0.5871471,-0.45918465,-0.13355814,-0.25896072,0.07217981,0.35945797,0.13437675,-0.054329388,0.13641971,-0.072429724,0.048585426,0.15465297,0.4382056,0.11235847,0.054423932,0.50885046,-0.4889916,-0.02300392,-0.18532033,-0.059602253,0.15099369,0.24516572,-0.13010028,0.16728294,-0.22441119,-0.32012185,0.017714279,-0.054634858,0.37263343,0.53211266,-0.15213749,-0.45288196,-0.34179345,-0.20892455,0.051826354,-0.065297976,-0.31462762,0.4465345,0.16571471,0.43975484,-0.45027307,0.31816944,-0.03725698,-0.09795931,0.0060824133,-0.17487408,-0.03574868,0.23660564,-0.49075273,0.37432823,0.09809771,-0.027554385,0.23390338,0.0909536,-0.11997763,-0.19321416,0.3748875,-0.36975604,-0.049226657,-0.35260442,0.12194691,-0.02426146,-0.31238008,-0.21724959,0.011102003,0.071269,-0.48429257,-0.17635633,0.040113237,0.30245602,0.20981516,-0.113739915,0.24977346,-0.078766726,-0.78059787,0.36021897,0.11441376,0.047013506,0.002056165,0.07567916,0.001826053,-0.072278306,-0.16327578,0.019237999,-0.22031853,-0.28561795,0.067450054,0.24499896,-0.19904882,-0.15556146,-0.42396387,-0.32904378
SIM-0040-TP,-0.31959197,0.24356672,-0.43409258,0.11479445,-0.06630105,0.15132567,0.2915462,-0.007484947,0.2834332,0.38746366,0.33658645,-0.16804677,-0.49236,-0.031211391,0.04459752,-0.48835057,0.015271068,-0.64318466,0.38645083,0.11935508,0.5695684,0.80573475,0.8366058,0.89478856,0.79140896,1.0103061,0.45709676,0.74176776,1.2207247,0.68612456,0.8344067,0.52524835,1.3132756,0.84538066,0.45938158,1.0466517,0.5057544,0.9450095,1.0315536,1.2807295,0.8300208,0.78627133,0.26733345,0.6598923,0.5954945,0.72887135,-0.13002166,0.196552,-0.13989054,0.118882984,-0.02888248,-0.15568517,-0.17839777,0.058246955,0.34268275,-0.18270957,0.011884695,0.120959625,-0.0049534733,-0.4400502,0.11975681,-0.37660143,-0.3731454,-0.326175,-0.040448945,-0.24090275,-0.35886052,0.09499557,-0.0067388094,0.18941441,-0.18237726,-0.015893403,0.20008168,-0.32834017,-0.16539729,0.24819764,0.004890229,-0.037640475,-0.009647271,0.30575585,-0.0060176635,0.011390867,-0.004186085,-0.40398252,0.12565358,-0.20528771,-0.315552,-0.43661377,-0.3846922,-0.5673341,-0.2562676,-0.10866166,0.2653141,0.015180108,0.063374184,0.3198464,-0.7128063,0.097916484,0.07872519,0.20591211,-0.44907346,-0.14350344,-0.23274611,-0.32197315,0.57816195,-0.14151339,0.23180795,0.17642416,-0.36005038,-0.13128376,0.015067943,0.09886666,0.08267565,0.43828526,0.22760098,0.1642334,0.24207264,0.33819625,-0.1557548,-0.3948829,-0.15165973,-0.34340855,-0.24574421,0.024952628,-0.138362,0.16201827,0.07590154,0.091186464,-0.31623966,-0.21939807,-0.47749332,0.1420097,0.48053825,0.044700958,0.06692372,-0.13289839,-0.05414122,0.31866407,0.02268777,0.15982528,0.3252035,0.2751121,0.008083076,0.026456753,-0.0965803,0.12473181,-0.10333079,0.08752766,0.25957268,-0.42152917,-0.46436945,-0.0111648915,0.16721126,0.07172056,-0.30272794,0.22492725,0.47707257,-0.21717098,-0.18125556,0.0064057,-0.031439114,0.30076954,0.07089757,-0.07289982,-0.14742331,-0.38189393,0.34237653,0.15691121,-0.022621175,0.027184267,-0.02691553,-0.44138595,-0.35530633,-0.051061742,-0.055297747,-0.003031272,0.42438605,-0.071584806,-0.1906892,0.01325223,-0.3492132,0.03889154,-0.18120618,0.056263387,-0.04506269,-0.03537349,0.15662718,0.18359694,0.508284,0.17357703,-0.061243296,-0.1581561,0.08671466,0.36535916,0.21407211,-0.17807396,0.11314711,0.055503484,0.2622777,0.07535216
SIM-0041-TP,0.066005036,-0.29531437,0.1980145,-0.34764853,0.02239938,-0.13769285,-0.15244132,0.1456485,-0.0008057055,-0.59835505,-0.049461607,-0.097081125,0.31435788,-0.3106,0.47923186,0.21417998,-0.0695073,-0.104717165,-0.15956752,0.07984125,-0.196964,-0.029334515,-0.2716499,0.17819194,0.04236849,-0.116993695,-0.06043771,-0.17322081,0.07832346,-0.31376562,0.22548836,0.043323975,-0.11216179,0.14692333,0.097154126,-0.26140723,0.32684296,-0.6241382,0.27238527,-0.040786296,0.24763714,0.3601049,-0.106865644,-0.095116116,0.078657545,-0.28341043,-0.082919635,-0.10414632,-0.29653844,-0.11728645,0.18826151,0.17021841,-0.04430174,0.015593641,-0.076049104,-0.44034153,-0.25417456,0.23974746,0.29930803,-0.21458192,0.279772,-0.30017355,-0.12928514,-0.029701617,-0.06829371,-0.1730428,0.031684816,0.19411361,-0.36343858,0.03155478,0.24122891,-0.1031839,-0.1367192,-0.21270555,0.5000886,0.3732986,-0.07372062,0.29507032,-0.131525,-0.038902268,-0.26498812,-0.46077865,-0.14504445,-0.10625426,0.106644966,0.1637348,-0.030674517,-0.24778435,-0.16448578,0.39777544,0.15728652,0.35571066,0.4442414,-0.16436669,0.205044,-0.22554764,0.25832585,0.20695755,-0.52851826,0.10069324,-0.21414283,-0.08510163,-0.16492343,0.22698617,-0.17087615,-0.31975785,-0.20189105,-0.053630095,0.10255931,0.2989669,0.12839994,0.14594825,0.18462248,0.20433676,0.2583474,0.62627107,0.2002166,0.0716271,-0.11630331,0.077485785,0.28846923,-0.30456746,0.31464604,-0.10668546,-0.05798179,0.13044675,-0.13167639,0.11470323,-0.28804034,0.21899016,0.04899356,-0.0009185067,0.06867419,-0.0050370125,0.11038918,-0.051816914,-0.0727141,-0.44199112,0.3412174,-0.2907552,0.40386403,-0.0605834,0.30438069,0.26055664,0.24055731,0.011609132,-0.2986634,-0.045506082,-0.07861999,-0.025542071,-0.30692413,-0.07157147,-0.7306645,-0.07507633,0.03144936,-0.19547823,-0.06753682,0.040643543,0.25320223,0.26365787,0.0763462,-0.0073470823,0.08879368,0.44998807,0.12537088,0.065156795,0.26822197,0.012011002,-0.21334219,0.114790246,0.042585324,-0.054649513,0.13593382,-0.45313764,-0.13516448,-0.21967213,-0.19371316,-0.03849513,-0.22750421,0.41924134,0.11291666,-0.19859274,-0.4351087,-0.14586073,-0.082427405,-0.15873751,0.63562155,-0.4135496,0.012758527,-0.03248312,-0.06228288,-0.4848474,-0.010693422,0.04510112,0.17742337,0.12080236,0.30456263,-0.5115534,-0.05874311,0.6261265
SIM-0042-TP,0.2650231,-0.3633584,0.022034213,-0.26185235,-0.10788439,0.49991503,0.23962358,-0.3799867,-0.19130532,0.00020359238,-0.06608278,0.07830715,-0.1935907,-0.091555655,-0.19650048,-0.09190578,0.17597573,0.07418569,-0.17532554,0.2830751,0.26593396,-0.00027896962,-0.06451657,0.44063482,0.4017298,-0.37874046,0.2985734,0.4309472,0.16416003,-0.116730236,-0.08642141,0.4276542,0.20885655,0.13681322,0.5831953,-0.25192693,-0.02268722,0.04749947,-0.052896693,-0.4600911,0.25096768,-0.18780297,-0.19228308,-0.08976236,-0.05755731,-0.030376367,0.24092777,0.29221153,-0.064835355,-0.14953567,-0.032102637,-0.2234156,-0.0070905313,-0.23653154,0.53180546,0.031979192,-0.1344572,0.1764654,-0.3080143,-0.17789014,0.10594782,0.033844665,0.26218984,-0.68239695,0.20453164,-0.13584106,-0.29256374,-0.4307863,-0.13891824,0.39749464,0.24227749,0.4085919,-0.028456949,0.02669616,-0.39481986,-0.39486554,-0.03663761,-0.34404573,-0.2143026,0.010817299,0.31808516,0.002460925,-0.34007955,-0.45545056,0.029977186,-0.15727076,0.029038992,-0.0510432,-0.017610941,0.30039456,0.26340774,0.09221145,-0.22379777,-0.13781178,0.19081213,0.32534993,-0.31843042,0.3818819,-0.19493638,0.16719718,0.7002647,-0.3974266,0.12630102,-0.078487545,0.11181066,-0.1547433,-0.619866,-0.18845353,0.08675091,0.33730385,0.10138481,0.36818933,-0.12335924,-0.14369605,0.08576934,-0.093751475,0.2806262,-0.3513971,0.21567468,0.30200687,0.09127202,0.22818112,-0.1622979,-0.20785384,0.08804996,-0.18055615,0.07512783,0.0753996,-0.016851798,0.070574656,0.15867363,-0.025006574,-0.11921684,0.20566508,0.06831872,0.11276893,0.14564472,0.037137404,-0.08604941,-0.15420975,-0.02211236,0.120438,0.13210274,0.035975717,0.0880479,-0.27615967,-0.11610345,0.16772617,-0.20836233,0.035319403,0.012891478,-0.028466798,0.16969828,0.056797188,-0.2993669,0.12903927,-0.12677732,-0.34097013,0.18556385,-0.29646012,-0.08867002,0.07337543,-0.018325856,-0.15607111,-0.2484305,-0.1900205,-0.26935995,-0.031622026,-0.13634183,-0.3446894,-0.07230453,-0.16080467,0.067026585,0.0905284,0.33549166,0.16194533,-0.27206245,-0.5432668,-0.37968636,-0.1256331,-0.40199178,-0.15402985,0.008064584,-0.1407944,0.069686815,-0.15212582,-0.19048922,0.42700192,-0.008258394,0.028004264,0.21106076,0.21926264,-0.091518536,0.26149005,-0.11221777,0.25406125,-0.3084531,-0.07668495,0.055649772,0.090198256
SIM-0043-TP,-0.21090138,-0.41219002,0.11507695,-0.05167472,-0.09768748,0.4136006,-0.0732528,-0.12923224,-0.4500328,-0.27070025,0.21895474,-0.18135624,0.1571273,-0.32312557,-0.21729918,-0.22367795,0.1191909,-0.052977256,-0.2776587,0.17862076,0.12357463,0.085107855,0.07381085,-0.21349134,0.31464493,-0.025259601,0.06700209,0.09572968,-0.23622505,0.47409785,-0.0067664506,0.008349119,-0.10312952,0.28749314,0.29804274,0.039573383,-0.36645657,-0.04111569,-0.016247591,-0.11291132,-0.24583262,-0.38855958,0.3677857,0.1853992,0.0086127315,-0.16244325,0.090027556,0.051032633,-0.10028767,0.09742194,0.1280962,0.17183906,-0.2220341,0.10781472,0.29439244,0.074092135,0.55205244,-0.045098484,-0.4294306,-0.21222372,-0.16732568,0.13964498,0.2079579,0.03402603,0.073148824,0.47876886,-0.2077721,-0.018218432,-0.11310539,-0.29346743,-0.5062307,0.3241283,-0.19104984,-0.06259838,0.10764785,-0.29749838,-0.20860356,-0.005436349,-0.109570295,-0.31897402,0.1517966,-0.11605882,0.034187578,0.014233179,0.24240331,0.08826718,-0.2156494,0.2905515,-0.11832011,-0.20346445,-0.24050598,-0.5858762,-0.15211923,0.099164575,-0.34046692,0.42715028,-0.56016886,-0.19579858,-0.37188518,0.2295183,0.16312395,-0.066509746,-0.35544395,-0.29961583,0.06249691,-0.16903484,-0.14051047,-0.018438833,-0.10314409,-0.43741447,-0.3327236,-0.32666907,-0.1818851,0.022523578,0.012226824,0.29664898,-0.35175657,0.0766039,-0.19665171,0.49387982,-0.026476014,-0.1404003,0.06857537,0.049265966,-0.09498623,0.14848356,0.37759525,0.22954293,-0.037224032,0.4441659,0.12052678,-0.2744302,0.01372773,-0.054188468,-0.13534853,0.07859274,-0.46975273,0.40078035,0.1529844,-0.4603484,0.15002102,0.11081688,0.36632472,0.43101037,0.47313344,-0.06944736,0.13520391,-0.12009536,0.24460727,-0.54036194,-0.31885058,-0.1084681,-0.015053103,0.04086872,0.31858838,-0.16251871,-0.32303762,-0.096886374,-0.15151447,0.13830255,0.3812504,0.35875183,0.27236068,-0.14238814,-0.04043545,0.10615275,-0.19265611,-0.16936676,0.093618155,-0.34110796,0.27315116,-0.10038087,0.13513842,0.05170364,0.31354743,-0.5320455,0.31511033,0.30952707,0.0703068,0.13032709,0.1490942,-0.22527286,0.013535125,0.22250417,-0.44690466,0.11775771,0.02176622,0.15683745,-0.3179791,-0.18591397,-0.34903434,-0.35172108,0.20772637,-0.14722054,-0.16559298,0.27265462,-0.08587193,0.24093144,-0.2623451,-0.086565994
SIM-0044-TP,-0.22641848,0.13697302,-0.051729538,0.18278067,0.038214177,-0.486492,-0.06601826,-0.3838569,0.08662596,0.1387955,0.16472703,-0.030714538,-0.40802592,0.05239552,0.101786084,-0.04563616,0.021371676,-0.47198159,0.016558044,-0.027096612,-0.30318224,0.13206771,-0.12356667,0.05727965,0.122010216,0.08220023,-0.33519596,-0.09602606,0.53236526,0.34888372,0.20863,0.06858126,-0.24701358,-0.040571492,-0.105609834,-0.021173332,-0.3616203,0.23862457,-0.6716196,0.21427734,0.21905719,0.58170944,-0.062447418,-0.12999694,0.030086562,0.13995464,-0.022557627,-0.2957625,0.13963304,-0.00016430595,-0.2520461,-0.40620986,0.61722916,0.20801088,0.13984586,-0.028744081,0.17249689,-0.26307118,0.04984946,0.06074885,-0.25688428,-0.026111294,-0.1031909,-0.19098793,-0.13471274,-0.4267134,0.26570153,0.39058056,-0.23158166,0.277498,-0.008002975,-0.0025499368,-0.32382354,-0.1394337,0.13320266,-0.24383502,-0.1854225,-0.12702806,-0.8518202,0.08206889,0.15924197,0.09114747,0.23570862,-0.111007415,0.45279688,-0.21119723,-0.05611863,-0.0808061,0.046573512,-0.05989309,-0.025733607,-0.16961813,-0.10962313,-0.55856884,0.20060849,-0.2554957,-0.12266434,-0.26493937,0.14242044,-0.1358425,-0.6108069,0.0701882,-0.18681017,-0.0058423565,0.20804627,-0.24688838,-0.012719815,-0.19291541,0.24666831,0.019739274,-0.0057722493,-0.31022698,0.18754894,0.21927229,-0.19153613,0.038470764,0.14699996,0.5544931,0.097782284,-0.0001024594,-0.038913712,-0.024048338,0.19182457,-0.22050872,0.2331711,-0.3853121,0.16658422,0.23620144,0.20154388,0.06759677,0.09872298,-0.10005045,-0.2812384,0.062429186,0.017245596,0.23092128,-0.035319835,0.03973751,0.07185569,0.14309828,0.23714907,-0.23843376,0.17542596,-0.04514226,0.1606536,0.36961812,-0.52709454,0.3036128,-0.029595546,-0.21386473,-0.10937951,-0.257856,0.12687424,-0.2587025,0.3010814,0.17297913,0.056788854,-0.5090367,-0.33063835,-0.020037886,-0.006418931,0.23495214,-0.7281361,-0.18979271,0.20927094,-0.084305525,-0.1168295,-0.40305907,0.26463097,-0.12124201,0.27342412,0.366439,0.32928294,-0.008104337,-0.12104421,-0.1380734,0.49208552,-0.05297487,0.26329046,0.12060007,-0.102882504,-0.06326079,0.29584965,0.00781582,-0.11345367,-0.20171806,0.08001693,-0.12911537,0.14847201,0.63603747,0.12952346,0.45102602,-0.17870764,0.17099461,0.3139086,0.3449558,0.31981847,0.004145649,0.22247928,-0.25439492
SIM-0045-TP,0.40178084,-0.23803815,0.31353453,0.26088777,0.25929925,0.51639545,0.2631006,-0.33164668,0.14746375,-0.47233897,-0.022782356,-0.105602555,0.15946056,-0.20575237,-0.19824752,0.12529866,0.29369128,0.0006558909,0.5807624,-0.08581732,0.169934,0.08531307,-0.08568867,0.32784846,-0.2225809,-0.5189594,-0.031531576,-0.06421783,0.26570946,-0.3124382,0.13092655,0.10066278,0.08069981,0.26101953,-0.0058629033,0.0130458,0.11256989,-0.025490228,-0.3383185,-0.102620535,-0.06473967,-0.14060114,-0.07912399,0.04490096,-0.06848454,0.2134938,0.21739377,-0.5946952,-0.35828754,-0.60118747,-0.06845352,-0.084000885,0.037744,0.21062993,-0.010685693,-0.1507219,-0.0010788261,-0.12347334,-0.3693364,0.23945159,0.106141895,0.3622314,-0.30925846,-0.40369177,-0.2339899,0.09971466,0.21473809,0.07156979,0.035904627,0.21363398,-0.114857465,0.2641117,0.4962541,-0.26568764,-0.06351459,-0.347459,-0.24129532,0.09813577,-0.42140442,-0.19489652,0.2634073,0.05586204,0.19199988,-0.32338768,0.016930489,0.47168013,-0.16547455,-0.12200462,0.14542489,-0.2249579,0.17931406,-0.4491625,-0.60641146,0.07860936,-0.24495625,-0.14143711,0.21915716,0.15605557,-0.30682772,0.12993182,-0.075053245,0.10427286,-0.005040317,-0.37586588,-0.17828223,-0.6030268,0.046293452,0.09922452,-0.17610617,-0.028927326,-0.24351639,0.31409988,-0.32148868,-0.077758245,-0.32456824,0.058705952,0.25955015,-0.51899594,0.16350462,0.40788734,0.032241113,-0.1686883,-0.009518979,-0.13640448,0.4910748,0.20874935,0.22511525,0.5387602,0.33613595,-0.03034795,0.0063397447,0.5899456,-0.18482198,-0.042906236,-0.2532271,-0.45456314,-0.21993904,-0.21503301,-0.15627563,0.15306659,-0.00297345,0.25275102,0.03774143,0.044764373,-0.07283802,0.486741,-0.10584625,0.22917117,-0.29555118,-0.06086469,0.50189245,0.17126006,-0.34992984,-0.25796467,0.40053374,0.022087403,-0.06881065,-0.19475761,-0.07935095,0.35347202,-0.17500567,-0.15050092,0.14988346,-0.2599249,-0.23374273,0.0015734003,0.007841163,-0.20230708,0.11829462,0.054703254,-0.49337825,0.19512479,-0.14239337,0.20151469,0.51992255,-0.016771493,-0.16121508,0.34469792,-0.20977992,0.47311035,-0.115889475,-0.15673144,0.59147245,0.09075483,0.40549147,-0.006556993,-0.024342049,-0.73129964,0.2529267,0.09631427,-0.027950605,0.14797656,0.009572352,-0.2358483,0.090659656,-0.047673896,0.18526392,-0.07006951,-0.11716553,-0.13604952
SIM-0046-TP,-0.22099684,-0.13063945,0.107975274,-0.18742138,-0.2938564,0.19734888,-0.034540523,0.19200274,-0.05507161,-0.14293903,-0.4358066,-0.2824826,-0.21815917,0.07023618,-0.027247185,-0.2563761,-0.69518656,0.115652144,0.21934636,0.24117103,0.82671463,1.3246198,1.2094179,1.208219,0.9155679,1.0347297,1.5257939,1.4872519,1.0558441,1.1158383,0.51916647,1.3689042,1.2543219,1.1541823,0.9173168,1.0845186,1.4343529,1.1584026,1.7258314,1.2707837,0.838221,0.9652141,0.89046234,1.2823406,1.3563023,1.4969864,-0.083092615,0.11700215,0.32010457,0.3874584,-0.30763164,0.15502979,-0.29825893,-0.1504417,-0.32669762,-0.15523586,-0.36242554,-0.2954876,-0.22614326,0.07577439,0.008473194,-0.41100323,0.6853483,-0.122131206,-0.33231583,0.1456385,-0.0011438511,-0.20316009,0.09765374,-0.16810352,-0.07392295,0.36640605,0.030886272,0.15353,-0.13053185,0.038300395,-0.19270347,-0.20377068,-0.103093736,-0.17362699,0.25950956,0.14478429,-0.5730752,0.4310457,0.16028316,0.2861511,-0.042736318,-0.37351257,-0.33101243,0.42681202,-0.40681997,-0.36140615,-0.10820733,-0.34619355,0.13328502,0.15269913,0.10342207,-0.15353869,0.072190166,0.44589305,-0.35849828,0.27917153,0.20199661,-0.02631598,0.04159258,0.08918041,-0.24413191,-0.4080718,0.22662997,-0.3112277,-0.27328724,-0.12889309,0.07112327,-0.124839015,-0.18099456,0.23819032,-0.08330255,-0.19962579,0.098656215,0.014646452,0.007179854,0.110858604,-0.034361854,0.21117832,-0.35710043,0.31032103,-0.22829857,-0.4091609,-0.19707894,-0.087381266,-0.1837463,-0.24129069,0.25264362,-0.21765836,-0.5644475,-0.087610416,0.51134753,-0.26600945,-0.22491246,-0.10091934,0.38605395,-0.08988118,-0.2558328,0.090768695,0.0721624,0.12166262,-0.26557934,-0.14112118,0.28141704,0.10225351,0.20216781,-0.013526832,0.26409423,0.07328773,-0.13088441,0.18636636,-0.218765,0.38588762,0.25203156,-0.073176645,-0.046242803,0.033090644,-0.043215554,0.32974985,-0.13469103,-0.37563467,-0.06466279,0.18813543,0.2536678,0.028453,-0.15846086,-0.011021462,-0.16379,-0.5763183,-0.21301235,0.12759827,-0.06766544,-0.077137396,0.27670833,-0.24099444,-0.21655326,0.08273493,-0.17796095,-0.17920747,0.38730896,-0.26801053,-0.18312478,0.109722935,-0.012225964,-0.34336627,0.4460043,-0.19856682,-0.061382253,0.109205775,0.5405909,-0.10243517,-0.22985283,0.12443023,0.5220351,0.03398923
SIM-0047-TP,-0.071367435,0.0978247,-0.518843,-0.15375495,-0.45632756,-0.090001754,-0.12824637,-0.65938276,0.04481197,0.15452653,-0.048352182,-0.38210046,0.31630787,0.47428924,0.10004751,-0.088536754,-0.08527305,0.10833464,0.02250004,0.10888229,0.112486176,-0.18454568,-0.20571612,-0.07009686,0.11688131,-0.38985172,-0.057165243,-0.0089975335,-0.121692196,0.35067973,0.308008,0.10388989,0.4426006,0.21958737,0.033528123,-0.119232856,-0.09881247,0.09512838,-0.09294814,-0.37923685,-0.09517169,0.2569009,-0.6435176,0.3507629,0.14351423,-0.058604475,0.07191363,0.24027626,0.008349722,0.23716192,0.21270591,0.043790117,-0.27767807,-0.024439111,-0.51033145,0.11142609,-0.10492463,-0.15381981,0.16387679,-0.31760508,0.028028585,-0.08495104,-0.045103304,0.07107155,0.45585915,0.09962296,0.33956784,0.348869,0.19242,-0.46097633,-0.059914418,-0.27265903,0.71591324,-0.25094488,-0.374311,-0.69259286,-0.25906608,0.030711832,0.27181208,-0.2675431,0.2928689,-0.015922768,-0.121353656,0.043209653,0.354393,0.012777052,-0.2770654,0.1060354,0.1020354,-0.04756897,0.2553861,-0.57228625,0.08926827,0.1960872,-0.36220413,-0.37081516,0.2495321,0.29361352,0.3399424,-0.17324737,0.05026671,0.08331724,-0.42680192,0.039315112,0.03467724,0.18632767,-0.14289172,0.31260934,0.020084504,0.42742968,0.18665223,0.06942437,-0.29547405,-0.3300004,0.40021664,0.21943238,-0.071270704,-0.10420151,0.05547104,-0.33629715,-0.11691967,0.15313452,0.18657659,-0.092022635,0.40006208,0.26124635,-0.19219112,-0.3189534,0.14864202,-0.11251769,-0.16000994,0.055722672,0.17984542,0.19798131,0.013795945,-0.5734774,0.23860513,-0.20151934,0.07709464,-0.030539718,0.561014,0.5144739,-0.11486822,-0.33615944,-0.31660545,0.06789148,-0.1349372,-0.2777812,-0.13091819,0.11279768,-0.019565998,-0.12059714,-0.089220755,-0.040482562,0.05565698,0.07032093,-0.412099,0.041674484,-0.090513594,-0.25344878,-0.09317792,0.2890341,0.20215587,0.024301775,-0.22427455,-0.33990714,-0.23545392,0.0030523879,0.0083209295,-0.16284022,0.21945007,0.096122526,-0.6628196,0.027292963,0.18886878,0.05060864,0.14537685,-0.065868676,-0.016313698,-0.011087648,0.04602017,-0.14477667,0.27312115,0.35569528,-0.1327551,-0.29217598,-0.3363131,0.10124163,0.14695925,0.102292724,0.12378926,-0.1420934,-0.49753755,-0.12432179,0.4134662,0.06619943,0.10613456,0.2261857,-0.21002136,0.055869512
SIM-0048-TP,0.12805106,-0.23312965,0.09096492,0.32384136,-0.10017557,-0.43059087,0.04314853,-0.16413684,0.045271352,-0.21053734,0.015242974,0.3068064,-0.006950075,-0.41228777,0.09393179,0.004976716,0.05330671,0.24329913,-0.13126715,-0.07201039,0.05795023,0.3636462,0.35709092,0.25037473,0.50207734,0.05613309,0.3470442,0.46558422,0.17979239,-0.028076857,-0.10853338,0.35413513,0.7388131,0.16287635,0.42813686,-0.29102674,0.40862498,0.04320532,0.21697584,0.33502334,-0.099889666,1.1017168,0.16397807,0.46705812,0.6884733,0.38860473,-0.3069301,0.025675977,-0.4594103,-0.08274718,0.4192233,-0.35279998,-0.20604281,0.4634015,-0.043559145,-0.22342527,0.09730157,-0.117199674,-0.67899275,-0.34011436,0.5142479,0.08203681,0.36592183,-0.25729918,-0.01375876,-0.04222408,-0.13682309,0.05255853,-0.27869156,0.3023712,0.116813965,-0.043525882,0.033319417,-0.07558853,-0.43088353,-0.24766915,-0.045018226,-0.088201605,0.16189621,0.14009115,-0.13996106,-0.23924641,0.1887064,0.04732299,-0.1553979,-0.28549245,-0.16895871,0.097988,0.42170152,-0.05297752,-0.20824872,0.5393016,-0.09297285,-0.19852732,-0.10182692,-0.11427845,0.3176378,-0.4184332,0.14862809,-0.0027394053,-0.13917357,-0.08397955,-0.06267009,0.022019818,-0.1128316,-0.016377103,-0.194336,0.5454809,0.2523172,0.1221404,-0.11095435,0.20536606,0.0748217,0.029762914,-0.13325563,0.06864512,0.42089018,0.020168275,-0.06592056,0.024808623,0.010947023,-0.13678254,-0.18530244,0.19831555,0.3013357,0.5664583,0.11456541,0.02917725,0.22544605,-0.22700277,0.16064443,0.2596921,0.2560558,0.4168198,-0.14960255,-0.12308577,-0.0537889,-0.2788894,0.13460055,0.16878757,0.14038882,0.03734587,0.2514526,0.14379442,-0.1506286,-0.7374861,-0.082708746,0.009763058,0.011838675,-0.044804115,-0.13420467,-0.21170048,-0.2582414,0.1087393,0.27207178,-0.31280842,-0.015322633,0.1971811,-0.047221474,0.1790016,0.26958683,0.09860011,-0.123919316,0.32876483,-0.06686522,-0.066858016,0.128722,-0.075369194,-0.055953067,-0.09343432,-0.04516556,0.049241357,-0.49317378,-0.024480272,-0.44123992,-0.101649374,0.08452784,-0.08186725,0.17573798,0.08690564,-0.5390185,0.2994862,0.062422533,-0.1423065,-0.117449805,-0.5211641,0.054449003,0.16280098,-0.17000246,-0.22623938,0.035131965,0.29866618,0.2727046,0.20723122,0.50503314,0.23108625,0.28916642,0.021770557,-0.086671375,0.28366905
SIM-0049-TP,-0.24526046,0.10594693,-0.15198071,0.08481311,0.0669754,0.04074462,-0.004429479,0.13313337,0.17320044,-0.34972525,-0.011341699,-0.1045209,0.04853226,-0.10403096,0.3187738,-0.017066045,0.24663672,-0.23804219,-0.07018326,-0.1536756,0.51395226,0.11928719,-0.011675835,0.25913137,0.55580807,0.21309555,0.48192626,0.25370228,-0.022677213,0.6285188,0.5778732,0.40557495,0.42625505,0.36364964,0.157388,0.7420335,0.39037937,0.50594234,0.2908265,0.52625054,0.7018221,0.45718804,0.50567317,0.6350328,0.59236854,0.6765678,0.080217175,0.08008127,0.05984217,0.21618831,-0.10793742,0.1326377,0.57435924,0.089738436,-0.29928917,-0.07253894,0.15519781,-0.16764827,-0.2444743,-0.34481654,-0.052071538,0.40292734,-0.13279776,0.21895802,-0.069762036,-0.096818134,0.12923814,-0.3834252,0.41734198,0.13432932,0.26285383,-0.06446951,0.12409682,0.23320131,-0.022677295,-0.21830085,-0.23578122,-0.10570428,0.056745853,-0.040706813,-0.122353524,0.16950612,-0.115265965,-0.14940053,0.23484486,0.13763994,-0.30625683,-0.33271027,-0.27693367,-0.0076563847,0.2946114,0.36184466,0.18762279,0.47822094,0.050406255,0.27725694,-0.14280134,-0.38902605,-0.07716295,-0.031285614,0.6462168,-0.00010828282,-0.25445232,0.24116202,-0.18989666,0.035885043,0.21932147,-0.23290956,0.37936497,0.28170067,0.088319965,0.43792036,-0.09556216,0.1985418,0.069704615,-0.15946122,-0.15194532,0.50776774,0.2648286,0.22237685,-0.15631713,0.17698623,-0.092008285,0.42450976,0.30322647,0.22983165,0.20444265,-0.021946557,0.12179427,0.38533375,0.11666464,-0.21018083,0.3137367,-0.16985698,-0.0073902668,-0.118418396,-0.6522459,0.043818574,0.5431935,0.079996355,0.7408255,-0.03830445,0.055362053,-0.026057608,0.01508319,0.092499904,0.37757486,-0.20971227,0.002178834,0.15393561,0.3200205,-0.53944534,-0.349593,0.010154039,0.27982405,-0.12016392,0.16724071,0.49446726,0.0025869152,-0.057039794,0.11796428,0.04500658,0.063812315,-0.04521558,-0.0642841,-0.25110745,0.15332247,-0.25993815,-0.2042839,-0.2994644,-0.08153793,0.006482333,-0.27492577,-0.06658056,0.04043239,-0.39233014,-0.18986171,0.4511624,-0.17715724,0.17710668,-0.12687564,0.05002697,-0.19932595,-0.4754385,-0.11024726,0.1104576,0.16956909,0.035757683,-0.19434847,0.23006263,-0.18049262,-0.16517963,-0.24505801,-0.10576003,-0.07389533,0.07332934,-0.33822504,-0.11509043,-0.20014647,0.106892
SIM-0050-TP,0.07563452,-0.25737512,0.12306052,-0.013088934,0.19829437,-0.16153355,0.14761116,0.21624625,0.017230451,0.5244602,0.12286929,0.44070113,0.63046235,-0.4182229,0.2879134,0.12908505,0.060851093,-0.16521491,-0.22282654,-0.26328436,1.1158333,0.6818544,0.22021434,0.29685506,0.053729177,0.8577739,0.5713303,0.6873034,0.5606168,0.7969595,0.4607967,0.6338697,0.6285212,0.26993442,0.3792494,0.4842833,0.6402586,0.9071146,0.5889431,0.53808004,0.6375026,0.52074236,0.5543329,0.93898594,0.5042426,0.6254941,-0.16123906,0.31521058,-0.22784913,-0.01797137,0.24562465,-0.21649627,0.2169706,-0.5122704,-0.27298337,-0.023546936,0.60241014,0.036367197,0.041692268,0.2869312,-0.27158803,-0.75833064,0.43346295,0.15116458,-0.111318596,0.014339555,0.263034,-0.032316424,0.03622155,0.5088341,-0.31088814,0.12930293,-0.30550426,0.39080438,0.07327653,-0.17170686,-0.3751432,-0.08754852,0.046406925,0.2896078,-0.27340284,-0.20615524,-0.1242596,-0.19379632,-0.12863831,-0.23629299,0.10428493,-0.12073468,0.0027017961,0.07607606,-0.34485137,0.14840658,0.052363403,0.052621473,-0.03332625,-0.06739445,0.013452038,0.0239259,-0.29504493,0.39382488,-0.17393994,0.016676802,0.29130083,-0.08544447,0.05924375,-0.5478088,-0.49545112,-0.006396017,0.047366776,0.27653155,0.2002894,-0.398012,0.31706652,-0.2976413,0.21569507,-0.11292808,0.6789495,-0.14758725,-0.01850762,0.03957577,-0.060628735,-0.24929203,0.55102557,-0.1526661,-0.16162342,-0.027349811,0.04831223,-0.17121534,0.23837228,0.03818177,0.005023983,0.13952452,-0.21214978,-0.1462587,-0.0055120704,0.2324803,-0.06097007,-0.07927502,-0.52710205,-0.17337915,-0.41263634,-0.3503668,0.0914427,0.8297139,0.048558358,0.08318874,-0.19012627,-0.2621,0.5140356,-0.20134257,-0.49997008,0.06138952,-0.10744118,0.14896348,0.39190555,0.09224909,0.056729086,0.16490413,0.6761759,0.5696261,-0.07899038,0.23745047,0.44652167,0.17335787,-0.016582651,-0.12445814,0.02465583,-0.28495556,0.22383355,0.34773093,-0.09923651,-0.11263433,-0.26403266,0.11673505,-0.0027186002,-0.3608478,0.72872865,-0.44457483,-0.35994765,0.23488031,0.16427489,-0.1785758,-0.19468094,0.1144715,0.094530806,-0.17597581,0.24846606,0.14296485,0.3341204,-0.012455853,0.20254785,-0.057068195,0.13527016,0.089455314,0.21202423,0.12987426,-0.47221163,-0.15663278,0.020793233,0.11659295
SIM-0051-TP,0.20621535,0.13717182,-0.17617291,0.22952925,-0.20226106,0.3158139,0.3324927,-0.0025253787,-0.16200717,-0.1740118,-0.27349883,-0.23065557,-0.04511389,-0.13985574,-0.40247673,-0.120892644,0.023222506,-0.08477805,-0.22372925,-0.5977974,0.78841215,0.49214888,0.58222765,0.54725766,0.6263947,0.56219864,0.52670497,0.69287646,0.7465229,0.84787655,0.294074,0.5644103,0.10070786,0.3817004,0.45280755,0.6872797,0.47260407,0.67025435,0.41577804,0.35762656,0.30151543,0.67473364,0.4074542,-0.10457033,0.6609881,0.2697353,0.048297707,-0.28227788,0.0036829212,-0.7176027,-0.008421503,-0.2187922,-0.3169338,0.19104531,-0.029668655,-0.06102748,-0.18107662,0.22364219,-0.10868397,0.37193498,0.307392,0.35632506,0.24200322,-0.15156688,0.0131124845,-0.05076664,0.20954187,-0.0026490015,-0.060810793,0.4145072,-0.081855625,-0.15610954,-0.10048687,0.2678084,0.046946097,0.114613555,0.058999054,-0.5482246,-0.26720262,-0.06969202,0.07868683,-0.24607643,-0.25378525,-0.078074634,0.33157024,-0.53821665,-0.6628878,0.4338364,-0.38259578,-0.101330616,-0.37519005,-0.075641766,-0.03403148,0.40266666,0.18016872,-0.320781,-0.47699285,0.12491983,-0.12990306,-0.18077579,0.2961958,-0.4391105,-0.09157826,0.1576943,-0.29507613,0.3245263,-0.25291437,-0.017604226,-0.17332724,-0.68502766,-0.10514684,0.1980681,-0.25863436,-0.15705197,-0.12911437,0.13401608,-0.08993693,0.0057919337,0.0090587195,-0.13085735,0.42240572,-0.2563239,0.17574193,0.31895086,-0.03457533,0.015210814,0.13259135,-0.09281418,-0.47402373,-0.06234329,0.41145048,0.14221166,0.0192847,0.18906155,-0.036098924,0.00736879,-0.10780569,0.11937641,-0.1340338,-0.07882031,0.21974294,-0.04857702,0.14131379,0.16198526,-0.019176677,-0.087378666,-0.32993907,-0.27409747,0.15227616,0.14765418,-0.24746394,0.09910221,0.054086108,0.23387799,0.54137266,0.14370655,-0.17269869,0.18584737,-0.26048476,0.55534804,-0.30659747,0.10962941,0.00046742198,-0.103420064,-0.11915093,0.34044906,0.14161271,-0.038088314,0.43304992,-0.029670253,0.1837191,-0.33510047,-0.32174447,0.17743805,0.077015035,0.5366834,-0.17633013,0.1689294,-0.061434377,0.21205711,0.19220099,-0.0068813413,-0.18513432,-0.08480353,-0.27819568,0.091196924,-0.70222175,-0.14527991,0.22602594,0.22004572,-0.4030237,0.14572477,-0.2852952,-0.09457844,0.19149005,-0.24378507,0.35673314,0.0642275,0.115677096,0.26930618
SIM-0052-TP,0.22261882,0.20080727,-0.16443355,-0.2777319,-0.07056987,0.118601985,-0.32139766,0.14571394,0.093617454,-0.045451943,0.015380765,0.016277637,0.110403284,0.18660453,0.7178586,0.042269837,-0.1610275,-0.47654617,-0.3519908,-0.18934236,0.18174833,-0.08933031,0.11107021,-0.17362443,0.12324853,0.22749196,-0.091163725,0.118133344,-0.100712955,-0.29857984,0.1478121,0.1125752,0.15775275,0.24827132,-0.052814007,-0.03439894,-0.061832394,0.09571025,-0.025298685,0.04086664,-0.17077276,-0.24751061,-0.2177935,0.113535896,-0.0013272874,-0.11399625,0.16583443,0.36445704,-0.123692974,-0.27099845,0.23628119,0.0038572599,-0.04584412,0.25443822,-0.06563651,0.09926537,0.040066294,0.8111251,-0.03357315,0.23420416,-0.06266438,0.11251062,-0.048995014,0.19885066,-0.023919696,0.12587501,-0.1889989,-0.19915952,-0.47051775,0.09145052,-0.16224818,0.5488741,-0.11808027,0.31160042,0.2860912,-0.06150289,-0.18418372,-0.033672813,0.28372446,0.5713718,-0.3087084,0.0035694186,-0.15113053,-0.09042992,0.4267159,-0.19239293,-0.40185001,0.050506067,0.09489498,-0.105268866,-0.17033969,0.040084798,-0.3374759,0.105441764,-0.08692845,0.34675145,0.0796035,-0.038367476,-0.057424475,-0.48342854,-0.031027898,-0.050811633,0.012854324,-0.047574442,0.3570772,-0.067232154,-0.21097665,-0.4161782,-0.111480206,-0.26175916,-0.3244806,-0.07793831,0.28457156,0.23375592,-0.3204986,0.009171928,0.10578478,0.14617276,0.40091574,-0.2924193,-0.22145616,-0.16565172,0.09158918,-0.68046147,-0.057166513,-0.44559827,-0.00058175763,0.5175198,0.2252509,-0.30655771,-0.10465865,-0.2224457,0.32364294,-0.5504531,-0.10980782,-0.17413883,-0.29330152,0.41463402,-0.3915441,-0.29857007,0.39888325,-0.024897428,-0.0438774,-0.15633622,-0.00054565375,-0.1072903,-0.18365394,-0.35035446,0.010062605,-0.14926209,-0.11728161,0.16491605,-0.1264291,-0.02747518,0.41842374,0.09590941,-0.13493948,-0.27428854,-0.033156063,0.19692847,-0.1475262,-0.0108274,-0.15389588,-0.10193389,-0.31934357,0.05259786,0.020921893,0.35350937,0.010834921,-0.19450824,0.34671313,0.074706666,0.030876331,-0.020025283,0.021256873,-0.23295514,-0.038246352,-0.07263539,0.07136696,0.26131585,0.223702,0.110005125,-0.44867808,-0.12651002,-0.47330612,0.25273913,-0.04790286,-0.054586995,-0.18921013,0.2982309,0.007647747,-0.04634943,0.013562861,0.032751504,-0.051425572,0.2979028,0.29533452,0.0057370993,-0.21216325,0.06401115
SIM-0053-TP,-0.16652364,0.339047,0.37500563,0.16246015,-0.30774796,-0.13405605,-0.06764588,-0.22766943,-0.093209274,0.040727407,0.11439455,0.304587,-0.022734907,-0.09231354,-0.3392868,0.06959964,-0.13038029,-0.069263294,-0.15851077,-0.1514344,0.1624626,-0.031166455,0.37358388,-0.2964121,0.29572985,-0.14014857,-0.030677434,0.10675428,0.23979262,0.24964476,0.24479297,-0.06878124,0.43643624,0.13701276,-0.7523782,-0.0018818089,-0.105399124,-0.088407114,0.14907125,0.066692084,-0.17908464,0.36575624,-0.3312753,-0.34816062,-0.28151733,0.101072505,0.0818481,-0.21308486,-0.15879604,-0.011022929,-0.27712426,0.18966192,0.3815693,-0.054379262,0.07668735,0.017152036,0.33190554,0.47526926,-0.09935442,-0.001859328,0.2046147,0.0763088,-0.23786126,-0.46218562,-0.15923114,0.07206045,-0.10842079,-0.27358934,-0.15497011,0.44779807,-0.29202795,-0.088582404,-0.13892184,0.47916248,-0.37800324,-0.20619738,0.0063173347,0.03240878,0.27082515,0.24499942,-0.18555327,0.06881983,-0.052818343,-0.123969615,0.24450606,0.054074533,0.3891052,0.10947636,0.22229138,-0.6880502,0.013119911,0.09898837,0.12207233,0.37765735,0.14599429,-0.3115746,0.1263341,0.20106518,-0.16066591,-0.11098085,0.18883319,-0.006902206,0.266032,0.039151113,-0.55272555,0.007598711,-0.10625732,0.147288,0.09924291,-0.24213637,0.043124374,0.12756306,0.10459917,0.23786332,-0.26197883,-0.045406155,-0.5633663,0.2886328,0.024147501,-0.027945746,-0.032014176,0.12006126,0.2601687,-0.07279578,0.10237598,0.09946533,-0.5496173,-0.17700207,0.108874105,0.30846277,0.33976823,-0.3061673,0.24985361,0.25828895,0.103182994,-0.50496006,-0.1342824,0.02707827,-0.058981676,-0.54214936,-0.0653211,-0.2326666,0.14770755,0.11998241,0.1307701,-0.09234366,0.0050706957,-0.020977488,0.2284078,-0.13333192,-0.1892984,0.24038304,0.2052159,0.11648343,0.39483696,0.5221022,0.30766279,-0.18683562,0.2077742,0.02755839,-0.14057559,-0.18528143,0.0673183,0.2042107,0.34483063,0.16852853,0.1434828,-0.05146684,0.0541312,-0.37372312,0.14131269,0.10792916,0.478555,-0.00992478,0.29781803,-0.1185941,0.42425823,0.36237073,0.28298527,0.015056957,-0.055558905,-0.09274456,-0.24318194,0.116910726,-0.062092163,0.09566993,0.04245902,-0.26843783,0.26531997,0.024023015,0.21555048,-0.2913456,-0.19097859,-0.0980907,0.06072655,-0.025892505,0.34108746,0.25865468,-0.18273106,0.7365664
SIM-0054-TP,-0.021205425,0.32280582,-0.07114099,0.15618101,0.23747268,-0.37607053,0.43672976,-0.19532615,-0.0872752,-0.15129277,-0.14180674,-0.13002856,-0.2984957,0.19030944,0.028812198,-0.03457335,0.2540221,0.44160652,-0.39001188,0.4058893,-0.005792505,-0.33773398,0.103176735,-0.029229313,0.2151352,0.036347713,0.08920056,-0.108803846,-0.25710785,0.1854403,-0.13123977,0.10059678,0.37146327,-0.039948206,0.1750202,-0.0076485043,-0.091162875,-0.39058736,-0.009849636,-0.04105784,-0.21769975,-0.5087718,-0.41754025,0.44631156,0.009452536,-0.35905334,-0.15052967,0.002534423,0.11221129,-0.05830627,0.5053034,0.5170898,0.09574562,-0.09156064,0.09564786,-0.33222604,0.24986927,0.042931117,-0.30175513,-0.14606577,0.1433642,-0.41629845,-0.22337824,-0.116466604,0.24380423,0.428591,0.09468333,-0.790047,-0.27919224,0.8739114,0.039352957,-0.65160024,0.5931929,-0.33400166,0.14336978,-0.2865739,0.55054414,-0.3542234,-0.14632678,0.2622487,-0.13828132,0.121587366,0.20767419,0.044280384,-0.27777174,-0.19675277,-0.09585673,0.14683995,0.2029241,0.051278282,0.17554101,-0.39790967,0.07442592,-0.016221674,0.12380624,0.18806799,-0.2627745,-0.02749968,0.33361927,0.07598908,-0.025062734,-0.304466,0.13570759,-0.34756523,-0.04460013,-0.122805715,0.09835816,-0.14967282,-0.08211415,-0.22767729,-0.06210874,0.053683214,-0.08684646,-0.0783798,0.041132644,0.2502745,0.1861527,-0.32344532,0.1918477,0.3419631,0.17642277,-0.6033773,0.066188745,0.34587076,-0.11215435,0.7250367,-0.545066,0.036536958,0.18084691,0.043021113,0.03849955,-0.26003313,-0.1438296,0.14341605,-0.5284344,0.22632913,-0.028511578,0.13806866,0.21159633,0.9325643,0.3496783,-0.30043525,0.5404287,-0.67833287,-0.11093499,0.043400805,-0.08100042,0.07043946,-0.04218777,0.32118782,-0.12056148,-0.02890993,0.44287512,0.24203151,-0.042470943,0.11807909,0.46816346,-0.34614277,-0.2718694,-0.14365137,0.05429796,0.24209608,-0.19121726,-0.2354103,-0.32791176,-0.23556563,-0.16393757,-0.54086375,-0.1403311,-0.26237836,-0.040973816,0.42451587,-0.39836264,0.25348416,0.4169229,0.2412176,0.085600644,0.3284951,0.15822469,0.27767363,0.029668592,-0.26507878,0.2909381,0.6524068,-0.08510369,0.0056451852,0.027999891,-0.36725664,-0.21206765,0.07613048,-0.023471212,0.004179212,0.006628863,-0.029053207,-0.19143032,0.10873129,0.0821293,-0.22006394,0.10368399,-0.15585968
SIM-0055-TP,0.16327225,-0.010792488,0.09854985,0.044005074,-0.014080587,0.08176643,0.21052933,0.030124629,0.026065998,-0.08846873,-0.4546713,0.008436999,-0.3165821,-0.14148703,-0.2165043,-0.1793928,-0.16379562,0.12138326,0.08318668,0.027738996,1.3344791,1.7967386,1.1589781,1.2591319,1.1022003,1.1941007,0.6260298,0.35596526,0.5036114,0.8759691,1.3738331,1.095956,0.9344514,1.1744766,1.1203958,0.6933278,1.1493393,1.2401987,1.5573195,1.0122311,1.4555585,0.9309184,1.613732,0.88336855,1.1927806,1.103775,0.37244534,0.33870342,-0.26061225,-0.084060125,0.5315826,0.024772674,0.20348321,-0.26758713,-0.061474316,-0.17717335,0.23149815,0.18440093,0.30590162,-0.2713197,0.13716725,0.005045985,-0.61117184,0.11579889,0.32300237,0.3926861,-0.0088370945,0.20738831,0.13634345,-0.19003376,-0.22416593,-0.011968454,-0.05893991,0.022053162,-0.10443367,0.053116195,-0.26659822,0.3808826,-0.45497742,-0.020259235,-0.050897703,-0.033863913,-0.21098992,-0.37776515,0.06008761,-0.051222026,0.096122555,-0.41249368,0.42914408,-0.019962993,-0.7604161,0.047194745,-0.11798,-0.28330407,0.3080062,0.23242866,0.08544217,0.019253489,0.12621312,-0.39447996,0.047921035,0.3093981,0.2600159,-0.2626476,0.04639007,-0.28069833,0.039263003,-0.18804808,-0.217502,0.08952811,-0.18143855,-0.19867106,0.08790924,-0.37037438,-0.08050285,-0.38425967,-0.33875546,0.29267642,-0.10408801,-0.17931008,0.21273594,0.4039983,0.06290772,0.2551801,-0.13790587,0.013595316,0.0018317737,0.08096178,0.2411587,-0.3673817,-0.22253075,-0.121319346,-0.24253963,0.05745092,0.054338727,0.01465196,-0.10067312,0.33694166,0.05415469,-0.037552956,0.016635839,0.18608293,0.053483993,-0.21604888,0.44071022,0.11549217,-0.28800336,-0.45396912,0.17220303,0.3231423,0.11299904,0.15317085,0.15946706,0.0011891407,-0.42036974,-0.17471996,0.1986422,0.14651266,-0.048907988,-0.13703704,0.0434653,-0.08578252,-0.0198816,0.033058733,-0.19430186,0.20001362,-0.04117454,0.121895224,0.0158694,0.3855667,0.13572727,0.10189878,0.09282079,0.5209949,-0.011033095,0.040977005,0.026200296,-0.49149734,0.023253366,0.25406852,0.1286954,0.37776673,0.19639048,0.1255096,0.2222107,0.09118977,-0.070157036,-0.032131705,-0.59575945,0.39876637,-0.04956952,-0.260864,-0.09158004,0.4392878,0.017961318,0.06424046,0.5215483,0.20885804,-0.07204524,-0.4249585
SIM-0056-TP,0.15975396,-0.16955659,0.16497901,-0.01205307,0.10219198,0.22396278,-0.43231437,0.03218097,-0.004547256,0.0719814,0.12609792,0.038000166,-0.16196308,-0.28235087,-0.3969264,0.029918434,0.13167845,-0.08550393,0.20768523,-0.02861897,0.6192399,0.28109056,0.5298059,0.87081707,0.9900348,0.5930713,0.8574313,0.9942562,0.4063027,0.7200103,0.6882306,0.9094026,0.4318679,0.71957463,0.5760697,0.7468905,0.9459951,1.0099716,0.94819224,0.39308262,0.522413,0.8922367,0.7918542,0.5749689,0.4115327,-0.33604938,-0.39854097,-0.076367304,-0.07257037,0.10276931,0.1504088,0.5647564,-0.19245465,-0.48779374,-0.232225,0.41918376,0.003221806,0.2530938,-0.14071421,-0.1253545,-0.4285481,-0.082686976,0.0027171494,0.21688378,0.14026368,0.4967737,-0.038456384,0.06062831,-0.0039000583,-0.17377459,0.102415845,-0.06892744,0.4157971,-0.19736001,-0.08495432,-0.31093764,0.084594004,-0.33187994,-0.002027361,-0.29223728,-0.245905,-0.19123225,0.18237509,-0.023640467,-0.030689217,0.1406084,-0.16501957,-0.49143603,-0.27473053,-0.07148089,-0.012238006,0.13968709,-0.03630978,0.25423065,0.09038181,-0.35202977,-0.6368225,-0.251853,0.034459464,0.09276145,-0.026361113,0.03005821,0.33013865,0.0035044332,0.08746719,0.39912593,-0.4528339,0.42742154,-0.6397829,-0.20650694,-0.13978502,-0.40832043,-0.041215323,-0.012794293,0.18500921,0.17695616,0.043388445,0.27960417,0.1612303,-0.081232674,0.029768955,-0.15892741,-0.30637133,0.10697851,-0.37472174,-0.046862125,-0.5745027,0.01774476,-0.18174435,0.14204973,-0.05561787,-0.031896252,0.013047103,-0.15286385,-0.14163873,-0.14152959,-0.031292256,-0.13923821,0.11261494,-0.4424368,-0.37478653,0.4721453,-0.10853579,-0.25367492,-0.006373962,0.19177452,0.1602551,-0.1870497,-0.12816788,-0.08343372,0.0778451,0.011369654,-0.22925285,-0.12737936,-0.06632533,0.37051114,-0.04434014,0.82717717,-0.067304224,-0.4207865,0.08780435,0.26179972,0.11877319,0.049170706,-0.09492235,-0.07126147,-0.5818612,0.2147631,-0.09478844,0.28659463,-0.13315247,-0.013371401,0.31229764,0.33397552,0.21030585,-0.4677851,-0.3192594,0.17528176,-0.17460607,0.018437969,0.051856995,0.06404345,-0.26393434,0.2557142,-0.13111286,0.14746557,-0.05179416,0.48021367,0.36212558,0.532901,0.41319853,-0.03357395,-0.13348629,-0.2838564,0.06655684,0.0060864864,-0.010753799,-0.2072702,0.09024747,-0.09546883
SIM-0057-TP,-0.120632716,0.040971987,-0.019467548,-0.356545,-0.19692805,0.13315238,-0.011932635,-0.4856364,0.17470029,-0.012359886,-0.26543367,-0.16723038,0.04130619,-0.55215657,0.10513043,0.24668448,0.22264242,0.28856155,-0.19498432,0.25849304,0.06807801,-0.20882547,0.11669941,0.10910352,0.3851277,0.29929343,-0.17264402,0.085168,0.0824898,0.06282623,-0.076210745,0.43867067,-0.1557786,0.41659653,-0.35620153,-0.095354855,0.19114289,-0.2632079,-0.18374994,0.13374008,-0.4320957,0.276196,0.36964044,0.38036963,0.0813826,-0.10694871,-0.090607874,0.0718388,0.03239619,-0.09505518,0.39598858,-0.061545886,0.35932076,0.024981095,0.009474512,0.1295111,0.12626524,-0.036139634,0.14117111,0.17188881,0.41330883,0.017830024,-0.19520882,-0.16940774,0.59198046,-0.4699432,-0.29748195,0.0064914883,-0.15378377,0.20471507,0.18285279,-0.13366273,0.37593558,-0.2758323,-0.18431276,0.39311287,-0.32635516,0.08671833,0.3920619,-0.64981157,-0.08442164,0.23689303,-0.06751226,0.014826684,0.04700743,0.078184076,-0.20146762,0.19155979,0.06375087,-0.28652087,-0.11641345,-0.35328838,0.05346069,0.1226629,0.053037927,0.13745688,0.03336886,0.19052866,-0.031976122,0.17545098,-0.32146838,-0.34931326,0.02165371,0.17111565,-0.06919198,0.15952775,0.07746928,-0.51221067,0.58084375,-0.31466913,-0.23618297,0.28739202,0.0049366206,-0.19195184,-0.11740135,-0.22011185,-0.20007436,0.19732516,-0.1245307,-0.2671097,-0.19000253,-0.038836192,-0.18727152,-0.076996945,0.0870298,-0.12020464,-0.21493053,-0.17420225,0.34803402,0.5437358,0.011528288,0.18122412,-0.2349749,-0.14754026,0.11248749,-0.590909,0.19315575,-0.14114407,-0.26946914,0.0970432,0.3606093,-0.07825388,0.07303475,0.11342045,0.060000893,-0.24917372,0.055880155,0.046041094,-0.6824243,0.21439323,-0.37591428,0.03206105,0.37943977,-0.060954988,-0.2615282,0.13978729,0.35047415,-0.2771514,-0.58990395,0.29566815,0.21354587,0.09622175,-0.4499552,0.14941902,0.25838876,0.5390991,-0.070362434,0.039762538,-0.5381669,0.2420886,0.23605116,0.10096175,0.29690662,-0.19544409,-0.054534715,-0.044770252,0.27480248,0.28041276,0.079426184,0.06632573,0.13773143,-0.08412494,0.34042376,-0.112983525,0.10738746,-0.1490691,0.23670734,-0.02489941,0.51664114,-0.031613886,0.23434183,-0.15762362,-0.07680971,-0.010512046,0.08784488,-0.18662621,-0.14269942,0.02232019,0.09967436,-0.009075443
SIM-0058-TP,-0.044855215,-0.33184373,0.12509775,0.2107158,0.24029869,0.037533384,-0.15083352,-0.080446765,0.038572848,-0.004689837,-0.21129447,-0.4205866,-0.1389021,-0.06922406,0.07728795,-0.10242088,-0.06287502,0.027904013,0.39166605,-0.041592117,-0.38716885,-0.17112997,0.45199794,0.3585317,0.23490056,0.175381,0.1782404,-0.059742138,0.21682423,0.22655305,0.21111657,-0.14965755,-0.08117775,-0.16044065,0.24923462,0.0757829,0.09803505,0.14389056,-0.35300645,0.22046487,-0.13521895,-0.11249053,-0.20893005,0.020001575,-0.016706005,-0.34776482,-0.44727707,-0.050626945,0.20349026,0.17936583,0.25015765,-0.049441412,-0.088422,-0.02776391,0.20112035,0.40314957,-0.11509018,-0.066451766,0.0077270214,-0.06631415,-0.14517277,-0.031414103,-0.19766685,0.18139254,0.3684626,-0.07098771,0.4157673,-0.026983658,-0.17435625,0.17158504,-0.23105069,0.15598647,0.06348045,-0.10091839,-0.12734972,-0.21819368,0.2578985,-0.055681765,0.0778047,-0.0027510384,-0.05302701,0.081597276,0.12799984,0.03462785,-0.047223672,-0.27166474,-0.15087987,-0.07652139,0.0040125535,-0.43477353,0.15486622,0.08027195,-0.1454865,-0.22907007,-0.17165932,-0.3309208,-0.084831975,-0.04487327,0.22961618,0.11857396,0.31178033,0.0280545,-0.22777835,0.435174,-0.079637684,-0.3864029,0.055071346,-0.39746326,-0.02115814,-0.118824415,0.13092257,0.23838408,-0.08119216,-0.099035695,0.18953688,-0.19169219,0.016117154,0.13537306,-0.19764937,-0.0751609,0.025226131,0.33268213,-0.3023685,-0.037298203,0.3384364,0.24283715,-0.0688924,-0.017829133,0.11485707,0.12003198,0.3445352,0.28286484,-0.34557262,-0.39876255,-0.13591823,-0.46312708,0.3281094,-0.373973,-0.07479322,-0.21779364,-0.3967722,0.29518858,-0.14418377,0.47676194,0.35135114,-0.0007921176,-0.5238043,-0.08505014,0.57147497,0.10704884,-0.041825995,-0.15286382,0.22179827,0.09242625,0.07097316,0.2840264,0.27059793,0.10930991,-0.3967168,-0.24557558,-0.15414616,-0.009317413,0.37475234,0.51315135,0.09791916,0.13755076,-0.3778038,-0.10569446,-0.1382836,-0.15916248,0.14492913,-0.1127408,-0.47378477,0.21064916,0.3008734,0.07206732,-0.042053793,-0.22484706,-0.20932488,0.2677406,-0.18709393,0.50316346,0.23740397,0.084912986,0.6786385,0.3189325,-0.107606426,-0.255912,-0.10599823,-0.025673535,-0.1895842,-0.28111303,0.05885779,0.22205245,0.4644251,0.019173713,0.15062521,-0.46279526,0.21465571,-0.25220984
SIM-0059-TP,0.076200895,-0.01078153,-0.060466114,-0.37093076,-0.18925114,-0.23863237,-0.14852235,0.29560876,-0.088176385,-0.16822636,0.162389,0.08164553,0.5080724,0.25278124,-0.4972208,0.20129399,0.17153803,0.41487303,-0.04962134,0.27409467,0.9194058,1.0806688,0.74432725,0.66444904,1.2254645,1.0089531,0.6878694,1.2116894,0.32415634,0.80559075,0.59287834,1.3078551,0.89967173,1.0277873,1.0841134,1.2102077,1.181892,1.2083719,0.94168574,1.2213395,0.84420925,0.907562,0.62386674,1.4271579,0.7596496,1.3607663,0.13432543,0.04981776,0.09174913,-0.26631317,0.4013897,-0.0904234,0.25322577,-0.13581575,-0.3578496,0.49585435,-0.15086806,0.11546011,-0.7569429,-0.017731575,0.15101475,0.035629656,-0.024503047,-0.05275933,0.21764296,-0.32341698,-0.059181,0.3586726,-0.37067556,-0.026622493,-0.27582368,0.07524785,0.008258734,-0.23599748,0.0060614916,0.016437378,-0.15231678,-0.10414239,-0.1620079,-0.5701205,0.23172903,0.29870903,-0.4375539,0.3020102,0.10037083,-0.27553988,-0.05230554,-0.1763956,0.23083074,-0.22939624,0.5307305,0.28963727,-0.30623674,0.4096069,0.18246002,-0.037655856,0.16893469,0.2311635,-0.18958054,0.20874071,-0.1081808,0.20356572,-0.03410384,-0.25183466,0.15755461,-0.09467653,0.038635634,0.10221513,0.36731657,-0.10894627,-0.21202825,0.41145062,0.00079575484,-0.1362865,0.0905766,-0.0859057,-0.06693977,0.64341825,-0.24700288,-0.35951665,0.30638304,-0.094800554,0.07977456,0.15955868,-0.43745506,0.28514838,-0.14034091,0.47471684,-0.19906367,0.39143053,0.43668005,-0.12237411,-0.047576323,-0.07851201,0.3799112,0.044855792,0.13318458,-0.035880484,0.11802718,0.13429181,-0.14919771,0.44311827,-0.050925896,0.25749886,-0.31544122,0.17100172,0.2662174,0.06647449,0.2689745,-0.17682004,0.118131526,-0.38018283,0.037141003,-0.19822513,-0.017189957,0.34481034,0.43445882,-0.32059944,0.31131855,0.34978062,0.08116337,0.33948758,-0.10374435,-0.12847823,-0.12739743,0.17848647,-0.024314037,-0.1789545,-0.16697472,0.00030344463,-0.21229969,0.1670923,0.29877162,0.24346201,0.72777545,0.10270726,0.42380637,0.045951318,-0.069605425,0.02978137,0.041594002,-0.030903623,-0.27062896,-0.24485879,0.28329507,0.20853244,0.44468606,-0.09819051,-0.121509865,-0.28729662,0.2639869,-0.22303241,-0.0077133738,0.07830585,-0.39086807,0.19423455,0.2525158,0.06919619,-0.02169995,-0.008068699
SIM-0060-TP,0.35005292,0.013333181,-0.0050449665,-0.17165928,-0.6997788,0.2740762,-0.0007227395,-0.21884425,0.5275758,0.10985224,-0.05150324,0.2545479,0.09198612,0.087129675,-0.15216869,0.174083,0.23507033,-0.1508158,-0.47372317,0.23751424,0.1571145,0.21052426,0.011545567,0.2406771,-0.16321725,-0.046650324,-0.2617326,0.28936964,-0.011688085,0.05796017,0.10832458,-0.059640706,0.2056045,0.414503,0.24492387,-0.4308174,0.027449809,0.03880464,0.31056368,-0.13727194,-0.26010635,0.20890117,-0.004806994,-0.15594073,-0.06502796,-0.352773,0.042529974,-0.075947285,0.13324566,-0.05123652,0.00887464,-0.11382643,-0.06365535,-0.28244,0.25805384,-0.010420522,-0.49728352,-0.39634228,0.2593867,-0.010808396,-0.004979403,-0.0006737357,0.1218433,0.38264576,0.11127994,0.076841675,-0.14281988,-0.38565806,0.11861827,0.13881281,0.2749148,0.4280352,-0.28997192,-0.1535011,0.16706596,0.00029693666,0.36084747,-0.048395224,0.50025177,0.01399606,0.40691724,-0.60171413,0.12158748,0.0058268313,-0.5234086,-0.0038288396,-0.30943945,-0.1299135,0.0762961,-0.030724267,0.08907844,0.039292898,0.58859456,0.064812206,0.028126631,0.10522871,-0.006560723,-0.3959932,0.17295977,0.32267815,0.3888088,0.17234308,-0.06721673,0.06573406,0.4465912,-0.05599011,-0.2983761,0.5523369,-0.25452816,-0.3929548,0.079783656,0.10219307,0.11451446,0.21956278,-0.04041918,-0.036817204,-0.14330213,0.034199487,0.13548173,0.22669388,-0.22445044,-0.31155863,0.22124691,-0.13225338,-0.24629004,-0.46253332,0.3518488,0.06891602,0.13637254,0.10935456,0.053134076,-0.005804405,-0.017571805,-0.24422692,-0.44134608,0.5614071,0.009494452,-0.10938714,-0.20024021,0.26239562,0.036181353,-0.21585137,-0.0758943,0.07782641,-0.096657574,0.20377055,0.53102297,-0.10549037,-0.071237065,-0.20748219,-0.038373895,-0.4900939,0.27483487,-0.33354133,-0.20157665,0.020953583,0.34435847,-0.21356438,-0.046667926,0.0733808,-0.16789426,-0.030121578,-0.39762422,-0.13192269,0.30761385,0.20391609,-0.11094114,-0.2532687,-0.05309054,-0.36591503,-0.049192265,-0.102509,-0.11165106,-0.03528892,0.13419442,-0.2596612,0.23941252,0.28131202,0.549934,0.074082404,0.3682587,0.24411131,0.04760967,-0.30426922,0.22381282,0.0599334,0.44683838,0.18505196,0.26395506,-0.14457686,0.061147377,-0.48090053,0.13862598,0.30444223,0.34798113,-0.088731885,-0.4534358,-0.13440114,-0.019459527,0.10220249
SIM-0061-TP,-0.5073596,-0.026137795,-0.2593737,0.36162826,-0.58373123,0.25317368,-0.039881933,-0.5117239,0.4193562,0.3375547,0.3124988,0.02327969,-0.16788928,0.016276535,0.13651209,-0.13560742,-0.21445198,0.123286486,0.04885516,0.23148683,0.38075927,0.21408522,-0.28807417,-0.003248763,0.09674472,0.20229857,0.21452458,-0.014510271,-0.122606814,0.25217184,0.094406486,0.07037255,-0.17616408,0.5249542,0.06226062,-0.021704549,0.062276307,-0.03290877,-0.32219034,0.07466931,-0.36290017,0.025773985,-0.39829892,-0.538578,0.15325092,-0.27591106,0.10855267,0.042331032,0.036717914,-0.15676579,-0.03275329,-0.16407755,0.23620479,-0.12075371,-0.06209843,0.18617865,-0.1553812,-0.4478082,-0.26523805,0.2639423,0.020650374,0.07303804,0.07393063,0.44706383,-0.51879096,-0.03195139,0.007515697,-0.0050691934,0.19987649,0.20621876,-0.054041468,-0.4223771,0.62711287,-0.0015590366,0.021869788,0.3155723,-0.098320335,0.3229285,-0.07663962,0.45727578,0.11383024,-0.1688639,0.5450932,0.15059917,-0.15221804,-0.35178378,0.1743945,0.3460182,0.0967643,0.08251616,0.38965377,0.14958376,-0.1644741,-0.15373495,0.13889319,0.1255321,0.2719884,0.09215541,0.1699668,0.08702849,0.24106185,0.1864617,-0.06458648,-0.04709253,0.08097735,0.028017698,0.3285594,0.05297999,-0.3558523,-0.29549423,-0.059780393,0.1804474,-0.18131337,0.16283192,-0.19176035,0.039693877,0.10363264,-0.28582105,0.09890877,0.403888,-0.04938721,0.019110808,0.0633452,0.022657897,0.006012294,-0.013306195,-0.39185876,0.11323437,-0.26874363,0.094121836,0.1752944,0.101724535,-0.220917,0.07885198,-0.053411957,-0.1474666,0.5158972,-0.22454737,0.12368291,0.38144195,0.095697135,-0.15378246,-0.13781255,-0.3492407,0.023367897,0.032562476,-0.06267308,0.35595268,-0.009333058,-0.38750696,0.37911907,-0.28711426,0.13688953,0.16967309,-0.00957462,0.24378109,0.02974543,-0.07932208,-0.5105862,-0.42231724,0.6991175,0.19458917,0.3248793,0.6398293,-0.07862648,-0.023184456,-0.40040442,-0.06028718,-0.06684713,-0.08556659,0.2750277,0.1910856,0.24232112,-0.29271457,0.019387998,0.09807257,0.47917518,0.041345645,-0.028763149,0.28381398,-0.052406687,0.12967215,0.1222625,-0.117867984,-0.16068871,-0.007891492,-0.10820426,-0.3745795,0.18037747,0.14258727,-0.18569538,-0.20994839,0.12215368,0.43802238,0.255194,0.30015925,-0.07611797,0.10386449,-0.033100016,-0.18151854
SIM-0062-TP,0.04891552,-0.2169384,-0.18628456,-0.11127389,-0.084620506,-0.007369142,-0.51657075,-0.23308747,0.39271843,-0.002212471,0.14034739,0.104038775,-0.027068822,-0.22073366,-0.13746962,0.489602,-0.1333178,0.4304178,-0.103828214,-0.07979589,0.019107904,-0.044023704,-0.23463723,-0.0035532196,-0.36803937,0.09110341,0.05619834,0.18210512,-0.12421171,0.18457396,0.10766616,0.03187986,0.49427578,0.11770432,-0.11596774,0.3840702,0.12755336,0.44470796,-0.4637422,-0.07515063,-0.074527994,-0.4720989,0.04147341,-0.0929319,-0.4997282,-0.1915634,0.34659645,0.22718264,-0.17793109,-0.18521927,0.21521127,-0.4913941,0.14839627,-0.45793873,0.41049916,0.16459288,-0.46101284,-0.09512232,0.079323255,-0.49672335,-0.0108846715,0.12040059,-0.51713,0.18652996,-0.031183006,0.22920272,-0.058621645,-0.2642703,-0.28867853,-0.07802317,-0.04718578,0.26601467,-0.06982515,-0.39008045,-0.1144566,-0.38104853,0.08748485,0.14496768,0.18757258,-0.07562812,-0.17495659,-0.12768275,-0.022832613,-0.12729336,0.40240276,-0.09151357,-0.025577188,-0.18784823,-0.18220304,-0.31826004,-0.25712866,0.4680413,0.135965,-0.08472056,-0.16414052,0.30882606,-0.20891808,-0.4258027,0.11879933,-0.23168358,-0.32086983,-0.27310368,0.10375295,-0.02606,-0.24611546,0.11738438,-0.20688272,-0.40891084,-0.32696262,0.0054999776,-0.19589244,0.026315512,0.27809843,-0.15750133,0.6665774,0.06905559,-0.044073034,-0.33367553,-0.08713088,-0.06213452,0.18993482,-0.14894235,0.10809497,0.010505378,0.24369207,0.26340482,0.08339778,0.19124645,0.28089118,0.1343328,0.06944649,0.10230311,0.40291774,0.028156005,0.18223707,-0.16907316,0.37522656,0.11238117,-0.086336695,-0.017521696,-0.05459786,0.0012431085,0.052441053,-0.049192782,-0.39700872,0.4436033,0.06657398,0.06780738,-0.0120064365,0.22701205,0.012053101,-0.077734314,-0.061751448,0.31282768,0.05059707,-0.008781492,-0.1088629,-0.080131344,0.27015913,-0.22908276,0.16742434,0.17665449,0.053907342,-0.047472734,-0.3705068,0.1660352,-0.39876446,0.04170852,0.013022806,0.19200708,-0.22392862,-0.23628893,0.13364677,-0.042701527,-0.50427777,-0.0015511349,0.45193693,0.13715473,-0.2963983,0.11741986,0.24569902,-0.43125653,-0.071861915,0.32488513,-0.38105246,-0.06998558,-0.05379265,-0.10388423,0.34396264,0.30557108,-0.075615525,-0.25427923,0.3182398,0.19372953,-0.004201652,0.16372631,0.16188197,-0.21863708,-0.14849646,0.001409212
SIM-0063-TP,-0.48333746,-0.085668474,-0.19808638,0.042850155,-0.2815388,0.10734977,0.05563236,-0.025460102,0.11729852,0.14808732,-0.05947693,0.008851071,-0.16966626,-0.17258215,0.39513555,-0.050567493,-0.002931543,-0.01930205,0.09287976,-0.13599195,1.2161219,1.5623183,0.9562392,1.3747964,1.1228371,0.8258119,1.3077716,1.0394564,0.9947328,1.9770157,1.463589,1.4697235,1.3147551,1.029532,1.2866938,1.2392642,0.8469998,1.7758919,1.3057137,1.1198692,1.3588573,0.9834119,1.0936033,1.7121847,1.1981366,1.3235294,0.025875494,-0.04352141,-0.13466825,0.56727433,-0.18525493,-0.22347398,0.12265932,-0.32122546,0.2553068,-0.05027065,0.032257017,0.073881656,-0.0848877,0.22892314,0.16243763,0.12911098,-0.37857655,-0.08716302,-0.027823756,0.434421,-0.35350353,-0.15954612,0.2703961,-0.2346934,-0.16441989,0.41849375,0.09144413,0.2144902,0.18063457,0.029271074,0.022864366,0.22166386,-0.21174516,0.43350458,-0.13351613,0.25577268,0.126476,-0.13683958,0.12089356,0.03186909,-0.441394,-0.021685237,-0.31218046,0.12687205,-0.03538185,0.2193578,-0.174193,-0.32397288,-0.26905054,0.505027,0.75725055,0.50033194,-0.38503116,-0.3442344,-0.26627743,0.19353674,0.5269664,0.22619894,0.04749037,-0.23111762,-0.071414106,0.022159187,0.22066747,-0.12476561,0.1002971,0.06877136,0.025084741,-0.09886388,0.030240232,-0.023973716,-0.1954607,0.2211296,0.3936685,0.04252768,-0.01149922,0.18969068,0.04632227,0.28508666,0.026586201,0.14654107,0.43336967,0.3169231,-0.039208014,0.27035415,-0.26695198,-0.050237715,0.20839271,0.38244632,-0.1878578,-0.0068290876,0.00076039444,-0.02304822,-0.30404687,0.12518287,-0.31890193,0.2844466,0.33744958,-0.15962538,-0.31727293,-0.008049605,-0.12998119,-0.052420262,0.022890542,-0.23256372,0.414763,-0.16029376,0.23385572,-0.22246473,0.015340706,0.1125774,0.03390892,-0.06348374,-0.12324963,-0.10169811,-0.16879073,0.083257444,0.45781404,0.08982361,0.14894684,0.27056435,-0.11275752,-0.4510849,0.0007339666,0.21374075,0.5025753,-0.24505383,0.27494702,0.065254495,-0.09720587,-0.26149657,-0.14597464,0.14331974,0.30569154,-0.6810601,0.12811816,-0.14338577,-0.12004789,0.10412593,0.48027414,-0.17946261,-0.02390514,-0.39386925,0.10962474,-0.17250068,0.39401314,0.09007995,-0.070809506,-0.06907087,0.09118146,0.17277421,-0.29220906,-0.03715074,-0.00066419167,0.052925553
SIM-0064-TP,0.3264596,-0.35638103,0.23898171,0.0910988,-0.12445033,0.20157214,-0.09577958,-0.45308906,-0.8584535,-0.30410284,-0.13604544,0.042924594,0.14932558,-0.06451302,-0.35252526,-0.095127955,-0.054565653,0.43438876,0.13921066,-0.41411597,-0.07875963,0.17412247,0.0052496996,-0.40594608,0.20459983,0.0908646,-0.03924992,-0.2015909,0.25333244,-0.45349893,-0.3885694,-0.18370704,0.07555938,-0.34102216,-0.13618188,-0.08534068,0.08579433,-0.06920204,-0.068266444,-0.17645264,0.27225694,0.16493732,0.1559486,-0.19450557,-0.12814932,0.11910261,-0.14687528,-0.2316284,0.07217647,-0.32697037,-0.052354787,0.22306795,0.036319613,-0.2617784,0.11815947,-0.1502497,0.2114103,0.12728609,-0.086784326,-0.18747285,-0.21232139,0.6474167,-0.5728444,-0.440069,0.2756201,0.22165589,0.09008546,-0.4979806,0.13470544,-0.24491513,-0.02470594,0.10171865,0.12664679,-0.16267237,0.3212322,0.20322506,-0.24003793,-0.11994225,-0.18966594,-0.015657559,0.157294,-0.46267524,-0.49604324,-0.20801648,0.3381738,0.059389703,0.39429337,-0.038937718,-0.21050942,-0.41910872,-0.20729111,-0.15504096,-0.60630065,-0.21027045,-0.21246563,0.005437014,-0.010536927,0.080005825,-0.4056745,-0.28375375,0.23148412,-0.06476634,0.2117337,-0.035301976,0.04679298,0.13217245,-0.1391204,-0.16677952,-0.16999449,-0.019489916,0.1435487,-0.10165607,0.2887696,0.43740666,-0.21962214,0.29710943,-0.0044739572,0.09518807,-0.03348129,0.30478027,0.08684403,-0.08692541,-0.10434953,-0.30031908,-0.14290233,0.30508077,0.27074963,-0.16001989,-0.2745032,0.23794357,0.10728331,-0.49401295,0.71993184,0.0029133605,0.42541614,0.04354945,-0.26018482,0.048510727,-0.3668904,-0.03148149,-0.27200738,-0.051104225,0.062001396,0.07387921,-0.36495447,-0.16120197,-0.49381423,0.15521389,0.050702628,-0.29371724,0.3514746,0.11664123,-0.026308144,-0.1183283,-0.15938765,-0.19730723,0.29348966,0.06861688,-0.26224247,0.32421654,-0.022598399,-0.22975263,0.49386752,-0.27374882,-0.20630914,5.1924875e-05,0.08055672,-0.18821637,-0.5527098,0.008120125,-0.261494,-0.0897652,-0.20255938,-0.27090472,-0.06661555,-0.15802686,-0.2100142,0.24140364,-0.24873157,-0.06312446,-0.009371816,-0.42265314,-0.27942544,-0.009888254,-0.01925017,-0.19704114,-0.0065085357,0.0669232,0.14670725,0.16661008,0.30226895,0.026909739,-0.3472379,-0.07393466,-0.31726465,0.21126062,0.34327933,-0.0015311021,0.29058185,0.2735011
SIM-0065-TP,0.07591835,0.13166705,0.23717943,-0.34900224,0.061954916,0.13852184,-0.3586247,0.4780553,0.27312946,0.2751784,0.10222362,-0.237145,-0.31711894,-0.02480501,0.17420581,0.1356227,0.42755672,-0.07767769,-0.09000635,0.0019421568,-0.28904942,0.37547097,-0.06251185,0.0633096,0.20357852,-0.1881585,0.06934602,-0.0019176927,0.24384661,0.0021038956,-0.71422255,-0.23361215,-0.37493682,0.48179913,0.35364452,-0.5375958,-0.25263545,-0.34623346,0.054110274,-0.23897435,-0.066370964,-0.3442984,0.10757927,-0.41981757,0.62577134,0.37608567,0.62041897,0.1515974,0.3892479,0.22319648,-0.25111982,-0.093064874,0.10601198,0.2880551,-0.0016485294,0.13864966,-0.083164,-0.10310007,-0.36788484,0.11067458,-0.12304182,-0.3212217,-0.14822988,0.07132227,0.16702467,-0.046114337,0.26704592,0.37256277,-0.07168747,0.24343413,-0.16684818,-0.32508913,-0.23619348,-0.21614039,-0.10943615,0.49556157,-0.13090181,-0.09411107,0.038402557,-0.33017358,0.03647766,0.16417693,0.37064883,0.32846272,0.09077694,-0.05584109,-0.04138442,0.10187926,-0.011656089,-0.022683723,-0.23363277,0.16766746,0.07443811,-0.18907237,0.37225437,0.052133884,-0.35602245,0.23622343,-0.16816425,-0.1024489,-0.046730813,0.21580383,-0.0144336,0.15458804,-0.3933974,-0.27583334,0.007992481,-0.18129173,-0.051087953,0.18647203,-0.200791,-0.1838357,0.027430572,-0.5315802,0.25189412,0.03253436,0.023264451,-0.1348296,0.17226605,-0.040354773,0.3065337,-0.42772797,0.01581603,0.010595545,0.07781823,0.3509142,-0.34094998,-0.3486418,-0.08826679,-0.4731284,0.5766374,0.23335461,0.12931333,0.1957231,0.3177557,-0.15366302,-0.090253845,0.08556837,-0.1260584,-0.23188607,-0.13237976,0.09542809,0.22786419,-0.31770054,-0.04743822,-0.01350619,-0.3476693,0.112209834,-0.026769735,-0.23463646,-0.120583825,0.13381478,0.24446768,0.08489474,0.47652555,0.27884632,0.13783617,-0.1756869,0.28278965,-0.19215403,0.18670009,-0.61100525,-0.1234479,-0.34943035,-0.07156197,-0.38479134,0.007139955,0.11676891,-0.1625259,-0.08000938,0.054870557,-0.011774312,0.3369806,-0.17134689,0.13430817,0.06505692,-0.39718637,0.021817701,-0.02171731,-0.12309913,0.44358298,0.3212515,-0.19065702,0.1588285,0.1859693,0.036469646,-0.27452707,-0.23808901,0.13196976,0.12671168,-0.071342476,0.32894412,0.3733551,0.3704042,0.37146825,-0.0039584083,-0.33371243,-0.08060123,-0.028706115,-0.15743423
SIM-0066-TP,-0.095205374,-0.28886572,0.17861028,0.40707517,0.5954989,0.062058464,-0.04290282,-0.009238835,0.3402974,0.33607316,-0.060147706,0.30086175,0.040403847,-0.18388124,-0.038656197,0.4257713,0.18042323,-0.12669073,0.23433232,0.1784804,0.13111071,0.021946788,-0.06921895,-0.20246904,0.045034796,0.16417766,0.5236397,0.41466808,0.25772715,-0.25985175,0.2824175,-0.20276119,0.42689958,0.4339682,0.22132537,0.41281247,0.46215183,0.23599263,0.17237806,-0.12358557,0.11983372,-0.040547505,-0.04306428,0.02536942,-0.28178424,0.4534377,0.05475047,0.29021928,0.20048887,0.1247133,0.19855618,0.037703175,0.32626644,-0.12743895,-0.0050341487,-0.06979738,0.50426316,-0.15796052,0.3219374,-0.3408374,0.02506891,-0.045398224,-0.25521886,-0.16611409,0.12576681,-0.084116064,-0.2412948,0.22444385,-0.005296772,0.08280349,0.27329484,0.38645333,-0.57151806,-0.02685802,-0.41922992,0.68151444,0.037687734,0.24329028,-0.15677656,-0.08885715,0.27484268,0.12877636,0.4194321,-0.20859675,-0.054512564,0.12828451,0.16642149,0.10481948,-0.33078,-0.23565969,0.085403465,-0.38583222,-0.22150812,0.009330417,-0.19402319,0.057320558,-0.022401897,-0.19704258,-0.1911242,0.31947255,0.096031114,0.061831355,0.013715307,-0.22685632,-0.1410925,-0.6001807,-0.1591268,-0.15491648,0.13715003,-0.1507833,0.1964742,-0.06493281,0.037134074,-0.007796134,0.17494704,0.30155212,-0.24675228,0.4398577,-0.21419233,-0.04606569,-0.13223495,0.3769386,-0.2652174,0.17938551,-0.5520913,0.20346038,-0.04782278,-0.09362216,-0.17292666,-0.016649354,-0.088740334,-0.37272465,-0.19621778,0.19960311,-0.100666516,-0.19764613,0.01162548,0.12215005,0.16253534,0.084473364,0.30223954,0.012293243,-0.059025783,0.2183623,-0.17713112,-0.10104379,-0.39827138,0.45347115,0.52134913,-0.043755535,0.19086617,0.17488901,0.04734995,0.3038703,-0.3162065,-0.046211164,-0.5217153,-0.25275838,-0.4064207,-0.45945644,-0.12385019,0.09122116,-0.16631229,-0.13627422,-0.18368094,0.03509921,-0.15113038,-0.2516392,0.23308074,-0.2180824,-0.31795734,0.18497856,-0.42094824,0.30733764,-0.25650078,0.020042093,-0.24864618,0.0032370246,-0.13025035,-0.24563017,-0.4009053,-0.13519137,0.11876247,0.16859166,-0.17964958,-0.17905658,-0.043581907,0.00034436042,-0.00081566133,-0.10847127,-0.091384225,-0.07181392,-0.6037935,-0.10139911,0.19553278,0.34831187,0.29410735,0.022520043,-0.29721978,-0.1369219
SIM-0067-TP,-0.1904572,-0.35226077,-0.23551945,-0.1822194,-0.3486909,0.2331947,0.15226947,-0.012298401,0.09542338,0.07647589,-0.18337221,0.4497296,-0.19215871,-0.4170002,0.04032626,0.14106473,-0.07547215,0.311172,0.045157,-0.20515756,-0.09734273,0.08825367,0.071222745,0.3544542,0.25979406,-0.34081918,0.008914683,-0.25962722,0.41574433,-0.19227631,0.101618126,-0.123363346,-0.4435438,-0.2627342,-0.011255544,0.1932383,0.18384343,-0.28158748,0.12942107,0.28854325,0.17927141,-0.03933265,0.06311619,0.089204505,0.40035424,0.47642913,0.16122243,0.013355029,-0.007767392,0.018155308,0.051345937,-0.12906146,0.49203312,-0.19798508,0.32388797,-0.54947186,-0.06883985,-0.08470795,0.057178814,-0.09108181,0.34649923,-0.06057777,-0.25732327,-0.24149175,-0.11823624,0.181084,0.22637726,-0.30057308,-0.20002863,-0.26638645,-0.07136211,0.24049757,0.042856053,0.13753468,0.18672128,-0.14669226,-0.32023665,-0.14684232,0.20534074,0.1507177,0.019776396,0.2372203,0.036410455,-0.08296154,-0.3922007,0.31782728,-0.024016932,-0.11285048,-0.025667211,0.37468663,0.24816209,-0.09000122,0.117438495,0.30677205,0.08685696,0.030181343,-0.52257466,0.31143987,-0.25707948,-0.4676787,-0.4510748,-0.21377693,0.12149154,0.29015857,0.08541423,0.4338782,-0.10078587,-0.058017932,-0.46668997,-0.14395122,-0.5105068,-0.33543083,0.15753078,-0.4217687,-0.3970482,-0.4394516,0.1940921,0.40972573,-0.018683473,0.2357212,-0.29101652,0.3074732,-0.17892072,0.1668947,-0.0068056853,-0.47949237,-0.22128983,0.04277393,-0.46241224,0.07413879,-0.3540681,0.13515683,-0.34014952,0.1107956,0.20415194,-0.042016387,-0.02003241,0.37138575,-0.1958031,-0.133561,0.16016337,0.105579205,-0.060707364,-0.30375654,0.24340685,-0.30955043,0.5695516,-0.29888377,-0.27630985,0.08543596,0.1372801,-0.24349038,0.42310712,0.082432516,-0.061976567,0.09650087,0.30266914,0.40230736,0.04821591,-0.3185204,-0.31462416,-0.35373053,-0.16062525,0.009446677,0.053484492,0.28166732,-0.5183355,-0.0026899392,0.11520269,-0.7019992,0.11338722,0.6825206,0.19334044,0.07697127,-0.068400085,0.058197923,0.3842829,-0.08668599,0.29839462,0.116031006,0.40664747,0.2722623,0.04738431,0.031266365,-0.078318,0.24422994,-0.14755228,0.028436555,-0.048354417,-0.33530623,0.055102076,-0.38133532,-0.11205079,0.16678558,0.04222654,0.038238052,-0.21617919,0.26221687,-0.22153838,0.17658865
SIM-0068-TP,0.32471463,-0.3826372,-0.10162022,-0.12460363,0.0682228,-0.2358585,-0.29135406,-0.013398095,-0.14028099,-0.036489982,0.2231745,-0.40434927,-0.028443078,-0.14774302,0.005915398,-0.14675201,-0.29504567,0.098264314,0.69285893,-0.025146225,-0.181534,-0.18229571,0.23367809,-0.2192399,0.32490736,-0.40920043,0.048081785,0.16583832,0.19061235,0.1730688,0.06650633,0.28839663,-0.24774219,-0.16103378,-0.1007607,0.37087905,0.11654961,0.17048271,-0.044773765,0.20420188,-0.38800308,-0.10222709,-0.0543461,-0.1185804,-0.08031699,0.1367142,0.059589993,0.2984195,-0.5215697,0.37206215,-0.16242988,0.32899436,-0.104385346,0.09238074,-0.26920304,-0.3040335,0.14528246,-0.66601366,-0.30379358,0.19167127,-0.10359353,-0.22054993,0.38069943,0.46859473,0.00010440636,0.31843436,0.3792591,-0.0040787887,-0.12805337,0.022179674,-0.36362523,0.14198649,-0.08236147,0.014120753,0.010502198,-0.21188074,-0.008954904,-0.3398485,-0.12059047,-0.27833006,-0.21915942,-0.5643965,-0.10731366,0.12138538,0.044448476,0.2709756,-0.23817565,-0.11967386,0.22928526,-0.021647878,0.046249986,0.5285451,-0.063551456,-0.121035166,-0.24824357,-0.072303236,0.2554422,0.14339453,0.35814345,0.09021065,-0.5602083,0.15727107,0.0260638,0.00042765672,0.30455753,-0.06859073,0.14491746,-0.26918572,-0.37956664,-0.14970101,-0.07841994,0.13700795,-0.27436298,0.3767402,-0.24139942,-0.02203269,0.0029075514,0.074812986,0.11269676,0.5655207,-0.15065871,0.07818445,-0.020887459,0.24572904,0.11221838,0.05494064,-0.37345424,-0.11328151,-0.24414465,-0.111794986,-0.20647304,-0.1295457,-0.10274821,-0.098385625,-0.07356156,-0.23201232,0.00925761,-0.22547136,-0.14971362,-0.012547086,-0.645396,0.622889,0.13119073,0.07995827,-0.13046,0.023492916,-0.30247048,0.12255691,-0.42094702,-0.31722218,-0.1774827,0.377476,-0.2754673,0.08342048,-0.5156996,0.0062022014,0.43379408,0.12506321,-0.518272,0.010877297,-0.116004035,0.3065941,-0.025042823,-0.36003155,-0.034084182,-0.1740467,-0.54005337,-0.043561473,0.0011143644,0.095332175,0.25437692,-0.07018694,-0.37531775,-0.20917192,-0.0046541383,0.3038054,0.000988218,-0.03304969,-0.059101373,-0.0020471504,0.47761148,-0.021093586,-0.06589585,0.009566085,-0.16908596,-0.39032286,-0.43500072,-0.18169552,0.29530728,0.2917729,-0.27899608,-0.039539907,0.03288245,-0.18123238,0.32717147,0.19050726,0.09021465,0.017128412,-0.3907557,0.3392421
SIM-0069-TP,0.14512838,0.10231497,-0.1844878,-0.16280343,0.1236385,0.27555984,0.43121046,-0.18384138,-0.03971902,-0.52358305,-0.615281,0.13109705,-0.2133258,-0.49330693,-0.29074058,0.08570632,0.09597729,-0.40931368,0.3091048,-0.1739247,0.068727456,0.009406838,-0.0028894974,-0.23423457,-0.0060793525,0.06734237,-0.049829017,0.025231063,0.27545422,-0.117813945,0.1633395,-0.052602828,0.35613567,-0.35149452,0.32595104,-0.13291134,0.5279465,0.10881964,0.21256211,-0.04022942,0.17017952,0.17007771,-0.03560369,0.19107409,-0.8402191,-0.16103536,0.005350527,0.12547325,0.24300353,-0.063174106,-0.09761189,0.21788076,0.2878868,0.18496561,-0.038259942,0.637142,0.019838376,0.05410804,0.408235,0.38201353,0.17687805,-0.22541805,0.02816525,0.12935986,0.48801613,0.73743844,-0.14975376,0.21316552,-0.20374708,-0.031216884,-0.21687497,0.41730848,0.05945825,0.07336051,0.012314688,0.09407465,0.10261712,-0.1712993,-0.42195347,-0.33185482,-0.40267578,0.048728004,-0.20411953,0.24502508,0.06016567,-0.4588552,-0.102620594,-0.5307118,-0.28605098,-0.12256717,-0.2363413,0.47122914,0.18719889,-0.08195565,0.35672092,-0.2436168,-0.0830453,0.21347623,-0.27890638,0.17125872,0.07319588,0.14701913,0.44935104,0.113883875,0.031510077,-0.37433878,0.0525713,-0.11998627,-0.03078201,-0.11835823,0.12287816,-0.24765448,0.0530127,-0.2603934,-0.4496841,-0.08543359,0.1159732,-0.1942488,0.034147665,-0.090745054,-0.25885543,0.13932407,-0.16283143,0.09365558,-0.36504665,0.03420259,0.15596494,0.087943144,0.22313525,0.1613735,0.07480411,0.2115028,-0.09343943,0.1303196,0.005445082,0.46265367,0.06837379,-0.32136503,0.06325833,-0.23780443,0.18212233,0.18662398,-0.15226763,-0.25945824,0.033191297,-0.22599068,-0.209613,-0.1265157,0.15607774,-0.37098423,-0.188621,0.59968436,0.488451,0.30244967,0.010947617,0.18799858,-0.096178725,-0.6761887,-0.14255318,-0.11849499,0.007057062,0.12074324,0.41273177,0.0079449965,-0.2508803,-0.048981905,0.16102643,-0.028054249,-0.20087986,0.13114336,-0.2856995,-0.21964306,0.104023114,-0.19630295,-0.08813755,0.0039765015,-0.010479812,-0.24191977,0.08222027,-0.2293888,0.41266155,-0.10034898,0.15197356,0.18328622,-0.08871833,-0.24177063,0.18241513,-0.35564935,-0.31744662,0.15174556,-0.0501955,-0.17672291,-0.12466764,-0.19887374,0.54528606,0.25459778,-0.20607862,-0.0781622,0.14920397,-0.24395129
SIM-0070-TP,-0.13968107,-0.074529506,-0.22034563,0.2741012,-0.17858993,-0.029108956,0.029169878,0.3965362,-0.021574598,0.5342387,-0.09067337,-0.05519669,0.23424183,0.48001927,-0.06612544,0.30903947,0.21185465,-0.19019438,-0.004524378,-0.010169745,-0.25788,0.041045178,0.020003024,0.09368288,0.017459426,-0.16681673,0.6115405,0.054239523,0.32497513,0.1095173,0.37674597,-0.1940064,-0.022228127,-0.11201734,-0.14299132,0.06687854,-0.061553877,-0.3567888,-0.07568147,-0.09649978,0.22018434,-0.3617313,-0.12822442,-0.187598,0.18623959,-0.13636374,0.26151523,-0.011770382,0.12244348,0.27642557,-0.30053446,-0.0617943,0.10527465,0.04947058,-0.32424903,0.17412873,0.011930783,0.032056924,-0.055338476,-0.7954479,0.13636445,0.14700578,-0.10535904,-0.37113017,-0.13385354,0.24874863,-0.10196167,0.0056300224,-0.08339145,0.07884583,-0.3292116,-0.050562777,0.27406952,-0.22926772,-0.068701796,0.263232,0.18667537,0.11309693,0.097213015,0.09325498,-0.05761668,0.27553096,-0.11713203,-0.2485722,-0.34597793,-0.15415896,-0.15734401,-0.1778472,-0.29390243,0.093506575,-0.23662063,0.13711378,0.18025123,0.6432503,-0.11365018,-0.03991916,-0.1865827,-0.2928888,-0.1050621,-0.19400106,-0.29600802,0.05916764,-0.26800534,0.14147092,0.21395788,-0.2161806,0.34962845,0.10029717,-0.018220935,-0.44465932,-0.4282974,0.39316618,0.3299097,0.3999066,0.46432096,0.34367758,0.059595108,0.13995187,-0.17108186,0.059649646,0.186402,0.19120711,-0.031362686,-0.50740457,-0.37831149,0.11900062,-0.12634048,0.16630468,-0.30430752,0.34039652,-0.23440516,0.36912996,-0.3878758,0.15083596,-0.23286778,-0.0022165806,0.2690851,0.22544229,-0.205775,-0.15314189,-0.3931932,-0.4479962,-0.2084647,-0.21368179,-0.37657392,-0.051324673,-0.0081021255,-0.003320801,-0.19974421,-0.144767,-0.07920289,0.20426215,-0.16919495,-0.41967565,-0.08029116,-0.10904895,-0.4037665,-0.09982178,-0.22122735,-0.019474896,0.104951195,-0.13414173,0.12776536,-0.0765254,-0.066130444,-0.07728556,-0.048482314,-0.34412536,-0.45726368,0.27948645,0.05289009,-0.13565683,0.26581475,0.7161007,-0.37501425,-0.009737971,0.16678466,-0.40754223,-0.38164973,0.2381981,-0.013553581,-0.17342116,-0.41017342,0.08157277,-0.35037684,-0.25473672,-0.23893343,-0.084715895,-0.27527544,-0.23747325,0.23624606,0.04197115,0.0038444935,0.109049544,-0.26475185,0.09086764,0.106703624,-0.25591812,0.14917405,0.058921695
SIM-0071-TP,0.06558111,0.41655922,0.030589728,-0.23085305,0.03257596,0.0033181317,-0.27718392,-0.50599337,-0.01628745,0.23577859,0.23813312,0.07062907,0.39251128,0.04362611,-0.049299978,0.051018696,-0.18325748,-0.3168199,-0.2446798,-0.11984161,0.21654236,-0.3617652,-0.24351832,0.20132336,-0.08920933,-0.049832724,-0.0936957,0.48315194,0.14007397,0.06298863,0.0493626,0.102369145,0.4620526,-0.09348263,0.0421782,0.0072827297,0.22585404,0.42621848,-0.14706357,0.113279946,0.044053968,-0.34818184,0.24253953,0.39085165,0.20492668,-0.15802413,-0.33918542,0.16027394,-0.2698579,-0.24495047,0.052333076,0.18395959,-0.08403655,-0.051663995,-0.027976204,-0.22901495,-0.09502971,-0.40436986,0.18386209,0.69706297,0.015020564,0.29776484,-0.065410994,-0.33661163,0.5627977,-0.21141376,0.2367688,0.0540146,0.29679394,-0.016770106,-0.29096088,-0.16617477,0.5880577,0.07991966,0.54435307,-0.09189109,0.17845528,-0.32097796,0.0074435268,0.5557748,-0.19595385,-0.17259414,0.20689833,0.02865317,0.47403204,-0.060234535,0.017197812,0.079213105,-0.26894107,-0.32465383,-0.34744143,-0.8269627,-0.021257833,-0.32517558,-0.13475263,0.2550195,-0.23647293,0.17245312,-0.3950499,-0.1712509,0.435266,-0.10695632,0.32195276,0.58885235,-0.10471318,-0.16643259,-0.54006386,0.07295081,0.094815426,0.19268334,0.34783757,-0.25647852,0.46777612,-0.07044417,0.09091727,-0.016850637,-0.19283897,-0.29970735,0.052576095,-0.2410423,-0.05510363,-0.1030373,-0.09056407,-0.4498295,-0.79177713,0.20976153,0.28137368,-0.6404221,0.104546785,0.05430972,-0.33101565,0.22446465,0.2845485,0.26484302,0.43620923,0.2500233,-0.20786506,0.0043430054,0.096359566,0.37974012,-0.06277556,-0.15808007,-0.4134861,0.21827416,0.052291628,-0.2166325,0.1926341,-0.085040696,-0.33118492,0.33270246,-0.5157741,0.03594928,-0.027705044,-0.40968904,0.08135397,-0.173366,0.42089576,0.2510066,0.055288818,-0.62292445,-0.13891989,-0.15818933,0.3025908,0.04449304,0.0792243,0.25434232,0.40766877,0.36470547,0.13654943,-0.06795779,0.10873446,-0.008247805,0.1965004,-0.14194459,0.22586544,0.0116284685,0.09651172,-0.29906768,-0.068404436,0.11163167,-0.045573406,-0.58669895,-0.30850986,0.08545379,0.37607026,-0.058147162,-0.122232966,0.2630642,0.0027239178,0.18577175,-0.07392952,-0.10154894,0.20548958,0.16812351,-0.08020529,-0.28105432,-0.41729546,-0.38436472,-0.15830897,0.07914841
SIM-0072-TP,-0.41640943,-0.40009424,0.094390266,0.3921821,0.27219594,-0.4604088,0.09793332,0.23894952,-0.1238148,-0.059218388,0.08337667,0.12195158,0.09428082,0.18107016,0.053913526,-0.1564542,-0.111565396,-0.19479282,-0.11526487,0.14043114,-0.19319104,0.26748928,-0.24707985,0.05081017,0.20895576,0.11220005,-0.46186975,0.03331433,-0.18444887,-0.3305569,0.05572015,-0.31223178,0.061202448,0.36399382,0.075559735,-0.058202643,-0.040176008,0.22849649,-0.07639895,-0.116340175,-0.23282877,-0.22351776,0.22331081,-0.121493444,0.13880645,0.15900056,-0.23900487,-0.1987703,0.14431605,0.035114817,-0.044710085,0.11542991,0.2531117,-0.00973318,-0.14221941,0.029310014,-0.20117822,0.035682224,0.00047862993,-0.20396453,-0.10119161,-0.081056744,0.18329595,-0.21878003,-0.20235993,-0.093401276,0.14098904,0.18182932,0.06546928,0.1787094,0.29055923,0.03937694,-0.20040834,-0.019353842,-0.3404243,0.09868045,-0.122916095,0.028018259,-0.021232698,-0.09575253,0.05634773,-0.031203495,-0.15762039,-0.27447915,0.088989526,-0.3015944,0.44870323,0.32178825,-0.3974586,0.15687695,0.2845793,-0.14652564,0.087777376,-0.031294644,0.170462,-0.11159176,0.25349036,-0.035850305,-0.07926977,0.16211802,0.22517858,-0.5840795,-0.7260151,0.08541821,-0.16550097,-0.33025444,-0.093491025,0.7277797,-0.3325186,0.22141321,-0.19035326,-0.36304665,-0.15298793,-0.35534593,-0.39201492,-0.18122719,-0.27256194,-0.03650999,0.042149797,-0.19726288,0.15739134,-0.16603829,-0.038389187,-0.5423143,0.020528855,0.5630172,0.1987453,-0.043139677,-0.2895195,0.40802455,-0.040248945,-0.16836213,-0.16209647,0.5182472,-0.029542057,0.1126426,-0.050778747,-0.016304614,-0.10622616,0.35558087,0.0110134445,-0.35195822,0.09853015,-0.028689284,0.09528149,-0.08289778,-0.13526514,0.22353694,0.4647845,-0.46472204,0.02050983,-0.135038,-0.22797029,-0.53913015,0.090197235,-0.120863564,-0.13575134,0.30067563,-0.10985259,-0.12045551,-0.33399493,-0.22696875,0.3666046,0.15289634,0.32190338,-0.21014522,0.09029432,0.2619553,0.14482903,0.39508125,0.100503534,-0.00045829645,-0.58859825,0.104200415,0.14940986,0.28688776,-0.1986421,-0.008394666,-0.3975012,-0.4032993,0.12824127,0.31663314,0.32540107,0.10961663,0.5114914,-0.09812655,0.22456145,-0.3294654,-0.7858705,-0.12034067,-0.030160213,0.05863968,-0.04654031,0.090342894,0.43507633,0.18446873,-0.19140756,-0.62814265,-0.268827,0.3357515
SIM-0073-TP,-0.12589595,0.16966367,0.1600748,-0.0139194755,-0.021698797,-0.16607739,0.55680186,-0.23899294,0.2802376,0.20769577,0.15378255,-0.029969284,-0.36994648,-0.2870135,-0.19369346,0.09243897,0.22265537,0.07850142,0.06492736,0.26061165,-0.52248824,-0.5517311,-0.38692653,0.23138523,-0.5023368,-0.0024623114,-0.22759667,0.03879702,-0.03541537,0.06258184,-0.099791184,0.17684606,0.36587057,0.31618232,-0.090600446,-0.2162624,0.04890225,0.49384877,-0.013296027,0.20968534,0.19594565,0.19300999,0.31821194,-0.32920337,-0.24080704,0.011888558,0.30759022,0.307016,-0.011503368,0.24954307,-0.105395086,-0.2066047,-0.3322498,-0.034313083,-0.08665015,0.2508529,0.14070123,0.013557617,0.01456941,-0.10478873,-0.44478717,-0.29560164,0.19667031,-0.0346171,-0.32796592,0.34176692,0.42454433,0.3011279,0.105997294,0.071550354,-0.006146851,0.040859524,0.15717806,0.17685744,0.11352957,-0.81924665,0.28779662,0.049873576,-0.33936393,0.04950828,0.07562417,-0.39270297,-0.160643,-0.27647215,-0.24337873,0.14259288,-0.15554689,0.023319807,0.18440464,-0.10847292,0.19438258,0.33878285,0.21155557,0.14997517,0.21361567,0.09873769,0.21221283,-0.29343626,-0.018625073,0.09803425,-0.018736936,0.6255967,-0.047856428,-0.44562882,0.013778601,0.20707744,-0.2182164,-0.009174466,-0.018301351,-0.014898603,-0.14956005,0.2742349,0.5418561,-0.20987837,-0.32673293,-0.10937733,0.35175502,-0.064504065,0.09156126,-0.22808056,0.44595197,-0.07384811,0.062352188,-0.19899097,-0.22304545,-0.0009055173,0.026018122,0.21569416,-0.4219333,-0.23773953,-0.17180935,0.030025806,-0.28238678,-0.023858024,-0.16092409,-0.03388991,-0.1936659,-0.2528925,0.071268894,0.27824536,0.20335688,0.2781741,0.30750808,-0.040140957,0.4677291,0.18903084,-0.23746663,-0.16716665,0.03772328,0.22013366,-0.057213318,-0.24276999,0.19762047,-0.27922022,0.07597144,0.010787078,-0.3356134,0.44432378,0.004182481,-0.29649284,0.01213737,-0.43253028,0.090272576,0.21527322,0.67547107,0.024464622,-0.16473147,0.051677372,0.36008725,0.12522647,0.20816982,0.19001387,0.12658288,-0.35046035,-0.3640767,-0.3948281,-0.2993728,-0.27059132,0.46493107,-0.17671356,0.024965052,-0.060973156,0.048375662,0.017515972,-0.31399357,0.14943554,-0.16995668,-0.17834315,-0.076616704,0.2022414,-0.15614,0.022945292,0.10071178,0.06420755,0.050518688,-0.35089326,0.03171732,-0.22867997,-0.4399935,-0.11566248
SIM-0074-TP,-0.1297118,0.74004847,0.24404997,0.19607548,-0.10193223,-0.04631595,0.642892,-0.15898243,0.063731045,0.46032605,-0.1809226,0.03744755,-0.004536781,-0.2221957,0.19373813,-0.27883,0.1939656,0.10738701,0.22448489,-0.04855067,0.097363204,0.25654507,-0.3522261,-0.30211362,0.14543849,0.20574602,0.0338762,0.22998896,-0.09055041,0.31678498,-0.018155424,-0.1946834,0.35621735,0.20671707,-0.11257312,-0.107568234,0.15021925,-0.25013724,0.080132216,-0.04218104,0.05369033,-0.5053297,-0.22675644,0.06341743,0.26315403,-0.032788258,0.1806388,-0.37039202,-0.11214861,0.06996401,-0.015591416,0.19065435,-0.064217895,-0.061780106,0.163407,-0.13434808,-0.22691528,0.11621324,-0.24092624,0.354635,-0.4605227,-0.07456302,0.40665674,0.4939596,-0.022811849,0.27599323,0.19377895,-0.1228849,0.11680172,-0.21539654,-0.39050534,0.12606664,0.14078744,-0.29636845,-0.03568341,-0.296528,-0.1153293,-0.109117724,0.18521535,-0.12502266,-0.3154478,0.42893207,0.12372698,0.22400662,0.15204783,0.23526184,0.10913669,0.11628177,0.031830866,-0.10977576,0.22166778,-0.06615084,0.029433776,0.09252025,0.11363623,-0.2535862,0.050299432,-0.25519902,0.04464677,0.19494489,0.44996563,0.14442287,0.21598908,-0.2719385,0.13454315,-0.27885935,0.30061102,-0.2665567,-0.24428429,0.18868317,0.41994274,0.26446268,-0.08849508,-0.24733725,-0.106960736,0.031430416,-0.019349253,-0.25721827,0.32154122,0.3269812,0.47123763,-0.41511965,-0.2021572,0.06271192,0.0012091012,-0.112389304,-0.21404833,-0.24943116,0.506538,-0.35674733,-0.38937756,-0.29704738,0.04805178,-0.06825855,0.103407234,-0.17666894,0.022018924,0.021190407,0.39369464,0.44475183,-0.037736334,0.2137336,0.040592007,0.19268923,0.0962147,0.18398166,0.213268,0.10614399,0.03419454,0.26070508,-0.033661917,-0.14402437,-0.38855,0.106325105,0.17307556,-0.43097723,-0.15344432,0.18775195,-0.035918884,0.013812344,0.22816062,-0.027031496,0.09607556,-0.27022773,0.08788714,-0.3347101,-0.32418913,-0.12585825,0.13720722,0.013120169,-0.19731687,0.21937077,0.07968767,0.26126382,-0.22268504,0.35857195,0.3954801,0.22790761,0.12196757,0.124108925,0.08266658,-0.34328982,-0.14966416,-0.026008375,-0.25759545,0.35871652,0.12508798,0.44558704,0.19753507,-0.34917808,0.32674405,-0.11266338,0.34113312,0.37702158,0.33792272,0.26834908,0.10834625,-0.002580778,0.47127473,0.06809521
SIM-0075-TP,-0.09631999,0.11047856,0.28720802,0.27800274,-0.271525,0.27007693,0.17233445,-0.086367294,-0.20610894,0.3575217,0.3822089,0.39244288,-0.3269802,-0.05240406,0.014239958,0.37561965,0.20189694,-0.05596043,0.040498067,0.17844874,0.18692099,0.4201296,0.36413082,0.31176695,-0.19105092,-0.17572086,-0.24768706,0.10578925,-0.11739229,0.14892085,0.18501018,0.061611287,0.22676292,-0.1539242,-0.36202997,-0.1689743,0.21697502,0.46767855,0.3776526,-0.04176004,0.24859041,-0.33808848,0.3960962,0.14085197,0.20753679,-0.46792772,0.12620938,0.4720188,0.08522196,-0.011175293,-0.052037727,-0.16816221,0.034591913,-0.29188976,0.12492348,0.2898968,-0.094967365,0.10839406,-0.003476546,0.111228675,0.24008797,0.116161294,0.2275997,0.142947,0.228313,0.091573745,0.09532807,0.1854278,-0.0055931434,0.12497521,-0.21034363,-0.44065887,0.035480976,-0.1873488,0.49488005,-0.18807451,0.20285574,-0.16618647,0.0053398665,-0.268103,-0.2913451,0.08245557,-0.08829316,0.19656724,0.3228712,-0.38766617,0.27318576,-0.24032724,-0.08326541,-0.35046807,-0.3429985,-0.48629847,-0.10112096,0.015307362,-0.09286932,-0.44765994,-0.48923948,0.0025288719,0.19725701,0.061947,0.46697658,-0.0095295,0.07885798,-0.005252957,-0.19538201,-0.041059922,0.20962657,0.21939215,0.089391105,0.39556715,0.114371724,0.08168856,0.37555012,-0.17875756,0.3570079,-0.24348642,-0.0665055,-0.45910367,0.06281045,0.3314019,-0.23445204,-0.07070381,-0.055412583,-0.053772043,-0.2619639,0.009376146,0.39250216,-0.12522276,0.057554603,0.055552095,-0.09891214,0.06956606,-0.09520995,0.10440764,-0.017626317,-0.35144037,-0.4497635,-0.53448796,-0.10253834,0.20767072,-0.18251576,-0.061726484,-0.16345817,-0.2087434,0.5506505,-0.19951674,-0.33805755,-0.22373694,0.018689428,-0.14336716,0.071481586,-0.18257347,-0.14699328,-0.17683853,-0.022850152,0.17838706,0.2047968,0.35188293,-0.32813054,-0.25996423,-0.22965759,-0.00083555625,-0.26928413,-0.17226575,0.17111425,0.2675199,0.17325522,0.080130085,-0.16565263,0.0053165536,0.2851755,0.16538894,0.22116186,0.2376632,-0.081992194,0.15843508,-0.09494131,0.14879186,0.30667996,0.38845676,0.14867575,0.09847767,0.34693626,-0.21614212,0.3614589,0.032677103,0.034503315,-0.11272709,-0.2933023,0.36789474,0.10100221,-0.09229383,0.08750113,-0.084166646,-0.42619908,-0.044522163,-0.3517408,0.059459984,0.3964748,-0.16033559
SIM-0076-TP,0.19773133,-0.15997735,-0.0051057166,-0.21948998,0.15483086,0.33661866,0.04811142,0.13388467,0.13341787,-0.062145956,0.326846,-0.12941985,-0.39309683,-0.2303482,0.1539349,-0.096734546,0.023201993,-0.05963655,0.04522253,0.27333808,0.4916658,-0.1320515,0.3432889,0.15946123,-0.19551739,0.23384263,0.5724013,-0.074236505,0.053103708,-0.29119575,0.08108988,0.1503291,0.6037362,-0.123293675,0.35126233,0.1854499,0.6688022,0.15408735,0.097423136,0.3219348,0.23250346,0.3442021,0.2505952,-0.25858504,0.24081421,0.23499803,-0.1849185,0.07239465,-0.45896772,0.06382573,0.17118996,0.23987575,0.17518814,-0.22155896,-0.36634514,0.23529893,0.10122884,0.123293504,0.42031795,-0.4018067,0.45076725,-0.140542,0.20623279,-0.0032902318,-0.086416565,-0.3772294,-0.16810448,0.11675489,0.08875891,0.23800568,-0.172905,0.18669678,0.01653913,0.15820134,0.12829329,-0.11787485,0.06304984,0.11522655,0.19662084,0.3762871,-0.1585969,-0.2915963,0.3216641,-0.32158792,0.25839612,-0.2272954,-0.15741041,-0.019768404,-0.36284417,-0.24250543,-0.41830242,0.16730486,-0.0028983268,0.0036060414,-0.015272969,-0.004419509,-0.12050684,0.23909025,-0.44079003,-0.36065853,0.3395567,0.066769294,-0.5061667,0.079853356,-0.39738354,0.3250987,0.23001698,0.52431333,-0.07474446,-0.3042467,-0.13513958,-0.1294202,0.09638567,-0.4578891,-0.001336923,-0.25361052,-0.12824243,0.34574685,0.25067312,0.1824413,0.15911224,-0.06611303,-0.012124072,-0.3931438,-0.30846596,0.031679414,-0.27995196,0.1724385,-0.012424729,-0.074389726,-0.15171382,0.11269222,0.16945502,-0.22006191,-0.13109516,-0.04705515,0.08024492,0.07707047,-0.02555544,0.17704952,-0.033941578,-0.349166,0.33429995,0.24498953,-0.3442708,0.044628542,0.32514304,-0.07605836,0.19290896,0.27763817,0.06704819,0.53576124,0.16246453,0.02551563,-0.04176299,-0.011811211,-0.14111412,-0.27837166,-0.22478884,-0.035624146,0.200827,0.08163168,0.042259015,0.5300892,0.4207143,-0.22813353,0.17610459,-0.29681844,0.06694328,-0.34327164,-0.15174232,0.15597223,-0.113614514,-0.26972124,-0.17188452,-0.2359415,0.10310628,0.30068526,-0.049252458,0.25737706,-0.14331573,-0.025287088,0.44598,-0.044461858,0.26748937,-0.18001463,-0.005035702,-0.21454762,0.016617797,0.059865594,0.1891623,-0.14479047,-0.04180867,0.29716966,-0.30224094,-0.61879545,-0.16336443,0.15253535,0.020722395,-0.23904823
SIM-0077-TP,0.017852021,-0.09166873,-0.3913918,-0.08508619,0.18617238,-0.06947322,-0.37824643,0.43145505,-0.2483047,0.09321551,0.20878111,0.105432115,-0.058097083,-0.45409033,0.29309338,-0.29164514,0.24302867,0.2777226,-0.3053287,-0.30910885,0.6053539,0.9335413,0.55421513,0.72710454,0.5781155,0.90005517,0.54490757,0.5234396,0.44552076,0.4378076,0.9696419,0.6141819,0.46588743,0.28587294,0.6360175,0.4984242,0.45098415,0.510104,0.73407966,0.41339818,0.62709033,0.92503387,0.565281,0.43761075,0.9674493,0.68160737,-0.043659415,0.1302701,-0.02160733,0.017472504,-0.39274573,-0.20986998,0.4656107,-0.26006666,0.017165966,0.43548518,0.17169823,0.072602704,-0.20040587,-0.15582752,-0.07729235,0.084281325,0.31814188,0.029388987,-0.14271519,-0.024157677,0.13016458,0.084212504,-0.062185958,-0.28006938,0.26925695,-0.065459624,0.0613411,-0.1691664,-0.1755637,0.124343015,-0.31660485,-0.29087532,0.3771775,0.20654298,0.104195476,-0.26812583,0.055158332,-0.018419027,-0.11057154,-0.022408025,-0.35772622,-0.5173393,0.074238814,0.040397774,0.06296912,0.19239849,0.1278892,0.37119427,0.29485965,0.014616241,0.039554287,0.056142487,-0.38345334,0.2300003,0.1463356,-0.4143849,0.38738883,-0.1070325,-0.031058056,-0.035847347,-0.042968243,0.59867126,-0.0652836,-0.0811106,0.004868402,-0.21209621,0.072961114,-0.20529108,0.12519777,-0.26073885,-0.1467968,-0.25123268,-0.13301398,-0.44665363,-0.611307,-0.08051803,-0.38399872,0.4334583,-0.08974902,0.17714623,0.077276066,-0.2656699,-0.10516081,0.18516816,0.16887835,0.21659355,-0.16411336,0.14603285,-0.15121998,0.25272074,0.24500011,-0.3435109,0.068989486,-0.2738463,0.20696604,-0.2820615,0.080644466,0.18468276,0.016815316,0.21540794,0.073303625,0.39165637,-0.27541238,-0.095988765,-0.47991213,-0.07414868,-0.29674986,-0.34671372,-0.3888594,-0.11827166,0.063469976,0.119508885,0.2504841,0.2360524,-0.2821667,-0.18564865,0.048202567,0.05213054,0.34502283,-0.07198503,0.1919063,-0.035716973,0.089435756,0.09708433,-0.005578117,-0.24400172,0.06916834,0.16079995,0.026750432,-0.6907115,-0.04415029,0.16963254,-0.24495037,0.26650655,-0.15317997,-0.07993645,0.051541865,-0.23032373,0.22796726,0.31607753,-0.27502507,-0.04637881,0.47332615,0.27485254,-0.40337628,0.29175803,-0.8552555,0.1536584,-0.21419646,0.11498541,0.061715845,0.03346348,0.14642037,-0.123993725
SIM-0078-TP,-0.14972273,0.23263843,0.0014270659,-0.14239423,-0.044519287,-0.06618849,-0.086463585,0.11077927,-0.21756488,0.38018808,0.055960298,-0.4590375,0.06876486,-0.23258227,-0.0068796123,-0.038118422,0.16944532,0.16659619,0.055342235,0.47739986,-0.03931783,0.48329806,0.4902323,0.2262167,0.25657457,0.37956208,0.062935285,0.015348867,0.028371133,0.21498859,0.024609663,-0.038669333,-0.11707328,-0.10407497,-0.01804386,-0.012346134,0.16870156,-0.052177593,0.2648024,0.6338273,0.45426667,-0.123374894,0.06709415,-0.17578436,0.1906499,0.20513278,0.043490883,-0.2623455,-0.16237856,0.23894723,0.09921697,-0.21702078,-0.32098514,-0.018187717,-0.03064015,-0.32155964,-0.077067114,-0.12114984,-0.14683528,-0.10699324,0.06857852,0.022389436,0.31380495,0.049454372,0.20120305,-0.3308829,0.03795317,-0.093103506,0.180973,0.063526325,0.39377484,-0.23296267,-0.17782587,0.085305706,-0.0324421,-0.23588808,0.093316235,-0.12381727,0.11263491,-0.4249727,-0.07334896,0.039229766,0.042327594,0.1747574,-0.061117373,0.11191047,-0.017365027,0.18332328,-0.38443536,-0.65107816,0.313416,-0.14213525,-0.42584333,-0.040191825,-0.1296466,0.09226836,0.12306139,-0.10436177,0.2322426,-0.3027315,-0.5876277,0.036903337,-0.06448876,-0.47363278,0.15233094,-0.4245895,-0.028116785,0.19173515,0.0642003,0.050115705,-0.118551075,0.042124115,0.1271361,-0.16114804,-0.28271168,0.19707488,0.46292642,0.37367973,-0.65660137,0.31284755,-0.15857753,0.45016524,-0.2596358,-0.28206882,-0.012514679,-0.10042439,-0.08801081,0.23577914,0.30914837,-0.23596784,0.41007978,-0.30765682,-0.15110229,0.63335955,0.092422366,-0.16426131,0.06598248,0.17639247,0.084338866,0.320108,-0.21630381,-0.16345528,-0.22254755,-0.20766619,0.010607812,-0.26593497,0.07266185,0.15818745,-0.3056537,-0.15750858,-0.12761441,-0.054826327,-0.041156918,0.22633505,0.24492903,-0.20210598,0.1729213,0.3437323,0.30238435,0.051217653,-0.013585561,-0.35090455,-0.103274636,-0.37349203,0.2850296,-0.06593739,-0.021606589,-0.15436311,-0.352573,0.17813359,0.12550424,0.23339735,-0.43805596,0.32969412,-0.031404495,0.19433749,-0.65889275,0.10255218,-0.018377885,-0.05516667,-0.024570312,-0.14902619,-0.3530705,-0.31608683,0.0067048473,0.32785198,0.2767144,0.057582118,-0.12217879,0.5157654,0.17022438,0.14866069,-0.3331165,0.06388355,-0.30945978,0.52041215,-0.21024698,-0.15169537,-0.16231807,-0.092541255
SIM-0079-TP,0.16760167,0.0007575828,0.010583024,0.17977732,-0.37934205,0.18703596,0.033663146,-0.17569536,0.032942127,0.028326778,-0.6559712,0.34370115,0.30218568,-0.32651892,-0.18895201,0.33840358,0.16611743,0.097206555,0.10896842,0.09349509,0.2890499,0.414096,0.80460227,0.7193196,0.62625575,0.39326984,0.80256206,0.31359977,0.92546636,0.3739157,0.33736965,0.56280226,0.6084105,0.579519,0.22455549,0.6606425,0.80009353,0.5349846,0.16871682,0.50242877,0.2720382,0.07233155,0.41820267,0.96128863,0.53462005,0.48699325,0.1775038,0.15277629,-0.3664543,0.4672685,0.049444128,0.2266694,-0.1487573,-0.488799,-0.029219924,-0.27557614,0.29278418,-0.35424936,0.0066405647,0.14984871,0.10628955,-0.12523971,-0.445021,-0.37675083,-0.18930934,-0.35253364,-0.018864134,-0.19063094,-0.32319817,-0.3556685,-0.39798605,-0.01410585,-0.18347263,0.006434436,-0.019344311,-0.050827753,0.16182281,-0.3683293,0.16317202,0.09813949,-0.049444158,-0.2019944,0.009881019,0.11215106,-0.35002097,0.15245897,0.43470517,-0.016244732,0.32580918,0.11873841,0.06587236,-0.17517957,-0.08526031,-0.24520485,0.23581162,-0.18613574,0.44050556,0.10958626,0.098511904,-0.33088332,0.16637136,-0.05508148,-0.14102216,-0.16397986,-0.31030142,0.0024730999,-0.041743338,-0.32840076,0.12869023,0.53212076,-0.3560046,-0.028309474,0.41457906,-0.1943435,0.10991918,0.098126166,0.1645634,0.45815957,-0.4474622,0.047719676,-0.1252466,-0.009943183,0.011259362,-0.07353478,-0.27182195,-0.25479382,0.53140295,-0.34539312,0.3066608,-0.25875893,0.023845896,0.49204472,0.19870864,-0.35952875,-0.08425667,-0.006467057,0.2576425,0.01181498,-0.039717216,0.42999247,0.39508393,0.17466602,-0.15652859,-0.66281587,-0.3197661,-0.38595143,-0.01529648,0.23447932,0.49395502,0.31840244,-0.17742626,0.06349054,0.100579776,-0.38986763,-0.21840826,-0.107685454,0.53248584,0.09661358,-0.3286484,-0.106209286,0.112200335,-0.06278244,-0.08903964,0.18299858,0.35036933,0.30403966,-0.0750606,-0.04126579,-0.077282086,0.26399803,-0.09722761,-0.4808603,0.120623745,0.13232754,-0.10132945,0.46329242,-0.13556069,0.35442302,-0.33475515,0.069093496,-0.20216446,-0.018268367,0.19038524,-0.14243016,-0.17447563,-0.055646233,0.9399037,0.050566114,0.035775248,0.10871706,-0.42901647,0.23021832,0.17783748,-0.4459682,0.601103,0.000759473,-0.27919373,0.07840475,-0.22721225,-0.40259528
SIM-0080-TP,-0.068137534,-0.05688688,-0.39363977,-0.19507214,-0.25826496,-0.08933771,0.16192181,0.035340138,-0.008170217,-0.45628202,-0.0070211324,-0.27197686,-0.4294662,0.2193995,-0.3327424,0.023527207,-0.12179622,-0.23838294,0.30496815,-0.15011434,-0.13313277,-0.18375216,0.04397248,-0.03987826,-0.1754503,-0.23065613,-0.01033457,-0.16260105,0.431128,-0.13134567,0.08354477,-0.022741003,-0.07227383,0.22482891,0.1450474,0.14024062,0.13747495,-0.40359375,0.11017001,-0.061852593,-0.12822546,0.86508137,-0.36840996,-0.022640191,-0.042819288,-0.02046891,-0.25350136,0.056255236,-0.28093734,0.07088211,0.039156336,-0.061042834,-0.018165613,0.39603332,0.1445353,0.043250423,0.106138,0.010054174,0.13804045,-0.15147196,0.55267155,0.046970133,0.70658267,0.5541945,-0.12595019,0.059880156,0.09139348,0.2334391,0.032814376,0.30172524,-0.43978164,-0.15249501,-0.047723956,-0.16666028,-0.43298888,0.22096547,-0.27674392,-0.16857897,0.18871333,0.30609438,-0.14138226,-0.25918338,-0.2033189,0.27867225,0.29282555,0.08412624,0.061756037,-0.32967585,0.116271205,0.19643,0.041361615,0.050468802,-0.25793543,0.29211226,-0.3398024,-0.0041479575,0.11438302,0.28525043,0.26341417,0.28479892,-0.075531125,0.58098173,0.27195442,-0.088207856,-0.072095156,0.19010517,-0.11685617,-0.31935933,0.020640593,-0.56808984,0.089586,0.15949093,-0.066504076,0.2874921,0.21300985,-0.25473174,0.011060518,-0.1298443,-0.080773786,0.28657523,0.15635401,-0.17938712,0.05604606,-0.1889252,-0.12118715,0.38479546,0.63672537,0.4447547,0.069347695,0.045989595,0.2548481,0.025379293,-0.35646448,0.45473665,-0.29693875,0.30195868,0.18995097,0.46495152,0.21563065,-0.14696111,0.2713338,-0.09083796,-0.24436943,-0.45787552,-0.03091466,-0.42215633,0.3591409,-0.39272857,-0.09501666,-0.0843253,0.042927325,-0.21682552,0.28369126,0.040773083,-0.004420231,-0.1625701,0.13741617,0.34932223,0.67374355,-0.23528011,-0.034123387,-0.47676912,0.16995876,-0.34131372,0.06886141,0.30872017,-0.10299089,-0.23303421,0.32952765,0.17767297,-0.2824468,0.034932546,-0.21342736,0.26514173,0.030737992,0.38192287,-0.23288928,0.056773297,-0.0030622755,0.06367428,-0.14158162,-0.56274986,0.16976824,0.013404822,-0.20782071,-0.12545198,-0.2923188,-0.46458355,0.25968012,0.14289509,-0.33782798,0.63118196,-0.28170347,0.17864507,0.0009346946,-0.31573942,0.0874195,-0.046110682,-0.15924248,0.32978776
SIM-0081-TP,0.15597272,0.17980067,-0.053817593,0.08803771,-0.0067197187,0.12480233,-0.24288286,-0.5935432,0.33903337,-0.0036875675,0.14293247,-0.17111275,-0.055939022,0.38007772,0.09096608,0.55117697,0.22289695,-0.16703759,0.11040778,0.42057654,4.1085963,4.214883,4.4067225,3.467168,4.228852,4.3902316,3.8616421,4.3148513,4.0522294,3.6305037,4.2511826,4.0511403,4.034939,4.2150564,3.8162313,4.24648,3.8254638,4.4317493,4.3382897,4.437976,4.1695895,3.9476004,3.8733113,3.8583837,4.01038,3.8819492,0.081214815,-0.20134525,-0.15554574,-0.0952215,-0.19404115,-0.08554961,0.14595835,-0.22097562,-0.30094004,-0.044556357,-0.2847981,0.33415222,-0.1746653,0.012023466,0.113497175,-0.31552672,-0.21117894,-0.15750302,0.19562168,0.45788604,0.46398315,0.31832677,-0.3100006,-0.21910965,0.34686574,0.38138837,0.19892882,0.20144962,-0.10726559,0.42903435,-0.18276078,-0.4026336,0.20032395,-0.14569506,-0.32464147,0.21950099,-0.45707026,0.113581754,-0.11165462,0.40034056,0.11432339,0.2684594,-0.27109435,-0.42351633,-0.09057229,0.15293089,0.017820448,0.2876917,0.13660622,-0.2623569,0.116160974,0.042985223,0.31770602,-0.23150761,-0.16581134,0.09922655,0.35344663,-0.04983517,0.14913283,0.00880561,-0.010610524,0.28797162,0.027465384,-0.11063984,-0.12542157,-0.07677159,-0.17301057,-0.05947983,0.0147111425,0.07168631,-0.2463029,-0.10514139,-0.09291335,-0.19083549,-0.1448525,0.22518297,0.3409966,-0.07825494,-0.17775138,-0.02031663,0.021073658,0.17301849,-0.09909432,-0.13550708,0.6129005,-0.32339478,0.22528067,0.37242854,-0.0634549,0.10998104,-0.41920558,0.0062188096,0.28987578,0.030122947,0.0095554385,0.4335617,0.20477119,0.17706236,-0.20264278,-0.6112189,0.09326352,0.0013843921,0.19063362,0.031169264,0.011095105,0.0076668714,-0.27742565,-0.46125802,-0.22140661,-0.27565807,-0.011449808,-0.40825596,-0.11897386,0.48236415,-0.01864342,0.012018657,0.0038754288,0.05298597,-0.13161097,-0.04128634,-0.13549477,-0.37323257,0.29324663,-0.22054102,0.40014985,-0.1911926,-0.339641,0.4839742,-0.36991176,-0.5661555,-0.36159584,-0.034468193,-0.3344427,-0.1406519,-0.5083588,0.27186736,0.104967944,-0.31646368,-0.5788804,-0.22594236,0.16254462,0.26917967,-0.05890042,-0.12536205,-0.144644,0.07608767,0.22037967,-0.03578607,-0.09346805,0.1951858,0.3735925,-0.07165455,0.021230496,-0.1878613
SIM-0082-TP,0.020075966,-0.2316354,0.35546586,0.2215338,0.4342563,-0.14000157,0.5175913,0.061140496,-0.033448257,0.31452405,-0.25513008,0.00837515,-0.039096743,0.104390085,-0.11092035,-0.13485245,-0.095180415,-0.07262061,0.019663973,0.3220009,-0.45135212,0.27937284,-0.030281723,0.043046206,-0.18390831,0.09930984,-0.010073081,0.031534974,0.23355243,0.2466118,0.44276497,-0.060299255,0.2583592,0.24614659,0.109713145,0.5091304,-0.07179827,0.12550463,0.16400759,-0.2116968,0.40400708,0.061121114,0.19708814,0.4827047,0.14152417,0.097860545,0.016602507,-0.25123218,-0.095143765,-0.037858903,0.024549242,0.3446602,0.23228346,-0.14690746,-0.0058686947,0.35019395,-0.43099514,-0.05687149,-0.32653862,0.6108623,0.19307356,-0.12406225,-0.008944871,-0.20544095,0.49784,-0.5733065,0.081862256,-0.017793814,-0.25719002,-0.0628219,-0.40518147,0.39245546,0.0064049903,0.2287637,-0.12114827,0.33614677,0.008692478,0.26823136,0.1418576,-0.008407632,0.24992087,1.0463481,-0.28279358,-0.030219465,-0.32341793,0.10367839,0.056443993,0.48566267,-0.06415545,0.23796336,-0.5199173,0.037944525,-0.21745217,0.14806843,0.28783074,-0.14998594,0.13514312,-0.089228846,0.011827348,0.1028333,-0.25099647,-0.24976924,0.21681564,-0.16934164,0.31992215,-0.4437702,0.23383637,0.0020607149,-0.02339257,0.036842473,-0.36147267,0.28051823,-0.10757288,-0.20856532,0.54113686,-0.08721965,-0.21590976,0.20322844,0.06586939,0.2524806,0.020853745,0.23878366,0.5131145,-0.18946435,-0.11471941,-0.40065473,0.0949965,0.031282067,0.31568915,-0.0071528894,-0.021052955,0.048933424,-0.058541454,0.09200922,0.056613013,0.13473655,-0.056967687,0.13751937,0.15427794,-0.08158758,-0.02041777,-0.043978408,-0.30675387,-0.12145034,0.19015804,0.21154249,0.08463794,-0.25330818,0.24468684,0.46300104,0.1483456,-0.0006937029,-0.21598217,-0.0034879085,-0.12371296,-0.049771506,0.32229957,0.22078301,-0.085734226,0.021961985,-0.0012124816,-0.10833016,-0.33587226,0.20700671,0.29547593,-0.15185545,-0.16327927,0.22694525,-0.16648434,-0.3466687,-0.111005716,0.33899984,-0.13084738,-0.16207722,-0.1177443,-0.28770557,-0.3293884,-0.065584734,-0.35069117,-0.09960647,0.06586985,0.09419806,-0.035164945,-0.29958072,-0.10283311,0.08631121,0.15516973,-0.06824523,-0.17597412,0.020772645,-0.088431716,-0.254609,0.076742515,0.004610387,-0.27688974,-0.15781009,-0.047423236,-0.38100612,-0.18173029,0.15795033
SIM-0083-TP,-0.1224719,-0.19961436,0.2706785,0.08737987,0.17384388,-0.19632122,-0.07110195,-0.0026988718,0.056703206,0.5714425,0.021032166,0.27095434,0.5720759,0.4290283,0.03935176,0.28690308,0.031887334,-0.009740306,0.21026248,0.2209014,0.1267812,-0.041882977,-0.12073216,-0.30169815,0.040576797,0.059132554,0.20760524,-0.3647954,0.026032392,-0.050624605,-0.014375992,0.3113107,0.32040745,0.2539132,0.023439031,-0.047351446,0.3010002,0.42756072,0.3997026,0.12229456,0.009989376,0.17292196,0.18879141,-0.10002604,-0.04807963,0.7618509,-0.100104734,0.2129813,-0.12859853,-0.031088034,-0.23047513,-0.22986487,0.15435654,0.12457324,0.46009892,0.0065062214,0.038878705,-0.010719864,-0.24317795,0.1473315,-0.04229527,-0.35889727,0.27682912,-0.14362186,0.08264836,0.091528766,0.05254854,-0.25108364,0.349045,-0.18216756,-0.6140462,0.21213363,0.20394811,-0.29870862,-0.0014047414,0.27000833,0.3529838,0.15312071,0.20672372,0.17921622,-0.03429203,-0.27224454,-0.065300316,0.28106153,0.27870122,0.05085781,-0.08335748,0.43367526,0.03100257,0.15934423,-0.301634,-0.014010478,0.27155155,-0.34236163,-0.009671583,0.10223228,0.35712427,0.24400249,0.423288,0.20795676,0.22240566,-0.23883294,-0.24603203,0.42015296,-0.113369256,-0.13546145,-0.5768953,0.2650575,-0.2797561,-0.20507292,0.27357852,-0.5521936,0.33968326,-0.20731062,-0.036726788,-0.19396167,-0.3324807,-0.18971959,-0.20682223,-0.3077436,0.38562274,-0.2423832,-0.4717622,-0.51611024,0.10891249,-0.4335152,-0.044545412,0.49239144,0.045478452,0.0810219,-0.1324144,-0.0033465133,-0.053948008,0.077180356,0.4142863,-0.10675952,-0.19697614,-0.018882992,0.24003619,-0.08460344,0.06663593,0.12783915,0.5381518,0.23063035,-0.2181802,-0.5478031,0.037594795,-0.17628682,-0.12144662,-0.24899825,-0.12631583,-0.13130625,-0.028924357,-0.16819023,-0.17927997,0.13250446,-0.00063780625,0.0011179468,-0.012347042,-0.22376119,0.35920176,0.50807893,0.30962688,-0.44105476,-0.16540731,0.17699912,-0.18752743,-0.17526487,-0.3428322,-0.09057821,-0.20538889,-0.59774816,0.28786144,0.10417341,-0.33390614,0.2169818,0.031722754,0.28981262,0.18356651,-0.19383056,0.16722375,0.17780533,0.26388514,0.24935886,0.51957405,0.23814999,-0.19613016,0.044324994,-0.26226345,0.30234736,-0.21407022,0.55778736,-0.07310546,-0.010982822,-0.11617169,-0.17922823,-0.1325865,0.05791863,0.004411733,-0.10674579
SIM-0084-TP,0.076622576,-0.13570903,-0.0012465671,0.4414531,-0.14326972,-0.07584552,-0.28870746,-0.0845856,0.09364506,-0.13215096,-0.28354833,0.090372935,0.11682025,0.15349534,-0.30977705,0.34263483,-0.121969,-0.25192493,0.25613508,0.33381847,-0.07883328,-0.20818003,0.110576406,-0.3331148,0.6378944,-0.25803113,0.08904011,-0.040184736,-0.22993784,-0.23394899,0.28193247,0.09181465,-0.17402792,-0.13998248,-0.20341249,0.22026,0.23057942,0.13183522,0.06343796,0.15665978,-0.41224104,0.06878694,0.26711202,0.0577485,0.013241201,-0.15899882,-0.14235167,-0.13082294,0.05575374,-0.12127159,-0.45585006,0.19943592,0.13055384,0.088816226,-0.23421174,-0.1230674,0.12974733,0.0066083656,-0.17448509,0.32491004,-0.21177784,-0.74626267,0.021828745,0.032475732,0.014493776,0.10045162,-0.13924512,0.256528,-0.3415449,-0.005353862,-0.15645117,0.2516876,-0.19862619,0.017735416,0.02128405,0.048954792,-0.1824729,0.09142067,0.007152905,0.085849896,0.39360318,0.02900916,-0.24876955,0.49025667,0.2447755,0.16350718,-0.045661703,0.18492442,-0.51434624,0.38656148,0.22408204,-0.04426626,0.21773432,0.15470865,-0.25234312,0.044730533,0.093755834,-0.03346202,-0.054809697,0.2253128,0.043998882,0.46945637,-0.16330034,0.10236411,-0.23011544,0.16937195,-0.27858958,0.07205121,0.2951566,0.012994057,-0.24766612,0.23626998,0.09004987,-0.021305501,-0.24194205,-0.4025914,0.56289953,-0.14329672,-0.24823576,0.078665465,-0.25452447,0.12453679,0.33776534,-0.26446795,-0.07468712,0.107711084,-0.30453193,-0.22772011,-0.029188875,0.4901869,-0.21319877,-0.07069965,0.61989415,0.19878757,-0.42356485,-0.058384247,0.1462413,0.36166966,0.34821635,0.14001852,0.1792306,-0.32475862,-0.17313997,-0.32432142,0.25762546,0.09415544,0.026577571,0.38588446,0.13454278,0.28452814,0.18908498,0.2134639,-0.2606629,0.2435588,0.1182856,-0.102224775,0.1711195,0.32146096,-0.024544625,-0.18739142,-0.17585573,-0.34881,-0.042152554,0.14755361,0.43342865,-0.20144506,0.08981066,0.0056622485,-0.0021504657,-0.38245016,-0.25271162,0.45366025,0.2523167,0.07071505,0.11546471,0.18586002,-0.11205868,-0.10177676,-0.15396309,0.04222264,-0.2876508,-0.16600196,0.12651432,-0.088233426,-0.43764502,-0.094804615,0.13637275,0.029001677,-0.42244157,0.25807464,-0.06162022,0.08476317,0.2611798,-0.030947356,-0.477266,0.438881,-0.5519178,-0.08313871,0.32391822,-0.17431918
SIM-0085-TP,-0.1595329,-0.0541808,-0.04516358,-0.21506776,-0.15896589,0.26868257,-0.13279916,0.12561977,-0.22820756,0.34611142,0.23440894,-0.022403218,0.16033483,0.38046965,-0.25045654,-0.2639757,0.09348523,-0.323198,-0.38805437,-0.40080515,0.9261199,0.38013738,0.7881632,0.031428337,0.9984739,1.0152283,0.8358978,1.184418,1.0878818,0.69115996,0.6696474,1.1099164,1.0601987,0.821744,0.44912407,1.1213242,0.9056957,0.8745206,0.17921668,1.0222099,0.87374836,0.7539673,0.6798757,0.9167194,1.0059988,0.7934739,0.13982764,-0.28807437,-0.16308478,0.17156878,-0.10111563,0.4292011,0.06923545,-0.29200426,-0.39225504,0.1960997,-0.15178789,0.22919074,-0.13506877,0.06049476,-0.08385672,0.063869335,0.18233776,0.0047830516,0.16525073,-0.42465493,0.10390537,0.005753277,-0.06552844,-0.5977751,-0.4171564,0.05683818,0.08837743,0.102338016,-0.0018078072,-0.29964235,-0.25701076,-0.527285,0.031154383,0.47641984,-0.022974262,-0.19005793,0.0064043077,-0.033918723,-0.43407485,0.063540794,-0.027151434,-0.042643767,0.49707347,-0.025318382,0.4556478,-0.20678298,-0.3775262,-0.20245965,0.29331958,-0.1896431,-0.35652104,0.08506891,-0.09587133,0.14361481,-0.16790196,-0.23082872,0.41484606,-0.20816404,-0.20886827,0.11541876,-0.6966531,0.18319747,0.44711763,0.2163122,-0.2602727,-0.18082279,0.016085794,0.09128965,0.40349212,0.39222524,-0.053810474,-0.1328241,-0.19540499,0.16111867,0.26997587,0.017068956,-0.00030449402,0.5282663,0.16999808,-0.5132252,-0.00856855,0.05036726,-0.06735973,0.31543875,-0.082444586,-0.24616772,-0.17754427,0.16862476,-0.33872336,-0.12324067,0.21179871,-0.34008783,-0.25931764,-0.42377383,-0.22388825,-0.13061345,-0.05931535,-0.22918211,-0.09555125,0.24491857,0.083480954,0.53360313,-0.1682525,-0.11229846,0.038543254,-0.12861808,-0.0066471724,-0.47942048,-0.0926739,0.2194312,0.47591826,0.36219725,0.03146984,0.12029691,0.08262508,-0.1385743,-0.23978896,0.062070068,-0.027530024,0.20982222,-0.5951422,-0.043383617,0.3023057,0.14409849,-0.24575382,-0.3272591,-0.011535798,0.19629602,0.12907293,0.028866066,0.16051291,0.064365044,0.14983703,0.2343533,-0.111217886,-0.22145356,0.18222646,-0.12768921,-0.48660737,0.3568471,0.06351184,0.052355926,-0.046224706,0.20930116,-0.3208048,0.0008870958,0.0705694,0.13775104,-0.42712688,0.14846237,-0.104666896,-0.16288717,-0.3903841,0.55814546
SIM-0086-TP,-0.03203734,0.06141604,-0.26295605,-0.3823463,0.20365708,-0.33749384,0.3258959,0.45013273,-0.19386345,-0.11530405,-0.63579,-0.43575478,0.1579723,0.31362885,-0.19544402,-0.15762179,-0.39529598,-0.28254762,0.33216056,0.07750896,0.5041944,1.0946004,1.5457737,0.8544727,0.78639275,1.09838,1.2045846,1.158377,0.8737025,0.8478484,0.52190757,0.6455351,1.0431551,0.8193376,1.0145826,0.8933223,0.9684209,0.9578252,1.1395059,1.1651516,0.94868594,0.90190977,0.94400716,0.7569725,1.224543,0.81246,-0.039964274,0.04405324,0.0775067,0.06722775,-0.034165904,0.41120514,0.018819543,-0.06281939,0.4493887,-0.19443169,0.44871303,-0.4988496,-0.10042935,-0.41742977,-0.34053102,0.11321318,0.071380556,-0.15208027,0.4084256,0.2835904,-0.012896119,-0.45214626,0.23971523,-0.120671466,0.073054455,0.19942607,-0.100312084,0.3196945,-0.09487651,0.13470201,0.18879144,0.22807792,0.4360528,-0.20554541,-0.28320834,-0.08034883,0.76090765,0.3376437,-0.13752665,-0.08692632,-0.0037794232,0.068248756,0.16029304,0.1707225,0.29917255,0.5007161,-0.033385426,-0.053429488,-0.09106677,-0.0692092,0.0922327,0.15889743,0.43154535,-0.17724623,0.08965488,-0.2101657,0.10121815,0.66814834,-0.034199327,0.6131201,-0.209238,-0.11507164,-0.08565582,0.0437143,-0.03853062,0.19099173,-0.68692505,-0.2449631,0.47361776,-0.3519029,-0.08915652,0.15312475,-0.011370399,-0.21246645,0.111277,0.20896003,-0.14924152,0.1018497,0.21519631,0.2701157,0.09251692,0.42736736,0.011831081,-0.2457571,-0.05462067,0.30301577,-0.22335915,-0.56047916,0.11493518,-0.11097166,0.562029,0.06662019,0.30929303,-0.12262726,0.14847822,0.09288016,0.34486127,0.047837526,-0.13091068,0.2596557,-0.17855152,-0.20433567,-0.011013362,-0.08153193,0.004180219,-0.16698499,0.27999574,0.27637726,0.20766048,0.182964,-0.46201152,0.029075,0.21445167,0.33517304,-0.05097259,0.32587755,0.076839924,-0.64574575,-0.024803882,-0.21003672,-0.15303174,0.26300877,0.07436661,-0.12960257,-0.16915609,0.109512076,-0.046089813,0.17414697,-0.20658122,-0.09514299,-0.27989042,-0.1383764,0.5444442,-0.18411337,-0.11835885,-0.20601827,-0.04581389,-0.018096466,0.30457833,-0.101421446,0.028550789,-0.468522,-0.21619204,0.2714318,-0.21395269,0.19190209,-0.23140907,-0.043233443,0.42872304,0.18626508,-0.48804075,0.8053408,-0.25965276,0.46657026
SIM-0087-TP,-0.11155843,-0.30720222,-0.112780735,-0.16332944,-0.13704121,0.014936066,0.11951051,0.35510308,0.053601798,0.019373132,-0.18065129,-0.07006784,-0.12603016,-0.34330136,0.63772494,0.060599484,0.06375639,0.30442023,-0.6453875,0.5596825,-0.21472454,-0.22083606,-0.13571788,0.2460791,0.5360895,0.40988657,-0.12048138,-0.4495674,-0.10358857,-0.15988354,-0.41120854,0.14571327,0.001105308,0.12513946,0.18292099,0.17118073,-0.01609727,0.40998855,-0.12250027,-0.15963078,-0.05794166,0.13449788,0.17056863,-0.08507186,-0.07986594,0.3261884,-0.32691422,0.6867675,-0.075164475,-0.051109117,0.09244501,0.13299851,-0.16372763,0.084594876,-0.23341584,-0.14971828,-0.40119568,0.035186317,-0.044076506,-0.5034334,-0.17024566,-0.0071873036,0.21483211,-0.32046753,-0.07524517,-0.2750432,0.18129148,-0.16707134,0.12970078,-0.08958795,-0.42597255,-0.017489973,-0.2961062,0.27985016,0.45455262,0.15942581,-0.16015342,0.00557076,0.072528474,0.27115515,-0.047086194,0.10204174,-0.41979128,0.060441963,-0.21508986,0.01070567,-0.25953707,0.10286563,0.15950479,-0.058249656,-0.21650574,0.14347653,0.3893162,0.48040795,0.09897169,0.06955461,-0.32880494,0.3284697,-0.5807077,0.29790756,0.0066579306,-0.60798705,0.084154256,-0.039114464,-0.11218241,-0.06746661,-0.004744952,-0.005484151,-0.36891577,0.1007248,-0.094908156,0.39671728,0.2150157,0.24314508,0.465402,0.18400104,-0.036569923,-0.63962936,0.060224883,0.4326902,0.22365916,-0.12688322,0.014966216,-0.13895927,0.07643357,-0.1276002,0.35984206,0.03008201,0.06440063,-0.20706172,-0.104430445,-0.2888895,0.35428506,-0.12832193,0.039926443,-0.3872423,-0.30797917,-0.06258689,-0.077833176,0.06118436,0.50277835,-0.504318,0.24461395,0.12454961,-0.15452893,-0.108410835,0.2800178,-0.015572269,-0.080489025,-0.26216295,-0.20901954,-0.30407867,0.2211253,-0.19604708,-0.2985115,0.04367037,-0.20405693,0.38668403,0.0102751115,0.05126529,0.05195305,0.14273055,0.17760149,0.007326236,-0.25398332,-0.038413312,0.014832832,-0.40803683,-0.52618885,-0.30317426,-0.48773712,-0.121616244,-0.19322109,0.022164326,0.17730795,0.0723374,0.10861187,0.23648627,-0.08152922,-0.6517025,-0.4361044,0.124598265,0.049044814,0.17378485,0.7106226,0.054849505,-0.023876244,0.08652738,-0.29755262,0.18872309,-0.04283607,0.42069045,-0.40013197,0.0011353035,-0.15689479,-0.26661703,0.15566489,-0.07938533,0.33263412,-0.1327195
SIM-0088-TP,-0.09814783,0.5036606,-0.33772022,-0.19590814,-0.77245903,-0.11171557,0.17269295,0.102447584,0.036054786,-0.21907069,-0.047598787,-0.09938953,-0.0013688162,0.043550793,-0.08769784,0.005955532,-0.024450628,-0.16874328,0.019878648,-0.31927586,0.670179,0.3471449,0.6184554,0.7411922,0.393361,0.8830472,1.0719012,0.46232522,0.58865,0.9278182,0.17530903,0.6331834,0.5493231,0.84995234,0.5635535,0.7378284,0.4190454,0.8627344,0.3444366,0.84254074,0.64388496,0.036227107,0.6405963,0.77657616,0.31749704,0.41308653,0.022206957,-0.1278878,0.08239536,-0.052312385,-0.32992464,0.58209467,-0.08496071,0.031066641,0.44310126,0.21572359,0.13687709,0.26444957,0.13786235,0.13785318,0.14178391,-0.042186584,0.2686987,0.16860983,-0.57490945,0.21270601,-0.19836001,0.0607299,-0.41806635,-0.14582454,-0.09108683,0.13416559,-0.14692526,-0.54146785,-0.12257945,-0.095140696,0.15826789,0.037017293,-0.19166464,0.06926116,0.458417,0.29258648,-0.47737145,0.6187786,0.29595128,0.3963479,-0.37996763,-0.10356587,0.14712678,-0.28039357,0.13195905,0.40831512,-0.08329743,0.42584145,0.17562376,-0.46466953,-0.21722613,0.27706483,-0.25805223,0.26980445,0.15289593,0.07811861,-0.14431897,0.07528462,0.42061663,-0.09751142,0.15252878,0.50157857,0.06557663,-0.12265867,-0.12538,-0.5209297,-0.3028596,0.084567286,0.24245782,-0.10652537,0.23924196,0.22352238,-0.19269677,-0.14894482,-0.3365344,0.1859864,0.00093605946,0.22192168,-0.014925776,-0.23514193,0.19493742,-0.49537855,-0.084280334,-0.19358575,0.38138586,0.43744048,0.10578794,-0.14470614,0.43029243,-0.17459439,-0.3460168,-0.49677977,0.025586395,-0.42874625,0.35471806,-0.14511168,-0.32159695,0.27891386,0.21896827,0.41585368,-0.4248794,-0.4775307,0.39017594,-0.70155734,-0.30387214,0.013831372,-0.33236063,0.05282337,-0.2871662,0.32252008,0.179452,0.06877233,-0.0887473,-0.25836992,-0.033676624,-0.30796373,0.47924042,0.07981789,-0.21752661,0.391465,-0.0115408255,0.34969085,0.34212112,0.10911965,-0.3173503,-0.14512514,0.8972756,-0.1377944,-0.06433818,-0.11797136,-0.23490374,0.17598757,-0.33472598,-0.20770009,0.07716971,-0.06265089,0.04077224,-0.007754313,-0.29305384,0.36614528,0.2857535,-0.2389006,0.11919093,-0.12264828,0.27084056,0.21473558,0.31401566,-0.23682018,-0.33869871,-0.46462274,0.6687968,0.22653323,0.3112397,-0.3584387
SIM-0089-TP,0.15887259,-0.43041122,0.11378069,0.0051175402,-0.07457126,-0.13551976,0.29394642,-0.13073437,0.33834106,-0.011839441,0.09341592,0.1375693,0.11491713,0.057114623,0.53815055,0.2821986,-0.6391699,-0.05205478,0.3715155,-0.20327769,0.037787154,0.056459934,0.43464482,-0.2250525,-0.18919191,0.16300535,0.12280123,0.16714168,0.117191106,0.007000413,0.17670119,0.08796461,-0.025648367,0.020774717,-0.09828283,-0.14035667,0.17602,-0.29008508,0.20884672,-0.029331062,0.0108339675,-0.007688839,0.16243419,0.40666744,0.4875129,0.29853022,0.019632285,0.19984925,-0.5054879,0.15197217,0.097419,-0.38617733,-0.14527579,0.06940121,0.09541979,0.23929875,0.41742563,-0.037297435,-0.28449324,0.20548338,0.3219639,0.3168829,0.1176885,0.4999603,-0.06847822,0.3998334,-0.29005954,-0.56653404,-0.29421446,-0.14363532,0.00017402775,-0.23316099,0.03194295,0.1617035,0.08816776,-0.03444063,0.30065593,-0.20011042,-0.06029973,-0.13749479,0.1631941,-0.10637091,0.100040644,0.2040831,-0.12671769,-0.3995847,-0.05630647,-0.19890523,-0.1605982,-0.61779153,-0.40510252,0.19999468,-0.23435532,0.28898373,-0.17890556,0.12157627,-0.063301064,0.16240908,-0.063366614,0.05331475,0.30770802,0.117764704,-0.1720518,-0.46829298,-0.02723613,0.107575364,0.0384945,-0.21945952,0.037916496,0.16495852,0.34838596,-0.056491014,0.614238,0.36331344,0.04206947,0.06540651,0.34723145,-0.24081238,-0.20058143,-0.3219888,-0.06378632,-0.21500432,-0.0887386,-0.0086705545,-0.34461325,0.3415574,0.29797244,-0.114981376,0.37046376,0.0971176,0.2747862,-0.33913296,-0.08408834,0.15705453,-0.040981874,-0.04396824,-0.027667778,0.09336473,0.027866134,0.38952133,-0.24735561,0.023630138,0.17597967,-0.3109178,-0.08592453,0.043465074,0.3757229,0.034097604,0.18949813,0.20586474,-0.6889502,0.020095445,-0.108924516,0.3757901,0.1746654,0.21868533,0.12990734,0.026195748,0.20889078,-0.005332356,0.32106903,-0.2672546,0.25946566,-0.09068857,0.16986404,-0.39293355,0.06742413,-0.037780195,-0.011335143,-0.4418846,0.008220974,0.03242194,-0.44540185,-0.28767413,0.03942246,0.10172633,-0.012653934,0.011232205,0.006724933,-0.13621242,-0.04455919,-0.3503946,-0.14616477,-0.010605436,0.30898443,-0.030412028,0.5153603,0.4824905,0.01742541,-0.103440806,0.5665068,0.1865,0.109655865,-0.18037343,-0.10687684,-0.25012255,0.37199867,0.12538557,-0.07757383,-0.11806959
SIM-0090-TP,-0.24782069,-0.017459098,0.042676307,-0.5688758,-0.2410481,-0.16914043,0.2713709,-0.13844399,-0.4485912,-0.2752374,0.43111157,-0.093194366,-0.2596155,-0.41839454,0.0061018555,0.032434795,0.11027668,0.68168914,-0.3090634,-0.09230572,1.7968019,1.6142997,1.2072823,1.8515242,1.565855,1.4577013,1.5003294,2.1114845,2.0484507,1.4509045,1.2907454,1.948284,2.2382448,2.306866,1.3697046,2.063156,1.7223532,1.2412442,1.5087932,1.5272496,1.8425634,1.3819654,1.9596967,1.8425596,1.9787127,1.5586436,0.099128224,-0.2589696,0.16917576,-0.059327494,-0.03479504,-0.008180923,-0.43534455,0.2974585,0.020716235,0.29846582,0.2800356,-0.20332146,-0.0674647,-0.38770244,0.3064903,0.081154115,0.05029068,-0.06901645,-0.24244002,0.32067683,0.50136995,0.3303873,-0.041844953,0.0975413,0.26748255,0.02352344,0.4861511,0.31209463,0.69637173,0.048557907,-0.6037064,0.017962817,-0.09491112,0.043185618,0.44576198,-0.13546097,-0.20789741,-0.16170947,0.5385342,-0.11519049,0.0648621,0.46161678,0.16590239,-0.56362706,-0.1207946,-0.16320376,-0.43568566,-0.11907216,-0.6805417,0.08125878,0.0018607157,-0.1770365,-0.45236033,0.34862348,-0.14208852,0.2743948,-0.031447332,0.36483145,0.1461108,0.027874218,-0.20992415,0.3247605,-0.05135731,-0.20372787,-0.03931561,-0.0115409205,0.21853381,-0.47052497,0.5957771,0.1158376,-0.0039737294,0.11099968,-0.38286698,0.031008033,0.16258673,-0.07364449,0.13089664,0.19827439,-0.1821134,0.31219354,-0.015063749,0.47663096,0.32735616,0.10160896,-0.20295471,-0.027882457,0.25195953,-0.1399055,0.108366236,0.13661519,-0.02811555,-0.20541936,0.3993969,0.118766665,-0.07546129,-0.1975446,0.2246299,-0.017351285,0.24436407,-0.23053879,0.0756521,-0.119949155,0.43537244,0.092056416,-0.24894665,0.2337409,0.30867776,-0.084259406,-0.20244741,-0.5507272,0.27519658,-0.4382508,-0.012087004,-0.43129972,0.45025134,0.33363864,0.07503417,0.26192516,-0.033050865,-0.20618553,-0.41911232,0.19799975,-0.25234655,0.631636,-0.27809042,0.25301796,0.31900048,-0.33494595,-0.112414956,-0.057479873,0.8706506,-0.061338592,-0.28454617,0.122936174,-0.26187903,-0.01538601,-0.11373495,0.12950312,-0.14030293,-0.1740323,0.26976058,0.07226565,0.0070599956,-0.4812391,0.15545815,-0.11766636,0.06960302,-0.4610735,0.06930453,0.04827778,-0.057384975,-0.22150712,0.29151106,-0.18663467
SIM-0091-TP,0.22754969,0.26178947,-0.208055,0.18701361,-0.10742665,0.15963137,-0.23397397,-0.028774284,0.019264467,-0.007349096,0.09530111,-0.20219699,-0.13808972,0.17846036,-0.10308609,-0.12431822,-0.21045539,-0.11501033,-0.25676402,0.18232504,0.119574115,-0.039077774,0.18104789,-0.117280975,0.017896771,0.5704627,-0.040193066,0.19598244,0.78343856,0.29415348,0.104142055,-0.26507694,0.2735702,0.0399144,0.37129024,0.062777236,0.30113083,0.59343404,0.39965653,-0.09774335,0.25408164,0.47271004,-0.14806451,0.6536464,0.26707006,0.37595272,-0.0859572,0.011580074,-0.22361208,0.3867689,0.44826338,0.53666633,-0.44143388,0.08238555,0.108029425,-0.176389,0.09320377,-0.35915187,0.36789832,-0.38329312,0.06260784,0.19729774,-0.14987494,0.3431511,-0.45624933,-0.007658665,-0.42165893,-0.19332173,-0.123455144,-0.1387121,0.31772387,-0.2930985,-0.38856876,-0.10776646,0.028333303,0.12579884,0.2884551,-0.53750396,0.4221597,-0.20460743,-0.06961785,0.005792363,-0.5425948,-0.10810833,0.24801202,0.15785629,-0.12511298,0.053259496,0.11538321,-0.06469538,0.12312231,-0.20011126,-0.23633601,-0.074247666,-0.6035718,0.17331871,0.020786403,-0.05554429,0.19913761,0.09677751,0.26595014,0.39496034,0.082640044,-0.17993554,0.1812226,-0.1791087,-0.19056387,-0.073165275,0.28953212,0.1875474,0.2214609,0.03072278,0.14235133,0.15022048,-0.1720751,0.14707105,-0.000983763,-0.101243086,-0.089246854,-0.1381061,-0.070231654,-0.0020277153,0.16625324,0.3773224,0.14212418,0.029289564,-0.50003225,0.60473245,-0.17698829,-0.16890591,0.31604424,-0.2753027,0.09294614,-0.11572498,-0.063172236,0.012426559,-0.29841226,-0.030871212,0.2564884,-0.018653745,0.8746433,0.022902874,-0.29914653,-0.13038622,-0.48362646,0.26940292,0.40136614,0.21073696,-0.21003257,-0.2181118,0.18415909,-0.1302359,-0.21516345,-0.24311583,0.46726346,-0.11603262,0.20792165,0.13739364,-0.21216568,0.010136133,-0.25028676,0.36198625,-0.22769876,0.09131828,-0.12354935,-0.2312247,0.26932827,-0.13029368,-0.4574031,0.10607771,-0.17687349,0.03939957,0.2140302,0.08915733,0.22220105,-0.32453904,0.29961503,-0.07436205,-0.35666153,-0.61364514,-0.077096894,-0.1965512,-0.19267613,0.08359044,0.43006754,-0.22541355,0.02300797,-0.1419446,-0.24673861,-0.25398362,0.41057122,0.0033179824,-0.047521986,-0.17132339,0.016809354,-0.159506,0.48250943,0.06295322,0.034864865,0.029201992
SIM-0092-TP,0.326952,-0.0055177673,-0.11911653,0.040265005,0.1978352,0.29574054,0.053752623,0.057344384,0.24818476,-0.683539,0.022052217,-0.1461072,0.014510843,0.088925526,0.31125084,-0.34612733,-0.17981651,-0.22236322,-0.15171377,-0.34255308,0.53436005,0.217684,-0.19384688,0.0038746363,-0.10868692,0.03903116,-0.19193347,-0.3807582,-0.14306107,0.34533012,-0.37124553,0.2742813,0.13998717,-0.09990893,0.18751486,0.05215387,-0.5343614,-0.10113507,-0.09381016,0.3612496,-0.10020624,-0.052715678,-0.2903082,-0.015823517,-0.2972221,0.27151048,-0.105134144,-0.2978216,0.30637735,-0.3265091,0.06383733,-0.37182122,0.0732546,0.26688844,-0.16205275,-0.2949483,-0.28716832,-0.013841419,0.48199984,0.26698986,0.29261965,-0.26747864,0.27422926,0.24676706,0.07625065,-0.15788838,0.24304768,-0.16946512,0.1643047,-0.095176466,-0.24637939,-0.10131393,0.49197614,-0.29147297,0.24788001,0.21006604,-0.046095952,-0.13802534,-0.3120854,0.32215387,-0.29741523,-0.69708884,0.07698634,-0.33768994,-0.027432455,-0.33595055,-0.14532971,0.017351918,0.067885056,0.33469275,0.00034914823,0.026793487,-0.05995399,0.23098756,-0.28275725,-0.10939164,-0.00032007112,-0.22654176,0.3489437,0.07962713,-0.3064157,0.10208493,0.32752365,-0.17991929,0.34040615,0.064224884,0.050420813,0.29959798,0.05092815,0.097572125,0.02307349,-0.4384481,0.10288023,0.06304,-0.09500828,-0.6373859,0.15551887,-0.21508838,-0.281689,-0.30546743,-0.48975632,0.11542754,0.58900535,-0.14497414,0.20525216,-0.023403063,0.06893541,-0.016653202,0.19557811,-0.30203995,0.02488958,0.28370404,0.17529094,0.08158615,0.02437876,-0.090218335,-0.08818378,-0.3883268,0.12579505,0.34120697,0.07350999,0.004155679,0.14976938,-0.52961516,-0.1267953,-0.018462637,-0.42669207,0.040122684,-0.4626881,0.17278068,0.056463692,-0.047714297,0.1903589,0.036757607,0.1188473,0.07088705,-0.21500137,0.39206567,0.3114349,0.1071772,0.037591726,0.1875827,0.31503844,0.47601405,-0.13537703,0.2614544,-0.021800512,-0.40229028,0.20951635,0.36683583,0.24325678,-0.042272855,0.09688211,0.17471346,0.14323977,0.3075197,0.23574592,-0.14470725,0.006619627,-0.12619351,0.040307026,-0.46721384,0.48206323,-0.19492076,-0.128289,0.020687064,-0.3444234,-0.08384588,0.042151008,0.41216347,0.035522036,-0.101410754,-0.2814086,0.5345768,0.01917316,0.020604983,-0.34286913,0.13118427,-0.14701791,0.36791843
SIM-0093-TP,0.11609695,0.031251546,-0.3307008,-0.024547765,-0.05345396,0.030741725,-0.49250972,-0.2273917,-0.12396965,0.12505141,-0.48260054,0.3454298,0.3104918,-0.24860092,0.6172577,0.059586547,-0.027238572,0.1485226,0.10452389,0.029301437,0.54367733,0.70551383,0.90413237,1.0233377,1.1746997,0.7005067,0.834618,0.64973015,1.0882694,0.7369739,0.6678275,0.8302976,0.39655063,0.95006967,0.73735666,1.5067008,0.6602586,0.7479746,1.069118,1.0103086,1.0737871,0.7448739,0.52806437,1.4818513,0.94389,0.8712343,0.20145628,-0.32580313,-0.114109136,-0.26074988,0.041728016,-0.34453118,0.16844206,0.29588416,0.2866843,0.11010428,0.048056472,-0.10449646,0.11213639,-0.027452826,-0.4674104,-0.15418588,0.19807619,-0.28143358,-0.28634703,-0.049923822,-0.54222673,0.18239917,0.16029546,0.23679303,0.055309523,-0.21322091,-0.30751467,0.13773899,0.17885938,-0.27919158,-0.31266877,-0.004758247,0.03415014,0.23371767,0.16559568,-0.020008221,0.25887716,-0.087385304,-0.0771384,0.21206568,0.2393904,0.24593166,-0.04487299,0.017903859,-0.2165883,0.22498678,-0.14782675,-0.49914104,-0.1102655,-0.21394609,-0.67674494,-0.14337045,0.19561423,0.10342201,0.10295317,0.3564208,-0.14471307,-0.28634822,0.1234898,0.08926795,-0.31655803,-0.044027343,0.1346245,0.06869931,0.18296924,-0.16804492,-0.35460573,-0.2283293,0.21608873,0.25891525,-0.04188313,0.37815073,-0.04052566,-0.12811323,-0.35273087,-0.018925685,0.26512545,0.31712845,0.26731873,0.12487384,0.39918318,-0.2421724,0.2962541,0.070310056,0.052642345,-0.35576287,0.08533611,0.28850535,-0.5321795,0.19888729,-0.5712691,-0.35434657,-0.02357555,0.39567736,-0.032022733,0.11749136,-0.22746284,-0.048567735,-0.01371982,0.40730405,-0.186823,-0.16479407,0.2692064,-0.061704673,0.028292675,0.1087968,-0.15912679,-0.51308286,0.26878926,0.02903596,-0.31924424,0.19452426,0.5023087,0.29815125,0.5202352,-0.306944,0.062385052,0.088710144,-0.029190607,-0.081936225,-0.73988324,0.42312327,-0.40419486,0.22592674,0.0027416786,-0.007622246,-0.051370177,0.049754553,0.16019465,0.2379242,-0.03147521,-0.30137262,-0.3099524,0.2597329,-0.06782872,-0.25619555,-0.18543781,-0.023474991,-0.3208426,-0.0077849776,0.31326526,-0.029672708,-0.44189328,0.2169449,0.27754757,0.29072955,0.014747988,0.5828695,0.18399306,0.7474495,0.33789775,0.29962808,-0.15566353,-0.23700057
SIM-0094-TP,0.028877655,-0.04813189,-0.13439532,-0.032536983,-0.04951025,-0.16003351,0.16429788,-0.18791954,-0.010786474,-0.3036002,0.025021432,0.05032987,-0.24033219,0.01761788,-0.024454873,-0.11519044,-0.112829246,0.11194866,0.0070841177,0.23941061,-0.2590912,-0.046890464,-0.15360239,0.015116556,0.06729392,-0.29547808,0.14825404,0.5406978,0.042655047,-0.21695334,-0.07299761,-0.081042916,-0.16682108,0.18068078,-0.45578775,0.06811841,0.32261977,0.30650035,0.2561266,-0.16502678,0.36438623,0.09165638,0.35581604,0.27039045,0.07859873,-0.061180696,0.59102684,-0.4449688,-0.043365642,-0.3513521,0.029248059,0.08917851,-0.16073222,-0.14192949,-0.33015254,0.11297806,-0.11658265,0.105603255,-0.13094239,0.061792154,0.18489403,0.11962527,0.05266227,-0.025851946,0.11929597,-0.15067609,-0.04889352,0.08664693,0.38430044,-0.15299565,-0.22130217,0.071302526,0.3017814,0.2029422,0.0054633813,0.30640778,-0.4525382,0.25286034,-0.07854674,0.15749705,0.2519952,0.048428502,0.017535217,-0.097873576,0.422875,0.086118385,0.05558578,0.37736067,-0.12562679,-0.0624437,0.23435757,0.4435888,0.011133316,0.09664608,-0.3971069,0.32055324,-0.27079007,-0.13485853,0.04710088,-0.16225858,-0.48488024,-0.3089271,0.024611184,0.37407058,0.35395038,0.09550518,0.03918011,0.19941223,0.33141592,0.029265145,0.03785434,0.05088722,0.25240117,-0.3421196,0.004096881,0.100150086,-0.47331706,0.22928478,0.26904565,-0.48652714,-0.10333962,-0.095019855,-0.22221294,-0.187738,-0.13060293,0.15248586,0.31185815,0.13795525,-0.22846478,0.19775793,0.15099935,-0.73327947,0.3099764,0.033382207,0.042664513,-0.43572763,0.40347937,0.08424081,0.193778,-0.33094725,0.12794432,0.1329269,-0.03889039,-0.32329363,-0.015362299,-0.23876506,-0.17455465,0.29000852,0.021686757,-0.020218296,-0.29386255,-0.01145014,-0.037545744,-0.24540916,0.27125102,0.2592821,-0.19362354,0.09895749,-0.46318007,0.07955986,0.19533616,-0.28069437,0.0037547392,0.03190174,0.7222817,0.6452029,0.08047977,-0.16592328,0.06111453,0.2815665,-0.41849086,-0.5228597,-0.28649116,0.19058637,0.20515944,0.11057362,0.2776889,-0.045396395,-0.06773792,0.09627456,0.42782158,0.10278631,-0.023936717,0.10070834,0.35571763,-0.08995492,-0.111981705,-0.11850927,0.20381784,-0.19481312,0.16016583,-0.36777574,-0.06492441,-0.014564036,0.44696903,0.24257465,-0.08898672,-0.12964736,-0.16855168,-0.28055653
SIM-0095-TP,0.40393224,-0.1890151,0.43021375,0.024820596,-0.020622173,0.024398357,0.30249628,-0.21360081,0.12704813,-0.009700179,0.100823864,-0.05111353,-0.09024493,0.13131133,-0.3451443,0.34848285,0.02698829,-0.13737032,0.09214859,-0.17362636,0.9214205,0.9229651,1.2162482,0.97142065,0.6218107,1.0470096,1.0819633,0.49864653,0.6046629,1.4041672,0.81878555,0.824658,0.8929719,0.74150354,0.45857662,0.6211487,0.74197125,0.77596664,0.70935905,0.52873445,0.76332545,1.1805248,0.7337284,0.8561333,1.262672,0.7298614,0.76427746,0.22298996,0.019315457,-0.06201463,0.3355222,-0.17329806,-0.10817312,0.40181884,-0.09387796,-0.11667201,-0.16560242,-0.48309308,0.253708,-0.010747101,0.2674141,-0.042223014,-0.105520844,-0.16585614,0.17099336,-0.20105118,0.09612571,0.009530208,-0.26065513,-0.1120666,0.0025161684,-0.077622816,0.47381756,0.05875293,-0.049023733,-0.090777785,-0.05731153,-0.15195186,-0.20577449,0.1496535,0.38499907,-0.11267745,0.107345685,-0.16606864,0.025942449,-0.3271231,-0.21337388,-0.2222945,-0.036306463,-0.29246476,-0.560128,-0.34251693,-0.043637305,-0.19813332,-0.1447786,0.06611949,-0.20526674,-0.020020414,0.53416616,-0.09525077,-0.051379804,0.095114835,-0.20443007,-0.14793524,-0.023851998,0.048522137,-0.23261526,0.13953649,0.3866632,-0.4782577,0.09788378,-0.022835858,-0.0742692,0.08156829,0.3448177,0.06427851,0.23979472,-0.009746614,0.09126971,-0.1359723,0.009473858,-0.06798931,0.026704261,-0.41380715,-0.27877775,0.29702947,0.34851858,-0.4328657,-0.14175294,-0.18696146,0.063336365,-0.0209417,0.17006013,-0.33781427,0.0874875,-0.08346471,-0.18431157,0.110429406,-0.06178698,-0.025179103,0.33408603,0.017724695,0.48624355,-0.58244,-0.0023915777,-0.2779006,-0.23202197,-0.16389509,0.23064503,-0.10166664,-0.28539267,0.16493098,-0.29559523,0.41800395,-0.32275945,-0.07182817,0.48110187,-0.0811535,0.10590891,-0.027381916,-0.00033056655,-0.20462216,0.11329811,0.3318336,-0.48552263,-0.23108561,-0.1381559,-0.22182618,0.16066903,-0.15149637,0.020239618,0.3727758,-0.4487062,0.079249986,-0.030683096,-0.029944738,-0.22626548,-0.09514822,-0.0019823094,-0.04602109,0.1742791,-0.27349618,-0.34921074,-0.5015494,0.035333004,0.18911277,-0.2933379,-0.31563792,0.4721394,0.31934518,0.3334387,0.08730179,0.17634834,-0.07176135,-0.35593337,-0.3432952,0.000796276,0.23125175,-0.04187022,0.1522523
SIM-0096-TP,-0.022426693,0.076094165,0.1927117,0.332713,0.071336366,0.48484445,-0.05827418,0.33092558,0.14562628,-0.45764896,0.3534086,-0.22954604,-0.062212944,0.21828677,-0.18613344,-0.01776865,0.16430262,-0.20555335,-0.05896065,-0.088358454,0.24099009,0.39207962,-0.27501193,0.019430181,-0.13103138,0.007756175,0.4416811,0.094956376,-0.14076072,-0.34206286,0.24977323,-0.11479635,-0.19399768,0.07599851,0.1447503,-0.0921309,-0.23648341,0.3421396,0.17088453,0.24681327,-0.089240886,-0.20741576,-0.13318783,-0.38091132,-0.08363061,-0.16883804,-0.01942497,0.012257591,0.022676677,-0.14633934,-0.29706156,-0.36054817,0.048841536,0.033839017,-0.34801823,0.35661578,0.20868789,-0.25537157,0.06637067,-0.034215234,0.06589627,0.042998552,0.16791748,0.36979654,0.07479548,0.13323818,0.36620656,-0.13446267,-0.2332671,0.16798793,-0.30572394,-0.20190361,0.37624615,-0.42947102,0.07571307,-0.36055157,0.1026309,0.45810196,-0.25318292,-0.5258305,0.0891507,-0.15689448,-0.04602164,0.09117813,0.1407345,0.14319181,-0.0068649887,0.108931735,-0.046994958,-0.08224364,-0.0040703765,0.14431377,-0.1617566,0.053705294,-0.11475455,-0.18398874,0.26285362,0.0927809,0.09508702,-0.23634,-0.061650425,0.15018658,0.09305253,0.641151,0.05497394,-0.16624318,-0.10878941,-0.21412852,-0.16159132,0.024931308,-0.11594115,0.33402017,0.22025216,0.21601693,-0.06297122,0.22845481,0.2557817,0.39896294,-0.1352842,0.002902659,-0.18770838,0.659821,-0.050466735,0.31895185,0.039149836,0.21985666,-0.0036215265,0.23079099,0.06907905,0.42629167,0.076548666,-0.18061635,0.12952626,0.002313439,-0.24664809,0.09480899,-0.15420015,-0.05894237,0.010271721,-0.50683403,-0.10783352,0.23095295,-0.048069797,-0.47544375,-0.020419924,0.12074073,-0.074456766,-0.06636966,-0.11157589,0.15515375,-0.2055175,0.13656658,-0.06698046,0.31328472,-0.12132821,-0.27768785,0.15470909,0.12318999,0.102970555,0.21162039,-0.250458,-0.197096,0.32992148,0.108877316,-0.11391392,-0.44090253,-0.31106108,-0.2393616,-0.1403059,0.076373845,-0.3414561,-0.13195443,-0.31586805,-0.105341725,0.59616417,0.2973145,0.14338687,-0.13056259,-0.26923168,-0.021669624,-0.3883645,0.16203117,-0.04955471,-0.006884022,-0.4160509,0.012452992,-0.0597623,-0.23916365,0.056114346,-0.09962697,0.07367238,0.15457855,-0.27120775,0.026753154,0.02203776,0.31091732,0.21024841,-0.08708272,-0.10643119,0.037410494
SIM-0097-TP,-0.28090826,-0.2434064,-0.11697272,-0.59541154,-0.2474153,-0.08306408,0.68899786,-0.16103253,0.16505602,-0.04952013,0.10999022,-0.2706277,-0.386407,0.34433767,-0.33251828,0.37090647,-0.09275099,-0.20676586,-0.12910056,0.40054372,0.39371353,0.47281557,0.81215066,0.686777,1.087709,0.8596659,0.39427167,0.8939814,0.087788135,0.7608976,0.4046719,0.71724355,1.0592211,0.1507389,0.7990682,0.7783723,0.73340154,0.32329255,0.5459636,0.32757592,0.6758392,0.24226102,0.4590206,0.7258638,0.38515246,0.46927232,-0.22662932,0.0641748,-0.034412656,-0.1831602,-0.15767203,0.03952328,-0.26455495,-0.011072615,0.008296913,0.039031517,-0.1325706,0.15127134,0.2404016,0.16183087,0.05245588,-0.35660547,0.41889545,0.0146522615,0.07795749,-0.17625494,-0.05369666,0.29484603,0.19566801,-0.07782006,0.38191754,-0.2523169,-0.42021176,-0.48228994,0.19873695,-0.17401609,-0.035092138,0.27359325,0.082185455,-0.29653004,0.40604833,-0.07274875,-0.015735967,-0.17820622,-0.27891114,0.057589974,-0.36034736,-0.020770289,0.39634967,0.18781503,0.050745383,-0.2745762,-0.015176202,-0.19901502,0.36055514,-0.118484914,-0.19649348,-0.05442672,-0.1954302,0.058913395,0.45531812,0.00179215,-0.23069458,-0.03950569,-0.317723,0.71837276,0.45022216,0.3117546,0.18785353,-0.041371774,-0.035853684,-0.055096008,0.59421474,-0.048037432,-0.14102197,-0.026135914,0.12924379,-0.87059253,0.0983308,-0.63562775,0.36801887,-0.43103352,-0.20079505,-0.47926226,0.45020455,-0.0030706977,0.5566458,0.4969769,0.3123193,-0.3504283,0.0413698,0.34155267,0.0972073,-0.092460714,0.087884106,0.1119251,-0.36930767,-0.14171417,0.16328493,0.21859735,0.06084629,-0.10197026,-0.047991734,-0.18858075,-0.026015662,0.21251853,0.60704726,-0.30106127,0.31669044,0.095701315,-0.4003091,-0.024423715,-0.045497447,-0.00040452208,0.261945,0.49371886,0.32376873,0.053202104,0.080976814,0.5197388,-0.26467767,0.31052017,-0.28681937,-0.38136858,0.15779231,-0.414408,-0.098204404,0.34356606,-0.22847176,0.44919512,-0.5643877,0.26106697,-0.34603095,-0.048580658,0.053936098,-0.07057514,-0.06431492,-0.36270034,0.3537446,-0.3074523,-0.30767626,-0.02430872,-0.17420715,0.20964561,-0.13339213,-0.00029421225,0.028623268,0.24344993,-0.13192266,-0.417947,-0.20240699,0.28432664,0.08701522,-0.0926029,0.015280116,-0.06640787,0.19692282,0.08436937,-0.06972107,0.22941498
SIM-0098-TP,0.29420128,-0.22983609,-0.2252644,0.60024875,0.15652011,0.41733348,0.22309196,0.11485693,-0.5341724,-0.30529082,0.16258071,-0.22623271,-0.0370649,0.22758639,0.033910234,0.09969444,0.34698862,0.37174442,-0.014078745,0.31848803,-0.24020824,0.05669728,0.14150421,-0.026350316,-0.055512596,-0.27985352,-0.008892207,-0.4021188,-0.03329514,0.01507669,0.18630761,-0.29407406,0.084969394,0.14242508,-0.0055146404,0.111856006,0.06746993,-0.65017134,-0.23053165,0.53568876,0.16400734,-0.15040132,0.09165691,0.17774476,0.3852807,-0.09733009,-0.14900517,-0.1244378,-0.14284778,-0.15125208,0.04684739,-0.10526234,-0.015520627,0.46808973,-0.23947324,0.08420806,-0.28390107,0.23175311,0.27974594,-0.21691787,-0.1739671,0.16667873,-0.06862172,0.354289,-0.3004578,0.26926222,0.5593814,0.09802136,-0.1592228,-0.1942756,-0.040505555,0.16901556,-0.37339592,-0.07744552,0.03290369,0.38854024,0.4654256,-0.032900836,-0.27709106,0.035036,0.043989744,0.2965315,-0.11092225,-0.2472511,-0.002911423,-0.08502733,-0.091659024,-0.21707423,-0.31386504,0.15258987,0.06600254,-0.20088454,0.20498402,-0.46065053,-0.101998635,0.053838197,0.27696198,-0.13887641,0.28100926,-0.16293205,0.2053652,0.42054075,-0.24998538,0.037858263,0.13515496,-0.31106398,0.1081223,-0.14160402,-0.21072902,-0.105828784,-0.12402214,0.20017211,-0.00022716858,0.57768166,-0.13402213,0.11847082,-0.037666455,-0.31904468,0.3976099,0.029892046,-0.19523996,0.09996334,0.25835282,-0.21221547,0.012587379,0.26008448,0.04126914,0.13854307,-0.066014364,-0.3932207,-0.06294695,-0.14015795,-0.027252298,-0.13741918,0.042572647,-0.086678796,0.2022127,0.15391687,-0.23110944,0.3141404,-0.18081607,-0.28107962,0.26383892,-0.14807633,0.024456477,-0.32195517,-0.09150778,-0.02884244,-0.09813626,-0.12845181,0.010243116,0.24750815,-0.23540534,-0.6318678,0.30988002,-0.16457902,-0.1432825,-0.13634288,-0.33208844,-0.09872648,-0.06995228,0.10881203,-0.13691932,-0.61034405,-0.3343391,0.2788716,-0.21003835,0.13645406,-0.17836243,0.20320785,0.024771009,-0.36283326,-0.29273564,-0.37244463,0.22811687,-0.3146925,-0.09231512,-0.02006545,0.05550009,-0.11525831,-0.39388084,-0.30169973,-0.26299143,-0.6620569,0.107896484,0.12635781,-0.26795033,0.326133,-0.02659994,0.21187241,0.19397476,-0.033540137,-0.50732875,0.04976026,0.13160224,-0.16314016,0.040205065,-0.007168457,-0.23832093,-0.024970526
SIM-0099-TP,-0.12730221,0.093767606,-0.14750154,-0.17791702,-0.4094345,0.55161184,-0.11314249,-0.2826285,0.1508782,0.046731815,0.13704972,0.16352352,0.27426624,-0.26618987,0.036644008,-0.39476055,-0.07668011,0.16766334,-0.2238027,0.5577176,0.117192574,-0.33989617,0.28899437,0.66773343,-0.44642073,0.2912952,-0.13465035,0.099176876,-0.21460849,0.32606018,0.033079423,0.40278202,-0.14471847,0.061038986,-0.4657547,0.7621124,0.59259945,0.6575021,0.49596128,-0.03504058,0.10164915,0.18554553,0.20629883,-0.16119161,-0.17376706,-0.22158459,-0.10663239,-0.07998718,-0.113168284,0.062805526,-0.34572065,-0.21359397,-0.19007944,0.20473795,0.049372405,0.08454939,-0.23348592,0.010123512,-0.1936037,-0.1850459,0.092394106,-0.16172354,-0.026378306,-0.06747277,-0.29355702,-0.14437576,-0.14037494,-0.095420405,-0.4507281,-0.18232112,0.22796357,0.10934706,-0.09986401,-0.29493546,0.025099982,0.24192013,0.37926054,-0.13099794,-0.26502088,0.12044012,0.08977705,0.0026089598,-0.15880156,-0.3272097,0.1686492,0.22413431,-0.08999409,0.42763525,0.059055537,-0.043738976,-0.29571706,-0.4251175,-0.12799008,0.09218803,0.5833957,0.016890572,0.14806442,-0.20681271,0.05216323,0.019494768,-0.23636846,0.33454573,-0.03351338,0.27634034,0.0024118896,-0.08284968,-0.19531956,-0.08759019,0.3661745,-0.22466798,0.16658057,-0.07779563,0.14737356,0.0517181,-0.33332264,0.0414224,0.5414339,0.07686957,0.2317657,0.07430697,0.19705676,-0.17950717,-0.03035782,0.22001894,-0.08754119,0.26804078,-0.25088546,0.014702407,-0.064717576,0.6595689,-0.097446166,0.10505515,-0.4978498,-0.2919565,0.07643962,-0.06597285,-0.061162055,-0.08124433,-0.04625653,-0.42787415,-0.02169283,-0.05482655,0.2666197,0.2087868,-0.7071833,-0.18366018,0.45052525,0.22647941,0.12271431,-0.12568256,0.18502475,-0.37882593,-0.14148317,0.08620953,0.15190282,0.054098833,0.09839355,0.041046094,-0.078813665,0.33517414,0.4628376,-0.012697852,-0.29381555,-0.05873091,0.02171137,-0.55249596,0.3346187,-0.15957214,-0.20669495,-0.0848891,-0.11818716,0.014170059,0.197414,0.31888714,0.19763395,-0.23569433,-0.027259536,0.026167745,0.07680172,0.122318916,0.019448735,-0.021607066,0.22768387,-0.033197716,0.23923501,0.20336193,0.36318478,0.054437693,0.36092263,-0.07587406,0.08640466,0.19125316,-0.2526674,-0.09819304,-0.16696756,-0.014398732,-0.13317624,0.02663629,-0.019484708,-0.06985882
