,G0000,G0001,G0002,G0003,G0004,G0005,G0006,G0007,G0008,G0009,G0010,G0011,G0012,G0013,G0014,G0015,G0016,G0017,G0018,G0019,G0020,G0021,G0022,G0023,G0024,G0025,G0026,G0027,G0028,G0029,G0030,G0031,G0032,G0033,G0034,G0035,G0036,G0037,G0038,G0039,G0040,G0041,G0042,G0043,G0044,G0045,G0046,G0047,G0048,G0049,G0050,G0051,G0052,G0053,G0054,G0055,G0056,G0057,G0058,G0059,G0060,G0061,G0062,G0063,G0064,G0065,G0066,G0067,G0068,G0069,G0070,G0071,G0072,G0073,G0074,G0075,G0076,G0077,G0078,G0079,G0080,G0081,G0082,G0083,G0084,G0085,G0086,G0087,G0088,G0089,G0090,G0091,G0092,G0093,G0094,G0095,G0096,G0097,G0098,G0099,G0100,G0101,G0102,G0103,G0104,G0105,G0106,G0107,G0108,G0109,G0110,G0111,G0112,G0113,G0114,G0115,G0116,G0117,G0118,G0119,G0120,G0121,G0122,G0123,G0124,G0125,G0126,G0127,G0128,G0129,G0130,G0131,G0132,G0133,G0134,G0135,G0136,G0137,G0138,G0139,G0140,G0141,G0142,G0143,G0144,G0145,G0146,G0147,G0148,G0149,G0150,G0151,G0152,G0153,G0154,G0155,G0156,G0157,G0158,G0159,G0160,G0161,G0162,G0163,G0164,G0165,G0166,G0167,G0168,G0169,G0170,G0171,G0172,G0173,G0174,G0175,G0176,G0177,G0178,G0179,G0180,G0181,G0182,G0183,G0184,G0185,G0186,G0187,G0188,G0189,G0190,G0191,G0192,G0193,G0194,G0195,G0196,G0197,G0198,G0199
SIM-0000-NT,0.01,0.46837044,0.8738773,0.24909714,0.6429794,0.7269986,0.5852792,0.99,0.24313593,0.037751585,0.01,0.7498749,0.48487303,0.22304115,0.928013,0.99,0.4886467,0.34620965,0.01,0.01,0.99,0.01,0.01,0.28551447,0.2563395,0.059051156,0.99,0.01,0.07964486,0.99,0.42989242,0.28961515,0.99,0.74256396,0.83754694,0.01,0.01,0.25944495,0.01,0.7052093,0.01,0.01,0.37691694,0.7404919,0.53576934,0.30356836,0.1201053,0.96378195,0.67473716,0.99,0.025907114,0.88949287,0.7339864,0.44273603,0.55959314,0.23320311,0.99,0.99,0.99,0.01,0.22756672,0.23207507,0.67803144,0.01,0.3726219,0.95548487,0.99,0.99,0.01,0.01,0.61577165,0.45337725,0.43575692,0.01,0.5238795,0.58332735,0.01,0.99,0.36357734,0.5533464,0.6972614,0.021748602,0.11786185,0.01,0.2179122,0.99,0.6165341,0.71793073,0.01,0.48372495,0.01,0.69927907,0.2911242,0.01,0.6183889,0.01,0.3001531,0.5896585,0.01,0.99,0.7658411,0.01,0.021434456,0.99,0.7324565,0.41032383,0.01,0.99,0.69416624,0.9352461,0.42896172,0.87307227,0.99,0.01,0.6770395,0.01,0.4259649,0.8086245,0.01,0.01,0.01,0.399633,0.7598265,0.99,0.44561297,0.99,0.7845299,0.6978611,0.26196232,0.370879,0.01,0.01,0.6082609,0.45209488,0.07272062,0.89037067,0.45237297,0.20501214,0.48510975,0.99,0.01,0.8345842,0.51160264,0.0647296,0.4541339,0.01,0.5650115,0.01,0.99,0.7908595,0.2169995,0.99,0.22397196,0.01,0.01,0.99,0.99,0.01,0.36570835,0.17936112,0.066642076,0.3516465,0.17959659,0.55489063,0.21367127,0.20807609,0.20367503,0.57930946,0.01,0.020616218,0.29430354,0.66752774,0.36230546,0.92799497,0.8851456,0.01,0.01,0.49079323,0.8036051,0.29284075,0.18068141,0.01,0.103703365,0.9095723,0.59251106,0.01,0.7440813,0.99,0.7570977,0.99,0.87818354,0.79764915,0.01,0.09522128,0.01,0.7799174,0.7707852,0.01,0.31468156,0.5468465
SIM-0001-NT,0.83156323,0.01,0.90466547,0.715791,0.99,0.4307936,0.77019346,0.99,0.09377584,0.33573526,0.7950516,0.5596755,0.01,0.99,0.99,0.99,0.99,0.01,0.01,0.09905335,0.37398618,0.99,0.01,0.99,0.25915924,0.02320519,0.99,0.99,0.99,0.33951345,0.7345097,0.01,0.4906823,0.62677306,0.45097393,0.72115695,0.49134314,0.499431,0.01,0.99,0.3158136,0.68084764,0.99,0.5373491,0.35112113,0.22998399,0.72671235,0.24430627,0.62601316,0.74812484,0.01,0.8597036,0.99,0.39615393,0.99,0.01,0.6696384,0.0738883,0.41722757,0.99,0.9553984,0.01,0.01,0.01,0.30621755,0.6381601,0.6149947,0.1459294,0.01,0.42908427,0.100694805,0.27113795,0.58699125,0.99,0.99,0.8800982,0.01,0.7666852,0.39529216,0.9304167,0.99,0.29533416,0.01,0.01,0.81391025,0.99,0.6744856,0.84580034,0.24923165,0.8222451,0.61241364,0.63168985,0.67971647,0.85963917,0.54558575,0.01,0.19653311,0.40585858,0.4508821,0.99,0.21283093,0.58317447,0.56530595,0.99,0.22866565,0.9317145,0.9780707,0.01,0.99,0.99,0.81471825,0.96535414,0.9542,0.45766988,0.7973904,0.7009536,0.020073622,0.01,0.2806704,0.5235006,0.01,0.20975241,0.29042587,0.01,0.01,0.09444702,0.559892,0.6700982,0.5212843,0.8754312,0.040435255,0.01,0.622249,0.3734311,0.7340136,0.7486531,0.99,0.42883357,0.99,0.99,0.3798426,0.9795991,0.07405138,0.8921628,0.99,0.14129928,0.8032712,0.82960093,0.99,0.99,0.76235604,0.44672617,0.99,0.9074886,0.49280864,0.49441376,0.01,0.44944635,0.99,0.01580672,0.39120722,0.25720614,0.04644744,0.46720034,0.30203277,0.01,0.30946326,0.99,0.51742834,0.01,0.5992117,0.08537542,0.96388304,0.64623713,0.99,0.36508027,0.75588846,0.99,0.99,0.99,0.7589334,0.7275555,0.99,0.01,0.01,0.01,0.99,0.13704026,0.01,0.22255945,0.02310133,0.34935573,0.01,0.01,0.14310277,0.7128202,0.01,0.11861095,0.183219,0.06632969
SIM-0002-NT,0.39320278,0.99,0.99,0.5544895,0.07845503,0.37643102,0.67682135,0.8183497,0.5011324,0.99,0.01,0.3727508,0.99,0.45843437,0.99,0.68236053,0.99,0.99,0.4829643,0.01,0.01,0.99,0.01,0.99,0.01,0.01,0.99,0.5603749,0.6606911,0.31706318,0.01,0.7477905,0.74773157,0.01,0.8760503,0.48540688,0.68009007,0.66765547,0.21660076,0.21720901,0.6760069,0.4774506,0.9807762,0.99,0.01,0.7849448,0.68658453,0.01,0.6025971,0.99,0.8769248,0.01,0.99,0.90920657,0.8690765,0.06477732,0.99,0.31226513,0.5312525,0.01,0.01,0.99,0.32420006,0.316262,0.70604795,0.01,0.6749795,0.6706096,0.03061103,0.01,0.38107073,0.67892253,0.9376393,0.64336467,0.6942651,0.061341584,0.99,0.37022874,0.01,0.93626595,0.45570916,0.01,0.7040447,0.12755474,0.01,0.99,0.01,0.7375657,0.01,0.823026,0.01,0.72624445,0.65923053,0.99,0.37437794,0.01,0.7118052,0.01,0.01,0.13997251,0.01,0.9510685,0.60054946,0.7101542,0.7022834,0.01,0.32667363,0.7584282,0.29879236,0.5871415,0.32192004,0.731468,0.6551424,0.99,0.99,0.47437143,0.99,0.8369807,0.99,0.01,0.01,0.25232005,0.2309655,0.99,0.023767829,0.56826377,0.6320384,0.47707772,0.18833798,0.7499292,0.89318156,0.89672065,0.45112365,0.07138327,0.99,0.019149601,0.99,0.99,0.99,0.96464187,0.01,0.21038538,0.69275963,0.10731104,0.44317007,0.69492996,0.42520425,0.07985425,0.99,0.99,0.37840834,0.8718532,0.7874199,0.99,0.8455098,0.99,0.01,0.3872568,0.57466364,0.01,0.90373945,0.81184775,0.01,0.70886254,0.99,0.01,0.34408674,0.01,0.22904332,0.13414654,0.9791707,0.33042824,0.01,0.9861805,0.76934886,0.2502708,0.01,0.9625337,0.8875237,0.6886579,0.24858868,0.19412205,0.01,0.026779264,0.24786715,0.36390203,0.01,0.36253405,0.36207914,0.99,0.48570594,0.28356436,0.5812928,0.28921226,0.29804945,0.031805754,0.11912963,0.99,0.97292084,0.6662017
SIM-0003-NT,0.99,0.01,0.0437575,0.55558795,0.99,0.33718055,0.9521269,0.99,0.3738486,0.18191753,0.01,0.01,0.99,0.41120824,0.01,0.5858907,0.99,0.99,0.8742858,0.01,0.01,0.06673768,0.6290468,0.01,0.5144264,0.8727168,0.99,0.8966752,0.99,0.01,0.99,0.5662901,0.99,0.086890936,0.01,0.99,0.317166,0.4542347,0.46126467,0.9570497,0.99,0.22153524,0.01,0.99,0.69756526,0.01,0.99,0.01,0.99,0.40798026,0.5412255,0.99,0.78479874,0.55267006,0.7262929,0.54211104,0.99,0.01,0.01,0.01,0.57561374,0.01,0.01,0.6506346,0.030749619,0.4839509,0.99,0.7832482,0.3725018,0.5789775,0.16810898,0.41149187,0.98437065,0.59102535,0.99,0.01,0.6490053,0.3095522,0.99,0.99,0.6331779,0.01,0.55990744,0.13331777,0.99,0.99,0.99,0.8972336,0.99,0.808057,0.014836237,0.01,0.31617296,0.880979,0.8207783,0.01,0.36858422,0.24030595,0.99,0.65470123,0.36075634,0.01,0.01,0.85359085,0.7221241,0.8429164,0.1847145,0.43964952,0.97202337,0.99,0.2598076,0.0494954,0.3031352,0.62268174,0.99,0.5015329,0.700675,0.23810934,0.22378254,0.99,0.01,0.01,0.01,0.26572815,0.99,0.31972942,0.99,0.4233857,0.82888186,0.19178441,0.01,0.17437072,0.6759974,0.38982752,0.42670703,0.8522093,0.01,0.491133,0.35901752,0.38688537,0.5564102,0.47755107,0.01,0.3268752,0.06860697,0.63669187,0.91303986,0.01,0.42200628,0.99,0.01,0.9075506,0.99,0.27055275,0.38295007,0.01,0.599698,0.99,0.99,0.046967573,0.01,0.7861161,0.17496118,0.5901805,0.84552985,0.158248,0.99,0.99,0.13646543,0.01,0.01,0.022657365,0.01,0.99,0.72843814,0.6039696,0.7547523,0.8487594,0.6059801,0.99,0.98178536,0.01,0.0816195,0.9142605,0.3324239,0.01,0.99,0.99,0.99,0.99,0.99,0.99,0.6289274,0.30984426,0.01,0.7096981,0.70659125,0.49723798,0.01,0.10143064
SIM-0004-NT,0.88061047,0.01,0.6009511,0.92695224,0.99,0.99,0.39076173,0.9368677,0.30332145,0.5183703,0.43886876,0.99,0.01,0.9284677,0.88069063,0.24929559,0.01,0.6795277,0.01,0.99,0.5391977,0.01,0.01,0.99,0.7983978,0.29876742,0.9855863,0.3682592,0.99,0.99,0.01,0.01,0.99,0.99,0.22976524,0.01,0.8843129,0.03850144,0.039183646,0.5469668,0.6036579,0.6731113,0.99,0.5208607,0.01,0.66126156,0.99,0.13993433,0.99,0.30646744,0.19910643,0.3166566,0.8087761,0.26889926,0.99,0.99,0.7048361,0.01,0.5190481,0.3220114,0.9185768,0.0444882,0.99,0.28252476,0.6690162,0.01,0.01,0.78963125,0.25163913,0.01,0.119140156,0.51281446,0.42893517,0.01,0.9820679,0.032879703,0.44527426,0.41140032,0.65269417,0.99,0.87370425,0.013560027,0.41567087,0.88213146,0.7488318,0.826251,0.92327416,0.70189804,0.3162043,0.44321916,0.01,0.48802492,0.8412638,0.7403074,0.99,0.01,0.01,0.01,0.036846876,0.83668077,0.01,0.6657214,0.728726,0.42153472,0.0627951,0.99,0.99,0.01,0.35693964,0.01,0.06681606,0.99,0.99,0.49997464,0.2289176,0.01,0.5397171,0.0881069,0.01692313,0.01,0.4050643,0.23775598,0.01,0.10729134,0.3818608,0.10799006,0.075876236,0.7488445,0.15894233,0.01,0.8661071,0.3372078,0.01,0.2966166,0.01,0.89641917,0.36679143,0.62521505,0.5237616,0.01,0.99,0.99,0.16562372,0.5410655,0.99,0.41639638,0.99,0.99,0.74606144,0.54558086,0.01,0.01,0.99,0.17481366,0.99,0.99,0.01,0.01,0.99,0.10942176,0.01,0.01,0.16766766,0.99,0.99,0.20262745,0.99,0.99,0.56487036,0.99,0.45696074,0.7447523,0.1954372,0.99,0.772178,0.9483681,0.99,0.99,0.90274566,0.02292195,0.70682526,0.01,0.7107343,0.9510095,0.14118332,0.99,0.99,0.9661297,0.8275311,0.47702718,0.75616705,0.01,0.219428,0.36186373,0.01,0.99,0.9580873,0.47150266,0.01,0.11824493
SIM-0005-NT,0.01,0.16797861,0.99,0.01,0.33121455,0.90850735,0.22871172,0.45577392,0.99,0.38287655,0.6373184,0.87362546,0.5157353,0.99,0.99,0.01,0.80103457,0.6884264,0.101789325,0.8818839,0.47999582,0.99,0.7683599,0.99,0.01,0.01,0.3219028,0.99,0.36532387,0.25527403,0.01,0.99,0.81818926,0.9391522,0.29064703,0.6744121,0.01,0.12015775,0.01,0.68004215,0.25233594,0.8718412,0.71506596,0.41551787,0.83509576,0.2701962,0.158633,0.78944975,0.01,0.99,0.01,0.5403241,0.99,0.061520368,0.99,0.324758,0.99,0.50727665,0.46874225,0.93634677,0.99,0.01,0.01,0.01,0.99,0.8479092,0.99,0.01,0.5058197,0.756133,0.22810462,0.99,0.0807001,0.63324606,0.2694164,0.6750565,0.99,0.99,0.967541,0.45649362,0.52484906,0.01,0.01,0.87349343,0.99,0.01,0.6231895,0.81215066,0.01,0.90682185,0.98485863,0.7625115,0.99,0.52492994,0.60748875,0.01,0.71276224,0.2986059,0.99,0.99,0.5829909,0.01,0.01,0.99,0.99,0.71486884,0.01,0.99,0.4608065,0.9423903,0.01,0.5705219,0.99,0.87089694,0.512532,0.19021855,0.19867888,0.99,0.926772,0.01,0.01,0.46136796,0.09735498,0.23316924,0.021183014,0.101998925,0.5107838,0.29358727,0.99,0.8677717,0.01,0.01,0.63380575,0.28087258,0.94621176,0.69889826,0.01,0.15188956,0.28071776,0.8429649,0.01,0.8063546,0.01,0.44822726,0.785823,0.99,0.6329791,0.2809971,0.99,0.7452567,0.8896897,0.2097722,0.7852855,0.01,0.9310359,0.8972274,0.01,0.01,0.95200366,0.01,0.01,0.5439022,0.18454698,0.286685,0.95468926,0.44212145,0.68123776,0.22390372,0.07851586,0.5153723,0.6488737,0.01,0.01,0.99,0.7855454,0.99,0.7884371,0.4937122,0.99,0.4794782,0.74659,0.01,0.01,0.0617235,0.07167369,0.28990102,0.8466686,0.99,0.20230326,0.99,0.99,0.03661427,0.12676242,0.07139227,0.20677334,0.44138262,0.01,0.01,0.73063344,0.88563836
SIM-0006-NT,0.99,0.58594036,0.022652686,0.49213064,0.01,0.01,0.70730615,0.99,0.99,0.15213606,0.01,0.56533045,0.29365703,0.4738413,0.8088599,0.01,0.88405395,0.99,0.99,0.5465415,0.8731122,0.01,0.06608157,0.99,0.01,0.2050857,0.99,0.4368386,0.70611095,0.59157515,0.5420715,0.9441295,0.99,0.67993677,0.99,0.36567935,0.99,0.09547442,0.99,0.68071294,0.01,0.9396057,0.46598184,0.5625726,0.033445686,0.6865894,0.01,0.053088695,0.55831444,0.5789117,0.01,0.99,0.9388912,0.5236451,0.99,0.1385885,0.3891291,0.99,0.99,0.9787661,0.99,0.01,0.01,0.01,0.99,0.2076894,0.61858565,0.01,0.12236653,0.01,0.01,0.99,0.22661448,0.01,0.87231725,0.5819666,0.5394181,0.99,0.07835215,0.01,0.01,0.01,0.42970014,0.01,0.01,0.8860488,0.99,0.99,0.66181266,0.22864515,0.39247864,0.5650428,0.43048212,0.9665399,0.01,0.01,0.77894086,0.88765174,0.99,0.99,0.2783523,0.13576154,0.01,0.46626848,0.065421104,0.99,0.99,0.9262172,0.8074374,0.8929483,0.01,0.53744733,0.2974022,0.9483166,0.6729318,0.16948539,0.85349333,0.052680373,0.96132326,0.01,0.36055118,0.27701095,0.7574346,0.01,0.01,0.9827255,0.23398766,0.3816254,0.01,0.99,0.5032408,0.24917991,0.01,0.7300589,0.01,0.22868985,0.01,0.583331,0.99,0.7352939,0.13206086,0.78451896,0.5911225,0.4781689,0.6894772,0.01,0.5634606,0.01,0.99,0.28547114,0.99,0.01,0.99,0.01,0.16993856,0.64484185,0.5020429,0.015954599,0.99,0.01,0.12464318,0.21626505,0.01,0.01,0.6818205,0.054242697,0.99,0.14226621,0.0781056,0.8246359,0.72731674,0.4704279,0.61865234,0.99,0.99,0.76345426,0.01,0.9695308,0.38104928,0.35530487,0.7978014,0.01,0.012098759,0.75799495,0.01,0.71941817,0.27596465,0.39654422,0.99,0.01,0.8788991,0.99,0.44430077,0.99,0.49027687,0.7006632,0.38170058,0.01,0.060982555,0.36085057
SIM-0007-NT,0.67377585,0.99,0.6585845,0.99,0.99,0.76397324,0.53665024,0.8043953,0.020459622,0.41578835,0.08500685,0.93875885,0.01,0.79288137,0.99,0.25459847,0.99,0.7918615,0.28817385,0.44966286,0.19584036,0.01,0.6583141,0.99,0.69053787,0.6773163,0.59245217,0.99,0.8292762,0.85785127,0.01,0.13641664,0.99,0.99,0.99,0.01,0.041537046,0.9017277,0.01,0.99,0.01,0.06063718,0.44633597,0.99,0.01,0.01,0.5394877,0.6047571,0.99,0.54575944,0.5763115,0.99,0.99,0.29943278,0.01,0.1513058,0.94350916,0.89164495,0.01,0.016330168,0.99,0.071156874,0.13979524,0.99,0.18641222,0.87514067,0.99,0.51243204,0.11248489,0.0861145,0.23230022,0.28746948,0.5271113,0.113230005,0.6178782,0.01,0.01,0.8910609,0.45395282,0.01,0.59535867,0.01,0.8990479,0.01,0.8375199,0.99,0.2899751,0.7571563,0.99,0.80218494,0.4413081,0.11298004,0.99,0.8643426,0.01,0.01,0.01,0.19000092,0.34889698,0.90672684,0.260884,0.01,0.01,0.99,0.99,0.27605414,0.060406446,0.99,0.21122023,0.90255404,0.01,0.67002386,0.99,0.74656916,0.99,0.23324312,0.01,0.08160919,0.01,0.30426732,0.81922007,0.4029659,0.18987277,0.047502697,0.766513,0.01,0.01,0.8771081,0.13523528,0.4219179,0.2690997,0.4917834,0.5174714,0.10776541,0.01,0.46041095,0.7037274,0.64384675,0.5561137,0.64508826,0.3348591,0.3397543,0.99,0.20397882,0.6654203,0.01,0.40260422,0.13957,0.31961143,0.99,0.6276693,0.99,0.99,0.84318197,0.67037004,0.99,0.616029,0.17831479,0.90523934,0.07608812,0.35060874,0.34550366,0.42916238,0.99,0.09154695,0.6829236,0.57762146,0.99,0.23108658,0.42926717,0.5012502,0.01,0.99,0.39536652,0.938313,0.191473,0.01,0.54766214,0.36756948,0.01,0.5949946,0.01,0.32998303,0.45640725,0.01,0.01,0.99,0.35953343,0.80067164,0.9875954,0.38339663,0.20713556,0.8710921,0.01,0.061134152,0.99,0.018207192,0.7050407,0.01,0.16426037
SIM-0008-NT,0.78130776,0.01,0.2509439,0.9258047,0.85231787,0.23253337,0.027383804,0.99,0.034583494,0.46635646,0.3602788,0.40258148,0.9711675,0.42231834,0.99,0.99,0.99,0.61974514,0.99,0.46727583,0.47208023,0.21505864,0.01,0.99,0.16412151,0.8664614,0.99,0.8440552,0.50292736,0.55370206,0.01,0.34285375,0.99,0.5554556,0.5659156,0.045909405,0.99,0.5824763,0.99,0.28523967,0.75749296,0.01,0.99,0.8501722,0.99,0.25677472,0.99,0.4005436,0.99,0.11517978,0.3626777,0.3630675,0.93190825,0.01,0.7224757,0.7329416,0.99,0.015572786,0.01,0.4208249,0.99,0.01,0.99,0.21117085,0.01,0.01,0.99,0.6897993,0.87004066,0.01,0.20057374,0.5881207,0.66967815,0.099538654,0.5981774,0.23310846,0.8920616,0.9685228,0.99,0.057857335,0.01,0.64060354,0.01,0.010201022,0.19757497,0.37939432,0.01,0.4961411,0.54883593,0.6857312,0.50668675,0.068565995,0.99,0.62998295,0.01,0.30191216,0.9767396,0.01,0.99,0.24231651,0.5738657,0.99,0.2651921,0.7707802,0.41401267,0.99,0.81051797,0.99,0.3557299,0.52992123,0.04932064,0.5932174,0.01,0.38189164,0.6260766,0.33864605,0.99,0.45063576,0.01,0.01,0.33841962,0.36895782,0.99,0.92236125,0.99,0.49913672,0.9790093,0.01,0.75825,0.42943552,0.01,0.4254662,0.99,0.2760052,0.99,0.01,0.01,0.5882387,0.43297684,0.28837976,0.41981018,0.46565056,0.35982817,0.58434707,0.26704156,0.33551678,0.18742186,0.08655435,0.99,0.99,0.99,0.6820781,0.41913214,0.2081012,0.99,0.01,0.011055276,0.5247053,0.20445436,0.35614848,0.5129838,0.01,0.2818846,0.042392045,0.9022034,0.4466406,0.96120816,0.82153463,0.5422449,0.01,0.5652964,0.01,0.90770483,0.99,0.99,0.99,0.18378049,0.37562838,0.48752376,0.01,0.01,0.4191336,0.01,0.01,0.1801411,0.0266117,0.99,0.92153704,0.14554122,0.99,0.99,0.01,0.5847298,0.056519777,0.01,0.99,0.5091589,0.3666923,0.263014,0.68186146
SIM-0009-NT,0.20714217,0.20736313,0.84644115,0.01,0.99,0.01,0.45679137,0.04557258,0.01,0.8425163,0.69239616,0.99,0.01,0.19392908,0.8069214,0.72456896,0.41893637,0.42056504,0.01,0.99,0.11407408,0.24173546,0.260049,0.99,0.01,0.99,0.044388175,0.99,0.01,0.6719634,0.99,0.7497156,0.99,0.15000057,0.4935551,0.8669808,0.99,0.99,0.23443425,0.42974067,0.99,0.23951867,0.37847435,0.053316057,0.81324136,0.6868516,0.1507203,0.9311683,0.9566598,0.85673463,0.63041854,0.99,0.9501973,0.23283422,0.99,0.01,0.99,0.5906182,0.8474568,0.7890643,0.6618375,0.42411777,0.4254411,0.01,0.99,0.61415726,0.6112356,0.99,0.01,0.08987674,0.01,0.9603962,0.5013437,0.6700838,0.99,0.01,0.99,0.469619,0.01317966,0.99,0.01,0.87802947,0.31230262,0.01,0.02939254,0.01,0.7954509,0.11744779,0.4752149,0.5352848,0.01675111,0.57128,0.9796794,0.99,0.27234572,0.12869552,0.27538362,0.21537417,0.4181717,0.45561427,0.029002026,0.32005727,0.24830407,0.99,0.41335022,0.43738842,0.7047681,0.09933856,0.5006831,0.714087,0.4433338,0.67242575,0.99,0.8101784,0.889085,0.01,0.9078748,0.28812474,0.01,0.097829916,0.3030206,0.01,0.2846735,0.40658116,0.56083614,0.99,0.01,0.99,0.25768515,0.86075056,0.41755086,0.01,0.01,0.21716818,0.7773342,0.01,0.124748826,0.74402714,0.854787,0.8433069,0.01,0.01,0.80884534,0.99,0.42815918,0.01,0.29525122,0.8863958,0.6925508,0.99,0.9653917,0.60838914,0.01,0.01,0.4958947,0.12200531,0.288096,0.26336837,0.01,0.54675335,0.332551,0.5461247,0.61080873,0.01,0.99,0.040849492,0.99,0.3382722,0.99,0.01,0.99,0.01,0.92022884,0.6855462,0.99,0.6974214,0.01,0.01,0.99,0.44678545,0.01,0.2598864,0.61203945,0.16253027,0.01,0.22280458,0.99,0.94128644,0.99,0.99,0.77786493,0.01,0.3452611,0.6772994,0.19398618,0.99,0.87873316,0.74089086,0.082874104,0.504683
SIM-0010-NT,0.99,0.01,0.76174915,0.99,0.1521008,0.99,0.99,0.10656595,0.55196774,0.0580249,0.13994431,0.46381325,0.99,0.66339666,0.40532836,0.14372246,0.64819825,0.17025799,0.08036092,0.45018843,0.5537427,0.82810885,0.33871615,0.61166716,0.01,0.5538993,0.6250632,0.50023586,0.98017675,0.9839357,0.61836326,0.31582853,0.48861432,0.3678158,0.99,0.01,0.10740554,0.99,0.01,0.58822995,0.89445865,0.11145134,0.01,0.9555636,0.99,0.86010456,0.01,0.99,0.17182773,0.18582553,0.57940954,0.99,0.8435276,0.042423606,0.99,0.1654727,0.11637527,0.99,0.7297425,0.7298559,0.99,0.99,0.13767731,0.22246413,0.99,0.10666722,0.99,0.01,0.092538536,0.052847635,0.07171873,0.14627668,0.99,0.038619846,0.87966424,0.12720373,0.99,0.99,0.81523865,0.99,0.8428193,0.01,0.19064692,0.05816774,0.7877059,0.7494765,0.20687717,0.6699238,0.01,0.59539527,0.25508612,0.99,0.99,0.36712658,0.6901196,0.25325543,0.47782853,0.05053617,0.63034165,0.99,0.030410156,0.34384537,0.01,0.99,0.99,0.20124972,0.3531833,0.7836823,0.22583456,0.99,0.19745357,0.99,0.32495067,0.99,0.99,0.63480884,0.01,0.8780687,0.78130424,0.01,0.01,0.5012744,0.27711383,0.18408349,0.99,0.16581362,0.20182826,0.10351157,0.52918744,0.01,0.1047968,0.01,0.27828228,0.8408306,0.65092254,0.1941672,0.81927854,0.56902003,0.99,0.556965,0.01,0.99,0.30976593,0.30803457,0.7687717,0.01,0.5475182,0.95661306,0.99,0.5373801,0.99,0.017472118,0.42713553,0.28355986,0.91764003,0.33304167,0.8069788,0.3052904,0.81142354,0.27452242,0.6909421,0.48769146,0.01,0.89586914,0.7539916,0.45417267,0.55876696,0.01,0.01,0.01,0.83931947,0.8446835,0.5429211,0.34062964,0.50430954,0.99,0.01,0.99,0.99,0.99,0.8030616,0.01,0.44541925,0.97436315,0.01,0.01,0.6270752,0.5051525,0.99,0.46304104,0.9400781,0.70479697,0.99,0.51833785,0.35618755,0.19576883,0.9585515,0.99,0.01,0.99
SIM-0011-NT,0.20761469,0.7701036,0.5568863,0.6809508,0.63613683,0.01,0.8415888,0.70196664,0.01,0.01,0.01,0.36399534,0.6774363,0.36389813,0.99,0.30730298,0.6739907,0.71840847,0.99,0.01,0.99,0.70616937,0.20739846,0.99,0.28908682,0.54949504,0.4130413,0.99,0.4952842,0.6985573,0.82306504,0.9251824,0.4787277,0.99,0.36996317,0.01,0.4063951,0.99,0.19142891,0.3031074,0.67661625,0.12104199,0.77440363,0.01,0.28511074,0.5289771,0.01,0.01,0.6523993,0.7292974,0.19449376,0.61945343,0.5046928,0.12953858,0.9187781,0.8074461,0.01,0.9440489,0.5645242,0.4352137,0.99,0.01,0.7648148,0.01,0.78521395,0.13730499,0.8516503,0.13049811,0.34737188,0.8974875,0.01,0.6795629,0.99,0.1424719,0.99,0.01,0.6826237,0.34565926,0.7809819,0.6600081,0.99,0.01,0.01,0.431185,0.99,0.99,0.99,0.99,0.4838168,0.99,0.99,0.935392,0.12548465,0.99,0.72191316,0.04658275,0.01,0.01,0.6250829,0.01,0.06662387,0.5305474,0.01,0.92575306,0.01,0.8766484,0.86319435,0.01,0.01,0.22323442,0.59568155,0.64441705,0.6349648,0.55524576,0.99,0.39017695,0.2588935,0.10542911,0.4498374,0.10050658,0.99,0.1305131,0.48859632,0.6752858,0.99,0.20211098,0.99,0.3533287,0.99,0.7519461,0.01,0.030268528,0.99,0.5200767,0.2506616,0.917465,0.3801187,0.55623513,0.14602154,0.99,0.01,0.8146791,0.7792578,0.43830898,0.01,0.01,0.7714498,0.2994249,0.01,0.99,0.066658646,0.8318297,0.6390857,0.2266544,0.796025,0.01,0.01,0.027685285,0.20142311,0.50136316,0.17079966,0.01,0.01,0.40171596,0.4711088,0.3116542,0.99,0.99,0.97313136,0.01,0.4005561,0.062417403,0.67947096,0.3999503,0.63074553,0.095478,0.04763636,0.3676493,0.5078222,0.01,0.99,0.34468904,0.01,0.53305715,0.01,0.90385336,0.99,0.8634378,0.118452966,0.43912113,0.6653863,0.1598631,0.99,0.89185905,0.6495417,0.7895533,0.01,0.09043318,0.25089902,0.01
SIM-0012-NT,0.7099359,0.8753499,0.79077816,0.96373343,0.01,0.99,0.01,0.7686144,0.50505865,0.3729816,0.01,0.077127814,0.5784224,0.9748796,0.0833832,0.56320655,0.061056495,0.99,0.01,0.43161035,0.30785313,0.80641794,0.33929172,0.5493511,0.63011956,0.99,0.99,0.51281095,0.4321055,0.41599545,0.8234921,0.01,0.8906496,0.99,0.9361519,0.01,0.99,0.99,0.4481256,0.99,0.51538724,0.47206938,0.25168446,0.0826121,0.99,0.01,0.6026304,0.48448026,0.99,0.6801931,0.14884582,0.9668336,0.99,0.32621858,0.73533666,0.01,0.99,0.90039736,0.7245534,0.01,0.31581962,0.5531928,0.21273124,0.5249498,0.045339286,0.99,0.99,0.5844839,0.36274287,0.47484604,0.01,0.99,0.9828159,0.01,0.23123121,0.63933444,0.84635067,0.99,0.731019,0.15712476,0.99,0.03335347,0.2505801,0.99,0.93815935,0.99,0.99,0.97319186,0.28402415,0.3480932,0.02815725,0.01,0.99,0.25070333,0.99,0.12208725,0.65707654,0.11269647,0.99,0.99,0.22405657,0.01,0.7087711,0.39673427,0.01,0.9764397,0.99,0.35538793,0.41836303,0.64898264,0.7020708,0.99,0.52838814,0.10558498,0.1239602,0.68159544,0.01,0.60923964,0.86803854,0.01,0.124170266,0.82198215,0.01,0.01,0.47159445,0.99,0.99,0.37763497,0.01,0.99,0.01,0.2526533,0.41276324,0.99,0.9779836,0.08670208,0.63645655,0.37629956,0.4716951,0.93064034,0.18552426,0.8269085,0.99,0.99,0.7451501,0.4474086,0.01,0.99,0.99,0.9049583,0.54543096,0.6965468,0.99,0.79933584,0.99,0.61665756,0.99,0.68650895,0.74352884,0.01,0.3672703,0.99,0.01,0.39234602,0.7767635,0.58280957,0.56783295,0.35054657,0.6828103,0.01,0.01,0.99,0.85545087,0.99,0.99,0.99,0.53353703,0.55711794,0.92037845,0.1336571,0.07809633,0.01,0.9129923,0.01,0.01,0.5283801,0.5615041,0.99,0.99,0.99,0.57613456,0.8547436,0.82965785,0.4274721,0.15324803,0.89126045,0.29103136,0.01,0.5956173,0.5901128
SIM-0013-NT,0.01,0.72812617,0.99,0.14731956,0.70275015,0.40273142,0.99,0.99,0.01,0.3647421,0.99,0.31393668,0.42930976,0.97621083,0.33195785,0.99,0.5823591,0.015508175,0.05393693,0.7178637,0.01,0.377189,0.4995019,0.24443495,0.16847211,0.5811413,0.99,0.27300245,0.92479813,0.58227307,0.84742075,0.6607944,0.70256376,0.9134301,0.6546565,0.42346385,0.99,0.99,0.02940622,0.49997216,0.3252613,0.01,0.23522411,0.99,0.705018,0.6146784,0.30596888,0.09485443,0.37633824,0.44659144,0.01,0.99,0.99,0.01,0.91414905,0.32148162,0.99,0.33617562,0.99,0.37759125,0.99,0.01,0.01,0.43187028,0.23994246,0.78586316,0.01,0.3907453,0.01,0.01,0.27187586,0.782858,0.99,0.66833544,0.69376427,0.99,0.99,0.6862422,0.64924985,0.4919727,0.9520335,0.01,0.01,0.01,0.30429474,0.99,0.5279589,0.7328239,0.36324996,0.18657815,0.26707628,0.76177174,0.8212053,0.99,0.99,0.47489515,0.23636368,0.01,0.99,0.82474685,0.32898057,0.01,0.20109601,0.99,0.4742714,0.46757564,0.4654336,0.99,0.5499946,0.99,0.5615152,0.01,0.7959953,0.99,0.7220148,0.70746523,0.77929556,0.8370639,0.50480324,0.6386668,0.01,0.3390333,0.7002711,0.59047234,0.99,0.5291538,0.1557211,0.01,0.13761955,0.8290825,0.73413694,0.01,0.99,0.01,0.21990024,0.27355817,0.7612425,0.7086391,0.9573431,0.99,0.5518975,0.44160596,0.76985,0.99,0.9289801,0.8613727,0.01,0.88280386,0.67511344,0.49678332,0.49174765,0.5705371,0.4277004,0.44579244,0.68316233,0.84653276,0.3064728,0.345609,0.99,0.42193225,0.32144696,0.01,0.49525958,0.01,0.65103513,0.29726976,0.99,0.99,0.01,0.01,0.7435309,0.31695193,0.01,0.8584418,0.99,0.102608025,0.01,0.3280521,0.558195,0.75725913,0.44947055,0.13624053,0.99,0.041915536,0.01,0.57176995,0.99,0.99,0.99,0.92998374,0.01,0.26177457,0.17310467,0.99,0.64635146,0.01,0.99,0.9451454,0.05830732,0.20552038
SIM-0014-NT,0.99,0.01,0.74080443,0.99,0.6950393,0.8176775,0.63125205,0.45296937,0.01,0.54964745,0.01,0.01,0.49608597,0.46291643,0.03743106,0.40278393,0.99,0.72010076,0.01,0.6322554,0.86913013,0.99,0.93914866,0.34622282,0.8793646,0.53491783,0.10769898,0.6842921,0.99,0.99,0.01,0.4079462,0.99,0.01,0.013236821,0.27209678,0.8642644,0.01,0.3915241,0.99,0.53972626,0.13974804,0.74916023,0.9798342,0.01,0.014277875,0.25592458,0.01,0.99,0.99,0.01,0.7904598,0.99,0.01,0.99,0.87672544,0.99,0.7227499,0.99,0.01,0.99,0.24362437,0.86605954,0.033413067,0.9711216,0.53029513,0.36409375,0.14579359,0.02667889,0.65701014,0.01,0.40331554,0.99,0.01,0.99,0.01,0.28250024,0.76862544,0.99,0.33849302,0.01,0.01,0.72739977,0.01,0.99,0.7310459,0.5878738,0.929557,0.01,0.7566328,0.01,0.99,0.15427613,0.99,0.07185972,0.01,0.40613118,0.99,0.8000935,0.25689772,0.016224474,0.01,0.16543363,0.99,0.63486826,0.99,0.15415487,0.45625943,0.3180555,0.49416617,0.5410775,0.8701279,0.93124473,0.54384494,0.99,0.08994247,0.3322718,0.99,0.01,0.01,0.01,0.5160814,0.9855592,0.11206332,0.99,0.62130195,0.37168396,0.01,0.99,0.49550053,0.01,0.99,0.6315551,0.87872136,0.99,0.86519766,0.99,0.6887643,0.98522496,0.6048675,0.34286627,0.78980416,0.34090793,0.69732344,0.8517326,0.7979842,0.8299947,0.99,0.99,0.7332198,0.72944206,0.99,0.26490977,0.99,0.38258615,0.945451,0.1959856,0.13218111,0.12213814,0.5982044,0.01,0.01,0.8182471,0.99,0.36053115,0.61330086,0.99,0.7394791,0.99,0.14107922,0.8394394,0.01,0.01,0.99,0.99,0.64645547,0.99,0.99,0.8839091,0.01,0.5569114,0.01,0.31200293,0.051922083,0.01,0.01,0.8526721,0.01,0.38465524,0.99,0.53120947,0.01,0.42467302,0.01,0.2568684,0.18784922,0.39477625,0.30225116,0.21477757,0.99
SIM-0015-NT,0.65784985,0.72501016,0.20570889,0.82276696,0.6019941,0.5085506,0.90414757,0.5948721,0.01,0.01,0.01,0.71290827,0.25289565,0.99,0.99,0.08293909,0.96569467,0.99,0.18355341,0.01,0.99,0.569168,0.37757194,0.99,0.8354398,0.38268834,0.19543311,0.2957286,0.99,0.99,0.39016235,0.99,0.8106946,0.99,0.9709752,0.99,0.99,0.6327389,0.10813661,0.56292015,0.28617844,0.01,0.61782205,0.49356034,0.068199635,0.42241836,0.47996303,0.34522992,0.99,0.99,0.99,0.67813253,0.99,0.13542047,0.48895133,0.99,0.5152097,0.01,0.26612538,0.01,0.34196445,0.01,0.31030333,0.01,0.99,0.01,0.76463515,0.46293783,0.54160535,0.28011551,0.7347628,0.4040135,0.50881207,0.49723774,0.99,0.5583201,0.90167814,0.9585676,0.69954216,0.86346173,0.99,0.010834351,0.0791806,0.01,0.6983112,0.01,0.5364786,0.99,0.01,0.7810492,0.99,0.4824069,0.01,0.17922169,0.46373326,0.01,0.6447388,0.01,0.99,0.12199688,0.13475259,0.28200603,0.4173938,0.9574244,0.01,0.7689108,0.5337495,0.9899854,0.5775894,0.9772418,0.49765617,0.99,0.99,0.75705254,0.99,0.01,0.01,0.4178085,0.29243004,0.01,0.01,0.49425304,0.3147498,0.05409187,0.6099528,0.6692395,0.7869859,0.106276155,0.7110312,0.02532351,0.10194427,0.97834444,0.01,0.14992249,0.01,0.14433315,0.6217991,0.99,0.6090397,0.45960152,0.01,0.36638054,0.01,0.81341434,0.99,0.36830208,0.73091686,0.99,0.8597268,0.99,0.01,0.34188497,0.50602525,0.6751796,0.052835226,0.99,0.47357255,0.99,0.75330895,0.01,0.6530422,0.88258654,0.01,0.01,0.01,0.24243873,0.99,0.13481909,0.2616261,0.04866554,0.99,0.99,0.60416186,0.99,0.99,0.07752311,0.6980307,0.14032882,0.5785572,0.9801419,0.65317756,0.65983033,0.91687787,0.01,0.01,0.8137717,0.99,0.99,0.7408836,0.99,0.99,0.06118472,0.93652165,0.2408216,0.285815,0.8042754,0.017303675,0.103967905,0.99,0.01
SIM-0016-NT,0.74292403,0.7626877,0.4909973,0.99,0.90388745,0.05859679,0.84808344,0.57263577,0.99,0.4082455,0.01,0.7974354,0.01,0.8483467,0.52413625,0.01,0.3989725,0.99,0.3621241,0.17548403,0.04909268,0.46167237,0.01,0.301593,0.43411604,0.3866713,0.47523105,0.09674832,0.6534262,0.4894225,0.17931357,0.53933764,0.99,0.99,0.99,0.01,0.99,0.72329706,0.69071907,0.7994584,0.47724348,0.46959096,0.7059196,0.01,0.27422512,0.9030405,0.59256214,0.5762774,0.4590416,0.85314053,0.14029944,0.7959011,0.46373183,0.78455794,0.94225156,0.30740952,0.99,0.86944735,0.99,0.308819,0.64104486,0.01,0.4133575,0.01,0.8576479,0.41626257,0.7197268,0.5788321,0.01,0.7971457,0.01,0.09869379,0.99,0.3462203,0.6003597,0.01,0.7379517,0.99,0.95245993,0.64129245,0.99,0.14588699,0.46220183,0.2755028,0.79851496,0.47407842,0.034337997,0.99,0.97663456,0.14175636,0.34407902,0.09217191,0.99,0.99,0.99,0.01,0.99,0.9511958,0.99,0.68620425,0.28592113,0.17847922,0.81347644,0.4477036,0.38635653,0.58617175,0.01,0.987388,0.7475639,0.53971034,0.8561403,0.01,0.671798,0.5562573,0.8963499,0.26002377,0.46816137,0.22934106,0.424982,0.87698466,0.01,0.99,0.02618146,0.5623522,0.87439334,0.4618253,0.99,0.6996324,0.17165163,0.99,0.01,0.01,0.71600527,0.88003933,0.44178525,0.4943702,0.4268955,0.99,0.73855615,0.18582708,0.01,0.99,0.17993471,0.58150005,0.99,0.6595795,0.13137019,0.18151748,0.99,0.31626344,0.22627172,0.7024719,0.63045716,0.63846314,0.036019802,0.39011362,0.5315297,0.49818385,0.48736793,0.01,0.4313457,0.01,0.8805309,0.42981908,0.34574825,0.01,0.4452104,0.01,0.6451988,0.01,0.7805082,0.46451092,0.8749341,0.99,0.99,0.99,0.47787678,0.8093953,0.38558823,0.01,0.99,0.41145396,0.6106607,0.22471586,0.99,0.11841854,0.36812308,0.6044693,0.99,0.21573198,0.5166961,0.99,0.92911536,0.047530264,0.01,0.01,0.4955803,0.8394717,0.9799375,0.01
SIM-0017-NT,0.01,0.41301283,0.99,0.99,0.9257957,0.01,0.01,0.86441386,0.14610212,0.059779093,0.01,0.2521136,0.01,0.99,0.19372097,0.2288362,0.79915416,0.99,0.01,0.8803876,0.06171879,0.14514074,0.99,0.36428812,0.8107756,0.9089613,0.83869743,0.48362905,0.99,0.7173185,0.5855344,0.23282419,0.96484613,0.99,0.7233031,0.01,0.99,0.07049191,0.56847554,0.569944,0.99,0.01,0.19584376,0.5903016,0.01,0.99,0.01,0.8901987,0.99,0.6256016,0.3610288,0.99,0.6031461,0.47620165,0.99,0.01,0.99,0.01,0.01,0.45461592,0.6087121,0.01,0.2661497,0.016441673,0.22711042,0.01,0.01,0.99,0.01,0.58911854,0.01,0.76222515,0.6784832,0.31306562,0.82604545,0.01,0.12596029,0.99,0.99,0.99,0.49374923,0.01,0.01,0.11202024,0.4773943,0.19718626,0.01,0.805876,0.01,0.63736844,0.01,0.70668423,0.99,0.99,0.41601145,0.01,0.18575105,0.27768576,0.01,0.99,0.07318726,0.42346364,0.01,0.42103076,0.01,0.99,0.5290243,0.843583,0.24781105,0.99,0.17235318,0.46064097,0.61395454,0.8222024,0.99,0.99,0.99,0.01,0.40778226,0.01,0.84734094,0.16458645,0.5759081,0.01,0.01,0.99,0.45457092,0.01,0.39553824,0.044115484,0.21194595,0.01,0.040359437,0.27113777,0.84082395,0.78998935,0.8718796,0.6487144,0.99,0.18518683,0.01,0.93374133,0.39974183,0.43821162,0.5187423,0.99,0.99,0.37628168,0.01,0.4810973,0.054426253,0.9320943,0.99,0.01,0.3926535,0.01,0.25987464,0.1351891,0.99,0.39301997,0.62959063,0.01,0.01,0.8255633,0.42486596,0.01,0.99,0.49660593,0.92912775,0.21368295,0.44206262,0.8773335,0.01,0.99,0.5766936,0.79886883,0.43467933,0.43657213,0.28326878,0.22536226,0.10542953,0.99,0.026680648,0.99,0.74458754,0.41419035,0.70120394,0.9881973,0.83086044,0.82149005,0.108882844,0.01,0.99,0.01,0.261882,0.5867752,0.5274238,0.01,0.39587712,0.34774953
SIM-0018-NT,0.99,0.53777814,0.99,0.01,0.99,0.6068592,0.7145441,0.98677325,0.99,0.32123506,0.01,0.3183216,0.84345037,0.94318485,0.01,0.6242311,0.27752203,0.92915475,0.01,0.25061274,0.079147756,0.9855458,0.4191506,0.99,0.99,0.4300585,0.99,0.19266662,0.99,0.32048678,0.47428808,0.6695264,0.99,0.037932336,0.42744476,0.5005079,0.59656864,0.01,0.16204898,0.5111207,0.73733455,0.3744628,0.69628006,0.37623304,0.130873,0.93073285,0.18225887,0.14399588,0.08261895,0.710695,0.36110598,0.01,0.26823485,0.01,0.99,0.01,0.8599415,0.99,0.71401083,0.01,0.99,0.64168626,0.23885664,0.01,0.99,0.4586957,0.8119724,0.01,0.01,0.01,0.01,0.51651543,0.473202,0.05579287,0.99,0.2735716,0.49301365,0.53104573,0.49025744,0.5347745,0.99,0.01,0.99,0.49232495,0.01,0.7388251,0.99,0.9752579,0.017999902,0.657151,0.34359315,0.7014011,0.01,0.58165467,0.99,0.16007386,0.99,0.99,0.56129915,0.06902206,0.105736926,0.72287315,0.86627454,0.99,0.44844577,0.97129303,0.25324187,0.01,0.19627786,0.27994245,0.66275275,0.01,0.29015428,0.75322616,0.99,0.19503157,0.99,0.99,0.13717124,0.99,0.99,0.26050925,0.36646524,0.41696182,0.26629037,0.3348694,0.99,0.6457145,0.01,0.10764694,0.01,0.046920255,0.89130497,0.049265534,0.7313256,0.6564447,0.6240385,0.99,0.99,0.01,0.01,0.6151875,0.71730196,0.99,0.63334376,0.99,0.15685362,0.42057523,0.65628105,0.42823198,0.99,0.01,0.48811188,0.9256642,0.61374664,0.99,0.99,0.19783963,0.99,0.99,0.5255345,0.34327245,0.68962824,0.94322306,0.6747464,0.01,0.99,0.6499312,0.99,0.35432395,0.99,0.01,0.01,0.99,0.33120197,0.7759981,0.99,0.01,0.8653948,0.99,0.5997571,0.01,0.13594212,0.100810766,0.26558018,0.09437272,0.51241314,0.99,0.99,0.93516624,0.99,0.99,0.16527635,0.55148745,0.01,0.01,0.6249037,0.01,0.46269,0.01
SIM-0019-NT,0.6434409,0.01,0.8550378,0.5144487,0.49449924,0.99,0.4188897,0.9004153,0.09647876,0.44737905,0.69163966,0.99,0.20155235,0.99,0.17880943,0.01,0.75479287,0.99,0.01,0.8370957,0.32417843,0.01,0.7671299,0.44756657,0.99,0.31833494,0.7586694,0.99,0.93687683,0.99,0.01,0.17978907,0.99,0.99,0.99,0.53279895,0.99,0.847169,0.01,0.99,0.23004457,0.26665467,0.55395675,0.7839834,0.01,0.01,0.01,0.75466114,0.111442566,0.28489476,0.39749408,0.38391536,0.5318359,0.3680375,0.9108386,0.01,0.96975523,0.83197516,0.01,0.27977407,0.4593351,0.1851572,0.654202,0.126288,0.99,0.65397036,0.99,0.8265702,0.6793136,0.2968915,0.01,0.18870485,0.6355569,0.24723074,0.95839643,0.01,0.99,0.79100716,0.7138428,0.32312205,0.26869583,0.06896946,0.27520102,0.1564869,0.99,0.6329958,0.5610448,0.99,0.13863748,0.9573664,0.01,0.01,0.728953,0.7683551,0.18472248,0.20452613,0.69759727,0.01,0.5479186,0.7759709,0.01,0.01,0.5137942,0.87210375,0.2282471,0.2757301,0.102521,0.4920528,0.99,0.99,0.01,0.9160218,0.28037742,0.61695784,0.5580452,0.99,0.01,0.58003366,0.1366731,0.56478804,0.3540026,0.9497367,0.70282257,0.09555563,0.99,0.8854163,0.15411776,0.52979666,0.5895196,0.8670422,0.6016468,0.6120889,0.8688055,0.055523038,0.99,0.99,0.95309997,0.6809501,0.64630175,0.46006426,0.2557792,0.01,0.99,0.99,0.01,0.8335198,0.50633407,0.5898415,0.99,0.01,0.49728173,0.55596066,0.78012085,0.01,0.99,0.99,0.3963511,0.04305336,0.99,0.01,0.7112148,0.4889409,0.99,0.5444896,0.99,0.36460477,0.23257744,0.35079822,0.2599753,0.7015817,0.6972207,0.09237061,0.99,0.01,0.24846154,0.01,0.9529245,0.601769,0.99,0.35564417,0.99,0.04520596,0.47220182,0.65182745,0.3998547,0.99,0.01,0.85711473,0.64376915,0.7953993,0.69331473,0.01,0.99,0.37869763,0.99,0.9684017,0.30219543,0.75180095,0.2750048,0.91574097
SIM-0020-NT,0.01,0.01,0.69859594,0.99,0.88234854,0.8299601,0.8423932,0.1047889,0.3364067,0.8520732,0.25605068,0.01,0.26795807,0.99,0.99,0.01,0.99,0.24392194,0.5702915,0.68526924,0.23497838,0.5418889,0.7881745,0.7666161,0.01,0.99,0.99,0.82427263,0.5034287,0.99,0.99,0.3404324,0.9365516,0.14161283,0.5011847,0.01,0.8458382,0.43926966,0.38393748,0.12465599,0.5650988,0.01,0.5572401,0.01,0.41207638,0.32747334,0.54433334,0.01,0.99,0.5756638,0.2970271,0.01,0.18199342,0.13204966,0.99,0.4487713,0.9642213,0.1703937,0.06696755,0.31068018,0.99,0.22768666,0.99,0.01,0.8110993,0.01,0.93403333,0.99,0.01,0.52540964,0.8618462,0.23988378,0.9746553,0.99,0.89476466,0.539143,0.01,0.99,0.9763056,0.01,0.28821987,0.43412197,0.11006972,0.75590813,0.65898824,0.7243783,0.51878494,0.927246,0.6256366,0.9546222,0.04292886,0.93632555,0.99,0.99,0.6350835,0.39362505,0.01,0.25453508,0.99,0.77765596,0.28024095,0.01,0.49319023,0.78648454,0.99,0.29545492,0.3829742,0.2574915,0.99,0.7619367,0.06703538,0.01,0.20413473,0.88332903,0.99,0.01,0.20885426,0.99,0.99,0.77026033,0.98691565,0.99,0.99,0.29135865,0.14965609,0.99,0.01,0.01,0.01,0.5049468,0.01,0.01,0.12355065,0.01,0.8116802,0.56129044,0.84112847,0.8953668,0.51497227,0.99,0.57904524,0.57074565,0.01,0.70546377,0.01,0.5786674,0.54963565,0.01,0.9383209,0.9325055,0.60038006,0.5897186,0.41370225,0.6473651,0.42607796,0.01,0.53000224,0.6258626,0.99,0.040856898,0.01,0.99,0.01,0.64414537,0.99,0.18647951,0.90735525,0.97489893,0.49689293,0.99,0.1590899,0.01,0.22818497,0.99,0.6079333,0.932833,0.8842735,0.99,0.99,0.99,0.76682675,0.01,0.34085557,0.35054395,0.99,0.01,0.99,0.14087361,0.6111847,0.62770385,0.99,0.5641532,0.99,0.99,0.13088697,0.2320711,0.033470035,0.6268305,0.29943144,0.3737046
SIM-0021-NT,0.29038927,0.99,0.01,0.41590613,0.20084226,0.38923597,0.99,0.70111203,0.24652553,0.5258043,0.01,0.8176044,0.5602645,0.1540525,0.40482742,0.54420304,0.99,0.99,0.99,0.6340822,0.1448947,0.19411315,0.16134429,0.6449619,0.6418009,0.6214001,0.09686977,0.99,0.01,0.6130002,0.99,0.7047833,0.7108183,0.99,0.64091897,0.01,0.99,0.01,0.01,0.88198155,0.41844827,0.4001469,0.01,0.99,0.01,0.99,0.21617319,0.99,0.41449738,0.99,0.01,0.01,0.8249117,0.94412124,0.99,0.76662123,0.99,0.22241384,0.99,0.21876955,0.46276104,0.21287665,0.26449955,0.92241377,0.46397564,0.01,0.47919127,0.99,0.01,0.75276303,0.01,0.83805203,0.8724401,0.9075265,0.99,0.18673058,0.4722331,0.99,0.399213,0.01,0.01,0.01,0.5592735,0.99,0.01,0.30487305,0.6485224,0.99,0.01,0.9830968,0.12938856,0.99,0.7401939,0.99,0.6313634,0.01,0.99,0.01,0.01,0.5925653,0.64628416,0.01,0.34007186,0.2736736,0.99,0.99,0.61899084,0.6422954,0.01,0.18237293,0.2800784,0.81928116,0.94201005,0.43792012,0.99,0.92914695,0.46234852,0.57805943,0.3754079,0.13222086,0.29205784,0.99,0.80140185,0.8549148,0.36191863,0.15861571,0.62421644,0.99,0.99,0.01,0.99,0.33734134,0.8891852,0.01,0.16202138,0.9693903,0.01,0.01,0.7861115,0.59705514,0.99,0.64998657,0.49595612,0.7939733,0.99,0.034151644,0.98244077,0.42849764,0.8173831,0.99,0.9254745,0.67537755,0.1996187,0.01,0.6759279,0.9809557,0.4175341,0.2786638,0.7700813,0.29900527,0.01,0.7574049,0.6615488,0.17348194,0.91265786,0.01,0.85176265,0.7186758,0.99,0.12356894,0.99,0.01,0.01,0.75397515,0.99,0.7931027,0.43174446,0.39690495,0.5024613,0.01,0.01,0.055352613,0.01,0.99,0.01,0.37823492,0.99,0.7998832,0.5434015,0.9844292,0.99,0.01,0.01,0.74041855,0.01,0.99,0.25112396,0.4770041,0.01,0.9601826
SIM-0022-NT,0.68244976,0.31191915,0.343154,0.63706017,0.99,0.01,0.99,0.99,0.96569276,0.50821626,0.17184871,0.99,0.5497711,0.99,0.99,0.41317022,0.60650074,0.3881198,0.54169816,0.01,0.1766495,0.01,0.47239625,0.4728241,0.01,0.01,0.39820436,0.30224407,0.97463834,0.6434296,0.66865104,0.62639385,0.99,0.01,0.29734403,0.4722262,0.8861331,0.99,0.01,0.33302912,0.5006871,0.19312406,0.48139304,0.99,0.27896026,0.99,0.99,0.01,0.8573091,0.99,0.4811347,0.6937059,0.93079245,0.01,0.7599463,0.01,0.99,0.07456881,0.7016166,0.33195037,0.85555863,0.01,0.18747832,0.80495334,0.5091101,0.26927844,0.5501162,0.99,0.16784555,0.01,0.14488897,0.46422422,0.99,0.2684985,0.08815265,0.39510217,0.99,0.99,0.16621989,0.52413255,0.7550426,0.12284661,0.45190662,0.027888432,0.045812875,0.99,0.042226434,0.37984663,0.01,0.99,0.30766883,0.75835884,0.27532703,0.2576573,0.36728442,0.05235161,0.69759536,0.01,0.99,0.22054327,0.01,0.76023155,0.01,0.99,0.62621284,0.3178723,0.38562453,0.99,0.99,0.99,0.99,0.21674779,0.01,0.5930758,0.99,0.01,0.043453783,0.01552996,0.65761673,0.3091838,0.01,0.41236603,0.01,0.22911018,0.01,0.53258437,0.0292041,0.772214,0.26100928,0.4572736,0.99,0.32049197,0.25064301,0.18743846,0.01,0.5250244,0.70642436,0.01,0.01,0.36389506,0.01,0.7515745,0.63039154,0.38398087,0.87589717,0.09606972,0.48723894,0.18770778,0.95143217,0.87479985,0.01,0.4386904,0.7209854,0.4920665,0.9289651,0.13472036,0.5745077,0.41917515,0.41130477,0.01,0.01,0.01,0.34239882,0.94289464,0.99,0.01,0.99,0.8274889,0.01,0.056691736,0.3588308,0.801147,0.01,0.99,0.84282744,0.01,0.07267657,0.99,0.5776398,0.86320686,0.99,0.01,0.01,0.01,0.95683455,0.3085942,0.01,0.99,0.01,0.35819367,0.93290454,0.99,0.86659706,0.1728633,0.17819658,0.99,0.99,0.3516418,0.11122991,0.01
SIM-0023-NT,0.8905238,0.98577416,0.01,0.5127357,0.13267279,0.569176,0.01,0.18491846,0.75754654,0.110885784,0.14021413,0.84213316,0.9202961,0.51016074,0.4388278,0.17087695,0.99,0.67595816,0.17087878,0.5868018,0.99,0.2632309,0.08350308,0.99,0.99,0.99,0.43340516,0.24248058,0.01,0.99,0.52199423,0.01,0.99,0.5055327,0.7539155,0.01,0.99,0.86054415,0.17354357,0.36148745,0.99,0.01,0.10273588,0.99,0.01,0.01,0.99,0.64413774,0.99,0.81594765,0.01,0.77129215,0.7638226,0.75023496,0.98244596,0.01,0.99,0.01,0.4598891,0.01,0.38907498,0.99,0.01,0.01,0.9766152,0.023561984,0.90628946,0.99,0.4562441,0.01,0.0744666,0.8500432,0.99,0.30121863,0.9598316,0.32657677,0.6946578,0.53961754,0.99,0.80439436,0.01,0.01,0.021089867,0.09937326,0.99,0.99,0.01,0.9331081,0.25896344,0.597452,0.525903,0.39150137,0.48720676,0.8987852,0.8675182,0.37433589,0.6873634,0.01,0.99,0.84741926,0.61973387,0.01,0.34161344,0.9748258,0.01,0.3689344,0.241555,0.25770214,0.01,0.8787476,0.99,0.6276581,0.069185495,0.103934586,0.66394997,0.01,0.65891075,0.99,0.19138288,0.23344098,0.01,0.01,0.43855172,0.11066982,0.18458983,0.01,0.46174285,0.96053123,0.6277572,0.99,0.016375005,0.55425256,0.01,0.83393544,0.99,0.8071571,0.99,0.36223572,0.55124325,0.16410461,0.37036625,0.8647827,0.55233306,0.20806508,0.35545212,0.56111115,0.43054792,0.113463044,0.01,0.5391015,0.01,0.098435104,0.5282437,0.278511,0.43690294,0.99,0.01,0.7622535,0.6923106,0.01,0.6182772,0.14086525,0.01,0.99,0.01,0.01,0.8567745,0.99,0.19859383,0.99,0.96023184,0.01,0.01,0.9852103,0.32443845,0.99,0.12190433,0.052118838,0.18203044,0.83623016,0.01,0.63121957,0.8045146,0.35436726,0.01,0.5106576,0.52586377,0.13374758,0.99,0.32904914,0.15618187,0.35580212,0.42467278,0.99,0.01,0.51928604,0.6146373,0.5752205,0.33555722,0.38071707
SIM-0024-NT,0.6402526,0.26454663,0.93444425,0.53119004,0.99,0.99,0.24090436,0.99,0.01,0.01,0.44016263,0.8470718,0.47079426,0.99,0.7633002,0.99,0.7920805,0.28277892,0.0405733,0.6270158,0.59452784,0.32932734,0.01,0.99,0.99,0.42126852,0.99,0.97552246,0.99,0.96056324,0.5517972,0.82228816,0.67251277,0.87776685,0.99,0.6045381,0.76494807,0.70986694,0.5763757,0.93282974,0.99,0.27956122,0.05118203,0.42774317,0.5668706,0.8825682,0.80481946,0.01,0.7591698,0.13789594,0.01,0.93836737,0.99,0.37702873,0.99,0.10308365,0.9148924,0.13704434,0.446478,0.01,0.044958055,0.01,0.3353,0.01,0.47147793,0.46349865,0.05411142,0.6655333,0.5529679,0.5716236,0.39960986,0.558649,0.42931598,0.24966289,0.99,0.28231865,0.6873301,0.99,0.7425488,0.77139306,0.6470256,0.01,0.7594258,0.01,0.74292564,0.45777398,0.01,0.29360017,0.20614734,0.73843646,0.6244354,0.7206161,0.01,0.99,0.9535069,0.25306156,0.84426796,0.01,0.31220904,0.99,0.098648116,0.99,0.01,0.99,0.16149572,0.99,0.4614355,0.6157696,0.51387584,0.55014294,0.74162734,0.42947686,0.7488457,0.01,0.68380785,0.85052216,0.85402083,0.8665003,0.50599384,0.99,0.35149503,0.01,0.7713341,0.9036218,0.9035857,0.40623632,0.5701848,0.99,0.5128778,0.01,0.03925085,0.01,0.057558328,0.01,0.99,0.11982253,0.15064341,0.01,0.99,0.576514,0.17751451,0.58094513,0.83321774,0.2051238,0.01,0.01,0.01,0.8270235,0.99,0.99,0.01,0.8263551,0.43236077,0.99,0.99,0.99,0.59390527,0.34859142,0.57230306,0.01,0.01,0.67609185,0.99,0.17271078,0.33297962,0.01,0.8840846,0.99,0.99,0.9121097,0.7883756,0.24083236,0.99,0.31171268,0.67594916,0.99,0.01,0.632903,0.9799904,0.4516226,0.99,0.8714212,0.5070783,0.99,0.01,0.15395588,0.99,0.99,0.01,0.7648746,0.96029466,0.42153955,0.99,0.99,0.18274751,0.99,0.77112126,0.46489614,0.01,0.75397813
SIM-0025-NT,0.8605413,0.66758275,0.027472496,0.99,0.81563175,0.01,0.01,0.99,0.5494118,0.01,0.40147978,0.9600938,0.50484926,0.3687866,0.99,0.78572583,0.99,0.29315978,0.01,0.42961556,0.8163376,0.7462757,0.5104176,0.62367487,0.04821953,0.39822245,0.6800566,0.99,0.6090548,0.5259166,0.99,0.99,0.44791502,0.99,0.30001485,0.01,0.6203052,0.5708633,0.50741553,0.6238431,0.9562408,0.01,0.6505657,0.799803,0.01,0.70834357,0.501879,0.01,0.62233245,0.52487487,0.066011496,0.99,0.99,0.01,0.99,0.6626113,0.7912454,0.99,0.99,0.01,0.88450766,0.99,0.01,0.15680133,0.4972157,0.7845098,0.99,0.70617896,0.14503482,0.01,0.85282755,0.408157,0.6700229,0.7766422,0.8783269,0.64770657,0.99,0.9441299,0.87290806,0.09711027,0.6958941,0.67414457,0.01,0.01,0.06381264,0.7728408,0.99,0.99,0.01,0.99,0.033388153,0.5712982,0.5931737,0.45393556,0.5534991,0.01,0.7469047,0.01,0.24493164,0.99,0.792922,0.4634057,0.01,0.5139868,0.12560391,0.99,0.19660226,0.99,0.5345558,0.99,0.8726506,0.83374155,0.01,0.92445076,0.9102122,0.032124326,0.99,0.3475597,0.21461052,0.7574021,0.01,0.03271383,0.01,0.03223458,0.22159538,0.918227,0.01,0.01,0.4257177,0.25366932,0.34549925,0.7700559,0.47049242,0.99,0.24640086,0.99,0.27890393,0.71544707,0.15187478,0.21484691,0.2406381,0.065678775,0.6189955,0.29375458,0.71809995,0.01,0.8610575,0.99,0.99,0.99,0.5241218,0.34005618,0.9836881,0.23245068,0.01,0.9049631,0.07548444,0.01,0.5194534,0.038624257,0.3304054,0.37922654,0.92290545,0.01,0.6180819,0.01,0.99,0.50451136,0.22589435,0.747738,0.99,0.9320499,0.01,0.99,0.99,0.69207084,0.3820533,0.99,0.99,0.85872996,0.716168,0.99,0.066934705,0.01,0.098379046,0.26159438,0.99,0.6358174,0.7903906,0.032633662,0.99,0.24743642,0.31831846,0.99,0.69899297,0.18434322,0.39232734,0.99,0.99,0.7062229
SIM-0026-NT,0.01,0.99,0.20051286,0.99,0.37806156,0.73813736,0.25953346,0.66334885,0.5068852,0.01,0.99,0.1126799,0.01,0.99,0.99,0.20505884,0.28295863,0.24883628,0.01,0.5454434,0.31655893,0.4390056,0.4006614,0.99,0.24535121,0.03755349,0.7618956,0.51489943,0.975388,0.36838472,0.8046043,0.01,0.6691129,0.99,0.29529822,0.71990436,0.07587725,0.01,0.01,0.6290095,0.99,0.75613916,0.99,0.99,0.01,0.046586722,0.84774745,0.99,0.31918305,0.99,0.01,0.99,0.7514564,0.22503187,0.7851528,0.01,0.99,0.66288203,0.99,0.9675478,0.88108516,0.01,0.01,0.99,0.99,0.70224917,0.85843754,0.99,0.78116286,0.01,0.15622398,0.03162241,0.67665464,0.99,0.99,0.21328896,0.01,0.51434004,0.76888967,0.5505399,0.78677046,0.253416,0.01,0.19617346,0.4289031,0.34454915,0.99,0.5426756,0.01,0.99,0.01,0.76656115,0.32748052,0.99,0.5651612,0.6437657,0.4861951,0.01,0.9358265,0.47641677,0.01,0.01,0.99,0.01,0.58737344,0.6058167,0.99,0.01,0.26675594,0.99,0.25142676,0.17863724,0.64872265,0.4646384,0.6963243,0.68410736,0.708157,0.699111,0.6444831,0.67531425,0.8594055,0.17910382,0.75349814,0.01,0.01,0.99,0.26276952,0.5532629,0.01,0.01,0.01,0.45029673,0.17644864,0.3114109,0.01,0.99,0.98688257,0.4195276,0.9604169,0.49932796,0.1841967,0.7050904,0.86093247,0.01,0.85200727,0.99,0.601752,0.7072236,0.76703846,0.99,0.01,0.99,0.99,0.029302627,0.78567946,0.21663922,0.3423029,0.18832274,0.8879113,0.01,0.08371739,0.940333,0.01,0.01,0.61883885,0.99,0.99,0.49316555,0.37250838,0.56281996,0.01,0.01,0.5911089,0.99,0.67671,0.99,0.01,0.01,0.99,0.68047285,0.980803,0.45713454,0.36312115,0.3906631,0.12065686,0.01,0.5688481,0.01,0.01,0.68954515,0.01,0.01,0.29145542,0.34989274,0.01,0.01,0.99,0.01,0.01,0.01
SIM-0027-NT,0.99,0.6834982,0.2814839,0.4393108,0.8291924,0.01,0.77004445,0.57066655,0.45560646,0.43654412,0.01,0.01,0.31147403,0.01,0.6763025,0.23862429,0.52469575,0.062244594,0.9098225,0.16451246,0.99,0.24355412,0.3940214,0.8685081,0.62110907,0.95299953,0.99,0.01,0.99,0.9728109,0.5014418,0.99,0.99,0.99,0.5891887,0.01,0.99,0.99,0.01,0.99,0.5214443,0.01,0.6981524,0.99,0.1606129,0.01,0.99,0.01,0.99,0.01,0.39647326,0.99,0.99,0.99,0.3627024,0.44552302,0.21600008,0.01,0.33093274,0.37701622,0.99,0.99,0.11521678,0.36718473,0.99,0.6412547,0.7437822,0.66306776,0.07383971,0.01,0.01,0.5249109,0.5382784,0.01,0.99,0.40391445,0.99,0.99,0.50920665,0.34527892,0.7940672,0.4085586,0.13907036,0.01,0.13411963,0.705163,0.97415125,0.037993014,0.3567121,0.79825664,0.028644934,0.023145884,0.2997619,0.954567,0.99,0.74249256,0.031057,0.04039135,0.01,0.72225475,0.5373262,0.9588574,0.01,0.3399918,0.53891695,0.01,0.69523275,0.8694318,0.01,0.9231123,0.01,0.99,0.7631438,0.29935455,0.23340482,0.41332603,0.99,0.037475556,0.25951266,0.01,0.98502195,0.01,0.98656034,0.25372353,0.5529825,0.43738595,0.5492492,0.062127113,0.80329436,0.99,0.01,0.46258134,0.25647312,0.5051229,0.99,0.22094926,0.99,0.8901643,0.5213447,0.8056482,0.47717726,0.15076911,0.2359536,0.01,0.4625006,0.99,0.8007053,0.01,0.6724385,0.95365816,0.8749505,0.19083658,0.121180475,0.3233891,0.99,0.6127366,0.01,0.99,0.7241868,0.24130946,0.01,0.92055804,0.524319,0.5084464,0.118326604,0.6587614,0.99,0.99,0.41632396,0.18545973,0.48962587,0.99,0.12071237,0.2736209,0.7097435,0.4511204,0.97869265,0.01,0.3836797,0.50553495,0.99,0.46514827,0.99,0.6929671,0.12919131,0.66050375,0.08546299,0.0363639,0.99,0.87653923,0.99,0.01,0.99,0.74923766,0.14847924,0.8079381,0.62048715,0.047095448,0.028031096,0.4103025
SIM-0028-NT,0.34537745,0.01,0.6655498,0.99,0.99,0.7598778,0.9888284,0.99,0.23561478,0.01,0.7500578,0.17963147,0.01,0.1677534,0.99,0.5871841,0.297885,0.3683175,0.31606546,0.66255546,0.49119815,0.01,0.37679997,0.5433081,0.97378075,0.43480414,0.3040815,0.8868715,0.99,0.48680836,0.8485417,0.71564615,0.99,0.99,0.7539823,0.01,0.8737502,0.78056127,0.22313581,0.01,0.9882921,0.01,0.8063158,0.99,0.20988844,0.6860805,0.4702402,0.6043337,0.88647604,0.4665451,0.01,0.99,0.99,0.7423842,0.9690487,0.67301965,0.4513001,0.67413855,0.8728431,0.81868744,0.99,0.32695892,0.01,0.01,0.26900697,0.01,0.01,0.28718776,0.48730052,0.14204374,0.012014031,0.01,0.99,0.5467489,0.7730613,0.01,0.4953848,0.99,0.703403,0.75446564,0.99,0.20949054,0.5862632,0.01,0.01,0.93483084,0.9452137,0.99,0.28996348,0.52567637,0.3599262,0.50625694,0.88757247,0.99,0.128833,0.99,0.01,0.3267148,0.20989525,0.8207845,0.7295637,0.18966813,0.73336685,0.67218065,0.01,0.99,0.62444586,0.31812355,0.0108234435,0.99,0.01,0.7500361,0.99,0.99,0.99,0.2996239,0.63551474,0.22310326,0.24651325,0.6313899,0.053520665,0.5055103,0.01,0.99,0.42756173,0.99,0.07753715,0.048671246,0.9381187,0.25764123,0.01,0.01,0.8630744,0.8596164,0.01,0.242107,0.88912547,0.99,0.58395904,0.8990657,0.7896879,0.99,0.01,0.11077285,0.3475733,0.80228794,0.38423252,0.8454875,0.8700438,0.8377143,0.5566046,0.99,0.25460353,0.27733248,0.16226697,0.6085918,0.09492095,0.69226885,0.77118295,0.01,0.20113412,0.99,0.01,0.037356645,0.712158,0.01,0.99,0.75699574,0.5258017,0.28180438,0.52914965,0.01,0.47998172,0.01,0.56039107,0.9622866,0.94361293,0.99,0.4501981,0.01,0.87385267,0.99,0.99,0.01,0.16074646,0.65790915,0.99,0.99,0.32040125,0.99,0.99,0.01,0.99,0.91003793,0.01,0.99,0.85358,0.9010379,0.99,0.23951043
SIM-0029-NT,0.72370505,0.01,0.99,0.99,0.99,0.02538234,0.99,0.99,0.01,0.7216651,0.40168756,0.01,0.7271271,0.33585373,0.01,0.5501869,0.78602785,0.99,0.4072875,0.7806133,0.6059567,0.736568,0.01,0.9481703,0.37995526,0.7334975,0.81165504,0.23537552,0.67994523,0.99,0.01,0.75576997,0.99,0.96362674,0.99,0.6640407,0.97248876,0.37629437,0.39887106,0.9114474,0.6506273,0.01,0.01,0.85302305,0.01,0.23106714,0.01,0.75805116,0.99,0.76450926,0.99,0.99,0.99,0.27051955,0.5948182,0.46638116,0.8286703,0.90666294,0.93132687,0.057562955,0.99,0.01,0.3033317,0.01,0.58610594,0.99,0.3783173,0.8438715,0.01,0.01,0.42081156,0.30667803,0.90070605,0.78570175,0.89682627,0.30993497,0.30680108,0.99,0.6228447,0.01,0.99,0.69861245,0.99,0.99,0.89039207,0.95313656,0.99,0.33740732,0.01,0.44919246,0.8930553,0.01,0.90072906,0.99,0.7113675,0.01,0.76440006,0.01,0.99,0.99,0.045355737,0.99,0.41868228,0.04820347,0.42769587,0.99,0.19920743,0.52381057,0.01,0.25625306,0.01,0.01,0.3506837,0.99,0.8344392,0.61151206,0.99,0.01,0.063578784,0.57828337,0.01,0.672254,0.99,0.01,0.41032296,0.5085676,0.16626549,0.123039484,0.028042406,0.56301963,0.43607512,0.60555327,0.4221607,0.99,0.01,0.01,0.40024054,0.892848,0.99,0.99,0.49807146,0.99,0.99,0.055511087,0.4957395,0.99,0.93838584,0.94471467,0.99,0.16900718,0.1794931,0.010071158,0.9492005,0.16707753,0.81760013,0.3398052,0.01,0.60013556,0.01,0.01,0.01,0.01,0.33932483,0.96862614,0.01,0.01,0.01,0.48253244,0.4337553,0.6064291,0.01,0.47101396,0.01,0.25864792,0.93011546,0.99,0.29854184,0.103566766,0.6138346,0.047684073,0.9147271,0.64626104,0.7729771,0.51019645,0.79233134,0.01,0.99,0.37801534,0.01,0.99,0.5371901,0.27164614,0.01,0.99,0.99,0.99,0.4912021,0.96581113,0.19401234,0.805842
SIM-0030-NT,0.35263973,0.99,0.2876693,0.5374933,0.5061313,0.5899488,0.38557684,0.99,0.01,0.5890771,0.92935073,0.6650642,0.99,0.99,0.99,0.33631074,0.01,0.3569571,0.014359593,0.01,0.01,0.7384127,0.01,0.99,0.99,0.017489225,0.8775338,0.34307832,0.99,0.1270358,0.4176001,0.96167773,0.86486995,0.01,0.99,0.01,0.819794,0.9009813,0.2574625,0.99,0.99,0.01,0.7647858,0.8652919,0.35847193,0.58873206,0.23680782,0.44799274,0.58200794,0.01,0.758571,0.6149038,0.87405354,0.01,0.40439916,0.01,0.99,0.99,0.6330673,0.01,0.01,0.5209152,0.01,0.01,0.736046,0.09150052,0.06948346,0.01,0.29720175,0.01,0.39645562,0.65800583,0.99,0.01,0.895886,0.46492285,0.4276623,0.99,0.01,0.24202612,0.01,0.01,0.18413365,0.6156893,0.4259796,0.39846364,0.01,0.17381555,0.37927336,0.99,0.044822216,0.92211425,0.19296506,0.68889356,0.4361621,0.9083072,0.65987676,0.01,0.99,0.99,0.11363192,0.01,0.6789553,0.99,0.8912144,0.01,0.9864676,0.7600342,0.01,0.99,0.5602497,0.99,0.12908268,0.8187754,0.40492815,0.34258467,0.99,0.01,0.01,0.6731114,0.2002143,0.908092,0.01,0.4679179,0.9328545,0.71280336,0.01,0.99,0.38026506,0.01,0.51073265,0.3434204,0.9316818,0.9428786,0.17355204,0.01,0.7832991,0.01,0.99,0.25556746,0.6704515,0.40186137,0.2932977,0.04464963,0.95885074,0.07785237,0.89445746,0.39176938,0.6934132,0.8546282,0.5798171,0.054117918,0.99,0.21589096,0.99,0.4871992,0.48591232,0.01,0.3787955,0.35788345,0.077622235,0.99,0.27222392,0.01,0.40142104,0.01,0.99,0.99,0.3672876,0.36792716,0.5368326,0.6259391,0.6518513,0.99,0.8004486,0.40190402,0.68130076,0.99,0.99,0.99,0.69372684,0.01,0.01,0.99,0.01,0.98510385,0.3752261,0.99,0.50947464,0.99,0.99,0.048202813,0.28512996,0.06663859,0.01,0.539352,0.16960278,0.01,0.115297824,0.4696346
SIM-0031-NT,0.10999173,0.39156324,0.99,0.01,0.99,0.15671077,0.68012685,0.99,0.987957,0.42859322,0.01,0.23488498,0.14744043,0.99,0.44541237,0.52872396,0.29681462,0.13185376,0.32962406,0.22898144,0.22569916,0.01,0.18148306,0.99,0.023804218,0.85537344,0.01,0.14122185,0.01,0.99,0.9228845,0.01,0.99,0.99,0.99,0.01,0.01,0.16038916,0.5806096,0.99,0.6217146,0.01,0.99,0.9631859,0.01,0.40738466,0.9538151,0.30635482,0.99,0.01,0.01,0.53019965,0.66226333,0.49410117,0.99,0.99,0.53000534,0.47555327,0.2647724,0.71204674,0.99,0.01,0.99,0.01,0.99,0.9858247,0.1477207,0.9138314,0.01,0.51645005,0.01,0.86847496,0.99,0.8509115,0.99,0.17373306,0.5505328,0.8050417,0.15968597,0.55265266,0.62503636,0.01,0.01,0.01,0.01,0.5422109,0.7842588,0.01,0.34252778,0.6264598,0.01,0.10100439,0.99,0.39706933,0.62866044,0.31689823,0.18194354,0.6380159,0.99,0.54170716,0.99,0.67966604,0.01,0.68944305,0.99,0.23617402,0.6422936,0.99,0.542265,0.99,0.7098698,0.57511014,0.26366353,0.8367686,0.6510872,0.01,0.99,0.23272952,0.99,0.3237572,0.12770182,0.01,0.99,0.4393378,0.01,0.99,0.4043528,0.01,0.7396945,0.01,0.01,0.01,0.860814,0.99,0.1580899,0.7879385,0.99,0.6639701,0.8524583,0.01,0.99,0.3734576,0.67360115,0.5652524,0.64347917,0.17136903,0.6308545,0.99,0.99,0.7492743,0.2781747,0.11183789,0.99,0.415978,0.99,0.84364367,0.99,0.033797175,0.22006041,0.99,0.77614236,0.5954456,0.99,0.6077799,0.99,0.23504221,0.99,0.99,0.2351674,0.1201951,0.38424122,0.3284816,0.16403429,0.99,0.99,0.820261,0.46002856,0.36705285,0.52333695,0.01,0.5527762,0.01,0.31717235,0.16282612,0.01,0.99,0.6533288,0.99,0.2812807,0.99,0.3164084,0.3012925,0.01,0.99,0.0394087,0.99,0.6723119,0.46270373,0.4793983,0.9243278
SIM-0032-NT,0.8920474,0.5540156,0.77776694,0.99,0.5309906,0.01,0.031424284,0.33392727,0.01,0.01,0.15836743,0.7499996,0.5532225,0.3543182,0.99,0.6341381,0.99,0.99,0.14166206,0.99,0.48834503,0.6250786,0.57844156,0.7867421,0.50195843,0.34096855,0.2572754,0.01,0.5020092,0.82382405,0.99,0.7990826,0.74949867,0.33411986,0.7710186,0.01,0.01,0.01,0.884908,0.99,0.99,0.08076584,0.01,0.6797536,0.64220685,0.8817791,0.7982568,0.9463259,0.99,0.52252406,0.99,0.01,0.41420433,0.42712688,0.99,0.09431781,0.6514008,0.99,0.34833872,0.01,0.99,0.5477759,0.8400211,0.31235313,0.03342098,0.30087322,0.07166678,0.7461688,0.4556316,0.6420537,0.09513229,0.958785,0.28926265,0.774158,0.99,0.01,0.99,0.99,0.7570097,0.2472403,0.8592621,0.4083464,0.01,0.01,0.764436,0.99,0.99,0.99,0.01,0.99,0.78192675,0.01,0.15277874,0.63838464,0.99,0.01,0.533491,0.5244049,0.01,0.99,0.671974,0.01,0.01,0.452875,0.01,0.5641698,0.7189248,0.01,0.702129,0.90810317,0.471083,0.36141542,0.99,0.99,0.6487162,0.59926707,0.8926959,0.6321628,0.99,0.01,0.01,0.01,0.7062745,0.30607945,0.24091548,0.99,0.99,0.26268002,0.01,0.99,0.58899796,0.33920905,0.48722056,0.07914728,0.07383157,0.8968264,0.32883736,0.8780935,0.6250416,0.09350294,0.99,0.99,0.7046394,0.72264516,0.01,0.14193608,0.01,0.7517077,0.97207844,0.90751517,0.99,0.01,0.34027088,0.55873454,0.9018742,0.01,0.7909503,0.92925835,0.9863881,0.01,0.40435177,0.5374753,0.10247439,0.99,0.6361847,0.99,0.99,0.9232785,0.8580229,0.9883329,0.99,0.15782054,0.06197536,0.30568963,0.01,0.8048006,0.15493439,0.4830678,0.99,0.35423708,0.99,0.01,0.01,0.01,0.5923766,0.8084685,0.47184598,0.35931504,0.99,0.04605484,0.99,0.01,0.6571442,0.95251906,0.40216753,0.55663615,0.99,0.6200122,0.99,0.01
SIM-0033-NT,0.01,0.9699184,0.50222987,0.99,0.19020534,0.5207889,0.8083335,0.5731336,0.31170171,0.01,0.36757863,0.99,0.01,0.070480466,0.99,0.01,0.99,0.7377,0.107516974,0.99,0.8156259,0.36594713,0.01,0.99,0.01,0.29596487,0.6874156,0.99,0.722291,0.012855291,0.99,0.7639537,0.99,0.99,0.99,0.01,0.08493203,0.99,0.066303685,0.4847174,0.08804238,0.40179047,0.66451997,0.6825706,0.01,0.99,0.58170354,0.9004638,0.01,0.7534468,0.01,0.9157013,0.99,0.51210046,0.77857834,0.19152585,0.11940116,0.17926377,0.99,0.01,0.99,0.53638506,0.732265,0.3808747,0.5034102,0.18298733,0.99,0.01,0.7508184,0.01,0.09818426,0.54590887,0.72126913,0.01,0.8553896,0.4429679,0.01,0.19184345,0.99,0.99,0.9197548,0.01,0.61923194,0.01,0.4349568,0.04290402,0.52300847,0.26570946,0.6020758,0.9042878,0.01,0.8617566,0.18976608,0.8665216,0.28182423,0.5147861,0.91476846,0.7848587,0.84880877,0.01,0.02306804,0.95600665,0.08432926,0.01,0.69151443,0.9892944,0.24552721,0.43455598,0.01,0.99,0.36937383,0.01,0.65504885,0.25287437,0.99,0.66560006,0.44554254,0.4637596,0.9862231,0.10856883,0.5864719,0.99,0.098322645,0.99,0.99,0.73198265,0.20749272,0.5450823,0.15185237,0.17425904,0.6197703,0.01,0.26544273,0.31660527,0.01,0.8872024,0.43844852,0.99,0.4960323,0.41864887,0.01,0.7494604,0.5616546,0.8160179,0.6343195,0.99,0.7383,0.19594607,0.27338415,0.99,0.01,0.81364226,0.99,0.81143165,0.33531225,0.9560489,0.35398,0.01,0.69389397,0.38009423,0.01,0.5182338,0.96119654,0.83314276,0.7351471,0.22881758,0.49270725,0.53029025,0.01,0.34844518,0.92192155,0.1603163,0.01,0.8998076,0.99,0.99,0.33403203,0.99,0.99,0.17020203,0.4897685,0.45524776,0.01,0.9446378,0.28173488,0.41854474,0.48132452,0.49745473,0.01,0.99,0.99,0.5499562,0.6327596,0.01,0.01,0.5762237,0.01,0.01,0.01,0.2693128
SIM-0034-NT,0.5826439,0.92654955,0.99,0.99,0.651621,0.99,0.01,0.01,0.01,0.59977657,0.25444734,0.062128782,0.07133937,0.098715425,0.01623094,0.99,0.7469757,0.99,0.01,0.6369161,0.4650933,0.6659301,0.34550095,0.99,0.727422,0.01,0.99,0.49084494,0.46055222,0.99,0.9442749,0.159305,0.71402276,0.01,0.01,0.073628716,0.99,0.3230263,0.9114342,0.4680694,0.54837245,0.01,0.9542507,0.2808643,0.27180713,0.19315252,0.1730673,0.3591191,0.77809185,0.99,0.18308364,0.99,0.8897376,0.99,0.61832476,0.035349935,0.99,0.47454637,0.86929584,0.99,0.3281504,0.8890348,0.046559125,0.88325685,0.99,0.5587272,0.753029,0.4997636,0.01,0.10748189,0.049370617,0.6802493,0.035857856,0.30216482,0.99,0.61780983,0.75227195,0.99,0.42901006,0.6151606,0.045126677,0.01,0.99,0.017198354,0.01,0.99,0.79861456,0.99,0.07564485,0.18413496,0.16262153,0.5940295,0.6317603,0.99,0.32082576,0.35614854,0.5915402,0.01,0.8772916,0.47431654,0.5470845,0.60995525,0.4975955,0.06652808,0.01,0.40897632,0.21096966,0.28650704,0.67872846,0.99,0.12914844,0.8583106,0.82424176,0.6029571,0.99,0.01,0.533062,0.01,0.01,0.01,0.01,0.36401072,0.19252159,0.30738693,0.4392085,0.99,0.01,0.01,0.01,0.53469753,0.6110184,0.43814167,0.90703917,0.4251867,0.082313746,0.99,0.01,0.69298124,0.8333623,0.99,0.01,0.51987696,0.01,0.01,0.49854714,0.8050728,0.99,0.42342815,0.99,0.7379864,0.78119326,0.99,0.64278114,0.8900478,0.16339225,0.8235686,0.709522,0.62275195,0.18108392,0.041548833,0.4755767,0.58883023,0.29633352,0.99,0.046331048,0.01,0.01,0.99,0.675119,0.99,0.99,0.36142063,0.519383,0.70843786,0.96161544,0.8558084,0.01,0.74858886,0.7148299,0.99,0.546875,0.01,0.40151215,0.5572447,0.16570073,0.01,0.6910337,0.60171044,0.4365348,0.99,0.5550002,0.10266047,0.729199,0.27935702,0.99,0.82869744,0.01,0.055810183,0.01,0.01
SIM-0035-NT,0.8264335,0.01,0.35250258,0.99,0.4795097,0.82946587,0.01,0.65968144,0.01,0.34356833,0.01,0.99,0.01,0.99,0.99,0.5218408,0.84590983,0.99,0.99,0.28772026,0.43043667,0.01,0.01,0.99,0.5751344,0.01,0.91174954,0.6839644,0.54828966,0.39097986,0.6953855,0.99,0.99,0.99,0.4448575,0.01,0.99,0.01,0.3011382,0.81731796,0.62961006,0.26952815,0.4923643,0.44923878,0.01,0.4216818,0.99,0.8537322,0.6620874,0.541983,0.01,0.67783576,0.94723475,0.85586745,0.99,0.01,0.99,0.903715,0.4552268,0.01,0.95531327,0.99,0.427186,0.01,0.6427812,0.01,0.83776575,0.96671927,0.01,0.01,0.27976686,0.33396387,0.3658505,0.01,0.979653,0.01,0.99,0.99,0.5823707,0.39806363,0.83423847,0.059424452,0.01,0.99,0.86079264,0.46440798,0.01,0.69068897,0.01,0.65741026,0.01,0.080483675,0.4622628,0.7880262,0.47113106,0.16972567,0.99,0.01,0.35173756,0.01,0.01,0.01,0.7268747,0.83596885,0.936581,0.99,0.17659774,0.38425064,0.88194764,0.95142835,0.60182905,0.99,0.99,0.82456636,0.99,0.18462405,0.7663894,0.33484828,0.9896108,0.01,0.01,0.64992285,0.01,0.01,0.99,0.99,0.25819838,0.01,0.54072285,0.90189743,0.6120384,0.36427462,0.34402546,0.27407157,0.01,0.209268,0.7133599,0.8305652,0.99,0.01,0.01,0.54009324,0.029341698,0.53812826,0.01,0.978642,0.09916121,0.99,0.99,0.30922973,0.99,0.6489463,0.8229561,0.31895453,0.99,0.7580236,0.01,0.05087159,0.83144504,0.43582457,0.6243338,0.44957492,0.01,0.050318748,0.09840983,0.40804687,0.45375016,0.6893612,0.5166812,0.2248574,0.5778667,0.01,0.5263668,0.710329,0.85317135,0.99,0.6014283,0.36472926,0.5898682,0.99,0.45901966,0.12852274,0.5993189,0.6276664,0.044591993,0.01,0.763994,0.99,0.99,0.03857875,0.99,0.06907219,0.92100984,0.04529053,0.01,0.047791064,0.28154483,0.7375081,0.2361346,0.119624004
SIM-0036-NT,0.99,0.47378105,0.6579978,0.99,0.73537654,0.1458,0.82015467,0.99,0.3462786,0.27213907,0.9112827,0.99,0.37633607,0.39770988,0.8515866,0.04229355,0.99,0.9220539,0.99,0.99,0.01,0.01,0.01,0.01,0.50723666,0.01,0.99,0.99,0.7131648,0.560085,0.99,0.99,0.42300627,0.14361662,0.7104101,0.41037872,0.5235911,0.8357662,0.99,0.01,0.42603916,0.01,0.045161963,0.6129813,0.01,0.72682726,0.5293295,0.49105144,0.6814046,0.6177313,0.013125464,0.77329886,0.99,0.01,0.9134879,0.01,0.72985494,0.01,0.4407642,0.31129462,0.99,0.01,0.49708176,0.7843056,0.47456932,0.25901994,0.01,0.17649823,0.26419026,0.58207756,0.01,0.99,0.89813024,0.01,0.99,0.01,0.9049846,0.3776158,0.038969517,0.99,0.6404957,0.99,0.01,0.01,0.26379204,0.99,0.99,0.99,0.51764,0.44527516,0.99,0.5456497,0.8500819,0.99,0.01,0.01,0.47029024,0.62954456,0.15829003,0.6339854,0.13407752,0.01,0.01,0.99,0.01,0.99,0.84314936,0.73093385,0.22019824,0.31065857,0.016225696,0.7433411,0.33399314,0.7137611,0.40303487,0.44446614,0.7697225,0.01,0.5129892,0.01,0.01,0.025514305,0.99,0.83001655,0.99,0.91191155,0.5321704,0.8747223,0.01,0.8059023,0.9421816,0.47855872,0.99,0.57060623,0.99,0.45385048,0.99,0.94840544,0.42638564,0.032381356,0.01,0.25026494,0.49495593,0.01,0.99,0.44388732,0.5452662,0.106671154,0.42460346,0.01,0.99,0.01,0.068944514,0.99,0.9636882,0.5556817,0.3628196,0.63459754,0.8235322,0.01,0.6910841,0.57847595,0.82417226,0.01,0.32948306,0.30779073,0.28948292,0.01,0.49647456,0.6703941,0.5162064,0.4698056,0.5936192,0.871991,0.9643532,0.99,0.01,0.99,0.073886216,0.012883246,0.99,0.01,0.1464505,0.99,0.7437763,0.01,0.48613083,0.8062483,0.99,0.27043223,0.36117285,0.5699532,0.01,0.01,0.12149494,0.6873541,0.01,0.6523317,0.49742088,0.01
SIM-0037-NT,0.99,0.6425912,0.015675962,0.99,0.4777336,0.58315927,0.33628416,0.99,0.01,0.01,0.090178385,0.3753155,0.9707939,0.090560496,0.6184113,0.41164276,0.7563761,0.99,0.01,0.6753122,0.01,0.01,0.01,0.6828564,0.1612176,0.99,0.80443174,0.7622875,0.29516023,0.99,0.99,0.83604217,0.23329896,0.44213724,0.91520077,0.01,0.99,0.36852092,0.17586167,0.2704924,0.76471895,0.80101717,0.52088207,0.650813,0.01,0.99,0.38200435,0.24819377,0.01,0.66142696,0.01,0.01,0.99,0.059505522,0.99,0.8923564,0.539332,0.99,0.99,0.01,0.30129665,0.01,0.48288324,0.01,0.9266608,0.01,0.4386448,0.34426963,0.01,0.01,0.01,0.57766235,0.79331446,0.01,0.99,0.06600124,0.99,0.9627775,0.75223875,0.41300756,0.99,0.14890441,0.69065857,0.99,0.14019835,0.99,0.8965675,0.99,0.01,0.4812137,0.01,0.014748454,0.2478615,0.8319152,0.21032572,0.36142212,0.6215243,0.21844172,0.670572,0.7021118,0.11484104,0.5631484,0.02563195,0.99,0.01,0.99,0.32949623,0.10179484,0.01,0.24785882,0.100338444,0.99,0.3381593,0.01,0.99,0.01,0.914086,0.21268915,0.342331,0.7940294,0.51614046,0.01,0.01,0.01,0.99,0.17634964,0.99,0.16088921,0.01,0.58142537,0.19030063,0.5297852,0.84191203,0.18423563,0.01,0.01,0.01,0.5243719,0.6124586,0.05053252,0.01,0.72190386,0.22333819,0.33867007,0.4171976,0.512891,0.22755188,0.44499245,0.01,0.8116795,0.54725224,0.42737037,0.99,0.4329499,0.6916673,0.7448858,0.99,0.28400883,0.01,0.3604836,0.01,0.01,0.99,0.99,0.24156526,0.01,0.8418223,0.342649,0.33027244,0.01,0.38047117,0.01,0.80538464,0.99,0.8462696,0.69956267,0.6633477,0.65108263,0.99,0.01,0.99,0.051480934,0.01,0.99,0.99,0.12879053,0.99,0.65571326,0.3896281,0.20500618,0.25212622,0.99,0.43921256,0.43935063,0.01,0.7992493,0.01,0.08859226,0.01,0.8911834
SIM-0038-NT,0.01,0.01,0.01,0.26613256,0.5096353,0.9826127,0.46867585,0.6396955,0.3457409,0.01,0.99,0.3307889,0.6417425,0.99,0.3271281,0.44959638,0.5682705,0.8470361,0.36689004,0.3212121,0.01,0.99,0.5114263,0.05458331,0.24013843,0.01,0.99,0.5315031,0.8509509,0.30305758,0.32571366,0.79467964,0.99,0.99,0.084872305,0.101724856,0.90708363,0.24227133,0.01,0.01,0.99,0.01,0.4872347,0.6821521,0.25939637,0.30690774,0.8484198,0.3593484,0.52192616,0.75070715,0.01,0.99,0.46287662,0.015441179,0.99,0.01,0.7237757,0.99,0.13350615,0.4215451,0.99,0.7066482,0.99,0.01,0.2874464,0.6671711,0.99,0.22964793,0.3713324,0.99,0.19365855,0.99,0.99,0.99,0.9023769,0.7723023,0.346524,0.8546768,0.49446046,0.01,0.01,0.34713733,0.48627013,0.01,0.99,0.14115965,0.73264396,0.57328516,0.2776444,0.99,0.6331042,0.6705282,0.95800155,0.24779165,0.99,0.01,0.5400302,0.01,0.9823782,0.425305,0.15924698,0.9828108,0.01,0.88278854,0.01,0.99,0.24576229,0.57719874,0.01,0.99,0.37746906,0.6312965,0.99,0.01,0.5449644,0.3037783,0.01,0.01,0.06870383,0.01,0.03534402,0.5836765,0.71870387,0.99,0.5774778,0.68488264,0.41700843,0.5871606,0.4732865,0.99,0.81273687,0.3885295,0.99,0.49268466,0.01,0.33394384,0.49970013,0.11978418,0.311675,0.052027643,0.52495146,0.9068563,0.01,0.11809349,0.99,0.7034159,0.73735964,0.35723794,0.9527636,0.8295908,0.104533136,0.26932535,0.50426966,0.01,0.10812223,0.39557892,0.01,0.01,0.01,0.5451174,0.99,0.88100183,0.8036629,0.6641759,0.826947,0.15500772,0.3044754,0.99,0.7131635,0.01,0.84367436,0.01,0.07680783,0.99,0.99,0.60171175,0.17493615,0.7375184,0.01,0.03138864,0.01,0.11450865,0.8115554,0.75865006,0.01,0.01,0.39211026,0.99,0.5788067,0.87113124,0.01,0.01,0.43650806,0.16497715,0.23056847,0.7642036,0.74724936,0.01,0.01,0.19493516
SIM-0039-NT,0.23424283,0.31764933,0.57261914,0.33867222,0.8355309,0.7657148,0.6122143,0.99,0.01,0.01,0.61633265,0.19411409,0.01,0.6563231,0.6283256,0.09956175,0.99,0.8532711,0.01,0.01,0.55434024,0.01,0.99,0.99,0.73030925,0.5309994,0.99,0.01,0.24727696,0.99,0.99,0.01,0.01,0.7579691,0.99,0.26847404,0.7506124,0.01,0.010032281,0.4576559,0.374757,0.01,0.75582266,0.99,0.01,0.37385267,0.20539553,0.09794578,0.99,0.98369473,0.72585636,0.99,0.717457,0.99,0.99,0.01,0.9625832,0.01,0.63372886,0.99,0.99,0.062560335,0.46010363,0.5170735,0.99,0.01,0.99,0.4664793,0.01,0.01,0.01,0.794368,0.01,0.36166227,0.99,0.88720256,0.99,0.99,0.4148529,0.8555918,0.01,0.075127065,0.45480132,0.4385552,0.01,0.5010675,0.4786292,0.5663673,0.5866733,0.5792832,0.30409667,0.07179719,0.99,0.99,0.43506402,0.99,0.20980829,0.6374789,0.3318162,0.99,0.58600426,0.01,0.18152511,0.99,0.059697747,0.92819774,0.77686864,0.53678906,0.01,0.99,0.34688225,0.99,0.7756998,0.65162116,0.99,0.01,0.99,0.23552035,0.29805422,0.84152216,0.3309468,0.20423543,0.5506737,0.7553146,0.52962023,0.99,0.01,0.55793136,0.6742376,0.88154256,0.01,0.06555159,0.01,0.99,0.08513735,0.99,0.01,0.8569231,0.6223291,0.99,0.9419352,0.99,0.99,0.5870184,0.55105686,0.28176394,0.6740997,0.01,0.81028545,0.9502415,0.4249811,0.01,0.6649781,0.01,0.99,0.3666382,0.01,0.05439184,0.99,0.23249337,0.01,0.028179944,0.09497194,0.13128297,0.06437093,0.0779474,0.09487158,0.99,0.9333622,0.01,0.22235036,0.01,0.3761766,0.99,0.99,0.9375448,0.99,0.68031406,0.013084352,0.01,0.99,0.36341006,0.37047228,0.7445764,0.3111355,0.44931996,0.58274925,0.99,0.2823429,0.31961223,0.046835005,0.09441436,0.99,0.18538311,0.01,0.8466782,0.121489316,0.99,0.75783724,0.01
SIM-0040-NT,0.47099704,0.09515247,0.01,0.68317145,0.99,0.4528689,0.32159916,0.01,0.01,0.46958524,0.01,0.99,0.14306921,0.8163171,0.43741554,0.01,0.99,0.41101938,0.01,0.01,0.99,0.22916369,0.77151144,0.99,0.99,0.12458345,0.01,0.92374086,0.91401136,0.491058,0.8548523,0.5551529,0.99,0.16301095,0.99,0.19246753,0.99,0.99,0.54068637,0.5150433,0.99,0.6652349,0.7668208,0.8616183,0.6922116,0.20398623,0.99,0.01,0.8519549,0.5220563,0.01,0.99,0.24062222,0.99,0.09346455,0.01,0.37644196,0.73179686,0.99,0.43535602,0.99,0.01,0.62202317,0.06264919,0.83545136,0.8129039,0.01,0.99,0.056308165,0.01,0.01,0.63589275,0.3946474,0.01,0.8279266,0.01,0.99,0.30804265,0.99,0.91531116,0.86878145,0.44368273,0.01,0.01,0.99,0.5360841,0.57259655,0.54765517,0.9564244,0.56537974,0.01,0.99,0.01,0.8354737,0.16833773,0.01,0.063130975,0.01,0.99,0.01,0.8689061,0.71757585,0.50135624,0.947107,0.6051681,0.99,0.01,0.92157537,0.01,0.99,0.034273922,0.91584873,0.01,0.01,0.7959441,0.9365162,0.77482444,0.6877848,0.9094319,0.01,0.51265013,0.032623947,0.18675622,0.34739783,0.3160262,0.574678,0.30216968,0.073194,0.20380196,0.648278,0.01,0.3375761,0.18787998,0.578408,0.01,0.99,0.99,0.13690734,0.88085836,0.99,0.01,0.2954686,0.9068452,0.01,0.21205351,0.01,0.88393354,0.34314966,0.66682065,0.46268365,0.99,0.0865266,0.036096334,0.01,0.99,0.8782459,0.81696266,0.01,0.6579885,0.99,0.17333084,0.08559972,0.2278907,0.61609006,0.9507706,0.01,0.4692211,0.6370084,0.032765955,0.01,0.99,0.01,0.2168139,0.70720005,0.8561166,0.9350638,0.11617331,0.99,0.96323305,0.31482404,0.2795936,0.6510454,0.18622503,0.01,0.7415333,0.01,0.99,0.01,0.3604443,0.99,0.8948227,0.51234436,0.01,0.5879108,0.16591556,0.8259312,0.99,0.99,0.61653507,0.64705086
SIM-0041-NT,0.103366494,0.23717359,0.01,0.07634604,0.2961289,0.47916028,0.01,0.8254039,0.11877211,0.01,0.9329606,0.01,0.99,0.01,0.5658685,0.01,0.49146587,0.99,0.14294414,0.01,0.59536994,0.04821585,0.29358327,0.3916747,0.017715007,0.012815446,0.99,0.42897958,0.3247819,0.8051509,0.52323544,0.687889,0.6484046,0.6354224,0.99,0.01,0.99,0.61788094,0.01,0.01639527,0.5991778,0.01,0.84075767,0.6169436,0.4878105,0.042527914,0.44235334,0.99,0.7606894,0.44855317,0.01,0.8882424,0.99,0.01,0.7445584,0.01,0.69407266,0.76393247,0.01,0.01,0.96288645,0.18876866,0.46214157,0.01,0.8664682,0.01,0.99,0.01,0.01,0.15378241,0.8160423,0.62813866,0.8353283,0.4785874,0.99,0.01,0.03922057,0.044962704,0.99,0.7701001,0.642213,0.01,0.35184202,0.30480057,0.7435397,0.14181703,0.01,0.32414144,0.01,0.01,0.99,0.01,0.9027761,0.99,0.99,0.28221625,0.99,0.99,0.656201,0.8913985,0.8763993,0.01,0.12437264,0.57111096,0.6973375,0.01,0.99,0.8248288,0.5110748,0.01,0.01,0.99,0.5711178,0.01,0.9632866,0.55833024,0.7724284,0.3480249,0.99,0.01,0.4773202,0.38996926,0.27722052,0.2528242,0.41699386,0.62382996,0.28308833,0.79356146,0.01,0.99,0.063298464,0.5888883,0.91632843,0.5622372,0.3188543,0.19348285,0.29408184,0.7714935,0.595791,0.99,0.12567642,0.53291357,0.01,0.7668985,0.8774194,0.87706685,0.99,0.99,0.99,0.99,0.884953,0.01,0.19000101,0.01,0.99,0.10383353,0.01,0.16097595,0.15175486,0.33472672,0.01,0.01,0.33780366,0.01,0.99,0.134886,0.99,0.9641968,0.3918444,0.01,0.99,0.41636539,0.99,0.99,0.6976701,0.8623947,0.5598382,0.99,0.99,0.32928568,0.01,0.01,0.01,0.22418246,0.9831687,0.99,0.99,0.99,0.19107917,0.013597906,0.38899308,0.01,0.01,0.16108468,0.24739128,0.7719928,0.10220489,0.7599355,0.01,0.24976367
SIM-0042-NT,0.01,0.99,0.52852273,0.99,0.13129908,0.58093464,0.8658416,0.01,0.77983534,0.01,0.2756173,0.99,0.91233814,0.01,0.54796755,0.9836251,0.4103057,0.53008586,0.122486755,0.67637306,0.01,0.5391444,0.01,0.84323347,0.3378876,0.7065393,0.67322844,0.99,0.99,0.32657984,0.99,0.5607907,0.9742469,0.99,0.34038138,0.01,0.79289764,0.3065082,0.99,0.188445,0.66900074,0.20582439,0.99,0.26303908,0.01,0.99,0.49411076,0.7464132,0.99,0.99,0.01,0.5731602,0.01,0.01,0.8005928,0.01,0.32883334,0.6577586,0.99,0.14434466,0.25121695,0.75941193,0.01,0.95410335,0.58984756,0.31012842,0.99,0.01,0.01,0.01,0.07134239,0.99,0.29715475,0.01,0.31160963,0.2618521,0.9867889,0.4886928,0.7282048,0.99,0.78796846,0.29261607,0.99,0.01,0.12192044,0.46130943,0.34005418,0.01,0.29316747,0.7961675,0.16150391,0.44034243,0.7969782,0.22608787,0.73355484,0.4228563,0.01,0.86543846,0.18941838,0.098543584,0.33947992,0.4407262,0.6356622,0.99,0.206997,0.7815454,0.45079148,0.64506006,0.25033253,0.6043652,0.16746515,0.01,0.99,0.7681653,0.01,0.6153313,0.4801683,0.01,0.01,0.01,0.01,0.01,0.99,0.6278856,0.99,0.7205726,0.7190816,0.01,0.19008861,0.5298049,0.66367894,0.104106076,0.61038375,0.63707006,0.12904547,0.35512084,0.21812099,0.99,0.467143,0.7863952,0.27469376,0.99,0.01,0.5966195,0.01,0.5838766,0.4369181,0.01,0.9779422,0.94893664,0.38729575,0.4639373,0.8206519,0.9406706,0.6127424,0.99,0.17396024,0.80551463,0.65602374,0.01,0.01,0.35039628,0.01,0.99,0.25854775,0.01,0.99,0.99,0.76333195,0.7522327,0.5405643,0.16267547,0.99,0.99,0.99,0.99,0.7780355,0.04714483,0.64449906,0.99,0.9728805,0.076787286,0.99,0.7047216,0.6087909,0.41999123,0.99,0.99,0.99,0.99,0.6667118,0.39103228,0.99,0.34827846,0.01,0.24994007,0.02723369,0.24637204,0.01,0.7592944
SIM-0043-NT,0.41953236,0.99,0.01,0.53447735,0.7915345,0.89905334,0.99,0.57583034,0.6924961,0.01,0.6058328,0.01,0.6582086,0.99,0.99,0.01,0.59507704,0.99,0.6605754,0.52931917,0.01,0.8251137,0.90635693,0.9307719,0.5646122,0.6581861,0.99,0.66767156,0.7533247,0.9150013,0.4779407,0.40121233,0.01,0.935624,0.99,0.7049692,0.99,0.58315796,0.27037543,0.99,0.99,0.8530203,0.12709615,0.4208416,0.17000307,0.01,0.01,0.5758605,0.99,0.8481482,0.36534336,0.16577184,0.5633338,0.18039252,0.79377025,0.01,0.43538818,0.41430855,0.99,0.30328774,0.99,0.061984036,0.2931569,0.46395546,0.6328089,0.01,0.083617866,0.32605666,0.5470238,0.73468095,0.01,0.01,0.99,0.3254916,0.10600364,0.01,0.25906575,0.61076343,0.14186126,0.99,0.36410028,0.13832201,0.99,0.25866958,0.4458656,0.64968663,0.9385167,0.99,0.01,0.4821204,0.01,0.17528543,0.99,0.99,0.5493536,0.7658664,0.68728286,0.01,0.99,0.5894632,0.01,0.01,0.8106693,0.09232199,0.99,0.7677885,0.96607375,0.42952734,0.47778663,0.99,0.32180902,0.029694378,0.8390849,0.01,0.99,0.3172487,0.7387805,0.01,0.01,0.01,0.5441148,0.01,0.99,0.31066626,0.08079231,0.51427835,0.01,0.01,0.77959263,0.82726526,0.61170495,0.76722443,0.678056,0.01,0.6347961,0.01,0.31359822,0.6387427,0.5447687,0.01,0.01,0.71869147,0.23397216,0.99,0.99,0.01,0.54006875,0.99,0.7420134,0.63335603,0.9330168,0.3791192,0.99,0.054187298,0.5326119,0.8903916,0.24295723,0.21185035,0.01,0.01,0.7565079,0.01,0.58872956,0.4851096,0.59429646,0.7906236,0.5918167,0.65016496,0.29224107,0.26315278,0.96415114,0.01,0.82595813,0.90079236,0.99,0.99,0.09293902,0.037796795,0.7612246,0.58635676,0.99,0.01,0.01,0.01,0.01,0.024744391,0.710751,0.99,0.01,0.93895644,0.52928936,0.32471007,0.18197855,0.9317504,0.67863464,0.64771366,0.99,0.85551584,0.91681784,0.22317271
SIM-0044-NT,0.99,0.088656574,0.083275944,0.99,0.19645983,0.27566975,0.01,0.42205745,0.01,0.01,0.3201091,0.89680827,0.01,0.32462388,0.99,0.99,0.99,0.01,0.9111315,0.99,0.01,0.7674396,0.330835,0.68533313,0.50341463,0.6282861,0.99,0.99,0.095448315,0.3999051,0.53027844,0.99,0.01,0.36879045,0.097010374,0.01,0.99,0.34371635,0.01,0.4913869,0.99,0.01,0.729923,0.99,0.3115759,0.99,0.12394589,0.99,0.99,0.7087689,0.01,0.39676273,0.01,0.6242017,0.99,0.22474435,0.83792686,0.99,0.7689991,0.01,0.89124084,0.99,0.6037459,0.019458398,0.6991781,0.49025273,0.61796755,0.37024298,0.12326918,0.8638889,0.5368146,0.37997574,0.99,0.29512897,0.9518212,0.27259746,0.01,0.01,0.8309974,0.23206598,0.01,0.01,0.7237469,0.37885177,0.8895054,0.92269826,0.14459345,0.99,0.51704025,0.62895525,0.2838533,0.71283996,0.2931991,0.99,0.8717819,0.1447292,0.99,0.01,0.57722414,0.32653722,0.41754782,0.76458335,0.01,0.99,0.13547036,0.9076065,0.6104698,0.5810088,0.01,0.99,0.01,0.01,0.098822,0.99,0.99,0.01,0.91354704,0.01,0.46572104,0.01,0.65266645,0.59979093,0.8335533,0.29470268,0.4931256,0.01,0.01,0.90129316,0.4577353,0.62281245,0.9846896,0.01,0.79479396,0.01,0.99,0.8302034,0.99,0.31077835,0.99,0.99,0.56816083,0.99,0.38837212,0.01,0.99,0.01,0.99,0.99,0.9267337,0.9264937,0.99,0.6535021,0.5376655,0.01,0.99,0.67853284,0.99,0.10969173,0.9246126,0.3072061,0.6498673,0.01,0.19978793,0.76494443,0.5277723,0.50684065,0.8100967,0.986174,0.97337747,0.10921252,0.01,0.06256808,0.01,0.01,0.8430308,0.81719923,0.85914993,0.08047682,0.7085881,0.974319,0.3253873,0.37669298,0.99,0.01,0.36732823,0.8141704,0.59368706,0.99,0.86188644,0.99,0.99,0.99,0.6085965,0.01,0.01,0.99,0.94636804,0.3201608,0.99,0.0677575
SIM-0045-NT,0.7889329,0.6899297,0.01,0.6558928,0.99,0.032589108,0.8922536,0.2677977,0.01,0.01,0.6407027,0.19059682,0.99,0.45379707,0.7009848,0.5726006,0.010255039,0.81185037,0.49137682,0.9613621,0.01,0.01,0.5480007,0.99,0.15407196,0.01,0.5253845,0.035732985,0.99,0.18432379,0.969948,0.5073959,0.99,0.01,0.01,0.84111917,0.42066643,0.01,0.09618814,0.69177926,0.5698698,0.34384924,0.6297045,0.9003953,0.99,0.45974833,0.4320612,0.7429477,0.99,0.27360612,0.14241385,0.99,0.509946,0.057539016,0.07378799,0.01,0.71224445,0.6961907,0.07239294,0.86128867,0.29427665,0.57946485,0.5019975,0.99,0.99,0.01,0.99,0.99,0.01,0.42390832,0.57148373,0.47832608,0.01,0.14286332,0.48899245,0.9106735,0.6964754,0.63608074,0.4244305,0.8213704,0.7988183,0.01,0.39343598,0.01,0.01,0.99,0.8906015,0.88077444,0.01,0.65166676,0.66407454,0.01,0.99,0.14674002,0.6733162,0.15647899,0.99,0.01,0.40241146,0.01,0.01,0.30108577,0.01,0.66256547,0.77224374,0.67582506,0.64672947,0.01,0.16608141,0.87116235,0.2592091,0.6388146,0.505258,0.39136785,0.3325901,0.70598197,0.01,0.502201,0.99,0.74609154,0.46195805,0.44733152,0.27987805,0.01,0.46187437,0.8951411,0.6243062,0.82138777,0.8839387,0.4914164,0.44955847,0.01,0.99,0.27238166,0.60632056,0.35070273,0.33374488,0.5431008,0.01,0.01,0.9328163,0.99,0.081388086,0.67108977,0.99,0.04201573,0.71611536,0.99,0.08994615,0.99,0.6850999,0.99,0.99,0.14612009,0.62231135,0.99,0.01526013,0.45072037,0.6544043,0.6850853,0.88982415,0.35597014,0.035014972,0.13581066,0.01,0.16202573,0.80193686,0.37717247,0.01,0.32603306,0.7469838,0.39306068,0.01,0.99,0.8070803,0.99,0.01,0.99,0.99,0.46831268,0.8145479,0.5005284,0.01,0.27693832,0.32311332,0.99,0.17099029,0.99,0.44816235,0.7540373,0.99,0.99,0.6700194,0.99,0.01,0.43953001,0.01,0.21766749,0.50315577,0.35081404
SIM-0046-NT,0.99,0.99,0.44985324,0.37129653,0.99,0.99,0.8002988,0.99,0.4703632,0.01,0.01,0.6008397,0.3344289,0.85792905,0.5713727,0.01,0.01,0.99,0.01,0.2752914,0.07256466,0.01,0.01,0.99,0.33074808,0.724038,0.99,0.70067656,0.99,0.7313958,0.99,0.81279576,0.99,0.20494932,0.99,0.01,0.99,0.29799572,0.01,0.01,0.63074124,0.01,0.99,0.99,0.07896167,0.01,0.01,0.01,0.16914523,0.89934194,0.115997225,0.9062908,0.3288991,0.40314293,0.059314013,0.14098568,0.99,0.44983143,0.8419219,0.01,0.01,0.28682896,0.81617194,0.09530052,0.99,0.01,0.4885187,0.6950611,0.3611176,0.01,0.01,0.8948716,0.8078058,0.11853175,0.99,0.07761163,0.6709,0.75394785,0.30715784,0.19712487,0.5075331,0.14815652,0.01,0.6723113,0.5128454,0.16360569,0.99,0.801801,0.01,0.99,0.93186724,0.01,0.5064337,0.6553704,0.01,0.30594403,0.99,0.46232486,0.82369345,0.99,0.01,0.99,0.01,0.55351794,0.17924064,0.40319142,0.5127647,0.4422081,0.2809242,0.447471,0.42437628,0.017200112,0.99,0.9794216,0.8495821,0.01,0.66224885,0.01,0.4966051,0.11946639,0.99,0.01,0.01,0.123532355,0.01,0.24435583,0.01,0.01,0.01,0.99,0.329368,0.66657424,0.4549608,0.94360113,0.12940176,0.99,0.7881017,0.27169117,0.9279336,0.63549566,0.25171748,0.7779564,0.91494036,0.01,0.42533976,0.72986126,0.634305,0.12617403,0.01,0.99,0.4093653,0.99,0.99,0.01,0.01,0.2642386,0.17406419,0.3829773,0.21815526,0.23345762,0.4133101,0.86028063,0.08499205,0.5724944,0.83837247,0.5495396,0.3517835,0.01,0.27937776,0.10740721,0.01,0.01,0.10458502,0.8093047,0.94408554,0.01,0.01,0.99,0.56952107,0.4090565,0.01,0.106380284,0.07941064,0.21080458,0.01,0.01,0.99,0.7165711,0.9395853,0.6730569,0.7361993,0.01,0.99,0.60059416,0.01,0.5072092,0.9849767,0.01,0.3757895,0.51354206
SIM-0047-NT,0.1830712,0.5500853,0.7692604,0.0955655,0.99,0.64239264,0.50318795,0.8974532,0.54938304,0.99,0.47514042,0.99,0.53165007,0.99,0.01,0.01,0.8952096,0.99,0.01,0.3896358,0.2613071,0.59816843,0.43259448,0.01,0.01,0.01,0.99,0.7297176,0.53854966,0.7965148,0.01,0.99,0.99,0.99,0.99,0.70290446,0.7961901,0.5171766,0.8416796,0.58387405,0.2743682,0.99,0.01,0.01,0.8326754,0.10121527,0.67139965,0.99,0.14733028,0.70457757,0.9301753,0.99,0.7134496,0.99,0.7218585,0.38357288,0.99,0.99,0.99,0.01,0.99,0.20799565,0.01,0.32538962,0.8165375,0.99,0.99,0.23461285,0.01,0.080645144,0.01,0.2270622,0.6190897,0.079899594,0.99,0.01,0.01,0.01,0.70877767,0.365095,0.15204835,0.99,0.67580074,0.17072536,0.6202734,0.56358,0.01,0.99,0.64983547,0.01,0.36764944,0.4850231,0.50705814,0.99,0.99,0.01,0.4816376,0.01,0.50165033,0.20728236,0.49193084,0.99,0.99,0.99,0.01,0.01,0.99,0.99,0.4929715,0.70402944,0.99,0.93921065,0.99,0.01,0.99,0.99,0.7704064,0.8973499,0.49752143,0.2484116,0.9085395,0.01,0.01,0.20321557,0.6005133,0.01,0.7949782,0.34490305,0.7009474,0.01,0.78239423,0.79729533,0.65399396,0.49431562,0.713076,0.99,0.81408083,0.9604223,0.99,0.99,0.01,0.99,0.47745487,0.46177605,0.6542502,0.8729598,0.99,0.7015753,0.99,0.9191399,0.99,0.6154366,0.49368453,0.99,0.47596347,0.16790879,0.01,0.79128104,0.99,0.33101925,0.01,0.36391464,0.08708589,0.01,0.44970822,0.3646141,0.4591543,0.9311054,0.01,0.99,0.38496655,0.6308625,0.486278,0.99,0.33037943,0.33740443,0.01,0.6628058,0.99,0.6269008,0.1625407,0.1522491,0.22692922,0.3446381,0.22329278,0.61458147,0.40908024,0.7183609,0.99,0.99,0.99,0.9312016,0.01,0.5582071,0.01,0.10490465,0.052426517,0.32507735,0.07327804,0.01
SIM-0048-NT,0.55112374,0.99,0.01,0.99,0.73020864,0.27478313,0.01,0.99,0.01,0.6076298,0.99,0.01,0.99,0.73217684,0.01,0.01,0.9078065,0.91061735,0.01,0.40720615,0.76333,0.7253771,0.011808723,0.99,0.9865409,0.83288383,0.99,0.5991478,0.80165315,0.860298,0.10161129,0.9571351,0.12410295,0.422053,0.8428343,0.42962262,0.99,0.99,0.2364134,0.21161348,0.57635874,0.01,0.7234211,0.22682011,0.24857238,0.99,0.54377735,0.01,0.6648612,0.01,0.15904069,0.99,0.21005857,0.01,0.44288725,0.6457938,0.99,0.85665387,0.01,0.16124015,0.99,0.01,0.3628987,0.3346973,0.01,0.75753677,0.99,0.01,0.01,0.01,0.51550096,0.20918414,0.941861,0.19995478,0.81511295,0.3937533,0.8769381,0.8327504,0.8812269,0.7669827,0.6655507,0.01,0.99,0.01,0.99,0.3535859,0.99,0.99,0.05541715,0.3540008,0.039818376,0.30692318,0.82885945,0.86416525,0.3792426,0.99,0.49282777,0.01,0.99,0.99,0.944747,0.99,0.41996258,0.7398946,0.01,0.25833905,0.7134076,0.01,0.01,0.8897335,0.7294537,0.4391747,0.99,0.92767805,0.99,0.99,0.99,0.7890631,0.24940988,0.22629197,0.99,0.01,0.99,0.35736054,0.70235306,0.20385948,0.01,0.28760847,0.92560863,0.2196647,0.99,0.01,0.01,0.60612464,0.62001026,0.6520103,0.62809426,0.99,0.66581607,0.38674307,0.01,0.99,0.3264765,0.28108305,0.99,0.99,0.63585734,0.6208654,0.8062961,0.6090766,0.32498264,0.34097546,0.99,0.30747527,0.99,0.43717474,0.01,0.7965848,0.7843696,0.0812372,0.34126946,0.99,0.39143443,0.97585666,0.57684183,0.6564482,0.88058114,0.99,0.88113236,0.01,0.6166511,0.674337,0.95017815,0.99,0.9487355,0.99,0.02016592,0.01,0.52551967,0.99,0.06960732,0.01,0.01,0.8880428,0.01,0.50724065,0.60500014,0.5060073,0.04541439,0.8744012,0.51517844,0.2107903,0.6592997,0.72038877,0.6311996,0.78662837,0.01,0.7083252,0.5486402,0.1539617
SIM-0049-NT,0.41399285,0.99,0.01,0.9579759,0.99,0.32308996,0.4954164,0.6442557,0.19589803,0.64342916,0.07106323,0.99,0.20851783,0.99,0.9089476,0.42114678,0.99,0.01,0.5290172,0.033163637,0.133558,0.01,0.01,0.022611916,0.6447153,0.3737209,0.53345287,0.9219818,0.99,0.59082294,0.99,0.9100819,0.99,0.4667307,0.9858053,0.01,0.61518776,0.3176795,0.99,0.22436777,0.5318602,0.01,0.73031604,0.3102069,0.7955601,0.01,0.39303967,0.01,0.589497,0.5814288,0.01,0.6475196,0.99,0.99,0.93917084,0.01,0.93132246,0.45541322,0.99,0.3162832,0.02872926,0.6721673,0.77608275,0.9619319,0.46319386,0.40905026,0.23612225,0.59939283,0.32742286,0.01,0.31249633,0.6687402,0.5162672,0.989578,0.6623057,0.21220991,0.01,0.99,0.47923985,0.99,0.11481106,0.3474695,0.01,0.507873,0.41622347,0.89582723,0.3039282,0.30625534,0.01,0.78370285,0.5427185,0.4685288,0.19954336,0.99,0.75564194,0.01,0.8051573,0.26187408,0.7196499,0.5212683,0.7309379,0.99,0.01,0.99,0.4768133,0.84561,0.99,0.01,0.6234989,0.99,0.01,0.01,0.99,0.01,0.99,0.7303054,0.7049817,0.7055438,0.34682518,0.4267344,0.01,0.03298822,0.36153656,0.01,0.87731016,0.01,0.6108565,0.65546244,0.01,0.01,0.14954786,0.4486865,0.6075696,0.01,0.33331484,0.68894476,0.6624026,0.16830605,0.69621015,0.99,0.6214522,0.93568575,0.99,0.5290301,0.17985547,0.01,0.598205,0.01,0.65363085,0.99,0.99,0.01,0.78943515,0.3174425,0.78865874,0.56609607,0.17685188,0.8537518,0.99,0.99,0.31920305,0.16195929,0.01,0.09139559,0.99,0.5460088,0.99,0.4530046,0.068271816,0.99,0.16467583,0.9040004,0.5942235,0.5004438,0.30412883,0.3732242,0.557585,0.19531807,0.99,0.3063431,0.96293414,0.41843766,0.99,0.3010855,0.28404218,0.01,0.82061756,0.99,0.6545114,0.99,0.99,0.01,0.68647885,0.01,0.01,0.09575957,0.45507866,0.44519997,0.8230932,0.19520707
SIM-0050-NT,0.056684494,0.99,0.01,0.7303715,0.84819955,0.4885788,0.82972074,0.9003341,0.44561684,0.01,0.01,0.60311395,0.01,0.35519472,0.99,0.99,0.99,0.99,0.3464035,0.89907557,0.5293615,0.99,0.01,0.99,0.01,0.74583024,0.01,0.01,0.20760012,0.8503072,0.66075826,0.99,0.84366,0.99,0.94139075,0.5392319,0.8522587,0.99,0.01,0.01,0.85757864,0.01,0.99,0.48626006,0.01,0.99,0.4446263,0.23648898,0.99,0.99,0.75803405,0.23114097,0.99,0.18053372,0.309003,0.20919205,0.01,0.99,0.47476205,0.01,0.7487874,0.039441228,0.8630034,0.01,0.5303112,0.15028504,0.29593104,0.704672,0.01,0.01,0.40444005,0.99,0.7653958,0.23919952,0.71728927,0.01,0.99,0.88926125,0.01,0.99,0.99,0.43292153,0.01,0.19846478,0.9503388,0.8859002,0.7065851,0.99,0.29382452,0.99,0.3353116,0.35769904,0.99,0.68487036,0.04061383,0.14550094,0.8882345,0.5965617,0.99,0.6333385,0.15281725,0.01,0.3717646,0.063459754,0.47822815,0.99,0.01,0.6363483,0.40502208,0.99,0.01,0.8202071,0.39256746,0.01,0.99,0.5510586,0.023400992,0.15132877,0.18932876,0.01,0.58849055,0.7224196,0.1774589,0.4282598,0.646139,0.72989917,0.01,0.6712488,0.01,0.9113326,0.01,0.01,0.42070076,0.45405352,0.33234763,0.11159849,0.6540264,0.8100976,0.99,0.7144628,0.053275228,0.056414664,0.01,0.60662365,0.99,0.01,0.63782316,0.6022552,0.99,0.99,0.01,0.99,0.8659948,0.085882574,0.5181744,0.511187,0.01,0.01,0.41969573,0.01,0.99,0.39525643,0.99,0.53665286,0.9886081,0.01,0.65263426,0.8215841,0.07918495,0.01,0.7907462,0.41561794,0.01,0.99,0.99,0.4225455,0.01,0.87086666,0.01,0.4113156,0.99,0.01,0.6786835,0.79228187,0.01,0.49296993,0.99,0.30299783,0.19116339,0.7843093,0.99,0.01,0.43755114,0.081611276,0.17631824,0.99,0.49997163,0.29673195,0.20416003,0.01
SIM-0051-NT,0.06074837,0.99,0.99,0.01,0.99,0.9231893,0.01,0.6091114,0.01,0.99,0.99,0.16570222,0.01,0.99,0.9089589,0.988907,0.28915596,0.99,0.01,0.70293534,0.33299232,0.99,0.44192356,0.69190484,0.5192899,0.35639662,0.10653037,0.99,0.99,0.63608944,0.833436,0.99,0.99,0.52051246,0.8169771,0.01,0.99,0.99,0.82239044,0.92112654,0.82505035,0.01,0.62330914,0.44448858,0.59887695,0.084905386,0.71325934,0.99,0.99,0.8892646,0.6449842,0.99,0.749718,0.5876378,0.99,0.51978004,0.01,0.27473852,0.99,0.01,0.99,0.99,0.01,0.01,0.54082316,0.04910475,0.99,0.107348025,0.50014526,0.79826283,0.5509366,0.8029678,0.66007984,0.99,0.6568992,0.6199277,0.6614035,0.01,0.58286536,0.5803547,0.6986866,0.01,0.57431084,0.56848365,0.35071534,0.5390427,0.078665316,0.90808606,0.9131301,0.99,0.01,0.99,0.48683804,0.376194,0.01,0.01,0.75992215,0.01,0.4913126,0.24396509,0.01,0.01,0.7545234,0.99,0.99,0.99,0.36298865,0.22402379,0.59417415,0.7336405,0.54703236,0.99,0.768235,0.99,0.28903812,0.44246238,0.6635505,0.01,0.8801627,0.960779,0.99,0.5281054,0.01,0.6808175,0.95976985,0.49011028,0.53700835,0.18531331,0.207255,0.99,0.99,0.01,0.17905885,0.01,0.99,0.99,0.01,0.62933433,0.47662926,0.24397698,0.87110996,0.99,0.67404133,0.12430832,0.28418598,0.41048926,0.28162318,0.6864538,0.99,0.07008153,0.123814166,0.4993736,0.99,0.7742274,0.76811385,0.69646764,0.14193344,0.6962592,0.99,0.7838545,0.01,0.01,0.37568122,0.5978703,0.99,0.01,0.7452011,0.74627745,0.5167286,0.99,0.99,0.01,0.99,0.99,0.99,0.01,0.27295974,0.88449603,0.99,0.01,0.22815862,0.6575903,0.99,0.7353344,0.8052572,0.46036613,0.99,0.96386755,0.7847498,0.16036648,0.99,0.01,0.81910455,0.19456667,0.3490336,0.22786582,0.19521913,0.659447,0.5977042,0.7916369
SIM-0052-NT,0.01,0.01,0.030452281,0.1783346,0.99,0.99,0.08136642,0.99,0.8360362,0.01,0.01,0.01,0.3915958,0.7281632,0.64475507,0.01,0.10507375,0.84010315,0.62753916,0.01,0.01,0.73729587,0.01,0.8415524,0.01,0.8223968,0.01,0.39016497,0.99,0.99,0.25143945,0.051746517,0.77285695,0.029532611,0.810952,0.15334488,0.57145226,0.99,0.01,0.01,0.3862174,0.17184097,0.41009024,0.6847386,0.01,0.01,0.20967822,0.057943255,0.99,0.8569932,0.01,0.99,0.99,0.01,0.01,0.01,0.99,0.99,0.01,0.50167465,0.99,0.8207205,0.7678595,0.89035875,0.9655973,0.48602432,0.6598683,0.99,0.01,0.035005152,0.41126812,0.99,0.50221634,0.7741328,0.68093777,0.639315,0.340095,0.99,0.67001784,0.06594604,0.69373536,0.7929766,0.01,0.01,0.7029961,0.01,0.99,0.99,0.7433106,0.68208086,0.99,0.9893307,0.40156433,0.99,0.13339815,0.04508379,0.01,0.20684232,0.6600623,0.44156265,0.1556752,0.01,0.26766366,0.99,0.01,0.99,0.71674776,0.74499375,0.20074978,0.4981195,0.56350595,0.8218334,0.25958607,0.01,0.8951295,0.59611166,0.99,0.99,0.66503036,0.06376769,0.20619844,0.01,0.01,0.41569975,0.45547062,0.6537079,0.01,0.01,0.6618997,0.15397263,0.0155417025,0.17636573,0.01,0.99,0.01,0.55872834,0.17832503,0.7396955,0.3696266,0.61012053,0.9636118,0.38622254,0.19143033,0.28718412,0.99,0.34365454,0.99,0.6009088,0.99,0.99,0.7801895,0.01,0.01,0.8866613,0.99,0.99,0.01,0.40054703,0.26168406,0.01,0.073366076,0.5584816,0.01,0.36794278,0.99,0.6757329,0.99,0.99,0.32699242,0.01,0.8501781,0.01,0.45149985,0.3289047,0.8757325,0.1908288,0.14848745,0.31215554,0.2660461,0.36659485,0.01,0.01,0.66910243,0.5938101,0.01,0.7196772,0.44945472,0.60145974,0.1530829,0.99,0.99,0.31113213,0.691797,0.01,0.01,0.93175757,0.44496897,0.99,0.01,0.71633285
SIM-0053-NT,0.96094656,0.5441986,0.68030715,0.5660385,0.01,0.66831434,0.793889,0.99,0.22733504,0.6788834,0.01,0.99,0.01,0.66553754,0.977422,0.10943368,0.99,0.538633,0.37549445,0.30078933,0.06314403,0.99,0.01,0.01,0.048505098,0.4723038,0.495322,0.99,0.99,0.56504565,0.01,0.01,0.87320405,0.01,0.6770616,0.90543425,0.9518435,0.6324931,0.01,0.66147524,0.51961505,0.22916052,0.82700324,0.99,0.40073255,0.72279996,0.19786099,0.90782654,0.39119163,0.62130105,0.80677956,0.6567965,0.13296723,0.12175162,0.99,0.01,0.95048034,0.31554604,0.53628296,0.01,0.99,0.15010363,0.7979298,0.8564833,0.7363628,0.07881445,0.99,0.91010875,0.01,0.22237578,0.014546528,0.37456593,0.39571294,0.01,0.99,0.01,0.99,0.90774965,0.1513294,0.7538806,0.17642438,0.43569386,0.157539,0.62752986,0.99,0.01,0.37343666,0.17617488,0.99,0.46754068,0.01,0.99,0.30488732,0.073233545,0.010035276,0.21519585,0.6159209,0.01,0.56479263,0.69420314,0.90045863,0.34001628,0.01,0.76980925,0.8517035,0.99,0.05682236,0.99,0.059715047,0.044706166,0.01,0.99,0.99,0.3348453,0.7464032,0.01,0.8877027,0.4090373,0.01,0.2977444,0.01,0.6012088,0.01,0.6108571,0.26227382,0.01,0.92752934,0.95249367,0.013211131,0.7078575,0.5727217,0.3640926,0.99,0.6877052,0.10164574,0.77192444,0.33764356,0.12882471,0.99,0.8890267,0.01,0.38811305,0.918136,0.01,0.22434339,0.99,0.34464943,0.99,0.99,0.38259703,0.63608897,0.99,0.96965873,0.99,0.45146006,0.99,0.20102237,0.01,0.99,0.0887251,0.28220475,0.60990036,0.01,0.01,0.99,0.60751146,0.94035256,0.9231737,0.5989803,0.7017895,0.01,0.01,0.35472095,0.9646382,0.01,0.08898711,0.340439,0.99,0.45480514,0.0768283,0.87704515,0.01,0.70769536,0.4094078,0.01,0.9430236,0.99,0.41356665,0.7426273,0.6079211,0.99,0.01,0.8945176,0.99,0.01,0.73811424,0.99,0.01,0.01,0.5756103
SIM-0054-NT,0.47759986,0.01,0.35799563,0.99,0.99,0.17517936,0.12302393,0.615983,0.99,0.6147297,0.90220976,0.99,0.01,0.24503323,0.28889856,0.10592288,0.47953972,0.4290433,0.6366731,0.4592518,0.96144104,0.35200846,0.01,0.94313294,0.01,0.01,0.99,0.99,0.8849767,0.5285884,0.01,0.9845501,0.99,0.81979495,0.8585438,0.01,0.22378546,0.7360112,0.01,0.3586259,0.99,0.08580346,0.01,0.49259037,0.01,0.39722863,0.01,0.5583577,0.68672025,0.48717898,0.26328006,0.8592993,0.736005,0.2150334,0.75936013,0.35672367,0.99,0.99,0.34675524,0.2914155,0.99,0.102722794,0.2915726,0.01,0.3648091,0.20538032,0.99,0.9495969,0.29206717,0.5063929,0.01,0.8291985,0.7478619,0.35329002,0.5983677,0.01,0.13319457,0.99,0.9666126,0.5937115,0.7629774,0.01,0.51295656,0.23025173,0.3208179,0.99,0.92651916,0.012970388,0.24874562,0.2085787,0.32419398,0.01,0.76649576,0.99,0.53383917,0.01,0.99,0.7118607,0.54178584,0.53715074,0.01,0.41007712,0.01,0.99,0.97981954,0.6921329,0.07689983,0.99,0.21718894,0.90343225,0.01,0.65894073,0.55836445,0.01,0.99,0.99,0.99,0.8576441,0.99,0.01,0.01,0.11526337,0.49269086,0.29601067,0.07879388,0.61053145,0.38225886,0.84768844,0.29637292,0.01,0.54636675,0.91974056,0.44918367,0.9727855,0.027912468,0.8408409,0.18032295,0.5383522,0.49904498,0.8602915,0.01,0.01,0.7743716,0.6613972,0.65705323,0.85497004,0.40887216,0.83003926,0.63416296,0.7075399,0.6730145,0.99,0.99,0.6258652,0.99,0.01,0.3522743,0.61288416,0.8158079,0.12286632,0.01,0.15059882,0.01,0.8508681,0.99,0.99,0.33674154,0.45103222,0.022961676,0.01,0.07946324,0.01,0.8291743,0.50782573,0.99,0.99,0.49131745,0.99,0.01,0.13118005,0.70741916,0.22019914,0.98186237,0.020648003,0.01,0.19023396,0.50973386,0.36999327,0.30650032,0.6484926,0.99,0.01,0.86618876,0.99,0.01,0.8342107,0.7349914,0.6809639,0.26161,0.01
SIM-0055-NT,0.8891727,0.28555918,0.5324309,0.7990479,0.99,0.99,0.21078223,0.8712764,0.01,0.93440384,0.19209193,0.47645187,0.46099967,0.7708389,0.27106538,0.9608953,0.99,0.99,0.01,0.02429673,0.29477662,0.62606823,0.4690746,0.46005967,0.78420377,0.01,0.352939,0.6212561,0.26317537,0.24247694,0.99,0.99,0.99,0.89949465,0.99,0.11730405,0.60520566,0.99,0.8785259,0.96393317,0.22897017,0.30565417,0.078379065,0.59806967,0.99,0.01,0.99,0.61630905,0.60169715,0.7591433,0.01,0.62417066,0.84000796,0.16266626,0.30303344,0.07443039,0.24197638,0.01,0.01,0.99,0.99,0.42112812,0.29829293,0.46755856,0.99,0.4624731,0.99,0.60642254,0.42838645,0.45635042,0.01,0.60611063,0.01,0.22590494,0.6399683,0.01,0.5370141,0.99,0.2747712,0.99,0.99,0.01,0.5850338,0.6973654,0.68818355,0.19324732,0.99,0.99,0.01,0.79225445,0.14427444,0.3198206,0.071065485,0.9113271,0.17360851,0.01,0.7867692,0.01,0.6621057,0.99,0.01,0.01,0.01,0.47259006,0.53141063,0.99,0.20604312,0.86283666,0.26871186,0.16551822,0.4283543,0.99,0.01,0.99,0.5472164,0.01,0.575894,0.83877105,0.33911827,0.35117364,0.99,0.4252874,0.99,0.99,0.61455774,0.7534719,0.26973137,0.55181545,0.5548817,0.36857,0.01,0.78948724,0.9214612,0.01,0.36596984,0.99,0.99,0.31461662,0.99,0.6294951,0.5473099,0.27019984,0.01,0.056470305,0.86909854,0.28580973,0.83528686,0.99,0.643862,0.6223713,0.01,0.01,0.06993157,0.6298802,0.60964066,0.22819605,0.01,0.01,0.99,0.19112763,0.82015264,0.01,0.5047623,0.10921824,0.55341756,0.7881594,0.5668138,0.99,0.01,0.2409454,0.01,0.16708253,0.5846398,0.99,0.48742467,0.4532019,0.026708424,0.52312696,0.182372,0.01,0.09135479,0.08410111,0.19319576,0.7961304,0.65209806,0.01,0.01,0.99,0.539871,0.64203435,0.99,0.4385507,0.5200462,0.4960003,0.5888925,0.3594877,0.01,0.35839403,0.01,0.22203183
SIM-0056-NT,0.60642004,0.43838724,0.33739662,0.99,0.99,0.44515264,0.62618876,0.99,0.01,0.01,0.28361583,0.8332435,0.67913944,0.99,0.27069646,0.01,0.5264095,0.99,0.01,0.01,0.4236867,0.01,0.01,0.88612765,0.2571869,0.99,0.7281704,0.83543676,0.8402971,0.42547616,0.23968887,0.94156694,0.99,0.01,0.23665261,0.01,0.99,0.01,0.59078133,0.7697851,0.7222836,0.01,0.99,0.8170537,0.01,0.01,0.01,0.94170904,0.99,0.99,0.116904125,0.18443835,0.27635437,0.01,0.7466707,0.878857,0.99,0.3883797,0.01,0.01,0.99,0.23901397,0.11483933,0.01,0.34598884,0.01,0.99,0.99,0.01,0.01,0.2258355,0.5110061,0.99,0.7181457,0.19451427,0.7858946,0.56419003,0.99,0.58695394,0.99,0.01,0.50128776,0.01,0.23667109,0.99,0.29457548,0.12400314,0.5949156,0.01,0.16261554,0.3075691,0.39569226,0.899418,0.47437856,0.11723369,0.08430189,0.47052446,0.02096095,0.45370173,0.8326826,0.01,0.11228937,0.09364237,0.86729264,0.99,0.070014775,0.01,0.2608348,0.01,0.01,0.99,0.8422689,0.99,0.47665262,0.99,0.01,0.9138427,0.5177603,0.4610723,0.21483807,0.9400005,0.4061259,0.01,0.610418,0.83331037,0.53534836,0.40339723,0.01,0.32264063,0.01,0.22824495,0.01,0.92617315,0.99,0.01,0.55565614,0.39743787,0.89382094,0.66647965,0.42825872,0.39984658,0.62262017,0.99,0.04831186,0.72955334,0.6433426,0.72942996,0.5404198,0.99,0.01,0.01,0.84800506,0.29984257,0.01,0.53630805,0.10249165,0.5112299,0.6098497,0.81775224,0.6717675,0.01,0.40524787,0.9123723,0.8395426,0.99,0.01,0.99,0.57185036,0.6953857,0.87832874,0.18363851,0.01,0.99,0.99,0.84283185,0.6366803,0.01,0.75449765,0.3990425,0.43651077,0.6278573,0.01,0.51222867,0.6145554,0.39263606,0.14101563,0.79350513,0.9777106,0.68190706,0.99,0.99,0.99,0.09558901,0.22658087,0.99,0.62696284,0.91284215,0.54321396,0.106632456,0.73786545
SIM-0057-NT,0.8171557,0.01,0.604852,0.21360788,0.99,0.99,0.99,0.99,0.01,0.35456204,0.01,0.99,0.99,0.8717203,0.99,0.12104815,0.26471418,0.01,0.35795632,0.2872764,0.61119664,0.23262566,0.45516932,0.99,0.01,0.8411057,0.48045844,0.8011839,0.99,0.99,0.54807204,0.4903255,0.99,0.01,0.3851662,0.055154502,0.114029884,0.47380075,0.034362867,0.6141597,0.62043536,0.64451647,0.7499567,0.7248039,0.16965605,0.4430594,0.4389208,0.99,0.10598993,0.26189774,0.01,0.99,0.91819674,0.040590852,0.99,0.36996406,0.99,0.99,0.01,0.5151609,0.17259645,0.24790591,0.25621444,0.19931063,0.11910367,0.7738067,0.18326312,0.99,0.01,0.095415846,0.99,0.99,0.01,0.01,0.5181964,0.99,0.70660776,0.99,0.8675403,0.058890343,0.01,0.01,0.99,0.32874557,0.99,0.01,0.4413985,0.99,0.01,0.6557132,0.01,0.7298242,0.867182,0.99,0.99,0.029762857,0.99,0.01,0.99,0.01,0.01,0.99,0.5523206,0.99,0.054900557,0.18015951,0.4769466,0.52436626,0.99,0.99,0.39553803,0.59527016,0.99,0.01,0.01,0.5904452,0.54268855,0.01,0.01,0.6423074,0.01,0.52259076,0.21188366,0.42520308,0.2926647,0.56944823,0.71798533,0.28916222,0.10769102,0.8744139,0.6907227,0.01,0.42026561,0.21742472,0.28733328,0.99,0.7321012,0.99,0.72815603,0.5387172,0.34313008,0.8012607,0.70074123,0.01,0.4842299,0.026327819,0.99,0.01,0.88757384,0.077760875,0.7190253,0.31676763,0.01,0.8226758,0.01,0.4796036,0.5382806,0.8460132,0.01,0.01,0.8663156,0.9429244,0.8787673,0.99,0.4398076,0.2979372,0.58880645,0.01,0.35280782,0.01,0.32025805,0.01,0.61136407,0.47748017,0.01,0.99,0.046893448,0.43408102,0.17544648,0.9848114,0.7479704,0.01,0.01,0.99,0.99,0.9542765,0.4174576,0.6408328,0.74510825,0.324329,0.39755774,0.942556,0.4310263,0.01,0.6403731,0.417315,0.01,0.01,0.01,0.354721
SIM-0058-NT,0.64381325,0.99,0.399589,0.4783122,0.99,0.98307276,0.47294596,0.99,0.01,0.01,0.99,0.3553464,0.582383,0.01,0.99,0.01,0.99,0.99,0.59924746,0.44879436,0.25784442,0.20231731,0.42284426,0.8937745,0.94117564,0.01,0.99,0.33106506,0.4759725,0.90554667,0.6967719,0.01,0.6487503,0.01,0.52310216,0.01,0.9291574,0.21576124,0.01,0.99,0.99,0.01,0.9730827,0.9542232,0.01,0.07125336,0.01,0.50332505,0.296358,0.79199874,0.99,0.99,0.41985688,0.01,0.99,0.01,0.99,0.99,0.9578091,0.7643595,0.99,0.01,0.43775773,0.01,0.99,0.01,0.99,0.99,0.01,0.01,0.056479864,0.13852435,0.8193842,0.01,0.35724908,0.41923702,0.99,0.69547915,0.01,0.99,0.5461835,0.99,0.19522724,0.26782763,0.28774908,0.81785506,0.99,0.6064204,0.86233467,0.73301375,0.8413298,0.01,0.99,0.99,0.45535725,0.5952552,0.6650022,0.01,0.01,0.99,0.12707746,0.01,0.01,0.99,0.2217928,0.99,0.44181162,0.01,0.6667466,0.99,0.01,0.54353523,0.70832515,0.8419489,0.99,0.05681604,0.34166008,0.33556998,0.01,0.01,0.27415723,0.5860989,0.3449899,0.41096938,0.13942507,0.7339045,0.5143783,0.6644724,0.4359408,0.76755315,0.99,0.41494638,0.6750249,0.01,0.8072227,0.40903878,0.5922231,0.025150955,0.99,0.01,0.99,0.94252604,0.01,0.99,0.8576927,0.01,0.29896307,0.95662194,0.99,0.6322217,0.01,0.99,0.98899746,0.01,0.9412539,0.71959656,0.03032723,0.01,0.4687289,0.01,0.50184935,0.761484,0.01,0.47910058,0.9381273,0.19631696,0.55931085,0.99,0.99,0.039784014,0.5391333,0.5816581,0.99,0.45898157,0.37327206,0.8547648,0.01,0.01,0.25413716,0.6188551,0.99,0.01,0.2051129,0.59784317,0.01,0.01,0.93653595,0.29259062,0.16106868,0.66996187,0.99,0.01,0.39318806,0.01,0.01,0.99,0.41010046,0.99,0.18443961,0.7287477
SIM-0059-NT,0.9553318,0.466178,0.01,0.6585756,0.47301045,0.20801309,0.65758526,0.120203555,0.01,0.01,0.043054923,0.24220997,0.083672255,0.7871889,0.41414267,0.36931336,0.26084417,0.29581457,0.99,0.042651236,0.01,0.39715344,0.01,0.97082543,0.40555573,0.68159395,0.6339371,0.42911834,0.99,0.01,0.01,0.01,0.042883277,0.43451476,0.5719158,0.68213296,0.73629093,0.5031535,0.01,0.044608474,0.99,0.7148806,0.01,0.99,0.01,0.090580165,0.69024813,0.62256396,0.79912144,0.5518929,0.7746472,0.58597803,0.7689755,0.99,0.10097563,0.01,0.99,0.8965478,0.99,0.01,0.9781842,0.01,0.99,0.6191064,0.710255,0.40151262,0.8556545,0.97452277,0.01,0.78695256,0.01,0.68726206,0.32904553,0.312256,0.99,0.01,0.6560319,0.122357845,0.5779955,0.01,0.85127705,0.01,0.63498694,0.814218,0.50894886,0.99,0.99,0.31985337,0.94166315,0.6692273,0.01,0.4658382,0.6318762,0.18065798,0.038710117,0.9622574,0.7323346,0.87477756,0.59902996,0.26684812,0.01,0.65736526,0.45214272,0.68024915,0.07051873,0.99,0.5204861,0.4746654,0.01,0.6530898,0.61613554,0.01,0.70018935,0.99,0.81009614,0.74586433,0.99,0.8750187,0.2107071,0.17765485,0.38016078,0.08758557,0.09221065,0.1606659,0.99,0.4721579,0.96378654,0.01,0.99,0.38136125,0.38012117,0.01,0.99,0.99,0.01,0.99,0.01,0.9776353,0.4743739,0.99,0.47756705,0.99,0.99,0.29961878,0.58635837,0.01,0.36017922,0.99,0.99,0.314546,0.99,0.7107217,0.99,0.596825,0.9797851,0.01,0.74616504,0.01,0.99,0.19423762,0.7422213,0.44650447,0.76027155,0.3591887,0.8346174,0.3141263,0.99,0.99,0.01,0.01,0.8796743,0.825611,0.03084746,0.99,0.98417354,0.9279676,0.01,0.99,0.441433,0.03733194,0.45411444,0.79997087,0.5001175,0.075528055,0.01,0.93750876,0.6508529,0.99,0.94735,0.01,0.99,0.01,0.27830243,0.99,0.8875018,0.95065415,0.8112427,0.9644424,0.93559235,0.99
SIM-0060-NT,0.61179554,0.10412058,0.3905291,0.7747388,0.71286213,0.01,0.79807186,0.061095178,0.2384806,0.26843295,0.22778758,0.99,0.7941897,0.99,0.37812924,0.5065768,0.9263116,0.7941189,0.01,0.01,0.3547852,0.01,0.05112402,0.5251322,0.3013345,0.9728193,0.14458072,0.977294,0.5632682,0.50086486,0.7162685,0.26401335,0.44307134,0.48906952,0.01,0.38537514,0.01,0.99,0.5051683,0.99,0.99,0.5777277,0.14975184,0.99,0.01,0.01,0.99,0.642321,0.01,0.04735565,0.46411324,0.4626453,0.4402856,0.99,0.99,0.25851685,0.824037,0.99,0.3392967,0.01,0.01,0.086400434,0.73360175,0.22241747,0.99,0.7134802,0.99,0.7181475,0.26686782,0.08594411,0.012124896,0.01,0.99,0.09896214,0.5590029,0.01,0.070577145,0.79946476,0.9758992,0.30585286,0.99,0.01,0.01,0.88678813,0.60285616,0.99,0.99,0.30784997,0.01,0.99,0.99,0.34825024,0.3543288,0.99,0.27592146,0.3080855,0.37915576,0.26841682,0.3345905,0.48033214,0.01,0.50449586,0.3284338,0.99,0.05396855,0.62303925,0.9216424,0.9872806,0.01,0.99,0.01,0.99,0.99,0.01,0.52450144,0.35063657,0.5047601,0.89305294,0.5188672,0.01,0.01,0.01,0.01,0.15977359,0.78066623,0.5293398,0.10400173,0.01,0.01,0.28862858,0.01,0.46540427,0.99,0.01,0.84010124,0.9045847,0.64255184,0.99,0.5332247,0.822895,0.41483322,0.7546216,0.76881486,0.46834546,0.83386874,0.05361584,0.19090146,0.35218513,0.6267235,0.99,0.27180392,0.8424505,0.8726195,0.13084975,0.99,0.86336887,0.19357643,0.11707802,0.8204578,0.01,0.01,0.59856176,0.01,0.01,0.4978819,0.99,0.99,0.99,0.01,0.40391827,0.01,0.030430704,0.64461845,0.1579544,0.99,0.95571965,0.047517598,0.23272967,0.30670422,0.23679887,0.4543239,0.36338648,0.01,0.99,0.99,0.35082614,0.5967264,0.62466574,0.70315486,0.99,0.79175514,0.016711965,0.63496816,0.44857892,0.01,0.7607839,0.14438859,0.0996322,0.21804976,0.01
SIM-0061-NT,0.19144511,0.99,0.32200283,0.99,0.99,0.083370864,0.99,0.48667926,0.99,0.30677938,0.44145092,0.641767,0.56782794,0.6049023,0.17408094,0.53674775,0.99,0.11470455,0.99,0.6919222,0.13309789,0.01,0.99,0.99,0.99,0.281125,0.9615065,0.71708375,0.7615869,0.77886975,0.99,0.99,0.7635569,0.017680049,0.99,0.99,0.9806207,0.99,0.361345,0.116076976,0.01,0.01,0.46573278,0.52719676,0.046859413,0.41338515,0.882837,0.06803778,0.47705677,0.4845299,0.6489335,0.86261874,0.9433139,0.99,0.99,0.5053294,0.99,0.040284276,0.80435777,0.20335023,0.99,0.01,0.393021,0.51703364,0.99,0.99,0.99,0.98857486,0.01,0.46761322,0.01,0.48163074,0.99,0.55983317,0.8930336,0.323641,0.69385713,0.01,0.08549315,0.96711576,0.3101116,0.07832817,0.01,0.01,0.50149405,0.99,0.99,0.41358626,0.377522,0.01,0.2826385,0.79326594,0.63440007,0.99,0.99,0.26426253,0.4681948,0.01,0.07833308,0.020083964,0.7359696,0.9302222,0.01,0.9181152,0.01,0.23887298,0.7390413,0.29858202,0.01,0.99,0.31650078,0.010210991,0.72383785,0.57895297,0.99,0.04882379,0.66381145,0.8950455,0.01,0.01,0.62690663,0.04676789,0.30292743,0.20712633,0.38477755,0.36123574,0.01,0.656625,0.8052544,0.48239964,0.8283642,0.01,0.15966213,0.6846546,0.49416164,0.501587,0.8909116,0.018113315,0.46637276,0.99,0.83403444,0.99,0.99,0.25886428,0.01,0.25913268,0.82818925,0.99,0.5459866,0.35283786,0.06865165,0.24438572,0.01,0.08798766,0.7938442,0.44637117,0.027550086,0.01,0.48719096,0.01,0.6772292,0.36683956,0.99,0.18494627,0.9130906,0.01,0.5945712,0.99,0.89658344,0.01,0.06940931,0.12761724,0.13337913,0.11257976,0.9542741,0.01,0.4121456,0.99,0.99,0.33811632,0.99,0.27439514,0.6901588,0.1519388,0.99,0.23124667,0.99,0.99,0.67359453,0.9740993,0.8022892,0.01,0.7561956,0.68607926,0.01,0.66287464,0.8810304,0.99,0.58319664,0.01
SIM-0062-NT,0.0307222,0.29978958,0.99,0.40760058,0.99,0.18215626,0.8459837,0.37497476,0.098880164,0.01,0.89171696,0.27886444,0.01,0.01,0.59426874,0.13787614,0.99,0.59246755,0.899411,0.19864552,0.86479294,0.01,0.01,0.4372328,0.01,0.01,0.89057463,0.41023618,0.9197997,0.9880159,0.01,0.6860528,0.2867028,0.38579816,0.01,0.5220729,0.01,0.01,0.01,0.5062264,0.5692425,0.5157912,0.41116962,0.99,0.5259494,0.01,0.12025407,0.99,0.99,0.99,0.66621536,0.99,0.9709134,0.35198417,0.99,0.01,0.99,0.01,0.01,0.99,0.99,0.016850352,0.33182472,0.01,0.5073543,0.01,0.6808579,0.9651755,0.3555807,0.8989036,0.288693,0.01,0.99,0.01,0.8605787,0.19669966,0.8612204,0.8662658,0.7505249,0.01,0.99,0.4578392,0.28736603,0.99,0.01,0.99,0.32642648,0.9820713,0.4363967,0.01,0.01,0.99,0.5418411,0.99,0.99,0.03346286,0.43879002,0.95808864,0.99,0.52436185,0.99,0.6883861,0.84810024,0.93459475,0.13063955,0.20007747,0.01,0.99,0.2215766,0.28443176,0.84228784,0.32297766,0.33433297,0.99,0.18712407,0.3362749,0.21122217,0.04797536,0.01,0.2251658,0.01,0.6181494,0.32026023,0.2860099,0.1545178,0.99,0.7972889,0.08635521,0.01,0.01,0.9223094,0.58343434,0.9580052,0.419162,0.6834803,0.99,0.51771986,0.48252767,0.13021696,0.8350209,0.63257825,0.52667844,0.3949447,0.33648705,0.99,0.01,0.01,0.14649189,0.73485637,0.99,0.01,0.97072303,0.99,0.5584594,0.99,0.037727296,0.01,0.4149593,0.7543932,0.01,0.99,0.51669914,0.589483,0.013988972,0.99,0.033781767,0.99,0.49382454,0.4821332,0.50180835,0.99,0.01,0.4932168,0.99,0.18895155,0.01,0.01,0.99,0.99,0.01,0.01,0.8759551,0.01,0.3341753,0.9605681,0.8800759,0.99,0.03557086,0.01,0.99,0.99,0.01,0.28631705,0.96955085,0.9278445,0.7012775,0.1035642,0.33771503,0.8920712,0.906508
SIM-0063-NT,0.6550718,0.20804334,0.99,0.99,0.012642324,0.37750673,0.99,0.88182515,0.01,0.2862769,0.35551935,0.06287193,0.48028418,0.9031239,0.3915625,0.01,0.54974943,0.22456941,0.7417382,0.01,0.44607362,0.038989827,0.01,0.99,0.38493147,0.07195613,0.30118918,0.7119268,0.99,0.99,0.39966753,0.28722206,0.9547824,0.7577705,0.47492737,0.92598885,0.7915378,0.8770292,0.40976465,0.7725729,0.14682871,0.10664191,0.99,0.99,0.41479105,0.28340626,0.01,0.09287383,0.79554397,0.56637704,0.064629525,0.99,0.30318218,0.46345258,0.71438783,0.01,0.99,0.99,0.22690013,0.43097812,0.1228956,0.01,0.95644736,0.39017493,0.857013,0.7520474,0.99,0.4919895,0.5971325,0.01,0.01,0.53626466,0.99,0.12834264,0.01,0.01,0.7067247,0.60334855,0.2626981,0.11986095,0.8372722,0.78325164,0.3283559,0.8577402,0.31662896,0.91787165,0.99,0.7019676,0.23715654,0.500455,0.5506863,0.76774305,0.8435638,0.76944286,0.01,0.11938536,0.4970703,0.2518785,0.86571264,0.99,0.01,0.01,0.01,0.56721026,0.99,0.0786435,0.027225614,0.76488364,0.64075726,0.08220023,0.01,0.16914546,0.9885018,0.6909999,0.47748858,0.5884664,0.5688349,0.36942977,0.01,0.01,0.99,0.15431388,0.01,0.2511969,0.64833236,0.99,0.73999125,0.08872849,0.90989125,0.9779892,0.13106593,0.06474874,0.7350546,0.99,0.01,0.5931913,0.53705525,0.37628475,0.3304582,0.99,0.62031037,0.99,0.25441912,0.5137018,0.7556601,0.8365679,0.99,0.73617035,0.2617346,0.48140663,0.5742701,0.99,0.016693354,0.01,0.99,0.01,0.01,0.725916,0.66293365,0.01,0.99,0.01,0.01,0.99,0.81081516,0.45159864,0.6061967,0.73193926,0.045926392,0.38195032,0.99,0.293729,0.9223889,0.99,0.37215048,0.6453119,0.12457189,0.99,0.89511883,0.4739647,0.99,0.01,0.01,0.26092717,0.35686824,0.5091306,0.7683896,0.23382646,0.74816144,0.83528674,0.15790045,0.06557576,0.6456088,0.99,0.01,0.99,0.01,0.01,0.01,0.5472483
SIM-0064-NT,0.62289095,0.31544346,0.74702144,0.73154944,0.79465526,0.34195948,0.06590128,0.99,0.89600265,0.9887622,0.01,0.28532675,0.22766416,0.99,0.6368891,0.09531438,0.99,0.34180126,0.01,0.4559711,0.09351537,0.21923926,0.01,0.4028628,0.4277946,0.01,0.01,0.56177914,0.99,0.27838317,0.3524323,0.28157625,0.10814816,0.99,0.769477,0.10866307,0.9669186,0.01,0.6575045,0.99,0.7191429,0.34094638,0.30041462,0.99,0.01,0.4506393,0.46748304,0.32219967,0.99,0.99,0.13355221,0.99,0.40214634,0.8430875,0.5107749,0.99,0.06391388,0.99,0.99,0.01,0.99,0.01,0.13549702,0.01,0.64818835,0.23221473,0.99,0.99,0.01,0.01,0.4655754,0.3095848,0.99,0.27354997,0.39998168,0.01,0.99,0.704618,0.99,0.55320185,0.99,0.01,0.01,0.61453277,0.27141201,0.56437504,0.09791249,0.23815417,0.5420039,0.6782732,0.01,0.7118789,0.99,0.8297478,0.99,0.01,0.88165164,0.21475554,0.411536,0.99,0.35488978,0.01,0.25663862,0.44917455,0.01,0.50255495,0.41827047,0.15584362,0.84166086,0.47393128,0.01,0.01,0.018829226,0.99,0.9815591,0.56391495,0.99,0.25657764,0.99,0.01,0.01,0.50926876,0.41603762,0.51380247,0.99,0.66080874,0.58597463,0.99,0.40744328,0.8177745,0.01,0.99,0.01,0.20964146,0.01,0.99,0.25231788,0.8825414,0.3369759,0.101897895,0.638149,0.3704626,0.64311045,0.7584808,0.99,0.01,0.43378377,0.63362986,0.80958635,0.99,0.41624004,0.01,0.6406809,0.29237196,0.64938504,0.13599122,0.01,0.99,0.9327413,0.04833419,0.99,0.01,0.5395998,0.01,0.99,0.01,0.99,0.99,0.44453406,0.01,0.59855807,0.43596405,0.8424275,0.99,0.99,0.652214,0.019049942,0.09087682,0.39435023,0.6485386,0.01,0.01,0.54839563,0.19682711,0.41599417,0.01,0.9129426,0.5053679,0.01,0.99,0.5443101,0.08896161,0.11302546,0.68629706,0.3306239,0.9753109,0.1722517,0.45059738,0.42905453,0.99
SIM-0065-NT,0.7112101,0.01,0.6520524,0.6286398,0.01,0.01,0.54643,0.85388845,0.048411995,0.6357738,0.01,0.01,0.022040486,0.4145691,0.6079085,0.01,0.01,0.01,0.37800753,0.01,0.01,0.53856,0.99,0.8016727,0.5845433,0.5451138,0.01,0.9867208,0.99,0.99,0.26468575,0.01,0.99,0.9236634,0.99,0.01,0.91620815,0.082959175,0.19491744,0.3966626,0.99,0.384157,0.01,0.75954187,0.52037275,0.22985832,0.01,0.67179996,0.35405982,0.99,0.01,0.63067704,0.99,0.5717138,0.78522784,0.1701837,0.94456035,0.23677695,0.01,0.45693907,0.99,0.42531607,0.41974866,0.01,0.99,0.49926054,0.99,0.99,0.92193365,0.01,0.01,0.6588172,0.27992633,0.01,0.99,0.01,0.7352375,0.02652347,0.74920624,0.99,0.99,0.65461713,0.22223969,0.75569123,0.7186654,0.47667733,0.79486024,0.99,0.01,0.15748829,0.1826269,0.01,0.049909055,0.6738703,0.99,0.6301757,0.7535873,0.22402093,0.99,0.39798713,0.35903934,0.01,0.01,0.99,0.31424582,0.99,0.4860622,0.99,0.01,0.99,0.7881768,0.01,0.40139177,0.99,0.99,0.57649934,0.3084032,0.01,0.76266223,0.01,0.015495107,0.21038197,0.7846422,0.99,0.99,0.612479,0.01,0.7608318,0.99,0.99,0.45749825,0.01,0.6073062,0.99,0.39662877,0.50624996,0.20899522,0.99,0.1728931,0.13026777,0.43502003,0.62898195,0.99,0.9736906,0.01,0.010743856,0.07248548,0.99,0.99,0.6510997,0.61110604,0.01,0.36861998,0.01,0.8426507,0.5661605,0.01,0.36825186,0.99,0.01,0.16132878,0.62411463,0.23521131,0.01,0.47375968,0.01,0.6765299,0.72132117,0.99,0.118638106,0.01,0.24130364,0.99,0.7831854,0.6773281,0.56512195,0.64084166,0.49544442,0.01,0.07438487,0.58036536,0.3763944,0.01,0.3719637,0.25346386,0.01,0.72317004,0.99,0.01,0.9244836,0.34710377,0.01,0.12719852,0.99,0.01,0.47229016,0.4337979,0.99,0.99,0.033728793
SIM-0066-NT,0.8276243,0.4255126,0.46761975,0.8477735,0.01,0.46978065,0.80505395,0.41510624,0.42449093,0.01,0.21695048,0.99,0.3255916,0.23036873,0.01,0.5621724,0.99,0.6819785,0.08458252,0.01,0.41356665,0.01,0.01,0.99,0.01,0.01,0.7994114,0.34973896,0.58951163,0.86056685,0.6114502,0.01,0.59345603,0.69898707,0.94449353,0.4364097,0.48884496,0.78318375,0.6727112,0.59403604,0.59746283,0.01,0.15476066,0.29132998,0.18721807,0.692238,0.01,0.30384168,0.7390352,0.99,0.54985976,0.99,0.99,0.054279566,0.99,0.26472163,0.87695116,0.025183082,0.4192931,0.01,0.6935347,0.01,0.09348677,0.01,0.99,0.5548297,0.99,0.99,0.20703301,0.6160453,0.27197927,0.37106365,0.6021254,0.61030257,0.99,0.7292225,0.8639747,0.99,0.9551209,0.61335206,0.99,0.054389328,0.01,0.44076982,0.81129336,0.62324786,0.75893843,0.99,0.19826534,0.46419483,0.01,0.18971427,0.99,0.78498423,0.76895994,0.01,0.3879317,0.01,0.8574535,0.40911946,0.87533456,0.11962567,0.22456123,0.793931,0.6523806,0.99,0.08923864,0.6968354,0.01,0.99,0.28700528,0.01,0.021934152,0.99,0.020159543,0.35789552,0.29240897,0.32584828,0.14241198,0.01,0.01,0.6084455,0.19747186,0.65293896,0.46767014,0.9133256,0.63691986,0.15666607,0.01,0.99,0.01,0.37924036,0.45026648,0.24777482,0.4952079,0.99,0.8653735,0.7262466,0.99,0.01,0.01,0.4977206,0.99,0.91655344,0.01,0.17033832,0.01,0.6691392,0.99,0.99,0.63691074,0.30370992,0.69219655,0.6932006,0.99,0.01,0.98711,0.27967536,0.99,0.2370373,0.99,0.5321447,0.01,0.57617176,0.99,0.11185333,0.01,0.7277715,0.44683442,0.20042628,0.33293343,0.8572465,0.01,0.913732,0.95036244,0.99,0.34155148,0.8729465,0.7268314,0.45748746,0.99,0.01,0.01,0.8971564,0.35942125,0.09111112,0.7337646,0.99,0.7873204,0.4147744,0.99,0.18837546,0.69380736,0.25351924,0.01,0.99,0.7213328,0.99,0.01,0.20955022
SIM-0067-NT,0.4427443,0.27468038,0.01,0.1779964,0.87465644,0.24384783,0.16646993,0.99,0.99,0.16546784,0.01,0.8244928,0.01,0.044373035,0.8438096,0.01,0.6706763,0.01,0.3445577,0.95297384,0.04512763,0.2163811,0.01,0.4760073,0.034637928,0.7996209,0.01,0.3764674,0.99,0.99,0.70379937,0.36477086,0.6048608,0.99,0.42734355,0.01,0.99,0.78979003,0.39534056,0.86988103,0.6014496,0.01,0.58903766,0.75120246,0.01,0.01,0.43058273,0.01,0.7630495,0.5930153,0.12889586,0.99,0.99,0.01,0.99,0.07545027,0.99,0.33983734,0.01,0.5891736,0.99,0.7240303,0.44748434,0.99,0.6269703,0.7817143,0.5657819,0.8709035,0.4679414,0.5206253,0.52948964,0.01,0.7068468,0.01,0.59058446,0.01,0.99,0.94352597,0.4639251,0.01,0.99,0.01,0.19607246,0.99,0.193571,0.55831087,0.7200991,0.01,0.01,0.4468903,0.030931622,0.3837201,0.17892659,0.99,0.01,0.108454555,0.77313536,0.29810256,0.7259283,0.33749333,0.14256707,0.7903564,0.01,0.99,0.99,0.01,0.5450512,0.06905967,0.01,0.99,0.57773554,0.6941435,0.117072284,0.7246187,0.19724393,0.25738215,0.1759068,0.94862294,0.29776248,0.3109951,0.3239597,0.28456062,0.39642972,0.5942127,0.14059305,0.8091729,0.8613808,0.6257005,0.097016096,0.6578458,0.17175213,0.0694779,0.01,0.99,0.99,0.20600095,0.945703,0.99,0.13954526,0.01,0.99,0.7247835,0.27957016,0.46880424,0.4162704,0.99,0.24483761,0.8530272,0.99,0.99,0.99,0.30338222,0.663847,0.01,0.73265815,0.51171666,0.56354696,0.99,0.99,0.6797769,0.3157561,0.99,0.24396172,0.9214178,0.99,0.30810913,0.01,0.99,0.5868771,0.57417786,0.737443,0.43870318,0.99,0.62978154,0.99,0.3289664,0.6371093,0.7757756,0.34884074,0.4571053,0.32835624,0.01,0.44464958,0.6542701,0.01,0.41796988,0.6173769,0.6841524,0.01,0.74856013,0.6307485,0.8500382,0.01,0.01,0.01,0.833593,0.99,0.7270224,0.01,0.030125797
SIM-0068-NT,0.15335605,0.7266538,0.29332033,0.01,0.99,0.99,0.49033856,0.9051892,0.01,0.01,0.01,0.6039297,0.28091562,0.99,0.53815854,0.86079115,0.99,0.54879576,0.01,0.01,0.99,0.01,0.01,0.9138307,0.01,0.4710815,0.5155931,0.99,0.99,0.99,0.5866265,0.01,0.3708623,0.40885988,0.99,0.070188835,0.8609347,0.99,0.3248439,0.19628075,0.99,0.01,0.60801697,0.99,0.08913463,0.56002426,0.99,0.028274536,0.99,0.42978686,0.99,0.46988472,0.6064322,0.99,0.99,0.59434897,0.35835904,0.6737524,0.6207243,0.01,0.99,0.01,0.01,0.01,0.99,0.01,0.583758,0.109680355,0.8128925,0.01,0.01,0.4238261,0.730402,0.62015986,0.44172946,0.9179525,0.4063772,0.33794588,0.16579908,0.27155098,0.18611294,0.5075734,0.01,0.13352449,0.01,0.10891992,0.99,0.99,0.858671,0.01,0.01,0.99,0.5407574,0.1967662,0.99,0.17729278,0.8777957,0.01,0.6441791,0.99,0.01,0.790877,0.01,0.8277316,0.99,0.15183526,0.7448653,0.85048044,0.26180613,0.73179555,0.01,0.66068685,0.6084923,0.01,0.99,0.01,0.01,0.1253866,0.032975227,0.06625356,0.01,0.54644614,0.99,0.49525505,0.01,0.15109342,0.5400888,0.01,0.01,0.01,0.41134736,0.99,0.01,0.88747096,0.01,0.01,0.99,0.99,0.82429004,0.8032018,0.3841066,0.6558226,0.7093549,0.78319377,0.99,0.12715924,0.57388467,0.6451385,0.99,0.99,0.99,0.9153421,0.99,0.98527193,0.99,0.01,0.49248284,0.01,0.99,0.4199733,0.051075667,0.01,0.23119818,0.4625358,0.6626001,0.01,0.31334445,0.7593457,0.01,0.62754047,0.541321,0.01,0.48028523,0.99,0.99,0.99,0.01,0.99,0.01,0.42435682,0.9897449,0.83792984,0.99,0.99,0.16269374,0.52256143,0.88124543,0.53658897,0.4869629,0.99,0.99,0.99,0.01,0.2232794,0.3716687,0.99,0.38863117,0.875712,0.6170174,0.01
SIM-0069-NT,0.9346652,0.99,0.666183,0.01,0.60097766,0.7126927,0.14682245,0.99,0.560582,0.2609262,0.17888728,0.7227338,0.4328569,0.07671338,0.42193168,0.403148,0.99,0.99,0.99,0.01,0.17346334,0.99,0.01,0.46743813,0.31444588,0.99,0.34798646,0.8211367,0.99,0.01,0.47565702,0.124625,0.99,0.99,0.68868154,0.022487521,0.99,0.25388837,0.01,0.99,0.6235603,0.25150186,0.99,0.058830082,0.238556,0.01,0.62144303,0.06504008,0.2482847,0.99,0.1936353,0.27181178,0.20817852,0.43103084,0.01,0.29887778,0.99,0.9660779,0.30843747,0.30952272,0.19183862,0.19134153,0.12923768,0.01,0.99,0.01,0.23560417,0.09222466,0.01,0.75401264,0.5184563,0.6373962,0.7702675,0.2849638,0.99,0.01,0.99,0.5881393,0.9691819,0.9123846,0.99,0.9239448,0.01,0.7026613,0.47169736,0.4657225,0.99,0.99,0.015568107,0.99,0.23140395,0.10016458,0.3648802,0.99,0.2822989,0.2213147,0.99,0.189136,0.99,0.67426574,0.91302156,0.66152453,0.99,0.99,0.01,0.8598469,0.5531924,0.61364704,0.017404243,0.5850913,0.01,0.6111054,0.99,0.37253886,0.68822175,0.01,0.01,0.30515563,0.6509432,0.8240471,0.01,0.3072681,0.932832,0.01,0.99,0.38822633,0.785118,0.3179932,0.5034771,0.99,0.29292566,0.6270979,0.5720386,0.08629626,0.2076807,0.45391414,0.01,0.89112085,0.9473444,0.99,0.99,0.99,0.23780227,0.25003418,0.99,0.58337986,0.50127846,0.2520042,0.54376364,0.99,0.01,0.01,0.99,0.08482039,0.99,0.99,0.01,0.01,0.63539577,0.01,0.31180963,0.63632035,0.4017427,0.3742406,0.99,0.44709608,0.671039,0.99,0.01,0.7547646,0.5917673,0.01,0.1836163,0.99,0.51254195,0.92298293,0.7881577,0.6623511,0.23202854,0.37832177,0.01,0.01,0.01,0.49661595,0.01,0.27443504,0.99,0.99,0.01,0.43820712,0.99,0.56529856,0.15099585,0.1708234,0.20517181,0.01,0.7096885,0.99,0.025982514,0.01
SIM-0070-NT,0.99,0.5825027,0.8725853,0.050572395,0.08065504,0.70078313,0.99,0.28036988,0.14488575,0.01,0.01,0.49777865,0.6792892,0.01,0.99,0.28163567,0.99,0.99,0.74257815,0.99,0.01,0.29381102,0.01,0.7977973,0.81037056,0.970324,0.49261874,0.01,0.885565,0.29815722,0.19455546,0.736954,0.99,0.99,0.6923464,0.6992697,0.7876013,0.46758142,0.01,0.01,0.01,0.21757327,0.01,0.01,0.12659955,0.6067285,0.661386,0.32710683,0.8043229,0.45583048,0.5054236,0.80922043,0.7651939,0.84604937,0.99,0.09270301,0.7357555,0.46512875,0.01,0.72080076,0.47522306,0.5505084,0.3134566,0.910251,0.9861568,0.71462494,0.53247166,0.01,0.20269316,0.01,0.01,0.01,0.32135582,0.58868873,0.99,0.06480552,0.9007753,0.5718917,0.99,0.8089154,0.47522315,0.5698044,0.8815187,0.01,0.01,0.08592355,0.26903144,0.75377053,0.01,0.4785734,0.15046448,0.47903696,0.97381485,0.99,0.99,0.6906619,0.70402825,0.01,0.4695678,0.01,0.3151747,0.33905786,0.69328296,0.99,0.99,0.99,0.09507865,0.29889888,0.21058498,0.5037823,0.21941245,0.71304303,0.5982826,0.6195412,0.3811561,0.47197226,0.7233131,0.041977346,0.01,0.8104964,0.99,0.43981525,0.1629212,0.9654616,0.8239651,0.50234973,0.913486,0.022209883,0.01,0.75246084,0.41075343,0.44748738,0.99,0.01,0.29995018,0.99,0.2543407,0.30422786,0.01,0.6728206,0.64327556,0.99,0.020789921,0.44077772,0.7115831,0.41457972,0.01,0.7280183,0.40183994,0.01,0.84355956,0.586238,0.99,0.08433324,0.99,0.99,0.99,0.5645749,0.96598935,0.01,0.27122653,0.01,0.01,0.99,0.18263727,0.01,0.99,0.4487049,0.781813,0.01,0.36771548,0.79367876,0.01,0.78211033,0.99,0.35806635,0.46975434,0.6579559,0.9315965,0.99,0.99,0.34024668,0.21204904,0.7405301,0.11487993,0.01,0.7457482,0.99,0.01,0.27896085,0.6012814,0.39944863,0.99,0.01,0.20964701,0.7071535,0.29640025,0.45161018,0.01,0.99
SIM-0071-NT,0.93278205,0.24471606,0.99,0.83948475,0.7683695,0.4027148,0.45465794,0.23500365,0.01,0.37905276,0.07412607,0.99,0.01,0.17048538,0.99,0.219241,0.99,0.7267564,0.99,0.7692242,0.55642587,0.6260525,0.08177774,0.02744478,0.63078725,0.99,0.01,0.7769669,0.08131719,0.7125889,0.52322537,0.77451444,0.99,0.99,0.99,0.096445814,0.99,0.45326874,0.01,0.01,0.99,0.01,0.01,0.99,0.11927882,0.31753153,0.33684307,0.17326568,0.99,0.99,0.5380568,0.99,0.99,0.44895673,0.99,0.46424657,0.9634563,0.99,0.41001278,0.20157923,0.32790804,0.01,0.01,0.44270137,0.99,0.8012732,0.27729732,0.84496975,0.12857473,0.47313467,0.01,0.41659278,0.01,0.01,0.7810762,0.23284844,0.01,0.5865109,0.7978445,0.99,0.3478779,0.37715304,0.01,0.01,0.064839184,0.17398053,0.36661297,0.99,0.01,0.23232827,0.35899708,0.31921366,0.63380164,0.99,0.08444607,0.01,0.99,0.060915187,0.99,0.99,0.6613738,0.01,0.18857719,0.99,0.7282213,0.8192354,0.01,0.24967101,0.25076783,0.14387006,0.737892,0.5036109,0.01,0.33608103,0.70931256,0.15381435,0.99,0.71245766,0.01,0.01,0.07386744,0.38556558,0.8399559,0.99,0.99,0.38652825,0.8967244,0.63984084,0.01,0.01,0.4256868,0.01,0.01,0.13688973,0.38984996,0.99,0.5589893,0.39216048,0.01,0.8511332,0.36725208,0.45510232,0.99,0.01,0.25836936,0.26601198,0.22909966,0.96474177,0.99,0.99,0.75406647,0.4585333,0.5699874,0.5791994,0.67475283,0.5189269,0.44752705,0.22692524,0.92789215,0.01,0.99,0.01,0.4579944,0.10819435,0.99,0.5536167,0.7607138,0.99,0.30410966,0.6637362,0.2175569,0.39822495,0.01,0.87647897,0.87066555,0.99,0.013394237,0.99,0.01,0.52674794,0.7566062,0.37762904,0.01,0.6409559,0.01,0.99,0.4514897,0.817296,0.21310872,0.37112337,0.19171405,0.5493101,0.122187406,0.015483111,0.01,0.85645604,0.45786047,0.4885907,0.01,0.4623577
SIM-0072-NT,0.22677004,0.5078787,0.44823882,0.01,0.99,0.78111637,0.6697778,0.99,0.99,0.7621161,0.3445492,0.27213636,0.159616,0.01,0.4528439,0.69782937,0.99,0.99,0.05874589,0.66687536,0.763644,0.01,0.37043792,0.99,0.30459094,0.01,0.27741912,0.01,0.5317321,0.11220819,0.94892335,0.79034495,0.99,0.99,0.5782659,0.23155814,0.99,0.90229976,0.4889354,0.18683472,0.44058996,0.01,0.99,0.01,0.7933567,0.7573991,0.01,0.9127456,0.70540404,0.06459153,0.37071192,0.48638588,0.7008922,0.07425171,0.32995677,0.01,0.99,0.7949859,0.75043106,0.01,0.84327495,0.01,0.01,0.99,0.99,0.01,0.0804289,0.01,0.01,0.15819605,0.20051043,0.65889996,0.90829647,0.01,0.99,0.047092363,0.8881924,0.5141344,0.8734313,0.99,0.27571663,0.01,0.01,0.03336169,0.24292427,0.17582011,0.5791783,0.99,0.14926098,0.6394774,0.4259046,0.6404394,0.99,0.99,0.58790666,0.01,0.96302783,0.01,0.36956698,0.7642297,0.99,0.5366053,0.22806013,0.3932269,0.99,0.69897485,0.4640236,0.835514,0.01,0.48031765,0.012527168,0.23253244,0.096137226,0.01,0.99,0.55317175,0.0952833,0.86742866,0.63399136,0.033477202,0.01,0.49318397,0.99,0.44960836,0.99,0.50184435,0.8903662,0.3519207,0.01,0.20977738,0.4197631,0.67016006,0.3579702,0.49421382,0.01,0.99,0.99,0.32347956,0.01,0.01,0.6546756,0.7975562,0.14841825,0.5810554,0.01,0.7859875,0.31903642,0.14863503,0.625615,0.63610804,0.68543553,0.99,0.99,0.43137634,0.67631054,0.21099153,0.01,0.14804049,0.34808883,0.7536237,0.22412875,0.740847,0.01,0.013373464,0.99,0.25056326,0.9228424,0.73834884,0.7925043,0.54527676,0.01,0.06701137,0.89930594,0.35697585,0.0501737,0.648293,0.6091372,0.4198914,0.99,0.99,0.01,0.01,0.01,0.8505752,0.01,0.01,0.99,0.22710818,0.01,0.01,0.99,0.73238623,0.31165248,0.01,0.58108807,0.99,0.3291794,0.01,0.84138477,0.01
SIM-0073-NT,0.37460715,0.01,0.3664688,0.07199514,0.99,0.01,0.9695796,0.7925196,0.2584691,0.4547934,0.14344054,0.30238843,0.028873503,0.97394705,0.01,0.99,0.8846041,0.54132825,0.44947034,0.094204724,0.2625279,0.01,0.40576965,0.8096741,0.5440577,0.99,0.28164434,0.4779526,0.023204207,0.99,0.47475332,0.40976077,0.81062466,0.38511324,0.99,0.21389116,0.9286853,0.03994876,0.64009076,0.5088737,0.8717838,0.5610091,0.41150045,0.42182255,0.01,0.27324834,0.11264786,0.01,0.99,0.99,0.01,0.97448295,0.39473817,0.5105237,0.3696938,0.01,0.99,0.99,0.99,0.06382858,0.08979577,0.58384645,0.7562061,0.5285527,0.34953886,0.01,0.99,0.18193877,0.01,0.99,0.99,0.98108524,0.41005194,0.01,0.99,0.8942808,0.4849534,0.61383593,0.7615425,0.01,0.09118909,0.01,0.53445476,0.3359363,0.99,0.01,0.01,0.99,0.01,0.2879813,0.76080894,0.040133268,0.44996673,0.75911856,0.49452466,0.48606813,0.01,0.039822437,0.99,0.99,0.01,0.33887994,0.15177077,0.8346247,0.072057635,0.99,0.96137375,0.99,0.01,0.01,0.99,0.5364678,0.4314218,0.71350724,0.15504932,0.4066813,0.46655124,0.96011686,0.9078415,0.6655405,0.30269367,0.99,0.6318902,0.17576224,0.18417785,0.25943756,0.7238637,0.01,0.35165578,0.15420806,0.01,0.01,0.42282426,0.86119354,0.01,0.01,0.99,0.99,0.99,0.99,0.39915624,0.6624452,0.99,0.99,0.9084034,0.8297748,0.01,0.5606297,0.99,0.99,0.01,0.25066873,0.99,0.57916915,0.8608505,0.6012938,0.15090469,0.01,0.35680017,0.6496166,0.44326183,0.72083056,0.51174,0.99,0.9214753,0.52355105,0.84538025,0.31151652,0.28500077,0.51785,0.9195087,0.921252,0.16197531,0.97974247,0.83179414,0.99,0.5369935,0.8479292,0.6464952,0.29773897,0.01,0.01,0.35666835,0.54714525,0.32321274,0.70342016,0.815513,0.7171507,0.43978745,0.8932092,0.7022563,0.7454735,0.4529595,0.53988934,0.01,0.99,0.99,0.01,0.4209829,0.19078578
SIM-0074-NT,0.6999623,0.69883496,0.01,0.99,0.99,0.99,0.1073637,0.82950264,0.01,0.01,0.01,0.08423656,0.6021498,0.01,0.14721087,0.10717815,0.99,0.99,0.46797293,0.01,0.012002081,0.5551184,0.01,0.99,0.587028,0.3441201,0.01,0.99,0.46809974,0.8010873,0.4049155,0.01,0.77396244,0.06906617,0.5349461,0.4111726,0.99,0.6005357,0.01,0.24690074,0.31649077,0.01,0.50008446,0.01,0.3743851,0.01,0.01,0.67584974,0.8470382,0.01,0.01,0.99,0.49371472,0.15555087,0.89155346,0.20748726,0.40315562,0.64369893,0.4764278,0.99,0.7660853,0.19068594,0.42255557,0.053265154,0.3614529,0.48844722,0.99,0.99,0.50013787,0.48398352,0.5001941,0.23957896,0.11219853,0.01,0.99,0.85659885,0.99,0.7587688,0.99,0.4366694,0.19630754,0.25861698,0.9073559,0.01,0.01,0.7150027,0.98972785,0.01,0.7128545,0.01,0.61684805,0.01,0.01,0.99,0.99,0.1390296,0.99,0.01,0.28963274,0.5165544,0.06359844,0.3151179,0.01,0.99,0.73865306,0.99,0.36390483,0.726416,0.5190252,0.85320485,0.2352409,0.01,0.70151746,0.91713583,0.82356757,0.01,0.01,0.6497565,0.49590012,0.8903496,0.01,0.08730614,0.01,0.95498216,0.99,0.99,0.690161,0.8216611,0.4921447,0.8571979,0.378171,0.43826184,0.99,0.5886458,0.2924777,0.6570037,0.4780716,0.7848128,0.5268598,0.99,0.8750013,0.99,0.5275455,0.5894531,0.72429657,0.48832235,0.99,0.01,0.99,0.99,0.99,0.99,0.99,0.05366987,0.39498448,0.12429848,0.01,0.63095164,0.99,0.36166766,0.7268818,0.51403844,0.5227753,0.01,0.85149246,0.01,0.7416586,0.8981208,0.040008843,0.01,0.20769715,0.01,0.01,0.35779768,0.17882985,0.98207164,0.01,0.01,0.4636986,0.01,0.99,0.17503932,0.01,0.80441904,0.2734889,0.11342094,0.99,0.40354598,0.99,0.5664949,0.8830791,0.01,0.11555916,0.19603842,0.01,0.87758875,0.50447017,0.01,0.5505149,0.9732731
SIM-0075-NT,0.22568497,0.08040309,0.99,0.91276443,0.6714339,0.9010036,0.71672994,0.99,0.18740967,0.40691897,0.7191979,0.01,0.99,0.46690425,0.88695884,0.99,0.6657437,0.4822666,0.28905645,0.01,0.99,0.20483102,0.99,0.68229824,0.46732602,0.87878793,0.13264126,0.49111935,0.99,0.61772424,0.24195862,0.9587016,0.99,0.99,0.52346003,0.01,0.5446369,0.9689194,0.01,0.01,0.29170802,0.01,0.9056345,0.99,0.09544662,0.3699051,0.01,0.112828076,0.99,0.46912527,0.01,0.99,0.24611998,0.99,0.99,0.130447,0.99,0.01,0.01,0.01,0.99,0.124071635,0.19946155,0.01,0.65773934,0.01,0.3672627,0.12133443,0.22489977,0.01,0.13806763,0.01,0.99,0.41119894,0.66384244,0.22654404,0.99,0.11783135,0.7510346,0.01,0.81418836,0.01,0.24896987,0.62414545,0.9128797,0.99,0.40582055,0.99,0.47748953,0.50209224,0.3130346,0.25051388,0.99,0.99,0.42130217,0.01,0.99,0.8038651,0.9650841,0.99,0.890068,0.08598393,0.2885619,0.99,0.25234935,0.99,0.39012536,0.5885737,0.99,0.01,0.44905335,0.23213074,0.6599054,0.01644659,0.6670363,0.23113978,0.6258423,0.8710498,0.01,0.13243932,0.119929716,0.2903213,0.35990146,0.027263552,0.01,0.7162563,0.01,0.6283971,0.01,0.91700596,0.32640484,0.13632685,0.3115476,0.2759617,0.16398263,0.99,0.01,0.33753356,0.99,0.99,0.99,0.7003246,0.01,0.01,0.4514544,0.7688742,0.38285214,0.5235238,0.99,0.8507065,0.28261226,0.015463591,0.99,0.8754672,0.2410624,0.2940085,0.5261718,0.01,0.9561833,0.01,0.01,0.99,0.06767841,0.6132684,0.13356823,0.88791615,0.99,0.03414893,0.31552908,0.88683486,0.34645623,0.40038753,0.01,0.47259212,0.99,0.42295298,0.16850157,0.01,0.99,0.01,0.99,0.01,0.66759765,0.8711729,0.01,0.01,0.5403242,0.6964798,0.01,0.99,0.54788345,0.15618968,0.9617733,0.6999567,0.01,0.99,0.77979314,0.12253916,0.01,0.7449934
SIM-0076-NT,0.9472825,0.01,0.015309155,0.99,0.1522085,0.8961915,0.99,0.99,0.01,0.28193572,0.6874737,0.67574584,0.6768049,0.31975064,0.27515006,0.81993866,0.4626621,0.01,0.16326165,0.54845166,0.8808073,0.99,0.26057667,0.99,0.5106364,0.58369094,0.5903188,0.7356152,0.4839506,0.99,0.01,0.6865309,0.99,0.85984904,0.269547,0.01,0.99,0.99,0.30765194,0.9732413,0.41980478,0.275629,0.99,0.60354584,0.9291463,0.01,0.1473498,0.6145,0.99,0.7321722,0.01,0.99,0.7402892,0.6595162,0.6023048,0.25627357,0.6182252,0.99,0.99,0.99,0.4233958,0.01,0.14618528,0.99,0.5604778,0.78445745,0.31608856,0.21051177,0.089034036,0.99,0.6914427,0.01,0.99,0.01,0.4387463,0.40098077,0.99,0.99,0.88347006,0.8313053,0.99,0.01,0.99,0.01,0.63393164,0.44802397,0.026004791,0.99,0.34243822,0.63500035,0.1781004,0.99,0.99,0.99,0.7279392,0.01,0.90662503,0.4695756,0.99,0.09717214,0.6635343,0.95416987,0.01,0.99,0.060960203,0.67512995,0.13478109,0.38257438,0.04462488,0.99,0.7862533,0.99,0.33383772,0.7993208,0.3033933,0.16340718,0.5280526,0.01,0.7588879,0.11749672,0.2844603,0.9347147,0.12992533,0.86742175,0.99,0.99,0.33538112,0.01,0.01,0.01,0.69664204,0.5028907,0.49341935,0.01,0.09783214,0.99,0.85744953,0.99,0.99,0.7859838,0.01,0.1793958,0.6920934,0.4545041,0.51481616,0.31131002,0.117973685,0.8762717,0.99,0.99,0.99,0.038236767,0.7298087,0.19464052,0.99,0.45396513,0.07987164,0.8849369,0.82278377,0.20654614,0.53110826,0.70540094,0.5793735,0.99,0.051346004,0.27397746,0.710549,0.63479906,0.77669954,0.87116176,0.28479263,0.99,0.01,0.99,0.4510287,0.39679793,0.37880898,0.4507206,0.01,0.7160081,0.99,0.028050408,0.14742684,0.3336256,0.01,0.01,0.99,0.99,0.8431903,0.96088266,0.99,0.57133186,0.06601912,0.5252886,0.016003087,0.5628328,0.99,0.99,0.01,0.11720419
SIM-0077-NT,0.40422606,0.99,0.01,0.01,0.99,0.97518957,0.01,0.78278816,0.96087754,0.01,0.220693,0.8802718,0.01,0.43753624,0.01,0.28464434,0.42319652,0.8138686,0.63384056,0.99,0.99,0.32993925,0.05994162,0.6615694,0.01,0.6307332,0.43631142,0.80142057,0.38239872,0.49120283,0.69967234,0.33863494,0.01,0.66661173,0.46006885,0.7854976,0.99,0.01,0.5982868,0.76525617,0.01,0.54900384,0.01,0.99,0.013193041,0.01,0.99,0.01,0.43174145,0.42007506,0.01,0.99,0.83231604,0.8292782,0.9554758,0.01,0.99,0.74945104,0.3077857,0.99,0.99,0.594063,0.78094894,0.01,0.99,0.4165768,0.54999787,0.014223814,0.14104596,0.39780852,0.1494478,0.49358448,0.7548644,0.14735264,0.99,0.28090596,0.49753973,0.01,0.61908245,0.37008467,0.46340373,0.6034267,0.3012935,0.01,0.81304073,0.01,0.95066935,0.54336727,0.267624,0.67524356,0.18036976,0.42136896,0.7088659,0.99,0.70120907,0.26719347,0.23828667,0.32432795,0.29552102,0.99,0.01,0.01,0.01,0.99,0.25491178,0.99,0.121331304,0.82366824,0.5060225,0.9627185,0.35651085,0.63101333,0.20447448,0.081751764,0.99,0.03440568,0.7333782,0.99,0.2507562,0.01,0.045134082,0.341946,0.6508331,0.42812914,0.99,0.818128,0.81986094,0.40859628,0.78001845,0.46800852,0.031520873,0.5815203,0.40607578,0.6019385,0.7714157,0.6274581,0.4779932,0.39390358,0.99,0.45108324,0.32742107,0.8733996,0.6807081,0.9519843,0.56590044,0.99,0.385813,0.87474537,0.71723527,0.99,0.32758796,0.3861208,0.79726684,0.21817385,0.92714995,0.99,0.26633757,0.2497822,0.6590196,0.01,0.37275404,0.37110364,0.82502645,0.01,0.99,0.03833872,0.83600605,0.2528202,0.6787777,0.01,0.7673675,0.33358777,0.22912495,0.01,0.99,0.19058824,0.48514265,0.28522903,0.99,0.22053018,0.23672351,0.40616047,0.01,0.31343138,0.5761236,0.9861468,0.28783765,0.58552694,0.7208444,0.01,0.99,0.01,0.23989153,0.5444804,0.18965776,0.22245616,0.99,0.01,0.01,0.01
SIM-0078-NT,0.08309212,0.99,0.01,0.99,0.6003289,0.01,0.01,0.7374237,0.01,0.31193027,0.01,0.99,0.36364102,0.5075029,0.99,0.48099497,0.99,0.99,0.16952774,0.41047755,0.77345395,0.01,0.16734302,0.7364683,0.6373494,0.01,0.99,0.17351294,0.61940336,0.39203623,0.99,0.01,0.99,0.99,0.57852304,0.70824474,0.84547186,0.99,0.6728642,0.99,0.01,0.20551482,0.01,0.50096273,0.99,0.7009387,0.94612193,0.5985112,0.99,0.4638613,0.01,0.6230489,0.01,0.28610745,0.88944227,0.01,0.8339429,0.8950721,0.99,0.01,0.42023885,0.49967933,0.5871661,0.8866169,0.99,0.99,0.68212765,0.99,0.01,0.99,0.36867478,0.85575014,0.99,0.01,0.24214953,0.20362236,0.91363084,0.99,0.24308676,0.99,0.6375896,0.01,0.17950425,0.04730037,0.74689394,0.49867892,0.01,0.6470002,0.45248988,0.01,0.54534817,0.90686685,0.99,0.99,0.01,0.46741027,0.99,0.01,0.77097505,0.90946233,0.99,0.045451954,0.6924546,0.99,0.5665623,0.99,0.19341555,0.67313373,0.22969685,0.10335958,0.95736575,0.97692233,0.67676044,0.48869705,0.8525865,0.572437,0.5331298,0.08947736,0.22079518,0.18931185,0.01,0.48912233,0.01,0.01,0.99,0.99,0.5014212,0.85253465,0.78457683,0.53292304,0.4950106,0.01,0.99,0.99,0.99,0.69096565,0.99,0.6234262,0.99,0.39029658,0.01,0.99,0.8695041,0.7046958,0.4205677,0.01,0.13506556,0.7586382,0.734022,0.01,0.99,0.30636436,0.99,0.01,0.8473271,0.981469,0.60985833,0.023666978,0.99,0.48242766,0.25052437,0.01,0.01,0.16150023,0.7071834,0.90793645,0.99,0.37720656,0.99,0.18347548,0.91681516,0.01,0.16581716,0.99,0.4569354,0.74526954,0.5842246,0.13866365,0.01,0.8639656,0.99,0.3380152,0.59261966,0.07803458,0.96583843,0.04434246,0.99,0.99,0.860624,0.99,0.99,0.35497183,0.943228,0.051033795,0.044629246,0.99,0.5334764,0.31249163,0.7379731,0.663457
SIM-0079-NT,0.01,0.8377539,0.5867743,0.99,0.74474823,0.725873,0.01,0.39752144,0.56583744,0.99,0.35380486,0.27988827,0.5025917,0.272745,0.99,0.3909501,0.99,0.6332982,0.8874082,0.01,0.36379096,0.49588364,0.08405127,0.99,0.62159526,0.93107253,0.99,0.7388585,0.99,0.047715306,0.107290685,0.01,0.99,0.88111514,0.99,0.37061584,0.46457618,0.6766595,0.01,0.36649328,0.01,0.27410245,0.32380515,0.69418174,0.01,0.1324102,0.8001595,0.01,0.99,0.31942424,0.01,0.99,0.99,0.057392776,0.49487978,0.059698313,0.4942511,0.31562412,0.8451305,0.99,0.6402718,0.6347517,0.4691084,0.01,0.70919627,0.1835373,0.99,0.99,0.31733,0.71147346,0.0681463,0.99,0.7913542,0.8396796,0.99,0.504011,0.36997712,0.6319644,0.99,0.99,0.8495793,0.01,0.35712007,0.060701102,0.36716905,0.99,0.36626595,0.99,0.30063254,0.07442331,0.01,0.27604827,0.01,0.99,0.40842754,0.01,0.99,0.063520715,0.99,0.3813703,0.261219,0.6576159,0.01,0.99,0.01,0.99,0.3309185,0.5151018,0.1671274,0.36939117,0.01,0.823086,0.94398844,0.17674983,0.99,0.49769828,0.31757265,0.01,0.46056333,0.37791497,0.17784317,0.026213408,0.5772484,0.99,0.20364162,0.45869952,0.99,0.5724603,0.01,0.3318537,0.01,0.31904447,0.58858365,0.16106254,0.99,0.600533,0.3247525,0.05104083,0.17097607,0.01,0.25768727,0.28746393,0.93130755,0.15291849,0.99,0.6342595,0.83294517,0.99,0.99,0.41234705,0.92590594,0.7152796,0.99,0.40695933,0.99,0.01,0.01,0.01,0.7362197,0.16763231,0.01,0.01,0.01,0.01,0.55008656,0.082543075,0.98225695,0.8686743,0.99,0.62907696,0.949329,0.37808895,0.6597981,0.75637347,0.94618237,0.99,0.31374192,0.01,0.99,0.8478777,0.68997264,0.01,0.91054934,0.635024,0.075871825,0.82675505,0.01,0.947237,0.2743789,0.99,0.99,0.01,0.99,0.01,0.4179903,0.072618365,0.2158044,0.35512286,0.67559457,0.99
SIM-0080-NT,0.01,0.69594026,0.99,0.4246739,0.42189628,0.61169565,0.99,0.99,0.016435817,0.01,0.82823217,0.23900524,0.01,0.01,0.34891522,0.99,0.22451222,0.99,0.96983737,0.5039692,0.01,0.01,0.01,0.99,0.1657393,0.020189762,0.7778995,0.01,0.83660126,0.32496253,0.99,0.01,0.99,0.104124665,0.99,0.44493985,0.8513092,0.64985955,0.6282656,0.7792904,0.5624259,0.01,0.38058302,0.6712756,0.2374048,0.50493824,0.01,0.01,0.99,0.01,0.7869867,0.6181674,0.99,0.94023454,0.60581726,0.073277436,0.99,0.99,0.99,0.7444482,0.27386576,0.22584826,0.01,0.01,0.8033582,0.051642075,0.74538577,0.3749977,0.01,0.95274043,0.2192396,0.01,0.8321709,0.99,0.99,0.01,0.49341732,0.36369857,0.3465598,0.32805356,0.036248326,0.01,0.43341497,0.01,0.61230147,0.99,0.99,0.7469413,0.66426146,0.6043737,0.010496214,0.01,0.7112299,0.99,0.01,0.01,0.42537642,0.25731987,0.93869936,0.93628037,0.99,0.01,0.01,0.99,0.99,0.01,0.7748129,0.45726123,0.6432483,0.99,0.3653325,0.80617505,0.3306817,0.99,0.99,0.26883143,0.30270585,0.35065147,0.8741883,0.17444104,0.01,0.7985128,0.01,0.6545696,0.01,0.6617787,0.3953007,0.01,0.44051006,0.019964814,0.39600867,0.01,0.01,0.01,0.01,0.99,0.9705253,0.99,0.36242062,0.34991348,0.42040777,0.5523125,0.248034,0.47234696,0.9526143,0.01,0.22409096,0.01,0.73220676,0.99,0.99,0.29934728,0.79303265,0.01,0.33967295,0.5988843,0.01,0.7761533,0.99,0.01,0.01,0.01,0.01,0.01,0.01,0.01,0.99,0.42969733,0.62025106,0.059018984,0.8868307,0.01,0.53243124,0.92680895,0.99,0.99,0.4767728,0.01,0.40170094,0.010074288,0.2016083,0.11633547,0.38765666,0.6600412,0.86172295,0.47450012,0.15511799,0.99,0.83696425,0.99,0.8151615,0.14104295,0.99,0.50334984,0.01,0.01,0.99,0.01,0.13693243,0.6862998
SIM-0081-NT,0.01,0.01,0.01,0.99,0.99,0.12663668,0.86942387,0.99,0.05539021,0.01,0.99,0.01,0.54093915,0.39565828,0.99,0.78988355,0.32928652,0.3149623,0.01,0.4887542,0.7069906,0.01,0.09582459,0.99,0.918442,0.99,0.01,0.81599045,0.9745982,0.09824854,0.01,0.29186967,0.2183075,0.27485806,0.6301592,0.48154247,0.42702392,0.38604045,0.709705,0.01,0.7625203,0.304544,0.67186874,0.50964224,0.01,0.99,0.025603592,0.01,0.8448541,0.35547405,0.7138727,0.7650403,0.99,0.5515141,0.575412,0.742144,0.57386523,0.47247624,0.88467956,0.285665,0.48078343,0.01,0.2833407,0.01,0.7362372,0.048076496,0.46972665,0.49093717,0.092217945,0.45184866,0.3529208,0.99,0.8119034,0.01,0.6963795,0.4299472,0.99,0.99,0.20918459,0.99,0.7473739,0.01,0.1595367,0.80531657,0.7322626,0.09012872,0.01,0.16475719,0.01,0.7264217,0.01,0.10244386,0.99,0.99,0.99,0.01,0.99,0.1797291,0.8463014,0.99,0.59023184,0.01,0.01,0.7009875,0.01,0.99,0.99,0.5526495,0.3654006,0.85117835,0.3906508,0.99,0.01,0.8624382,0.8584024,0.01,0.25500596,0.99,0.01,0.111095406,0.99,0.01,0.11568102,0.46347728,0.79512024,0.5675471,0.01,0.65072775,0.2238014,0.88452303,0.81547976,0.01,0.95128495,0.35199153,0.6930797,0.80490255,0.99,0.66472876,0.41670102,0.36546338,0.01,0.99,0.01,0.8447987,0.48906133,0.01,0.99,0.01,0.76824296,0.9538251,0.01,0.736847,0.4050024,0.2273012,0.99,0.5666734,0.017403737,0.07241752,0.99,0.34676093,0.01,0.12314542,0.01,0.12525962,0.99,0.028579421,0.093232274,0.99,0.20152025,0.50359535,0.45947295,0.9183732,0.01,0.28416222,0.99,0.01,0.26280278,0.99,0.01,0.4425949,0.01,0.01,0.01,0.42837444,0.01,0.7862589,0.81023663,0.64682835,0.01,0.8833103,0.99,0.01,0.1658206,0.01,0.7561291,0.99,0.2238877,0.17593944,0.01,0.1000855
SIM-0082-NT,0.99,0.49355066,0.99,0.3510582,0.01,0.99,0.68696636,0.99,0.01,0.01,0.2475414,0.01,0.30135602,0.99,0.8612205,0.49436122,0.99,0.8976967,0.01,0.31681857,0.99,0.071370915,0.99,0.99,0.24608532,0.01,0.8536954,0.99,0.059592783,0.7844349,0.01,0.23129208,0.061938822,0.9553261,0.5164567,0.77380097,0.51018107,0.293873,0.01,0.7661314,0.89492756,0.5797143,0.791055,0.9609544,0.63421285,0.8152541,0.90767974,0.01,0.60384446,0.01,0.3545376,0.99,0.99,0.02360046,0.99,0.35960573,0.99,0.01,0.99,0.01,0.63425493,0.6027705,0.105954334,0.2540683,0.78121734,0.29152006,0.88603824,0.7319746,0.16628148,0.01,0.01,0.99,0.99,0.459579,0.94408846,0.01,0.01,0.7178921,0.01,0.7506965,0.99,0.01,0.01,0.01,0.5257508,0.6795353,0.094444156,0.99,0.99,0.99,0.19913107,0.25533572,0.41114414,0.61707735,0.99,0.64445376,0.01,0.31703815,0.99,0.4925716,0.13273537,0.52136815,0.60903555,0.99,0.5939629,0.92155856,0.47026804,0.01,0.01,0.99,0.39517266,0.79017353,0.24538109,0.6706795,0.8917955,0.85825485,0.93255967,0.053247273,0.7316115,0.01,0.01,0.99,0.1562988,0.96205413,0.25811854,0.20402905,0.15615228,0.55335116,0.3621761,0.8194933,0.10544826,0.14906141,0.01313445,0.99,0.01,0.14698103,0.34090543,0.99,0.99,0.19515675,0.7640669,0.98786074,0.67618775,0.7930416,0.62984574,0.47392473,0.01,0.99,0.58536977,0.21823287,0.25074452,0.28419292,0.33927867,0.74038553,0.99,0.01,0.01,0.01,0.6875219,0.99,0.01,0.99,0.16529074,0.99,0.53867555,0.01,0.75042003,0.99,0.47696745,0.32751656,0.89902115,0.01,0.56027955,0.5526693,0.99,0.92701495,0.6951325,0.01,0.99,0.32150298,0.01,0.15607178,0.01,0.82558495,0.9479866,0.01,0.7540526,0.808861,0.01,0.99,0.99,0.99,0.7066802,0.01,0.4212074,0.99,0.21458828,0.90166855,0.01,0.98227483
SIM-0083-NT,0.9581384,0.01,0.70943344,0.01,0.4338533,0.8331566,0.5116617,0.99,0.22765417,0.174958,0.7194146,0.45749232,0.4223035,0.7727917,0.60323447,0.9470192,0.48529235,0.29487255,0.01,0.01,0.99,0.01,0.09892907,0.99,0.3793797,0.66385806,0.01,0.99,0.788113,0.21509403,0.01,0.99,0.5962167,0.17591092,0.644421,0.21746907,0.85633665,0.83183795,0.31491786,0.89417577,0.5125038,0.99,0.21923429,0.99,0.036781043,0.01,0.01,0.49351728,0.99,0.14952457,0.01,0.99,0.80208904,0.0343031,0.12988609,0.33967343,0.99,0.8784225,0.6333568,0.01,0.97490406,0.24311368,0.01,0.06324673,0.90462947,0.21944319,0.01,0.30483836,0.01,0.3839908,0.99,0.6517228,0.14220172,0.21058926,0.7848444,0.52408326,0.99,0.99,0.9863013,0.6581003,0.99,0.01,0.28866544,0.07822038,0.01,0.99,0.94176906,0.01,0.7250474,0.5359782,0.7487062,0.35450202,0.01,0.8973406,0.14000869,0.01,0.99,0.32965323,0.99,0.47047013,0.01,0.49277902,0.01,0.72892433,0.7293962,0.664292,0.3647612,0.01,0.6845499,0.6726061,0.6501206,0.80541,0.99,0.5016024,0.67861617,0.01,0.23535681,0.59380925,0.070807755,0.35326752,0.9409217,0.09985432,0.01,0.235622,0.01,0.99,0.4718744,0.0627996,0.01,0.01,0.85920286,0.99,0.01,0.99,0.15754893,0.99,0.01,0.7742991,0.41440904,0.951491,0.38354224,0.7410738,0.48632222,0.99,0.5133231,0.8206675,0.82444805,0.99,0.30174708,0.99,0.67134106,0.01,0.6336985,0.99,0.5740026,0.31148845,0.41804042,0.01,0.84382117,0.01,0.5256822,0.33636042,0.99,0.37411818,0.58284855,0.62646437,0.0661965,0.99,0.01,0.81911415,0.99,0.01,0.17707904,0.8121543,0.99,0.21865484,0.29415613,0.49341968,0.08866888,0.01,0.67683434,0.1638448,0.01,0.55969167,0.01,0.886271,0.7175525,0.99,0.01,0.9326387,0.99,0.14433503,0.18916976,0.33711594,0.535272,0.09899753,0.79726815,0.6346444,0.090142146,0.13571
SIM-0084-NT,0.5888745,0.99,0.69210666,0.23979264,0.5217467,0.01,0.01,0.26392013,0.25582504,0.8306616,0.66805387,0.04866022,0.036061615,0.25011522,0.01,0.28308976,0.99,0.58383054,0.01,0.01,0.18712857,0.6111993,0.12681772,0.99,0.40965256,0.52505034,0.21366397,0.19947207,0.22100717,0.99,0.33790308,0.01,0.99,0.99,0.45510045,0.43492535,0.67556304,0.01,0.99,0.4687466,0.749585,0.01,0.31568927,0.84115076,0.01,0.99,0.8729247,0.59995615,0.7638624,0.3444259,0.7035155,0.99,0.60364884,0.01,0.01,0.19942173,0.7748217,0.99,0.99,0.19179973,0.7770669,0.01,0.8231512,0.18605256,0.99,0.84696543,0.54570675,0.2110574,0.99,0.40157825,0.01,0.99,0.58705693,0.45358497,0.49541044,0.1373003,0.603736,0.46629587,0.83911794,0.33919904,0.99,0.01,0.01,0.510363,0.8224236,0.99,0.6128704,0.87256575,0.4634654,0.99,0.7330328,0.47599968,0.6514361,0.99,0.55193526,0.01,0.01,0.01,0.86730105,0.99,0.17848952,0.19667707,0.044660166,0.99,0.6070201,0.4080965,0.103396416,0.3567471,0.01,0.7412391,0.411814,0.311817,0.99,0.99,0.7376967,0.01,0.49178535,0.35636836,0.44794375,0.01,0.01,0.3399052,0.16833133,0.3113549,0.6357706,0.57302403,0.4655587,0.22843467,0.4541752,0.21174538,0.01,0.01,0.09637529,0.01,0.01,0.8096968,0.99,0.94045377,0.37681034,0.01,0.4489433,0.01,0.49598587,0.04534477,0.01,0.99,0.01,0.511469,0.744637,0.60162044,0.7351964,0.1457349,0.9308505,0.510813,0.08103001,0.61323357,0.01,0.01,0.9188759,0.01,0.51095796,0.5581732,0.01,0.7214236,0.83666223,0.01,0.69380176,0.99,0.23800373,0.99,0.99,0.2541298,0.27794176,0.7744066,0.5960449,0.7802948,0.69254255,0.01,0.9857147,0.87704885,0.8987993,0.04360971,0.5325614,0.99,0.20190395,0.24453059,0.99,0.99,0.041128576,0.99,0.99,0.01,0.01,0.5333571,0.13398895,0.08213925,0.40278634,0.39974228,0.18933114,0.49053615
SIM-0085-NT,0.01,0.01,0.27463278,0.99,0.99,0.49614403,0.6024473,0.01,0.648018,0.41850483,0.31173512,0.01,0.99,0.99,0.7841619,0.8629076,0.8442482,0.99,0.01,0.01,0.01,0.01,0.01,0.99,0.32165408,0.39232376,0.09144366,0.01,0.8694637,0.4531887,0.48577833,0.6732873,0.99,0.6639821,0.99,0.39792028,0.99,0.99,0.55741066,0.16975299,0.99,0.01,0.6142987,0.8267452,0.90833545,0.6633719,0.01,0.99,0.99,0.44978896,0.01,0.99,0.29382688,0.7274852,0.99,0.01,0.5297904,0.39743912,0.12565997,0.28713685,0.99,0.4869457,0.01,0.6343972,0.22757632,0.6782595,0.08518088,0.99,0.01,0.4038883,0.48055708,0.01,0.99,0.015468299,0.62649024,0.01,0.99,0.25724894,0.9328306,0.346666,0.99,0.99,0.01,0.26996833,0.31102365,0.99,0.47965854,0.99,0.025304928,0.99,0.01,0.5050398,0.6626531,0.86079645,0.731932,0.17281722,0.70256644,0.33793068,0.99,0.01,0.99,0.99,0.01,0.90795,0.99,0.99,0.99,0.7439022,0.01,0.99,0.6588119,0.99,0.01,0.011391699,0.86070365,0.8852982,0.99,0.06035453,0.27611563,0.99,0.01,0.6601342,0.11784193,0.6797023,0.1556235,0.18878537,0.24405724,0.15441784,0.12204446,0.8335707,0.99,0.01,0.01,0.48406076,0.01,0.01,0.99,0.7018549,0.7076055,0.01,0.060590208,0.022007406,0.52908057,0.51229703,0.66760963,0.055052906,0.08370605,0.5927564,0.9876285,0.54723847,0.034203082,0.06886372,0.4106817,0.12523586,0.22081518,0.2725578,0.8107525,0.010394186,0.15416968,0.01,0.99,0.936964,0.3806979,0.9324663,0.9579519,0.07391119,0.14164454,0.99,0.17928873,0.031695247,0.5994007,0.22304872,0.679289,0.99,0.6079398,0.73062724,0.6203084,0.31913665,0.99,0.40014738,0.99,0.01,0.5945606,0.074885845,0.01,0.6851511,0.6548048,0.99,0.8037895,0.42336795,0.99,0.094676726,0.8746221,0.26596484,0.3673777,0.8034804,0.48623765,0.99,0.01,0.2934966
SIM-0086-NT,0.20735735,0.01,0.09920171,0.40126178,0.6217271,0.66238725,0.8508214,0.6404549,0.9880985,0.01,0.01,0.45399493,0.4584668,0.01,0.99,0.31737188,0.2424953,0.22996098,0.6972904,0.8333142,0.02716899,0.01,0.28366697,0.99,0.7329579,0.12509218,0.62269914,0.55246586,0.99,0.99,0.99,0.99,0.99,0.99,0.5662793,0.9615371,0.09221667,0.99,0.01,0.99,0.99,0.33948714,0.01,0.28634763,0.51469404,0.7846489,0.36445552,0.37870958,0.10030258,0.99,0.01,0.99,0.99,0.01,0.83352494,0.3241315,0.7702584,0.99,0.2864779,0.19984138,0.63217926,0.99,0.01,0.58689046,0.99,0.01,0.8761771,0.13180879,0.01,0.01,0.01,0.329276,0.59136385,0.29390597,0.18112624,0.32159567,0.99,0.99,0.5875996,0.99,0.4298841,0.01,0.46068805,0.032582924,0.01,0.99,0.18970752,0.52091676,0.7532817,0.9562595,0.34248877,0.01,0.08627361,0.99,0.90425074,0.27010995,0.35617727,0.01,0.91523206,0.041776597,0.2843468,0.01,0.01,0.9731288,0.7584645,0.89816463,0.05186087,0.01,0.21194659,0.01,0.813287,0.021746099,0.99,0.13839072,0.99,0.01,0.4225953,0.5152143,0.90948117,0.70513165,0.57093525,0.84127605,0.03570667,0.76672053,0.418343,0.99,0.4872358,0.7371577,0.4198406,0.9508341,0.01,0.01,0.929204,0.99,0.22252534,0.9635168,0.01,0.35083187,0.6593361,0.01,0.01,0.80892164,0.23647472,0.27179667,0.3976588,0.01,0.40142995,0.68251264,0.5177672,0.5861081,0.40091968,0.92610073,0.69266534,0.01,0.17297745,0.96122026,0.01,0.11340396,0.99,0.46036223,0.01,0.99,0.31321892,0.5357648,0.8462391,0.5684244,0.721868,0.044454217,0.5595722,0.01,0.99,0.014667571,0.36606523,0.52873045,0.99,0.94486666,0.01,0.876664,0.69818825,0.36233887,0.23694211,0.99,0.85864204,0.8842522,0.794243,0.3826797,0.59437734,0.01,0.01,0.99,0.99,0.31443605,0.01,0.731446,0.025017306,0.99,0.01,0.23048696,0.6630948,0.99
SIM-0087-NT,0.22872439,0.01,0.99,0.08117944,0.14538258,0.6266903,0.99,0.4205958,0.010908902,0.2493347,0.01,0.01,0.83586526,0.8126197,0.8204179,0.2960583,0.99,0.45775637,0.01,0.99,0.01,0.14919028,0.18047291,0.79162586,0.01,0.01,0.99,0.99,0.6402569,0.25890934,0.01,0.87137246,0.99,0.01,0.01,0.26319164,0.9135175,0.37099522,0.18106282,0.44698688,0.66209114,0.01,0.4573286,0.42313614,0.01,0.01,0.36608082,0.7430287,0.67196107,0.5482937,0.8163303,0.99,0.99,0.99,0.79926085,0.01,0.63871455,0.9190488,0.99,0.01,0.9452658,0.01,0.2193353,0.1336108,0.91200745,0.99,0.99,0.41009855,0.01,0.01,0.01,0.65456456,0.01,0.18524536,0.71352273,0.01,0.54969966,0.99,0.99,0.39192742,0.99,0.01,0.11334635,0.31534177,0.99,0.99,0.7084742,0.32514402,0.90342826,0.51755273,0.47867778,0.25534326,0.99,0.579142,0.99,0.100397885,0.8775995,0.9438865,0.01,0.63496786,0.01,0.39624274,0.5924919,0.6487832,0.20582265,0.82916826,0.01,0.7245394,0.01,0.99,0.01,0.2787796,0.2842521,0.47030753,0.99,0.64173496,0.2668401,0.18295088,0.9219917,0.01,0.21846664,0.019578755,0.25791928,0.8468765,0.25416434,0.99,0.99,0.7290311,0.23205978,0.99,0.01,0.8893844,0.05818668,0.99,0.01,0.8888173,0.01,0.554976,0.07851207,0.01,0.9557309,0.11616862,0.17177925,0.019330204,0.99,0.8972753,0.99,0.29613295,0.99,0.43935347,0.12556237,0.16685638,0.40874094,0.30616713,0.35055906,0.611019,0.01,0.27172026,0.2287547,0.01,0.01,0.8388902,0.49069607,0.2683437,0.33653682,0.50318515,0.99,0.7712411,0.01,0.01,0.8602804,0.01,0.01,0.41565177,0.94221085,0.01,0.3314408,0.6943651,0.4395643,0.01,0.99,0.01,0.35361168,0.88394725,0.31073222,0.8483163,0.2013455,0.49584958,0.31415862,0.99,0.99,0.560785,0.78527135,0.4534683,0.6887583,0.01,0.5855106,0.6895703,0.7298627,0.01
SIM-0088-NT,0.01690036,0.01,0.77926564,0.97943115,0.2644939,0.99,0.7228605,0.9070919,0.09197338,0.6589297,0.36491433,0.99,0.01,0.01,0.2669559,0.64358544,0.6046478,0.99,0.11964892,0.9323078,0.01,0.8176158,0.9028033,0.566509,0.69510406,0.5405133,0.9421021,0.99,0.99,0.9812976,0.8150218,0.01,0.8688453,0.12345618,0.85187596,0.7531873,0.77689993,0.01,0.01,0.8611505,0.37932023,0.50176406,0.01,0.9511789,0.5522589,0.861789,0.1262464,0.7314385,0.99,0.01,0.21432215,0.01,0.37326208,0.01,0.73629165,0.37390614,0.99,0.76455843,0.9569138,0.01,0.99,0.01,0.99,0.88801754,0.99,0.99,0.01,0.99,0.19648322,0.22638665,0.01,0.78214395,0.9150971,0.01,0.74518037,0.01,0.5430716,0.99,0.99,0.99,0.99,0.61885357,0.01,0.36971232,0.99,0.01,0.01,0.060580313,0.01,0.16229373,0.01,0.99,0.44918662,0.12597871,0.67232907,0.049118385,0.20198125,0.01,0.99,0.01,0.01,0.4067946,0.01,0.99,0.38969693,0.6770785,0.99,0.01,0.38489723,0.67401046,0.85447747,0.23902515,0.74823177,0.43990445,0.99,0.09317811,0.6378374,0.99,0.33634162,0.39674872,0.99,0.5173877,0.01,0.10919109,0.01,0.99,0.38253903,0.95878553,0.5798812,0.8742652,0.01,0.38129517,0.99,0.01,0.1219026,0.7351758,0.6016255,0.99,0.9826125,0.8249924,0.7617721,0.99,0.5598501,0.26772445,0.99,0.01698643,0.47405207,0.11099774,0.99,0.99,0.03513223,0.43925542,0.49986348,0.8892237,0.99,0.25576657,0.01,0.7340479,0.79614204,0.16893107,0.80634606,0.18529513,0.01,0.17326048,0.9386972,0.5512299,0.99,0.98693466,0.32549638,0.66598576,0.09504324,0.9054321,0.49762398,0.7523982,0.41235906,0.99,0.20846096,0.6029909,0.01,0.19293371,0.32846227,0.31786352,0.13342294,0.01,0.023495018,0.01,0.247621,0.99,0.01,0.9186776,0.6386472,0.01,0.01,0.5738198,0.37994194,0.01,0.99,0.01,0.41484293,0.01
SIM-0089-NT,0.32841334,0.01,0.25373513,0.6106514,0.16473651,0.6509432,0.8023908,0.99,0.6601348,0.781893,0.01,0.01,0.28639135,0.99,0.99,0.023142338,0.52558184,0.9819727,0.21784846,0.30538642,0.6690016,0.99,0.87051344,0.99,0.01,0.9440466,0.20881423,0.99,0.99,0.99,0.11204898,0.15917848,0.68785167,0.99,0.99,0.90479904,0.99,0.1869803,0.4351356,0.8021245,0.60136527,0.5807245,0.70894104,0.47304067,0.26522866,0.29222792,0.09009272,0.298881,0.18629128,0.9619766,0.89052993,0.9228633,0.99,0.40479153,0.2584648,0.99,0.01,0.6377015,0.23582354,0.96319914,0.9256109,0.99,0.3106658,0.01,0.01,0.8118861,0.41114542,0.41511095,0.7429837,0.6310266,0.01,0.35773596,0.01,0.01,0.99,0.5828064,0.91937596,0.9358487,0.36460343,0.99,0.01,0.01,0.34177637,0.19973275,0.5026004,0.43652585,0.8744632,0.17320871,0.15216768,0.90364736,0.08816816,0.31900048,0.77568084,0.01,0.01,0.21056464,0.28885615,0.01,0.99,0.17324355,0.01,0.99,0.85174835,0.99,0.01,0.6885553,0.01,0.52795076,0.04209873,0.31779146,0.5927172,0.43304232,0.99,0.66227657,0.01,0.01,0.99,0.24370903,0.59933907,0.2002386,0.91543543,0.01,0.99,0.99,0.59186965,0.8143463,0.24415033,0.01,0.56424594,0.69393474,0.48731244,0.36999476,0.13255349,0.99,0.2845401,0.8288218,0.4165549,0.99,0.6703552,0.57938695,0.95664984,0.01,0.39930695,0.13881174,0.7877499,0.546427,0.5042925,0.3323635,0.79710674,0.99,0.4136891,0.99,0.99,0.36107665,0.01,0.38615906,0.50773364,0.017967239,0.925222,0.032166027,0.44073576,0.99,0.631768,0.01,0.01,0.33302525,0.99,0.01,0.2929055,0.99,0.4463532,0.99,0.01,0.54329205,0.5448955,0.07809013,0.01,0.5395109,0.7367576,0.05188352,0.3746013,0.83161974,0.7531179,0.39073256,0.44593877,0.01,0.9038569,0.86010176,0.3576927,0.7876608,0.82783645,0.01,0.99,0.88946694,0.01,0.01,0.01,0.99,0.13370773,0.6262325
SIM-0090-NT,0.08357993,0.3191024,0.38993904,0.8318694,0.78433,0.032589614,0.11333135,0.80421567,0.01,0.01,0.09309811,0.8250404,0.99,0.4812248,0.65504235,0.01,0.9861001,0.25534695,0.16231053,0.6292944,0.61039376,0.01,0.6192018,0.82946485,0.99,0.99,0.99,0.01,0.99,0.01,0.99,0.99,0.99,0.46190858,0.99,0.01,0.78731185,0.5635549,0.01,0.16585356,0.99,0.06649633,0.5435681,0.75598425,0.13102524,0.48489207,0.25034648,0.01,0.99,0.99,0.01,0.6912032,0.99,0.01,0.9633758,0.99,0.99,0.6669605,0.99,0.56072605,0.48649526,0.01,0.58961916,0.5863462,0.5726595,0.99,0.99,0.99,0.01,0.01,0.05414898,0.01,0.01,0.61442155,0.99,0.01,0.6124983,0.8334899,0.5714844,0.01,0.99,0.01,0.01,0.01,0.74429595,0.5625486,0.21888605,0.99,0.3904844,0.01,0.5132169,0.90722346,0.60633284,0.76670647,0.99,0.01,0.5102169,0.2993704,0.8315367,0.5315205,0.28311437,0.95784986,0.6506554,0.8466629,0.034878463,0.36176264,0.99,0.01,0.99,0.84092724,0.01,0.6534017,0.25946775,0.40989307,0.09708965,0.09944979,0.01,0.12329447,0.06568155,0.01,0.01,0.33944252,0.78776634,0.6226286,0.99,0.3584388,0.5918062,0.6090838,0.8499287,0.2054224,0.7480489,0.01,0.14975992,0.29997802,0.50706106,0.014462531,0.078790635,0.33906996,0.6425804,0.15382227,0.48495716,0.5510297,0.8682684,0.47660536,0.99,0.44909903,0.01,0.5829809,0.8196924,0.38250872,0.99,0.36125118,0.41756204,0.44233114,0.31680217,0.9784867,0.5753616,0.22295958,0.99,0.01,0.01,0.20450017,0.01,0.01,0.16522771,0.01,0.23484105,0.99,0.6537787,0.70537657,0.8354665,0.7372434,0.40539965,0.99,0.2806757,0.6838144,0.01,0.99,0.87422174,0.99,0.01,0.01,0.01,0.7007092,0.016933143,0.61051893,0.7848708,0.01,0.01,0.81246275,0.99,0.01,0.41685757,0.01,0.01,0.3767576,0.50878274,0.122188926,0.01,0.30255777
SIM-0091-NT,0.38259596,0.01,0.36419165,0.5372113,0.7614022,0.36977762,0.6623794,0.82068545,0.6056339,0.9860519,0.16260004,0.31548405,0.01,0.99,0.18573791,0.99,0.99,0.6035111,0.01,0.7182456,0.99,0.01,0.99,0.01,0.01,0.5611377,0.99,0.50917476,0.99,0.99,0.99,0.08993769,0.45757762,0.99,0.99,0.48914945,0.44983506,0.9286874,0.01,0.6942271,0.7047625,0.16918154,0.85405314,0.2502178,0.6747503,0.47716394,0.0580754,0.01,0.99,0.69031,0.010986954,0.32579058,0.99,0.832669,0.99,0.15461905,0.99,0.22063673,0.7289073,0.14519069,0.95115024,0.01,0.99,0.99,0.14639765,0.5472442,0.0850209,0.6669472,0.01,0.01,0.01,0.99,0.99,0.99,0.99,0.18699437,0.93491983,0.99,0.12752753,0.99,0.99,0.50037235,0.01,0.42631343,0.99,0.68852884,0.35363874,0.09969932,0.01,0.76486325,0.13705637,0.1922195,0.99,0.25620627,0.41638392,0.99,0.4370011,0.16702428,0.71977013,0.99,0.01,0.07169944,0.27404892,0.38492003,0.6386444,0.99,0.83509547,0.99,0.01,0.99,0.57909614,0.44460568,0.99,0.76350486,0.25195324,0.594049,0.2569952,0.2618521,0.3549896,0.5630197,0.74676865,0.24271679,0.23534349,0.01,0.2338768,0.13432056,0.5850455,0.37349224,0.01,0.6469966,0.31980485,0.01,0.9886803,0.98475146,0.16151445,0.7342651,0.38998166,0.01,0.99,0.99,0.8232728,0.58767354,0.99,0.01,0.47806644,0.75843215,0.1967878,0.99,0.96099854,0.94165444,0.14287287,0.7184082,0.99,0.43920377,0.99,0.8470745,0.01,0.091359556,0.692083,0.01,0.7189753,0.01,0.57821214,0.01,0.99,0.01,0.99,0.69888335,0.37107435,0.99,0.12188855,0.22071667,0.6617039,0.99,0.91788304,0.67052114,0.7719904,0.7385254,0.99,0.6062207,0.9378134,0.67536366,0.11220519,0.99,0.15259367,0.01,0.60444474,0.5299552,0.73244286,0.6283667,0.9561934,0.7203859,0.99,0.56040883,0.70686436,0.6156919,0.01,0.01,0.12268393,0.64253837
SIM-0092-NT,0.4615088,0.99,0.99,0.26700133,0.99,0.01,0.99,0.8282269,0.07936497,0.18967319,0.01,0.99,0.08888477,0.4372014,0.01,0.01,0.4685707,0.3263442,0.22857535,0.01,0.99,0.14968899,0.4052438,0.99,0.99,0.8615973,0.55983305,0.01,0.99,0.99,0.55446154,0.4336956,0.99,0.01,0.93419,0.56092036,0.7575854,0.99,0.7759804,0.3186571,0.8697717,0.13122034,0.01,0.66672623,0.01,0.53383327,0.7952266,0.23273276,0.38473618,0.84201837,0.99,0.01,0.9197626,0.05523452,0.5564762,0.13279057,0.72725546,0.93344975,0.4992049,0.01,0.99,0.68783885,0.01,0.23930347,0.99,0.7751453,0.99,0.812254,0.51369697,0.80872804,0.01,0.80505097,0.01,0.01,0.99,0.472117,0.54712874,0.53902984,0.53990287,0.7544313,0.01,0.36493042,0.2776298,0.32365355,0.44176006,0.01,0.054911852,0.99,0.01,0.99,0.01,0.30910897,0.44758224,0.74041486,0.41923338,0.8655611,0.99,0.25269553,0.60096735,0.01,0.01,0.89805496,0.01,0.6638532,0.5445022,0.01,0.01,0.01,0.01,0.986161,0.8549626,0.23063609,0.42899084,0.559596,0.44970715,0.4276561,0.7310292,0.01,0.79904675,0.2589773,0.33666,0.9122579,0.01,0.01,0.55367047,0.01,0.3236233,0.85005915,0.4724222,0.610142,0.2372708,0.01,0.19197996,0.5936678,0.01,0.99,0.18379796,0.94044113,0.6585403,0.045126736,0.99,0.99,0.01,0.40834934,0.70449317,0.01,0.01,0.27253327,0.15251178,0.31508422,0.01,0.4550232,0.2937583,0.9085437,0.860041,0.89246994,0.01,0.01,0.84170264,0.3709436,0.01,0.116739094,0.042625964,0.20218292,0.99,0.26836777,0.7816764,0.15573418,0.01,0.11628623,0.99,0.0961681,0.31377983,0.494619,0.025535107,0.9361312,0.22159414,0.87314755,0.7416411,0.01,0.7254158,0.01,0.3760172,0.48865208,0.99,0.01,0.10559946,0.68472505,0.8493185,0.01,0.99,0.10896891,0.01,0.2301354,0.01,0.0917114,0.01,0.840701,0.01,0.049003765
SIM-0093-NT,0.9803333,0.5007203,0.01,0.99,0.99,0.7452696,0.147169,0.10859752,0.01,0.24519932,0.88329536,0.24661186,0.1104309,0.99,0.4199791,0.99,0.74464184,0.99,0.50781906,0.74489874,0.2630182,0.17025812,0.4276866,0.99,0.713354,0.01,0.8125897,0.21410081,0.5759721,0.95299256,0.99,0.28506204,0.99,0.12570876,0.99,0.4101289,0.88470525,0.99,0.01,0.99,0.54471976,0.01,0.01,0.99,0.9069177,0.22780682,0.72656065,0.40484172,0.6582972,0.99,0.01,0.01,0.9332787,0.36050978,0.4728815,0.01,0.11958468,0.45118695,0.18248391,0.65455055,0.99,0.01,0.55402225,0.16068015,0.5866897,0.23115848,0.99,0.94702446,0.01,0.5512754,0.57023025,0.71459883,0.57690054,0.09353745,0.24195373,0.23603171,0.43583724,0.62387675,0.99,0.99,0.95748484,0.07954787,0.25204387,0.7689213,0.6974761,0.7930185,0.7362946,0.06659615,0.4194086,0.25008732,0.4516419,0.01,0.96350855,0.80762756,0.016554356,0.01,0.99,0.01,0.8904874,0.16237986,0.9269405,0.5815314,0.33978158,0.99,0.58913434,0.73032445,0.30969715,0.37747324,0.01,0.8619919,0.01,0.99,0.99,0.40327862,0.99,0.15169974,0.20553076,0.23233551,0.5221812,0.01,0.51036686,0.062820464,0.01,0.43236437,0.24182239,0.44404584,0.4022941,0.01,0.99,0.9769671,0.03860545,0.11928431,0.7526145,0.58366275,0.99,0.4386348,0.99,0.01,0.02795893,0.99,0.13699332,0.146222,0.5154533,0.99,0.21904764,0.36767313,0.01,0.4549448,0.99,0.44467458,0.01,0.1281634,0.4350558,0.7339175,0.9597946,0.7817838,0.20690143,0.01,0.3854119,0.36061823,0.99,0.01,0.01,0.01,0.99,0.09067477,0.99,0.5312544,0.7069272,0.07907264,0.01,0.65718716,0.37382287,0.71159387,0.99,0.01,0.5641308,0.35222676,0.58627254,0.97992027,0.9338082,0.020391315,0.2167043,0.01,0.01,0.3162891,0.38696092,0.2280901,0.7848504,0.99,0.53155863,0.65078187,0.8209994,0.01,0.01,0.99,0.01,0.17095143,0.99,0.01
SIM-0094-NT,0.99,0.01,0.5872392,0.99,0.50566286,0.5435907,0.9518929,0.39399242,0.99,0.71254504,0.01,0.5088792,0.99,0.5420499,0.40090588,0.9399929,0.1184144,0.67085963,0.35850757,0.03949672,0.01,0.26063955,0.5623171,0.50937426,0.01,0.99,0.94781244,0.361493,0.99,0.8451111,0.99,0.7331723,0.19437248,0.34483856,0.5555031,0.34956288,0.62868226,0.04601562,0.49210733,0.99,0.59750986,0.21457136,0.01,0.4990509,0.09547071,0.7461317,0.5818645,0.1766958,0.6500623,0.01,0.99,0.01,0.99,0.3459816,0.6366761,0.1810393,0.56779224,0.9589555,0.01,0.3362599,0.47874498,0.01,0.092709035,0.13173972,0.972491,0.24066563,0.99,0.99,0.2833141,0.44563898,0.99,0.01,0.99,0.99,0.99,0.99,0.99,0.6737193,0.5874654,0.92380023,0.45832705,0.99,0.6558434,0.22320798,0.01,0.8221098,0.011184692,0.99,0.01,0.99,0.042360693,0.01,0.6597286,0.8925753,0.55707604,0.83346367,0.7834867,0.53192466,0.6829538,0.8811621,0.01,0.30242822,0.01,0.99,0.5046011,0.99,0.74028796,0.99,0.01,0.79992115,0.01,0.01,0.14730614,0.99,0.83738786,0.10886563,0.8934328,0.48094374,0.78600156,0.3567961,0.47862673,0.09761679,0.8673074,0.01,0.5458002,0.99,0.35241663,0.21159971,0.99,0.99,0.42444918,0.01,0.01,0.833637,0.9134086,0.7558517,0.01,0.7417613,0.37493342,0.7027747,0.99,0.99,0.8273529,0.4224623,0.8080473,0.027016759,0.7876593,0.59268034,0.3979945,0.99,0.01,0.24390796,0.99,0.9638529,0.99,0.15926987,0.16721919,0.3032846,0.99,0.6047533,0.78845394,0.4000137,0.01,0.01,0.54352105,0.4614616,0.5107957,0.99,0.01,0.01,0.99,0.57917416,0.23869114,0.45146778,0.99,0.99,0.66836786,0.56121784,0.11702955,0.40285537,0.99,0.01,0.29097283,0.99,0.07888459,0.16898447,0.09384221,0.99,0.17447656,0.01,0.41547802,0.31749982,0.01,0.01,0.4436815,0.668072,0.01,0.3148279,0.99,0.8856072
SIM-0095-NT,0.50422764,0.8808793,0.57860696,0.01,0.01,0.039056152,0.01,0.98077244,0.01,0.4063474,0.3905152,0.97130436,0.01,0.977293,0.15925393,0.7225802,0.99,0.99,0.22788918,0.6747377,0.01,0.01,0.45162475,0.99,0.01,0.41424814,0.9031803,0.23511854,0.6792206,0.99,0.53758883,0.4573662,0.39815602,0.6586335,0.66199905,0.022591919,0.50972486,0.596019,0.01,0.5766513,0.46636128,0.01,0.01,0.99,0.70944214,0.06441143,0.79468536,0.01,0.68118894,0.45989537,0.049675286,0.99,0.602423,0.15730701,0.99,0.21598962,0.60338974,0.75286865,0.99,0.7003108,0.15531248,0.01,0.7922045,0.070657775,0.01,0.01,0.6089896,0.46873057,0.5113944,0.01,0.60909253,0.72730637,0.09791505,0.13110542,0.99,0.16556665,0.9302577,0.5485283,0.99,0.45926565,0.99,0.01,0.99,0.01,0.99,0.99,0.14922684,0.99,0.01,0.82512164,0.32836682,0.14195207,0.45170876,0.99,0.13732377,0.01,0.99,0.34807354,0.15398294,0.16602272,0.01,0.62822175,0.59111464,0.33964324,0.791674,0.99,0.01,0.25038016,0.01,0.99,0.29304528,0.3633613,0.77352977,0.34091958,0.65165937,0.35613242,0.20164332,0.18873477,0.40107495,0.24104413,0.5080979,0.61407435,0.01,0.99,0.6183485,0.4418728,0.01,0.99,0.99,0.99,0.41434056,0.3009005,0.99,0.3589307,0.5511256,0.67157596,0.99,0.99,0.549373,0.99,0.35104996,0.45705688,0.3966472,0.5188402,0.20828494,0.12971649,0.01,0.27812326,0.9263958,0.99,0.9599223,0.73114,0.01,0.01,0.6711845,0.97672987,0.01,0.01,0.99,0.01,0.01,0.4809717,0.21335824,0.10105157,0.69433796,0.01,0.5059483,0.7671737,0.01,0.7004231,0.01,0.01,0.89201224,0.99,0.94003314,0.01,0.045928806,0.54205364,0.5925663,0.98098266,0.99,0.4160089,0.01,0.99,0.01,0.01,0.1442768,0.01,0.35286075,0.6821139,0.095921755,0.01,0.01,0.35055667,0.01,0.99,0.5318655,0.99,0.01,0.99
SIM-0096-NT,0.5592044,0.20855567,0.99,0.01,0.46305647,0.01,0.01,0.01,0.5041654,0.01,0.0427794,0.99,0.6665592,0.9264171,0.99,0.99,0.19282562,0.9516271,0.18031967,0.318016,0.01,0.01,0.01,0.99,0.01,0.01,0.68069834,0.01,0.7791238,0.99,0.43358785,0.1854651,0.8110248,0.99,0.28362226,0.5590238,0.2782064,0.91069436,0.01,0.8418616,0.59794134,0.15811929,0.94292605,0.34977245,0.32376164,0.6184888,0.30434567,0.6999366,0.99,0.43507093,0.8188366,0.99,0.38207635,0.01,0.65976095,0.40887475,0.01,0.23229313,0.33136103,0.01,0.3067431,0.19185023,0.048206314,0.01,0.03209442,0.15180501,0.07647848,0.99,0.99,0.01,0.01,0.99,0.99,0.99,0.99,0.01,0.99,0.73098236,0.99,0.99,0.99,0.63230586,0.01,0.01,0.99,0.26028648,0.99,0.39871725,0.033752456,0.59249175,0.01,0.01,0.99,0.02414447,0.99,0.09653726,0.0783751,0.34398955,0.01,0.5008787,0.1358316,0.01,0.01,0.99,0.55847365,0.92699844,0.21571365,0.01,0.095574126,0.01,0.01,0.01,0.01,0.94399524,0.78722245,0.01,0.8421904,0.01,0.01,0.7540368,0.99,0.6645737,0.57954955,0.1513933,0.309358,0.7213379,0.99,0.640298,0.7530818,0.11253074,0.66209537,0.01,0.5047959,0.78721654,0.014857769,0.04942745,0.73391545,0.5942157,0.6864239,0.95051837,0.99,0.99,0.80528575,0.19494599,0.42738986,0.6157775,0.32856703,0.91454446,0.40131372,0.99,0.5997454,0.58022267,0.49859363,0.99,0.14326072,0.14380491,0.61948127,0.27747554,0.48521063,0.01,0.1790437,0.41837385,0.99,0.6536956,0.99,0.01,0.99,0.01,0.48887786,0.2818705,0.99,0.9745306,0.26271555,0.4581732,0.50152564,0.5703614,0.99,0.8575858,0.92332935,0.8158767,0.115632296,0.01,0.5273626,0.13060969,0.01,0.01,0.99,0.7042659,0.6577009,0.25499272,0.99,0.07848066,0.6816955,0.17511751,0.41618145,0.44075784,0.4068618,0.33962154,0.23365718,0.3842736
SIM-0097-NT,0.31049266,0.41297898,0.61134875,0.9649824,0.70135313,0.05019617,0.62290186,0.99,0.01,0.01,0.01,0.53012556,0.01,0.99,0.54571915,0.01,0.26210898,0.5597336,0.01,0.8765842,0.44496852,0.56518406,0.01,0.99,0.120001554,0.31042147,0.86016357,0.5073619,0.99,0.7937801,0.25193244,0.8225279,0.99,0.7180064,0.99,0.07706207,0.7164594,0.6118486,0.13263898,0.41533446,0.29144785,0.01,0.5188349,0.99,0.743388,0.6608808,0.99,0.3511656,0.34034702,0.55031216,0.15814038,0.64141643,0.99,0.7948965,0.01,0.11240553,0.01,0.586761,0.56872416,0.99,0.99,0.58937484,0.01,0.01,0.17338741,0.99,0.37328956,0.4322302,0.01,0.01,0.30763447,0.6614118,0.01,0.01,0.9071211,0.10967864,0.5403052,0.99,0.01,0.36100078,0.99,0.01,0.41769904,0.01,0.09170008,0.01,0.01,0.5429313,0.4491824,0.63029754,0.83457565,0.12020728,0.01,0.99,0.049970806,0.20654058,0.01,0.01,0.99,0.9579026,0.11313133,0.14771098,0.01,0.7348723,0.78023547,0.35232073,0.28317755,0.01,0.539453,0.6968887,0.01,0.9735884,0.60929877,0.22098762,0.99,0.020779088,0.01,0.87522995,0.032073647,0.99,0.01,0.01,0.99,0.3869386,0.6895332,0.77138954,0.01,0.01,0.99,0.01,0.99,0.36490822,0.49515596,0.21806642,0.99,0.18446904,0.19308844,0.97102386,0.25484467,0.08918923,0.29730785,0.99,0.99,0.99,0.01,0.8834076,0.01,0.19594258,0.51311,0.50899297,0.01,0.01,0.99,0.77499056,0.7360007,0.01,0.78466934,0.10031845,0.46046057,0.01,0.56808436,0.17460588,0.34348604,0.40995163,0.9865366,0.19505991,0.583968,0.99,0.8480158,0.9708812,0.01,0.7266667,0.01,0.99,0.5760422,0.99,0.99,0.73978764,0.6406532,0.36107388,0.37741905,0.67078775,0.21335655,0.01,0.6730834,0.648546,0.7906031,0.4971962,0.01,0.37857905,0.99,0.01,0.67080426,0.45033926,0.8076759,0.99,0.0854944,0.01,0.01,0.9353591
SIM-0098-NT,0.70512587,0.77145725,0.2035132,0.95352036,0.01,0.96132386,0.01,0.01,0.99,0.2611261,0.22377127,0.01,0.7461668,0.99,0.53733766,0.81186414,0.99,0.97288704,0.01,0.01,0.99,0.26728153,0.26166695,0.43307394,0.13158607,0.99,0.99,0.9409989,0.99,0.99,0.44830894,0.01,0.17940646,0.99,0.8444935,0.43331766,0.8858055,0.74040455,0.37001073,0.9193075,0.26509982,0.701046,0.0945878,0.8800509,0.01,0.38352305,0.12393585,0.35364926,0.99,0.7630617,0.99,0.99,0.6891334,0.28407392,0.9583985,0.5372974,0.28225774,0.9508748,0.016054273,0.4422775,0.99,0.27306554,0.01,0.01,0.99,0.01,0.99,0.99,0.69651926,0.01,0.36057907,0.6891861,0.01,0.66335166,0.99,0.49048585,0.48937064,0.99,0.99,0.99,0.99,0.01,0.46053302,0.5227617,0.99,0.95396245,0.99,0.01,0.5033453,0.9271954,0.7057917,0.99,0.22378314,0.99,0.99,0.050017692,0.13865003,0.23203748,0.950155,0.8382563,0.01,0.47804618,0.044056714,0.99,0.99,0.32096538,0.6390717,0.99,0.354044,0.18055731,0.77347314,0.2595276,0.7600553,0.12236467,0.99,0.01,0.9568959,0.31578678,0.23871844,0.40149188,0.01,0.99,0.43657315,0.15919238,0.38911974,0.61648977,0.92736256,0.01,0.089710936,0.54588974,0.99,0.6284199,0.99,0.4948238,0.99,0.99,0.9009985,0.99,0.32107213,0.99,0.23039772,0.99,0.8776647,0.01,0.5752611,0.49021336,0.45349908,0.6697473,0.99,0.4232763,0.01,0.22297445,0.99,0.7723991,0.99,0.9512191,0.32070503,0.01,0.30101627,0.01,0.2109035,0.76147586,0.35685086,0.3625882,0.1664663,0.99,0.34900928,0.8455447,0.899318,0.24405605,0.17720276,0.6000683,0.01,0.99,0.99,0.5909791,0.01,0.07414287,0.63827854,0.99,0.72919875,0.2821119,0.46029952,0.99,0.010305852,0.99,0.5697539,0.53949994,0.50497013,0.728984,0.99,0.01,0.5325265,0.11468458,0.01,0.056375444,0.26462126,0.21715802,0.01,0.01
SIM-0099-NT,0.6070193,0.07697374,0.01,0.4370577,0.35235804,0.51429117,0.29891956,0.120218754,0.01,0.01,0.7387312,0.99,0.99,0.42453334,0.99,0.5704092,0.40761545,0.39576632,0.23043758,0.44257945,0.5330043,0.22519611,0.043966368,0.99,0.39343193,0.3211418,0.5751131,0.48579425,0.16770035,0.22269249,0.99,0.01,0.99,0.8454704,0.99,0.3781732,0.99,0.72948205,0.8714647,0.99,0.99,0.122260906,0.6624013,0.57573134,0.41616404,0.5743322,0.01,0.26997018,0.99,0.049940646,0.01,0.99,0.99,0.016742408,0.8565096,0.14610942,0.99,0.3658746,0.4307769,0.84273624,0.31596142,0.01,0.3591116,0.97630244,0.12468314,0.01,0.99,0.99,0.23470801,0.04598327,0.20615254,0.01,0.79189646,0.99,0.11945295,0.01,0.5423316,0.6752732,0.99,0.19254285,0.20452845,0.51765686,0.01,0.5937763,0.4050939,0.92566043,0.01,0.99,0.3330686,0.5600065,0.01,0.42502463,0.99,0.618587,0.33348975,0.5405446,0.99,0.60369,0.9220483,0.5460497,0.2247518,0.01,0.16963379,0.99,0.48666596,0.41451484,0.25012743,0.54204744,0.01,0.40254223,0.99,0.0443635,0.25905076,0.7650555,0.6315934,0.26306817,0.9381201,0.01,0.8564582,0.01,0.06423746,0.99,0.01,0.73767394,0.99,0.26593792,0.0955843,0.24269253,0.01,0.60388047,0.79993576,0.01,0.8989972,0.99,0.496004,0.82070816,0.25564027,0.01,0.91121113,0.99,0.47419348,0.99,0.26518396,0.7043923,0.99,0.72135985,0.99,0.99,0.19843012,0.99,0.18692905,0.01,0.5970692,0.99,0.4980058,0.01,0.01,0.396837,0.3941819,0.01,0.01,0.45076317,0.62813836,0.12825689,0.99,0.5692111,0.36988348,0.7246288,0.09756833,0.4923303,0.27455536,0.01,0.4182288,0.99,0.99,0.99,0.80827993,0.67120636,0.36558104,0.01,0.01,0.7033569,0.10194358,0.01,0.8481636,0.27985898,0.99,0.76053554,0.14813867,0.99,0.99,0.07332632,0.99,0.8867928,0.44642144,0.1492781,0.01,0.99,0.01,0.19925162
SIM-0000-TP,0.01,0.3139249,0.7215867,0.01,0.4028566,0.5341075,0.25813156,0.9563729,0.01,0.01,0.01,0.35073498,0.2055879,0.01,0.746203,0.61430436,0.15657404,0.17420621,0.01,0.01,0.99,0.01,0.01,0.28551447,0.2563395,0.059051156,0.99,0.01,0.07964486,0.99,0.42989242,0.28961515,0.99,0.74256396,0.83754694,0.01,0.01,0.25944495,0.01,0.7052093,0.01,0.01,0.37691694,0.7404919,0.53576934,0.30356836,0.1201053,0.96378195,0.67473716,0.99,0.025907114,0.88949287,0.7339864,0.44273603,0.55959314,0.23320311,0.99,0.99,0.99,0.01,0.22756672,0.23207507,0.67803144,0.01,0.3726219,0.95548487,0.99,0.99,0.01,0.01,0.61577165,0.45337725,0.43575692,0.01,0.5238795,0.58332735,0.01,0.99,0.36357734,0.5533464,0.6972614,0.021748602,0.11786185,0.01,0.2179122,0.99,0.6165341,0.71793073,0.01,0.48372495,0.01,0.69927907,0.2911242,0.01,0.6183889,0.01,0.3001531,0.5896585,0.01,0.99,0.7658411,0.01,0.021434456,0.99,0.7324565,0.41032383,0.01,0.99,0.69416624,0.9352461,0.42896172,0.87307227,0.99,0.01,0.6770395,0.01,0.4259649,0.8086245,0.01,0.01,0.01,0.399633,0.7598265,0.99,0.44561297,0.99,0.7845299,0.6978611,0.26196232,0.370879,0.01,0.01,0.6082609,0.45209488,0.07272062,0.89037067,0.45237297,0.20501214,0.48510975,0.99,0.01,0.8345842,0.51160264,0.0647296,0.4541339,0.01,0.5650115,0.01,0.99,0.7908595,0.2169995,0.99,0.22397196,0.01,0.01,0.99,0.99,0.01,0.36570835,0.17936112,0.066642076,0.3516465,0.17959659,0.55489063,0.21367127,0.20807609,0.20367503,0.57930946,0.01,0.020616218,0.29430354,0.66752774,0.36230546,0.92799497,0.8851456,0.01,0.01,0.49079323,0.8036051,0.29284075,0.18068141,0.01,0.103703365,0.9095723,0.59251106,0.01,0.7440813,0.99,0.7570977,0.99,0.87818354,0.79764915,0.01,0.09522128,0.01,0.7799174,0.7707852,0.01,0.31468156,0.5468465
SIM-0001-TP,0.6907756,0.01,0.61216164,0.57666546,0.85119015,0.22699523,0.65963376,0.99,0.01,0.050664723,0.44859645,0.2700199,0.01,0.7627417,0.99,0.6958177,0.8608933,0.01,0.01,0.01,0.37398618,0.99,0.01,0.99,0.25915924,0.02320519,0.99,0.99,0.99,0.33951345,0.7345097,0.01,0.4906823,0.62677306,0.45097393,0.72115695,0.49134314,0.499431,0.01,0.99,0.3158136,0.68084764,0.99,0.5373491,0.35112113,0.22998399,0.72671235,0.24430627,0.62601316,0.74812484,0.01,0.8597036,0.99,0.39615393,0.99,0.01,0.6696384,0.0738883,0.41722757,0.99,0.9553984,0.01,0.01,0.01,0.30621755,0.6381601,0.6149947,0.1459294,0.01,0.42908427,0.100694805,0.27113795,0.58699125,0.99,0.99,0.8800982,0.01,0.7666852,0.39529216,0.9304167,0.99,0.29533416,0.01,0.01,0.81391025,0.99,0.6744856,0.84580034,0.24923165,0.8222451,0.61241364,0.63168985,0.67971647,0.85963917,0.54558575,0.01,0.19653311,0.40585858,0.4508821,0.99,0.21283093,0.58317447,0.56530595,0.99,0.22866565,0.9317145,0.9780707,0.01,0.99,0.99,0.81471825,0.96535414,0.9542,0.45766988,0.7973904,0.7009536,0.020073622,0.01,0.2806704,0.5235006,0.01,0.20975241,0.29042587,0.01,0.01,0.09444702,0.559892,0.6700982,0.5212843,0.8754312,0.040435255,0.01,0.622249,0.3734311,0.7340136,0.7486531,0.99,0.42883357,0.99,0.99,0.3798426,0.9795991,0.07405138,0.8921628,0.99,0.14129928,0.8032712,0.82960093,0.99,0.99,0.76235604,0.44672617,0.99,0.9074886,0.49280864,0.49441376,0.01,0.44944635,0.99,0.01580672,0.39120722,0.25720614,0.04644744,0.46720034,0.30203277,0.01,0.30946326,0.99,0.51742834,0.01,0.5992117,0.08537542,0.96388304,0.64623713,0.99,0.36508027,0.75588846,0.99,0.99,0.99,0.7589334,0.7275555,0.99,0.01,0.01,0.01,0.99,0.13704026,0.01,0.22255945,0.02310133,0.34935573,0.01,0.01,0.14310277,0.7128202,0.01,0.11861095,0.183219,0.06632969
SIM-0002-TP,0.25082624,0.9164548,0.99,0.37781692,0.01,0.13482234,0.45635098,0.7015361,0.29536512,0.99,0.01,0.056072682,0.9254138,0.2850151,0.81966794,0.44881737,0.99,0.99,0.45209417,0.01,0.01,0.01,0.01,0.01,0.01,0.01,0.01,0.01,0.01,0.01,0.01,0.01,0.01,0.01,0.01,0.01,0.01,0.01,0.01,0.01,0.01,0.01,0.01,0.01,0.01,0.01,0.01,0.01,0.01,0.01,0.01,0.01,0.01,0.01,0.01,0.01,0.01,0.01,0.01,0.01,0.99,0.99,0.99,0.99,0.99,0.99,0.99,0.99,0.99,0.99,0.99,0.99,0.99,0.99,0.99,0.99,0.99,0.99,0.99,0.99,0.99,0.99,0.99,0.99,0.99,0.99,0.99,0.99,0.9437955,0.99,0.99,0.99,0.99,0.99,0.99,0.99,0.99,0.99,0.99,0.99,0.01,0.9510685,0.60054946,0.7101542,0.7022834,0.01,0.32667363,0.7584282,0.29879236,0.5871415,0.32192004,0.731468,0.6551424,0.99,0.99,0.47437143,0.99,0.8369807,0.99,0.01,0.01,0.25232005,0.2309655,0.99,0.023767829,0.56826377,0.6320384,0.47707772,0.18833798,0.7499292,0.89318156,0.89672065,0.45112365,0.07138327,0.99,0.019149601,0.99,0.99,0.99,0.96464187,0.01,0.21038538,0.69275963,0.10731104,0.44317007,0.69492996,0.42520425,0.07985425,0.99,0.99,0.37840834,0.8718532,0.7874199,0.99,0.8455098,0.99,0.01,0.3872568,0.57466364,0.01,0.90373945,0.81184775,0.01,0.70886254,0.99,0.01,0.34408674,0.01,0.22904332,0.13414654,0.9791707,0.33042824,0.01,0.9861805,0.76934886,0.2502708,0.01,0.9625337,0.8875237,0.6886579,0.24858868,0.19412205,0.01,0.026779264,0.24786715,0.36390203,0.01,0.36253405,0.36207914,0.99,0.48570594,0.28356436,0.5812928,0.28921226,0.29804945,0.031805754,0.11912963,0.99,0.97292084,0.6662017
SIM-0003-TP,0.78638995,0.01,0.01,0.22655785,0.99,0.037978023,0.6274607,0.69006443,0.2379167,0.01,0.01,0.01,0.9255677,0.19217299,0.01,0.27414057,0.8836586,0.9408653,0.55991405,0.01,0.01,0.01,0.01,0.01,0.01,0.01,0.01,0.01,0.01,0.01,0.01,0.01,0.01,0.01,0.01,0.01,0.01,0.01,0.01,0.01,0.01,0.01,0.01,0.01,0.01,0.01,0.01,0.01,0.01,0.01,0.01,0.01,0.01,0.01,0.01,0.01,0.19525194,0.01,0.01,0.01,0.99,0.99,0.99,0.99,0.99,0.99,0.99,0.99,0.99,0.99,0.99,0.99,0.99,0.99,0.99,0.99,0.99,0.99,0.99,0.99,0.99,0.99,0.99,0.99,0.99,0.99,0.99,0.99,0.99,0.99,0.99,0.99,0.99,0.99,0.99,0.99,0.99,0.99,0.99,0.99,0.36075634,0.01,0.01,0.85359085,0.7221241,0.8429164,0.1847145,0.43964952,0.97202337,0.99,0.2598076,0.0494954,0.3031352,0.62268174,0.99,0.5015329,0.700675,0.23810934,0.22378254,0.99,0.01,0.01,0.01,0.26572815,0.99,0.31972942,0.99,0.4233857,0.82888186,0.19178441,0.01,0.17437072,0.6759974,0.38982752,0.42670703,0.8522093,0.01,0.491133,0.35901752,0.38688537,0.5564102,0.47755107,0.01,0.3268752,0.06860697,0.63669187,0.91303986,0.01,0.42200628,0.99,0.01,0.9075506,0.99,0.27055275,0.38295007,0.01,0.599698,0.99,0.99,0.046967573,0.01,0.7861161,0.17496118,0.5901805,0.84552985,0.158248,0.99,0.99,0.13646543,0.01,0.01,0.022657365,0.01,0.99,0.72843814,0.6039696,0.7547523,0.8487594,0.6059801,0.99,0.98178536,0.01,0.0816195,0.9142605,0.3324239,0.01,0.99,0.99,0.99,0.99,0.99,0.99,0.6289274,0.30984426,0.01,0.7096981,0.70659125,0.49723798,0.01,0.10143064
SIM-0004-TP,0.6087517,0.01,0.4040752,0.72836554,0.99,0.99,0.15881486,0.7681911,0.08547185,0.16347924,0.27505523,0.99,0.01,0.68804413,0.5485081,0.016224816,0.01,0.35958174,0.01,0.99,0.01,0.01,0.01,0.01,0.01,0.01,0.01,0.01,0.01,0.01,0.01,0.01,0.01,0.01,0.01,0.01,0.01,0.01,0.01,0.01,0.01,0.01,0.01,0.01,0.01,0.01,0.01,0.01,0.01,0.01,0.01,0.01,0.01,0.01,0.01,0.01,0.01,0.01,0.01,0.01,0.99,0.99,0.99,0.99,0.99,0.99,0.99,0.99,0.99,0.99,0.99,0.99,0.99,0.99,0.99,0.99,0.99,0.99,0.99,0.99,0.99,0.99,0.99,0.99,0.99,0.99,0.99,0.99,0.99,0.99,0.99,0.99,0.99,0.99,0.99,0.99,0.99,0.99,0.99,0.99,0.01,0.6657214,0.728726,0.42153472,0.0627951,0.99,0.99,0.01,0.35693964,0.01,0.06681606,0.99,0.99,0.49997464,0.2289176,0.01,0.5397171,0.0881069,0.01692313,0.01,0.4050643,0.23775598,0.01,0.10729134,0.3818608,0.10799006,0.075876236,0.7488445,0.15894233,0.01,0.8661071,0.3372078,0.01,0.2966166,0.01,0.89641917,0.36679143,0.62521505,0.5237616,0.01,0.99,0.99,0.16562372,0.5410655,0.99,0.41639638,0.99,0.99,0.74606144,0.54558086,0.01,0.01,0.99,0.17481366,0.99,0.99,0.01,0.01,0.99,0.10942176,0.01,0.01,0.16766766,0.99,0.99,0.20262745,0.99,0.99,0.56487036,0.99,0.45696074,0.7447523,0.1954372,0.99,0.772178,0.9483681,0.99,0.99,0.90274566,0.02292195,0.70682526,0.01,0.7107343,0.9510095,0.14118332,0.99,0.99,0.9661297,0.8275311,0.47702718,0.75616705,0.01,0.219428,0.36186373,0.01,0.99,0.9580873,0.47150266,0.01,0.11824493
SIM-0005-TP,0.01,0.023084,0.96934927,0.01,0.19786349,0.54857504,0.12784573,0.33177593,0.99,0.33836332,0.45440882,0.55399203,0.22920346,0.99,0.99,0.01,0.52201414,0.54106027,0.01788649,0.7354666,0.47999582,0.99,0.7683599,0.99,0.01,0.01,0.3219028,0.99,0.36532387,0.25527403,0.01,0.99,0.81818926,0.9391522,0.29064703,0.6744121,0.01,0.12015775,0.01,0.68004215,0.25233594,0.8718412,0.71506596,0.41551787,0.83509576,0.2701962,0.158633,0.78944975,0.01,0.99,0.01,0.5403241,0.99,0.061520368,0.99,0.324758,0.99,0.50727665,0.46874225,0.93634677,0.99,0.01,0.01,0.01,0.99,0.8479092,0.99,0.01,0.5058197,0.756133,0.22810462,0.99,0.0807001,0.63324606,0.2694164,0.6750565,0.99,0.99,0.967541,0.45649362,0.52484906,0.01,0.01,0.87349343,0.99,0.01,0.6231895,0.81215066,0.01,0.90682185,0.98485863,0.7625115,0.99,0.52492994,0.60748875,0.01,0.71276224,0.2986059,0.99,0.99,0.5829909,0.01,0.01,0.99,0.99,0.71486884,0.01,0.99,0.4608065,0.9423903,0.01,0.5705219,0.99,0.87089694,0.512532,0.19021855,0.19867888,0.99,0.926772,0.01,0.01,0.46136796,0.09735498,0.23316924,0.021183014,0.101998925,0.5107838,0.29358727,0.99,0.8677717,0.01,0.01,0.63380575,0.28087258,0.94621176,0.69889826,0.01,0.15188956,0.28071776,0.8429649,0.01,0.8063546,0.01,0.44822726,0.785823,0.99,0.6329791,0.2809971,0.99,0.7452567,0.8896897,0.2097722,0.7852855,0.01,0.9310359,0.8972274,0.01,0.01,0.95200366,0.01,0.01,0.5439022,0.18454698,0.286685,0.95468926,0.44212145,0.68123776,0.22390372,0.07851586,0.5153723,0.6488737,0.01,0.01,0.99,0.7855454,0.99,0.7884371,0.4937122,0.99,0.4794782,0.74659,0.01,0.01,0.0617235,0.07167369,0.28990102,0.8466686,0.99,0.20230326,0.99,0.99,0.03661427,0.12676242,0.07139227,0.20677334,0.44138262,0.01,0.01,0.73063344,0.88563836
SIM-0006-TP,0.99,0.34599364,0.01,0.2970467,0.01,0.01,0.5248313,0.9784205,0.99,0.01,0.01,0.28587636,0.10239796,0.1737735,0.45735773,0.01,0.65608025,0.9568909,0.7653104,0.4066667,0.18377715,0.01,0.01,0.83349043,0.01,0.01,0.5586367,0.01,0.016775906,0.01,0.01,0.25479448,0.66208595,0.01,0.717815,0.01,0.520652,0.01,0.37747866,0.01,0.01,0.25027066,0.01,0.01,0.01,0.01,0.01,0.01,0.01,0.01,0.01,0.63469976,0.24955612,0.01,0.38548332,0.01,0.01,0.845799,0.39453226,0.28943104,0.99,0.58234894,0.01,0.28920436,0.99,0.89702445,0.99,0.06657356,0.8117016,0.25278965,0.4684701,0.99,0.9159495,0.51333266,0.99,0.99,0.99,0.99,0.7676872,0.6208039,0.69007623,0.01,0.99,0.4003793,0.48786366,0.99,0.99,0.99,0.99,0.9179802,0.99,0.99,0.99,0.99,0.6527608,0.51913524,0.99,0.99,0.99,0.99,0.2783523,0.13576154,0.01,0.46626848,0.065421104,0.99,0.99,0.9262172,0.8074374,0.8929483,0.01,0.53744733,0.2974022,0.9483166,0.6729318,0.16948539,0.85349333,0.052680373,0.96132326,0.01,0.36055118,0.27701095,0.7574346,0.01,0.01,0.9827255,0.23398766,0.3816254,0.01,0.99,0.5032408,0.24917991,0.01,0.7300589,0.01,0.22868985,0.01,0.583331,0.99,0.7352939,0.13206086,0.78451896,0.5911225,0.4781689,0.6894772,0.01,0.5634606,0.01,0.99,0.28547114,0.99,0.01,0.99,0.01,0.16993856,0.64484185,0.5020429,0.015954599,0.99,0.01,0.12464318,0.21626505,0.01,0.01,0.6818205,0.054242697,0.99,0.14226621,0.0781056,0.8246359,0.72731674,0.4704279,0.61865234,0.99,0.99,0.76345426,0.01,0.9695308,0.38104928,0.35530487,0.7978014,0.01,0.012098759,0.75799495,0.01,0.71941817,0.27596465,0.39654422,0.99,0.01,0.8788991,0.99,0.44430077,0.99,0.49027687,0.7006632,0.38170058,0.01,0.060982555,0.36085057
SIM-0007-TP,0.5315924,0.99,0.37969044,0.63166547,0.99,0.49756768,0.3472879,0.54816663,0.01,0.01,0.01,0.7345963,0.01,0.5161263,0.99,0.01,0.99,0.5796949,0.01,0.2329092,0.01,0.01,0.01,0.01,0.01,0.01,0.01,0.01,0.01,0.01,0.01,0.01,0.01,0.01,0.01,0.01,0.01,0.01,0.01,0.01,0.01,0.01,0.01,0.01,0.01,0.01,0.01,0.01,0.01,0.01,0.01,0.01,0.01,0.01,0.01,0.01,0.01,0.01,0.01,0.01,0.99,0.99,0.99,0.99,0.99,0.99,0.99,0.99,0.99,0.99,0.99,0.99,0.99,0.99,0.99,0.99,0.99,0.99,0.99,0.99,0.99,0.99,0.99,0.99,0.99,0.99,0.99,0.99,0.99,0.99,0.99,0.99,0.99,0.99,0.99,0.99,0.99,0.99,0.99,0.99,0.260884,0.01,0.01,0.99,0.99,0.27605414,0.060406446,0.99,0.21122023,0.90255404,0.01,0.67002386,0.99,0.74656916,0.99,0.23324312,0.01,0.08160919,0.01,0.30426732,0.81922007,0.4029659,0.18987277,0.047502697,0.766513,0.01,0.01,0.8771081,0.13523528,0.4219179,0.2690997,0.4917834,0.5174714,0.10776541,0.01,0.46041095,0.7037274,0.64384675,0.5561137,0.64508826,0.3348591,0.3397543,0.99,0.20397882,0.6654203,0.01,0.40260422,0.13957,0.31961143,0.99,0.6276693,0.99,0.99,0.84318197,0.67037004,0.99,0.616029,0.17831479,0.90523934,0.07608812,0.35060874,0.34550366,0.42916238,0.99,0.09154695,0.6829236,0.57762146,0.99,0.23108658,0.42926717,0.5012502,0.01,0.99,0.39536652,0.938313,0.191473,0.01,0.54766214,0.36756948,0.01,0.5949946,0.01,0.32998303,0.45640725,0.01,0.01,0.99,0.35953343,0.80067164,0.9875954,0.38339663,0.20713556,0.8710921,0.01,0.061134152,0.99,0.018207192,0.7050407,0.01,0.16426037
SIM-0008-TP,0.416749,0.01,0.01,0.5222399,0.6952926,0.1155881,0.01,0.73634684,0.01,0.08868894,0.01,0.032700807,0.9171741,0.19068816,0.99,0.8485063,0.99,0.4859776,0.99,0.22554432,0.47208023,0.21505864,0.01,0.99,0.16412151,0.8664614,0.99,0.8440552,0.50292736,0.55370206,0.01,0.34285375,0.99,0.5554556,0.5659156,0.045909405,0.99,0.5824763,0.99,0.28523967,0.75749296,0.01,0.99,0.8501722,0.99,0.25677472,0.99,0.4005436,0.99,0.11517978,0.3626777,0.3630675,0.93190825,0.01,0.7224757,0.7329416,0.99,0.015572786,0.01,0.4208249,0.99,0.01,0.99,0.21117085,0.01,0.01,0.99,0.6897993,0.87004066,0.01,0.20057374,0.5881207,0.66967815,0.099538654,0.5981774,0.23310846,0.8920616,0.9685228,0.99,0.057857335,0.01,0.64060354,0.01,0.010201022,0.19757497,0.37939432,0.01,0.4961411,0.54883593,0.6857312,0.50668675,0.068565995,0.99,0.62998295,0.01,0.30191216,0.9767396,0.01,0.99,0.24231651,0.5738657,0.99,0.2651921,0.7707802,0.41401267,0.99,0.81051797,0.99,0.3557299,0.52992123,0.04932064,0.5932174,0.01,0.38189164,0.6260766,0.33864605,0.99,0.45063576,0.01,0.01,0.33841962,0.36895782,0.99,0.92236125,0.99,0.49913672,0.9790093,0.01,0.75825,0.42943552,0.01,0.4254662,0.99,0.2760052,0.99,0.01,0.01,0.5882387,0.43297684,0.28837976,0.41981018,0.46565056,0.35982817,0.58434707,0.26704156,0.33551678,0.18742186,0.08655435,0.99,0.99,0.99,0.6820781,0.41913214,0.2081012,0.99,0.01,0.011055276,0.5247053,0.20445436,0.35614848,0.5129838,0.01,0.2818846,0.042392045,0.9022034,0.4466406,0.96120816,0.82153463,0.5422449,0.01,0.5652964,0.01,0.90770483,0.99,0.99,0.99,0.18378049,0.37562838,0.48752376,0.01,0.01,0.4191336,0.01,0.01,0.1801411,0.0266117,0.99,0.92153704,0.14554122,0.99,0.99,0.01,0.5847298,0.056519777,0.01,0.99,0.5091589,0.3666923,0.263014,0.68186146
SIM-0009-TP,0.025978088,0.01,0.5509039,0.01,0.9381871,0.01,0.14949179,0.01,0.01,0.5406773,0.517583,0.99,0.01,0.0904093,0.552153,0.52163464,0.2579232,0.075238615,0.01,0.94028807,0.11407408,0.24173546,0.260049,0.99,0.01,0.99,0.044388175,0.99,0.01,0.6719634,0.99,0.7497156,0.99,0.15000057,0.4935551,0.8669808,0.99,0.99,0.23443425,0.42974067,0.99,0.23951867,0.37847435,0.053316057,0.81324136,0.6868516,0.1507203,0.9311683,0.9566598,0.85673463,0.63041854,0.99,0.9501973,0.23283422,0.99,0.01,0.99,0.5906182,0.8474568,0.7890643,0.6618375,0.42411777,0.4254411,0.01,0.99,0.61415726,0.6112356,0.99,0.01,0.08987674,0.01,0.9603962,0.5013437,0.6700838,0.99,0.01,0.99,0.469619,0.01317966,0.99,0.01,0.87802947,0.31230262,0.01,0.02939254,0.01,0.7954509,0.11744779,0.4752149,0.5352848,0.01675111,0.57128,0.9796794,0.99,0.27234572,0.12869552,0.27538362,0.21537417,0.4181717,0.45561427,0.029002026,0.32005727,0.24830407,0.99,0.41335022,0.43738842,0.7047681,0.09933856,0.5006831,0.714087,0.4433338,0.67242575,0.99,0.8101784,0.889085,0.01,0.9078748,0.28812474,0.01,0.097829916,0.3030206,0.01,0.2846735,0.40658116,0.56083614,0.99,0.01,0.99,0.25768515,0.86075056,0.41755086,0.01,0.01,0.21716818,0.7773342,0.01,0.124748826,0.74402714,0.854787,0.8433069,0.01,0.01,0.80884534,0.99,0.42815918,0.01,0.29525122,0.8863958,0.6925508,0.99,0.9653917,0.60838914,0.01,0.01,0.4958947,0.12200531,0.288096,0.26336837,0.01,0.54675335,0.332551,0.5461247,0.61080873,0.01,0.99,0.040849492,0.99,0.3382722,0.99,0.01,0.99,0.01,0.92022884,0.6855462,0.99,0.6974214,0.01,0.01,0.99,0.44678545,0.01,0.2598864,0.61203945,0.16253027,0.01,0.22280458,0.99,0.94128644,0.99,0.99,0.77786493,0.01,0.3452611,0.6772994,0.19398618,0.99,0.87873316,0.74089086,0.082874104,0.504683
SIM-0010-TP,0.99,0.01,0.4676623,0.99,0.01,0.761578,0.83156645,0.01,0.17959708,0.01,0.01,0.27281606,0.8564755,0.32885012,0.23707226,0.01,0.44270223,0.01,0.01,0.17530856,0.5537427,0.82810885,0.33871615,0.61166716,0.01,0.5538993,0.6250632,0.50023586,0.98017675,0.9839357,0.61836326,0.31582853,0.48861432,0.3678158,0.99,0.01,0.10740554,0.99,0.01,0.58822995,0.89445865,0.11145134,0.01,0.9555636,0.99,0.86010456,0.01,0.99,0.17182773,0.18582553,0.57940954,0.99,0.8435276,0.042423606,0.99,0.1654727,0.11637527,0.99,0.7297425,0.7298559,0.99,0.99,0.13767731,0.22246413,0.99,0.10666722,0.99,0.01,0.092538536,0.052847635,0.07171873,0.14627668,0.99,0.038619846,0.87966424,0.12720373,0.99,0.99,0.81523865,0.99,0.8428193,0.01,0.19064692,0.05816774,0.7877059,0.7494765,0.20687717,0.6699238,0.01,0.59539527,0.25508612,0.99,0.99,0.36712658,0.6901196,0.25325543,0.47782853,0.05053617,0.63034165,0.99,0.030410156,0.34384537,0.01,0.99,0.99,0.20124972,0.3531833,0.7836823,0.22583456,0.99,0.19745357,0.99,0.32495067,0.99,0.99,0.63480884,0.01,0.8780687,0.78130424,0.01,0.01,0.5012744,0.27711383,0.18408349,0.99,0.16581362,0.20182826,0.10351157,0.52918744,0.01,0.1047968,0.01,0.27828228,0.8408306,0.65092254,0.1941672,0.81927854,0.56902003,0.99,0.556965,0.01,0.99,0.30976593,0.30803457,0.7687717,0.01,0.5475182,0.95661306,0.99,0.5373801,0.99,0.017472118,0.42713553,0.28355986,0.91764003,0.33304167,0.8069788,0.3052904,0.81142354,0.27452242,0.6909421,0.48769146,0.01,0.89586914,0.7539916,0.45417267,0.55876696,0.01,0.01,0.01,0.83931947,0.8446835,0.5429211,0.34062964,0.50430954,0.99,0.01,0.99,0.99,0.99,0.8030616,0.01,0.44541925,0.97436315,0.01,0.01,0.6270752,0.5051525,0.99,0.46304104,0.9400781,0.70479697,0.99,0.51833785,0.35618755,0.19576883,0.9585515,0.99,0.01,0.99
SIM-0011-TP,0.07435222,0.5185891,0.2702529,0.37827498,0.4540192,0.01,0.696082,0.40049306,0.01,0.01,0.01,0.01,0.47732928,0.19779782,0.7836028,0.116888165,0.35861954,0.38607213,0.85006,0.01,0.99,0.70616937,0.20739846,0.99,0.28908682,0.54949504,0.4130413,0.99,0.4952842,0.6985573,0.82306504,0.9251824,0.4787277,0.99,0.36996317,0.01,0.4063951,0.99,0.19142891,0.3031074,0.67661625,0.12104199,0.77440363,0.01,0.28511074,0.5289771,0.01,0.01,0.6523993,0.7292974,0.19449376,0.61945343,0.5046928,0.12953858,0.9187781,0.8074461,0.01,0.9440489,0.5645242,0.4352137,0.99,0.01,0.7648148,0.01,0.78521395,0.13730499,0.8516503,0.13049811,0.34737188,0.8974875,0.01,0.6795629,0.99,0.1424719,0.99,0.01,0.6826237,0.34565926,0.7809819,0.6600081,0.99,0.01,0.01,0.431185,0.99,0.99,0.99,0.99,0.4838168,0.99,0.99,0.935392,0.12548465,0.99,0.72191316,0.04658275,0.01,0.01,0.6250829,0.01,0.06662387,0.5305474,0.01,0.92575306,0.01,0.8766484,0.86319435,0.01,0.01,0.22323442,0.59568155,0.64441705,0.6349648,0.55524576,0.99,0.39017695,0.2588935,0.10542911,0.4498374,0.10050658,0.99,0.1305131,0.48859632,0.6752858,0.99,0.20211098,0.99,0.3533287,0.99,0.7519461,0.01,0.030268528,0.99,0.5200767,0.2506616,0.917465,0.3801187,0.55623513,0.14602154,0.99,0.01,0.8146791,0.7792578,0.43830898,0.01,0.01,0.7714498,0.2994249,0.01,0.99,0.066658646,0.8318297,0.6390857,0.2266544,0.796025,0.01,0.01,0.027685285,0.20142311,0.50136316,0.17079966,0.01,0.01,0.40171596,0.4711088,0.3116542,0.99,0.99,0.97313136,0.01,0.4005561,0.062417403,0.67947096,0.3999503,0.63074553,0.095478,0.04763636,0.3676493,0.5078222,0.01,0.99,0.34468904,0.01,0.53305715,0.01,0.90385336,0.99,0.8634378,0.118452966,0.43912113,0.6653863,0.1598631,0.99,0.89185905,0.6495417,0.7895533,0.01,0.09043318,0.25089902,0.01
SIM-0012-TP,0.45547375,0.58936965,0.6881191,0.69233406,0.01,0.92409307,0.01,0.57467836,0.40336663,0.11375508,0.01,0.01,0.41332293,0.5927953,0.01,0.47966862,0.01,0.8066931,0.01,0.20737232,0.01,0.01,0.01,0.01,0.01,0.346416,0.01,0.01,0.01,0.01,0.01,0.01,0.01,0.2615713,0.01,0.01,0.73790455,0.359437,0.01,0.07703781,0.01,0.01,0.01,0.01,0.50080216,0.01,0.01,0.01,0.01,0.01,0.01,0.01,0.01,0.01,0.01,0.01,0.7746786,0.01,0.01,0.01,0.99,0.99,0.99,0.99,0.99,0.99,0.99,0.99,0.99,0.99,0.6042824,0.99,0.99,0.99,0.99,0.99,0.99,0.99,0.99,0.99,0.99,0.99,0.99,0.99,0.99,0.99,0.99,0.99,0.99,0.99,0.99,0.42450142,0.99,0.99,0.99,0.99,0.99,0.99,0.99,0.99,0.22405657,0.01,0.7087711,0.39673427,0.01,0.9764397,0.99,0.35538793,0.41836303,0.64898264,0.7020708,0.99,0.52838814,0.10558498,0.1239602,0.68159544,0.01,0.60923964,0.86803854,0.01,0.124170266,0.82198215,0.01,0.01,0.47159445,0.99,0.99,0.37763497,0.01,0.99,0.01,0.2526533,0.41276324,0.99,0.9779836,0.08670208,0.63645655,0.37629956,0.4716951,0.93064034,0.18552426,0.8269085,0.99,0.99,0.7451501,0.4474086,0.01,0.99,0.99,0.9049583,0.54543096,0.6965468,0.99,0.79933584,0.99,0.61665756,0.99,0.68650895,0.74352884,0.01,0.3672703,0.99,0.01,0.39234602,0.7767635,0.58280957,0.56783295,0.35054657,0.6828103,0.01,0.01,0.99,0.85545087,0.99,0.99,0.99,0.53353703,0.55711794,0.92037845,0.1336571,0.07809633,0.01,0.9129923,0.01,0.01,0.5283801,0.5615041,0.99,0.99,0.99,0.57613456,0.8547436,0.82965785,0.4274721,0.15324803,0.89126045,0.29103136,0.01,0.5956173,0.5901128
SIM-0013-TP,0.01,0.4832344,0.99,0.01,0.4994222,0.12079117,0.99,0.99,0.01,0.1367406,0.99,0.116946906,0.2235599,0.803798,0.14461885,0.7272803,0.30379173,0.01,0.01,0.36289835,0.01,0.377189,0.4995019,0.24443495,0.16847211,0.5811413,0.99,0.27300245,0.92479813,0.58227307,0.84742075,0.6607944,0.70256376,0.9134301,0.6546565,0.42346385,0.99,0.99,0.02940622,0.49997216,0.3252613,0.01,0.23522411,0.99,0.705018,0.6146784,0.30596888,0.09485443,0.37633824,0.44659144,0.01,0.99,0.99,0.01,0.91414905,0.32148162,0.99,0.33617562,0.99,0.37759125,0.99,0.01,0.01,0.43187028,0.23994246,0.78586316,0.01,0.3907453,0.01,0.01,0.27187586,0.782858,0.99,0.66833544,0.69376427,0.99,0.99,0.6862422,0.64924985,0.4919727,0.9520335,0.01,0.01,0.01,0.30429474,0.99,0.5279589,0.7328239,0.36324996,0.18657815,0.26707628,0.76177174,0.8212053,0.99,0.99,0.47489515,0.23636368,0.01,0.99,0.82474685,0.32898057,0.01,0.20109601,0.99,0.4742714,0.46757564,0.4654336,0.99,0.5499946,0.99,0.5615152,0.01,0.7959953,0.99,0.7220148,0.70746523,0.77929556,0.8370639,0.50480324,0.6386668,0.01,0.3390333,0.7002711,0.59047234,0.99,0.5291538,0.1557211,0.01,0.13761955,0.8290825,0.73413694,0.01,0.99,0.01,0.21990024,0.27355817,0.7612425,0.7086391,0.9573431,0.99,0.5518975,0.44160596,0.76985,0.99,0.9289801,0.8613727,0.01,0.88280386,0.67511344,0.49678332,0.49174765,0.5705371,0.4277004,0.44579244,0.68316233,0.84653276,0.3064728,0.345609,0.99,0.42193225,0.32144696,0.01,0.49525958,0.01,0.65103513,0.29726976,0.99,0.99,0.01,0.01,0.7435309,0.31695193,0.01,0.8584418,0.99,0.102608025,0.01,0.3280521,0.558195,0.75725913,0.44947055,0.13624053,0.99,0.041915536,0.01,0.57176995,0.99,0.99,0.99,0.92998374,0.01,0.26177457,0.17310467,0.99,0.64635146,0.01,0.99,0.9451454,0.05830732,0.20552038
SIM-0014-TP,0.99,0.01,0.479227,0.99,0.4099146,0.58221895,0.3156188,0.2408523,0.01,0.3470201,0.01,0.01,0.21567824,0.20258513,0.01,0.19770847,0.99,0.52244955,0.01,0.26314265,0.16452157,0.6279979,0.2345401,0.01,0.17475605,0.01,0.01,0.01,0.99,0.6175648,0.01,0.01,0.4305339,0.01,0.01,0.01,0.15965587,0.01,0.01,0.40947926,0.01,0.01,0.04455167,0.27522564,0.01,0.01,0.01,0.01,0.8636292,0.33766472,0.01,0.08585125,0.6639476,0.01,0.4907006,0.17211688,0.8027457,0.01814133,0.54100394,0.01,0.99,0.94823295,0.99,0.7380216,0.99,0.99,0.99,0.8504021,0.7312875,0.99,0.01,0.99,0.99,0.37938616,0.99,0.28649765,0.9871088,0.99,0.99,0.99,0.6085113,0.13576156,0.99,0.22717738,0.99,0.99,0.99,0.99,0.52831876,0.99,0.36250523,0.99,0.8588847,0.99,0.7764683,0.5816065,0.99,0.99,0.99,0.96150625,0.016224474,0.01,0.16543363,0.99,0.63486826,0.99,0.15415487,0.45625943,0.3180555,0.49416617,0.5410775,0.8701279,0.93124473,0.54384494,0.99,0.08994247,0.3322718,0.99,0.01,0.01,0.01,0.5160814,0.9855592,0.11206332,0.99,0.62130195,0.37168396,0.01,0.99,0.49550053,0.01,0.99,0.6315551,0.87872136,0.99,0.86519766,0.99,0.6887643,0.98522496,0.6048675,0.34286627,0.78980416,0.34090793,0.69732344,0.8517326,0.7979842,0.8299947,0.99,0.99,0.7332198,0.72944206,0.99,0.26490977,0.99,0.38258615,0.945451,0.1959856,0.13218111,0.12213814,0.5982044,0.01,0.01,0.8182471,0.99,0.36053115,0.61330086,0.99,0.7394791,0.99,0.14107922,0.8394394,0.01,0.01,0.99,0.99,0.64645547,0.99,0.99,0.8839091,0.01,0.5569114,0.01,0.31200293,0.051922083,0.01,0.01,0.8526721,0.01,0.38465524,0.99,0.53120947,0.01,0.42467302,0.01,0.2568684,0.18784922,0.39477625,0.30225116,0.21477757,0.99
SIM-0015-TP,0.2664945,0.653596,0.01,0.6320206,0.34040526,0.2872675,0.7008344,0.19749042,0.01,0.01,0.01,0.48585865,0.01,0.99,0.99,0.01,0.81461686,0.7988576,0.01,0.01,0.99,0.41965187,0.22805585,0.99,0.6859237,0.23317225,0.04591702,0.1462125,0.99,0.9157679,0.24064626,0.99,0.66117847,0.99,0.8214591,0.99,0.99,0.48322278,0.01,0.41340405,0.13666235,0.01,0.46830595,0.34404427,0.01,0.27290225,0.33044696,0.19571383,0.99,0.90670884,0.99,0.5286164,0.99,0.01,0.33943522,0.99,0.36569357,0.01,0.11660929,0.01,0.49148053,0.01,0.45981944,0.01,0.99,0.01,0.91415125,0.61245394,0.69112146,0.4296316,0.8842789,0.5535296,0.6583282,0.64675385,0.99,0.7078362,0.99,0.99,0.8490583,0.99,0.99,0.16035044,0.22869669,0.1289271,0.8478273,0.01,0.6859947,0.99,0.11057107,0.9305653,0.99,0.631923,0.01,0.3287378,0.61324936,0.01,0.7942549,0.13610852,0.99,0.271513,0.13475259,0.28200603,0.4173938,0.9574244,0.01,0.7689108,0.5337495,0.9899854,0.5775894,0.9772418,0.49765617,0.99,0.99,0.75705254,0.99,0.01,0.01,0.4178085,0.29243004,0.01,0.01,0.49425304,0.3147498,0.05409187,0.6099528,0.6692395,0.7869859,0.106276155,0.7110312,0.02532351,0.10194427,0.97834444,0.01,0.14992249,0.01,0.14433315,0.6217991,0.99,0.6090397,0.45960152,0.01,0.36638054,0.01,0.81341434,0.99,0.36830208,0.73091686,0.99,0.8597268,0.99,0.01,0.34188497,0.50602525,0.6751796,0.052835226,0.99,0.47357255,0.99,0.75330895,0.01,0.6530422,0.88258654,0.01,0.01,0.01,0.24243873,0.99,0.13481909,0.2616261,0.04866554,0.99,0.99,0.60416186,0.99,0.99,0.07752311,0.6980307,0.14032882,0.5785572,0.9801419,0.65317756,0.65983033,0.91687787,0.01,0.01,0.8137717,0.99,0.99,0.7408836,0.99,0.99,0.06118472,0.93652165,0.2408216,0.285815,0.8042754,0.017303675,0.103967905,0.99,0.01
SIM-0016-TP,0.573991,0.56415623,0.2577592,0.7671918,0.72898555,0.01,0.541282,0.32658577,0.7759018,0.18404506,0.01,0.52609766,0.01,0.6240756,0.3115483,0.01,0.22132756,0.99,0.22578321,0.01,0.04909268,0.46167237,0.01,0.301593,0.43411604,0.3866713,0.47523105,0.09674832,0.6534262,0.4894225,0.17931357,0.53933764,0.99,0.99,0.99,0.01,0.99,0.72329706,0.69071907,0.7994584,0.47724348,0.46959096,0.7059196,0.01,0.27422512,0.9030405,0.59256214,0.5762774,0.4590416,0.85314053,0.14029944,0.7959011,0.46373183,0.78455794,0.94225156,0.30740952,0.99,0.86944735,0.99,0.308819,0.64104486,0.01,0.4133575,0.01,0.8576479,0.41626257,0.7197268,0.5788321,0.01,0.7971457,0.01,0.09869379,0.99,0.3462203,0.6003597,0.01,0.7379517,0.99,0.95245993,0.64129245,0.99,0.14588699,0.46220183,0.2755028,0.79851496,0.47407842,0.034337997,0.99,0.97663456,0.14175636,0.34407902,0.09217191,0.99,0.99,0.99,0.01,0.99,0.9511958,0.99,0.68620425,0.28592113,0.17847922,0.81347644,0.4477036,0.38635653,0.58617175,0.01,0.987388,0.7475639,0.53971034,0.8561403,0.01,0.671798,0.5562573,0.8963499,0.26002377,0.46816137,0.22934106,0.424982,0.87698466,0.01,0.99,0.02618146,0.5623522,0.87439334,0.4618253,0.99,0.6996324,0.17165163,0.99,0.01,0.01,0.71600527,0.88003933,0.44178525,0.4943702,0.4268955,0.99,0.73855615,0.18582708,0.01,0.99,0.17993471,0.58150005,0.99,0.6595795,0.13137019,0.18151748,0.99,0.31626344,0.22627172,0.7024719,0.63045716,0.63846314,0.036019802,0.39011362,0.5315297,0.49818385,0.48736793,0.01,0.4313457,0.01,0.8805309,0.42981908,0.34574825,0.01,0.4452104,0.01,0.6451988,0.01,0.7805082,0.46451092,0.8749341,0.99,0.99,0.99,0.47787678,0.8093953,0.38558823,0.01,0.99,0.41145396,0.6106607,0.22471586,0.99,0.11841854,0.36812308,0.6044693,0.99,0.21573198,0.5166961,0.99,0.92911536,0.047530264,0.01,0.01,0.4955803,0.8394717,0.9799375,0.01
SIM-0017-TP,0.01,0.23529895,0.99,0.90295994,0.67063963,0.01,0.01,0.5645222,0.01,0.01,0.01,0.039595976,0.01,0.99,0.01,0.01,0.4563054,0.99,0.01,0.7120904,0.01,0.01,0.01,0.01,0.01,0.01,0.01,0.01,0.17012012,0.01,0.01,0.01,0.01,0.01,0.01,0.01,0.01,0.01,0.01,0.01,0.01,0.01,0.01,0.01,0.01,0.01,0.01,0.01,0.01,0.01,0.01,0.01,0.01,0.01,0.01,0.01,0.01,0.01,0.01,0.01,0.99,0.99,0.99,0.99,0.99,0.99,0.99,0.99,0.99,0.99,0.99,0.99,0.99,0.99,0.99,0.99,0.99,0.99,0.99,0.99,0.99,0.99,0.99,0.99,0.99,0.99,0.99,0.99,0.20060968,0.99,0.99,0.99,0.99,0.99,0.99,0.99,0.99,0.99,0.99,0.99,0.07318726,0.42346364,0.01,0.42103076,0.01,0.99,0.5290243,0.843583,0.24781105,0.99,0.17235318,0.46064097,0.61395454,0.8222024,0.99,0.99,0.99,0.01,0.40778226,0.01,0.84734094,0.16458645,0.5759081,0.01,0.01,0.99,0.45457092,0.01,0.39553824,0.044115484,0.21194595,0.01,0.040359437,0.27113777,0.84082395,0.78998935,0.8718796,0.6487144,0.99,0.18518683,0.01,0.93374133,0.39974183,0.43821162,0.5187423,0.99,0.99,0.37628168,0.01,0.4810973,0.054426253,0.9320943,0.99,0.01,0.3926535,0.01,0.25987464,0.1351891,0.99,0.39301997,0.62959063,0.01,0.01,0.8255633,0.42486596,0.01,0.99,0.49660593,0.92912775,0.21368295,0.44206262,0.8773335,0.01,0.99,0.5766936,0.79886883,0.43467933,0.43657213,0.28326878,0.22536226,0.10542953,0.99,0.026680648,0.99,0.74458754,0.41419035,0.70120394,0.9881973,0.83086044,0.82149005,0.108882844,0.01,0.99,0.01,0.261882,0.5867752,0.5274238,0.01,0.39587712,0.34774953
SIM-0018-TP,0.99,0.21371123,0.99,0.01,0.97887576,0.28586373,0.5391946,0.8037499,0.98822165,0.046157956,0.01,0.07720636,0.6259148,0.7257871,0.01,0.44496173,0.021958679,0.66833895,0.01,0.01,0.01,0.01,0.01,0.01,0.01,0.01,0.01,0.01,0.01,0.01,0.01,0.01,0.01,0.01,0.01,0.01,0.01,0.01,0.01,0.01,0.01,0.01,0.01,0.01,0.01,0.01,0.01,0.01,0.01,0.01,0.01,0.01,0.01,0.01,0.01,0.01,0.01,0.01,0.01,0.01,0.99,0.99,0.99,0.99,0.99,0.99,0.99,0.99,0.99,0.99,0.99,0.99,0.99,0.99,0.99,0.99,0.99,0.99,0.99,0.99,0.99,0.99,0.99,0.99,0.99,0.99,0.99,0.99,0.99,0.99,0.99,0.99,0.99,0.99,0.99,0.99,0.99,0.99,0.99,0.99,0.105736926,0.72287315,0.86627454,0.99,0.44844577,0.97129303,0.25324187,0.01,0.19627786,0.27994245,0.66275275,0.01,0.29015428,0.75322616,0.99,0.19503157,0.99,0.99,0.13717124,0.99,0.99,0.26050925,0.36646524,0.41696182,0.26629037,0.3348694,0.99,0.6457145,0.01,0.10764694,0.01,0.046920255,0.89130497,0.049265534,0.7313256,0.6564447,0.6240385,0.99,0.99,0.01,0.01,0.6151875,0.71730196,0.99,0.63334376,0.99,0.15685362,0.42057523,0.65628105,0.42823198,0.99,0.01,0.48811188,0.9256642,0.61374664,0.99,0.99,0.19783963,0.99,0.99,0.5255345,0.34327245,0.68962824,0.94322306,0.6747464,0.01,0.99,0.6499312,0.99,0.35432395,0.99,0.01,0.01,0.99,0.33120197,0.7759981,0.99,0.01,0.8653948,0.99,0.5997571,0.01,0.13594212,0.100810766,0.26558018,0.09437272,0.51241314,0.99,0.99,0.93516624,0.99,0.99,0.16527635,0.55148745,0.01,0.01,0.6249037,0.01,0.46269,0.01
SIM-0019-TP,0.57776976,0.01,0.4556134,0.29516906,0.17806318,0.9214326,0.325619,0.75153196,0.01,0.20959799,0.5082564,0.78869355,0.023583755,0.9328457,0.01,0.01,0.52294666,0.99,0.01,0.41181433,0.32417843,0.01,0.7671299,0.44756657,0.99,0.31833494,0.7586694,0.99,0.93687683,0.99,0.01,0.17978907,0.99,0.99,0.99,0.53279895,0.99,0.847169,0.01,0.99,0.23004457,0.26665467,0.55395675,0.7839834,0.01,0.01,0.01,0.75466114,0.111442566,0.28489476,0.39749408,0.38391536,0.5318359,0.3680375,0.9108386,0.01,0.96975523,0.83197516,0.01,0.27977407,0.4593351,0.1851572,0.654202,0.126288,0.99,0.65397036,0.99,0.8265702,0.6793136,0.2968915,0.01,0.18870485,0.6355569,0.24723074,0.95839643,0.01,0.99,0.79100716,0.7138428,0.32312205,0.26869583,0.06896946,0.27520102,0.1564869,0.99,0.6329958,0.5610448,0.99,0.13863748,0.9573664,0.01,0.01,0.728953,0.7683551,0.18472248,0.20452613,0.69759727,0.01,0.5479186,0.7759709,0.01,0.01,0.5137942,0.87210375,0.2282471,0.2757301,0.102521,0.4920528,0.99,0.99,0.01,0.9160218,0.28037742,0.61695784,0.5580452,0.99,0.01,0.58003366,0.1366731,0.56478804,0.3540026,0.9497367,0.70282257,0.09555563,0.99,0.8854163,0.15411776,0.52979666,0.5895196,0.8670422,0.6016468,0.6120889,0.8688055,0.055523038,0.99,0.99,0.95309997,0.6809501,0.64630175,0.46006426,0.2557792,0.01,0.99,0.99,0.01,0.8335198,0.50633407,0.5898415,0.99,0.01,0.49728173,0.55596066,0.78012085,0.01,0.99,0.99,0.3963511,0.04305336,0.99,0.01,0.7112148,0.4889409,0.99,0.5444896,0.99,0.36460477,0.23257744,0.35079822,0.2599753,0.7015817,0.6972207,0.09237061,0.99,0.01,0.24846154,0.01,0.9529245,0.601769,0.99,0.35564417,0.99,0.04520596,0.47220182,0.65182745,0.3998547,0.99,0.01,0.85711473,0.64376915,0.7953993,0.69331473,0.01,0.99,0.37869763,0.99,0.9684017,0.30219543,0.75180095,0.2750048,0.91574097
SIM-0020-TP,0.01,0.01,0.41393712,0.96300095,0.61360675,0.5800982,0.60745275,0.01,0.028156996,0.5566226,0.01,0.01,0.041008502,0.74165916,0.99,0.01,0.74623203,0.01,0.23424673,0.48808247,0.01,0.01,0.01,0.01,0.01,0.01,0.01,0.01,0.01,0.01,0.01,0.01,0.01,0.01,0.01,0.01,0.01,0.01,0.01,0.01,0.01,0.01,0.01,0.01,0.01,0.01,0.01,0.01,0.01,0.01,0.01,0.01,0.01,0.01,0.01,0.01,0.01,0.01,0.01,0.01,0.99,0.99,0.99,0.99,0.99,0.99,0.99,0.99,0.99,0.99,0.99,0.99,0.99,0.99,0.99,0.99,0.99,0.99,0.99,0.99,0.99,0.99,0.99,0.99,0.99,0.99,0.99,0.99,0.99,0.99,0.99,0.99,0.99,0.99,0.99,0.99,0.99,0.99,0.99,0.99,0.28024095,0.01,0.49319023,0.78648454,0.99,0.29545492,0.3829742,0.2574915,0.99,0.7619367,0.06703538,0.01,0.20413473,0.88332903,0.99,0.01,0.20885426,0.99,0.99,0.77026033,0.98691565,0.99,0.99,0.29135865,0.14965609,0.99,0.01,0.01,0.01,0.5049468,0.01,0.01,0.12355065,0.01,0.8116802,0.56129044,0.84112847,0.8953668,0.51497227,0.99,0.57904524,0.57074565,0.01,0.70546377,0.01,0.5786674,0.54963565,0.01,0.9383209,0.9325055,0.60038006,0.5897186,0.41370225,0.6473651,0.42607796,0.01,0.53000224,0.6258626,0.99,0.040856898,0.01,0.99,0.01,0.64414537,0.99,0.18647951,0.90735525,0.97489893,0.49689293,0.99,0.1590899,0.01,0.22818497,0.99,0.6079333,0.932833,0.8842735,0.99,0.99,0.99,0.76682675,0.01,0.34085557,0.35054395,0.99,0.01,0.99,0.14087361,0.6111847,0.62770385,0.99,0.5641532,0.99,0.99,0.13088697,0.2320711,0.033470035,0.6268305,0.29943144,0.3737046
SIM-0021-TP,0.1027163,0.9049339,0.01,0.29279438,0.01,0.20319821,0.9083637,0.4408853,0.028388858,0.31858146,0.01,0.6038207,0.2662893,0.01,0.14938623,0.38784674,0.99,0.99,0.99,0.29998457,0.01,0.01,0.01,0.023714662,0.020553648,0.01,0.01,0.4652322,0.01,0.01,0.43690604,0.08353609,0.08957106,0.99,0.019671738,0.01,0.3855495,0.01,0.01,0.26073432,0.01,0.01,0.01,0.56831235,0.01,0.5049071,0.01,0.485874,0.01,0.99,0.01,0.01,0.20366448,0.322874,0.5436643,0.145374,0.6832966,0.01,0.3820613,0.01,0.99,0.83412385,0.8857468,0.99,0.99,0.59900177,0.99,0.99,0.4288342,0.99,0.24687985,0.99,0.99,0.99,0.99,0.8079778,0.99,0.99,0.99,0.14588195,0.4623487,0.01,0.99,0.99,0.10489172,0.9261203,0.99,0.99,0.45144886,0.99,0.7506358,0.99,0.99,0.99,0.99,0.5575042,0.99,0.17561388,0.42758256,0.99,0.64628416,0.01,0.34007186,0.2736736,0.99,0.99,0.61899084,0.6422954,0.01,0.18237293,0.2800784,0.81928116,0.94201005,0.43792012,0.99,0.92914695,0.46234852,0.57805943,0.3754079,0.13222086,0.29205784,0.99,0.80140185,0.8549148,0.36191863,0.15861571,0.62421644,0.99,0.99,0.01,0.99,0.33734134,0.8891852,0.01,0.16202138,0.9693903,0.01,0.01,0.7861115,0.59705514,0.99,0.64998657,0.49595612,0.7939733,0.99,0.034151644,0.98244077,0.42849764,0.8173831,0.99,0.9254745,0.67537755,0.1996187,0.01,0.6759279,0.9809557,0.4175341,0.2786638,0.7700813,0.29900527,0.01,0.7574049,0.6615488,0.17348194,0.91265786,0.01,0.85176265,0.7186758,0.99,0.12356894,0.99,0.01,0.01,0.75397515,0.99,0.7931027,0.43174446,0.39690495,0.5024613,0.01,0.01,0.055352613,0.01,0.99,0.01,0.37823492,0.99,0.7998832,0.5434015,0.9844292,0.99,0.01,0.01,0.74041855,0.01,0.99,0.25112396,0.4770041,0.01,0.9601826
SIM-0022-TP,0.3630647,0.19343844,0.01,0.4585129,0.99,0.01,0.9542988,0.80663514,0.61469924,0.40604144,0.01,0.9802632,0.34877956,0.83739734,0.99,0.40266964,0.44862795,0.19047204,0.25726593,0.01,0.01,0.01,0.01,0.01,0.01,0.01,0.01,0.01,0.4603654,0.12915665,0.15437812,0.11212093,0.74528205,0.01,0.01,0.01,0.37186015,0.58385265,0.01,0.01,0.01,0.01,0.01,0.48058558,0.01,0.6387336,0.7851831,0.01,0.34303617,0.60975945,0.01,0.17943299,0.41651952,0.01,0.24567336,0.01,0.6390003,0.01,0.18734366,0.01,0.99,0.3214961,0.70175123,0.99,0.99,0.78355134,0.99,0.99,0.6821185,0.23662978,0.6591619,0.97849715,0.99,0.78277147,0.6024256,0.9093751,0.99,0.99,0.6804928,0.99,0.99,0.63711953,0.96617955,0.54216135,0.5600858,0.99,0.55649936,0.89411956,0.17355281,0.99,0.82194173,0.99,0.78959996,0.7719302,0.88155735,0.5666245,0.99,0.01,0.99,0.7348162,0.01,0.76023155,0.01,0.99,0.62621284,0.3178723,0.38562453,0.99,0.99,0.99,0.99,0.21674779,0.01,0.5930758,0.99,0.01,0.043453783,0.01552996,0.65761673,0.3091838,0.01,0.41236603,0.01,0.22911018,0.01,0.53258437,0.0292041,0.772214,0.26100928,0.4572736,0.99,0.32049197,0.25064301,0.18743846,0.01,0.5250244,0.70642436,0.01,0.01,0.36389506,0.01,0.7515745,0.63039154,0.38398087,0.87589717,0.09606972,0.48723894,0.18770778,0.95143217,0.87479985,0.01,0.4386904,0.7209854,0.4920665,0.9289651,0.13472036,0.5745077,0.41917515,0.41130477,0.01,0.01,0.01,0.34239882,0.94289464,0.99,0.01,0.99,0.8274889,0.01,0.056691736,0.3588308,0.801147,0.01,0.99,0.84282744,0.01,0.07267657,0.99,0.5776398,0.86320686,0.99,0.01,0.01,0.01,0.95683455,0.3085942,0.01,0.99,0.01,0.35819367,0.93290454,0.99,0.86659706,0.1728633,0.17819658,0.99,0.99,0.3516418,0.11122991,0.01
SIM-0023-TP,0.6252489,0.75266856,0.01,0.38777772,0.01,0.37378383,0.01,0.015860036,0.44897124,0.01,0.01,0.5940683,0.54252005,0.17958254,0.20497312,0.01,0.99,0.46851406,0.01,0.36022586,0.01,0.01,0.01,0.33662796,0.01,0.01,0.01,0.01,0.01,0.01,0.01,0.01,0.01,0.01,0.01,0.01,0.01,0.01,0.01,0.01,0.47833776,0.01,0.01,0.01,0.01,0.01,0.01,0.01,0.01,0.01,0.01,0.01,0.01,0.01,0.01,0.01,0.01,0.01,0.01,0.01,0.99,0.99,0.99,0.99,0.99,0.99,0.99,0.99,0.99,0.99,0.99,0.99,0.99,0.99,0.99,0.99,0.99,0.99,0.99,0.99,0.99,0.99,0.99,0.99,0.99,0.99,0.85837215,0.99,0.99,0.99,0.99,0.99,0.99,0.99,0.99,0.99,0.99,0.99,0.99,0.99,0.61973387,0.01,0.34161344,0.9748258,0.01,0.3689344,0.241555,0.25770214,0.01,0.8787476,0.99,0.6276581,0.069185495,0.103934586,0.66394997,0.01,0.65891075,0.99,0.19138288,0.23344098,0.01,0.01,0.43855172,0.11066982,0.18458983,0.01,0.46174285,0.96053123,0.6277572,0.99,0.016375005,0.55425256,0.01,0.83393544,0.99,0.8071571,0.99,0.36223572,0.55124325,0.16410461,0.37036625,0.8647827,0.55233306,0.20806508,0.35545212,0.56111115,0.43054792,0.113463044,0.01,0.5391015,0.01,0.098435104,0.5282437,0.278511,0.43690294,0.99,0.01,0.7622535,0.6923106,0.01,0.6182772,0.14086525,0.01,0.99,0.01,0.01,0.8567745,0.99,0.19859383,0.99,0.96023184,0.01,0.01,0.9852103,0.32443845,0.99,0.12190433,0.052118838,0.18203044,0.83623016,0.01,0.63121957,0.8045146,0.35436726,0.01,0.5106576,0.52586377,0.13374758,0.99,0.32904914,0.15618187,0.35580212,0.42467278,0.99,0.01,0.51928604,0.6146373,0.5752205,0.33555722,0.38071707
SIM-0024-TP,0.5016769,0.18265733,0.6936884,0.19938293,0.88862556,0.9500756,0.06414579,0.99,0.01,0.01,0.17097494,0.6005951,0.27258232,0.85734886,0.5925308,0.99,0.50039524,0.0100390315,0.01,0.44270235,0.59452784,0.32932734,0.01,0.99,0.99,0.42126852,0.99,0.97552246,0.99,0.96056324,0.5517972,0.82228816,0.67251277,0.87776685,0.99,0.6045381,0.76494807,0.70986694,0.5763757,0.93282974,0.99,0.27956122,0.05118203,0.42774317,0.5668706,0.8825682,0.80481946,0.01,0.7591698,0.13789594,0.01,0.93836737,0.99,0.37702873,0.99,0.10308365,0.9148924,0.13704434,0.446478,0.01,0.044958055,0.01,0.3353,0.01,0.47147793,0.46349865,0.05411142,0.6655333,0.5529679,0.5716236,0.39960986,0.558649,0.42931598,0.24966289,0.99,0.28231865,0.6873301,0.99,0.7425488,0.77139306,0.6470256,0.01,0.7594258,0.01,0.74292564,0.45777398,0.01,0.29360017,0.20614734,0.73843646,0.6244354,0.7206161,0.01,0.99,0.9535069,0.25306156,0.84426796,0.01,0.31220904,0.99,0.098648116,0.99,0.01,0.99,0.16149572,0.99,0.4614355,0.6157696,0.51387584,0.55014294,0.74162734,0.42947686,0.7488457,0.01,0.68380785,0.85052216,0.85402083,0.8665003,0.50599384,0.99,0.35149503,0.01,0.7713341,0.9036218,0.9035857,0.40623632,0.5701848,0.99,0.5128778,0.01,0.03925085,0.01,0.057558328,0.01,0.99,0.11982253,0.15064341,0.01,0.99,0.576514,0.17751451,0.58094513,0.83321774,0.2051238,0.01,0.01,0.01,0.8270235,0.99,0.99,0.01,0.8263551,0.43236077,0.99,0.99,0.99,0.59390527,0.34859142,0.57230306,0.01,0.01,0.67609185,0.99,0.17271078,0.33297962,0.01,0.8840846,0.99,0.99,0.9121097,0.7883756,0.24083236,0.99,0.31171268,0.67594916,0.99,0.01,0.632903,0.9799904,0.4516226,0.99,0.8714212,0.5070783,0.99,0.01,0.15395588,0.99,0.99,0.01,0.7648746,0.96029466,0.42153955,0.99,0.99,0.18274751,0.99,0.77112126,0.46489614,0.01,0.75397813
SIM-0025-TP,0.6728103,0.48520455,0.01,0.99,0.47838303,0.01,0.01,0.99,0.22268385,0.01,0.16468975,0.7848689,0.3982981,0.11411342,0.986402,0.5156703,0.8433511,0.0820612,0.01,0.01,0.8163376,0.7462757,0.5104176,0.62367487,0.04821953,0.39822245,0.6800566,0.99,0.6090548,0.5259166,0.99,0.99,0.44791502,0.99,0.30001485,0.01,0.6203052,0.5708633,0.50741553,0.6238431,0.9562408,0.01,0.6505657,0.799803,0.01,0.70834357,0.501879,0.01,0.62233245,0.52487487,0.066011496,0.99,0.99,0.01,0.99,0.6626113,0.7912454,0.99,0.99,0.01,0.88450766,0.99,0.01,0.15680133,0.4972157,0.7845098,0.99,0.70617896,0.14503482,0.01,0.85282755,0.408157,0.6700229,0.7766422,0.8783269,0.64770657,0.99,0.9441299,0.87290806,0.09711027,0.6958941,0.67414457,0.01,0.01,0.06381264,0.7728408,0.99,0.99,0.01,0.99,0.033388153,0.5712982,0.5931737,0.45393556,0.5534991,0.01,0.7469047,0.01,0.24493164,0.99,0.792922,0.4634057,0.01,0.5139868,0.12560391,0.99,0.19660226,0.99,0.5345558,0.99,0.8726506,0.83374155,0.01,0.92445076,0.9102122,0.032124326,0.99,0.3475597,0.21461052,0.7574021,0.01,0.03271383,0.01,0.03223458,0.22159538,0.918227,0.01,0.01,0.4257177,0.25366932,0.34549925,0.7700559,0.47049242,0.99,0.24640086,0.99,0.27890393,0.71544707,0.15187478,0.21484691,0.2406381,0.065678775,0.6189955,0.29375458,0.71809995,0.01,0.8610575,0.99,0.99,0.99,0.5241218,0.34005618,0.9836881,0.23245068,0.01,0.9049631,0.07548444,0.01,0.5194534,0.038624257,0.3304054,0.37922654,0.92290545,0.01,0.6180819,0.01,0.99,0.50451136,0.22589435,0.747738,0.99,0.9320499,0.01,0.99,0.99,0.69207084,0.3820533,0.99,0.99,0.85872996,0.716168,0.99,0.066934705,0.01,0.098379046,0.26159438,0.99,0.6358174,0.7903906,0.032633662,0.99,0.24743642,0.31831846,0.99,0.69899297,0.18434322,0.39232734,0.99,0.99,0.7062229
SIM-0026-TP,0.01,0.93589765,0.01,0.99,0.03663531,0.56882924,0.09933168,0.46290344,0.33906865,0.01,0.99,0.01,0.01,0.90679574,0.99,0.03937933,0.01,0.021057025,0.01,0.24415168,0.31655893,0.4390056,0.4006614,0.99,0.24535121,0.03755349,0.7618956,0.51489943,0.975388,0.36838472,0.8046043,0.01,0.6691129,0.99,0.29529822,0.71990436,0.07587725,0.01,0.01,0.6290095,0.99,0.75613916,0.99,0.99,0.01,0.046586722,0.84774745,0.99,0.31918305,0.99,0.01,0.99,0.7514564,0.22503187,0.7851528,0.01,0.99,0.66288203,0.99,0.9675478,0.88108516,0.01,0.01,0.99,0.99,0.70224917,0.85843754,0.99,0.78116286,0.01,0.15622398,0.03162241,0.67665464,0.99,0.99,0.21328896,0.01,0.51434004,0.76888967,0.5505399,0.78677046,0.253416,0.01,0.19617346,0.4289031,0.34454915,0.99,0.5426756,0.01,0.99,0.01,0.76656115,0.32748052,0.99,0.5651612,0.6437657,0.4861951,0.01,0.9358265,0.47641677,0.01,0.01,0.99,0.01,0.58737344,0.6058167,0.99,0.01,0.26675594,0.99,0.25142676,0.17863724,0.64872265,0.4646384,0.6963243,0.68410736,0.708157,0.699111,0.6444831,0.67531425,0.8594055,0.17910382,0.75349814,0.01,0.01,0.99,0.26276952,0.5532629,0.01,0.01,0.01,0.45029673,0.17644864,0.3114109,0.01,0.99,0.98688257,0.4195276,0.9604169,0.49932796,0.1841967,0.7050904,0.86093247,0.01,0.85200727,0.99,0.601752,0.7072236,0.76703846,0.99,0.01,0.99,0.99,0.029302627,0.78567946,0.21663922,0.3423029,0.18832274,0.8879113,0.01,0.08371739,0.940333,0.01,0.01,0.61883885,0.99,0.99,0.49316555,0.37250838,0.56281996,0.01,0.01,0.5911089,0.99,0.67671,0.99,0.01,0.01,0.99,0.68047285,0.980803,0.45713454,0.36312115,0.3906631,0.12065686,0.01,0.5688481,0.01,0.01,0.68954515,0.01,0.01,0.29145542,0.34989274,0.01,0.01,0.99,0.01,0.01,0.01
SIM-0027-TP,0.99,0.32693285,0.05125104,0.16092959,0.7957091,0.01,0.42684394,0.44629574,0.24704823,0.13836473,0.01,0.01,0.11624959,0.01,0.4282223,0.01,0.22442368,0.01,0.78608,0.01,0.99,0.24355412,0.3940214,0.8685081,0.62110907,0.95299953,0.99,0.01,0.99,0.9728109,0.5014418,0.99,0.99,0.99,0.5891887,0.01,0.99,0.99,0.01,0.99,0.5214443,0.01,0.6981524,0.99,0.1606129,0.01,0.99,0.01,0.99,0.01,0.39647326,0.99,0.99,0.99,0.3627024,0.44552302,0.21600008,0.01,0.33093274,0.37701622,0.99,0.99,0.11521678,0.36718473,0.99,0.6412547,0.7437822,0.66306776,0.07383971,0.01,0.01,0.5249109,0.5382784,0.01,0.99,0.40391445,0.99,0.99,0.50920665,0.34527892,0.7940672,0.4085586,0.13907036,0.01,0.13411963,0.705163,0.97415125,0.037993014,0.3567121,0.79825664,0.028644934,0.023145884,0.2997619,0.954567,0.99,0.74249256,0.031057,0.04039135,0.01,0.72225475,0.5373262,0.9588574,0.01,0.3399918,0.53891695,0.01,0.69523275,0.8694318,0.01,0.9231123,0.01,0.99,0.7631438,0.29935455,0.23340482,0.41332603,0.99,0.037475556,0.25951266,0.01,0.98502195,0.01,0.98656034,0.25372353,0.5529825,0.43738595,0.5492492,0.062127113,0.80329436,0.99,0.01,0.46258134,0.25647312,0.5051229,0.99,0.22094926,0.99,0.8901643,0.5213447,0.8056482,0.47717726,0.15076911,0.2359536,0.01,0.4625006,0.99,0.8007053,0.01,0.6724385,0.95365816,0.8749505,0.19083658,0.121180475,0.3233891,0.99,0.6127366,0.01,0.99,0.7241868,0.24130946,0.01,0.92055804,0.524319,0.5084464,0.118326604,0.6587614,0.99,0.99,0.41632396,0.18545973,0.48962587,0.99,0.12071237,0.2736209,0.7097435,0.4511204,0.97869265,0.01,0.3836797,0.50553495,0.99,0.46514827,0.99,0.6929671,0.12919131,0.66050375,0.08546299,0.0363639,0.99,0.87653923,0.99,0.01,0.99,0.74923766,0.14847924,0.8079381,0.62048715,0.047095448,0.028031096,0.4103025
SIM-0028-TP,0.039494395,0.01,0.42048955,0.73323065,0.98334855,0.49087307,0.80022013,0.99,0.01,0.01,0.5978518,0.01,0.01,0.01,0.99,0.3493665,0.11965063,0.01,0.230876,0.43948102,0.01,0.01,0.01,0.01,0.01,0.01,0.01,0.01,0.01,0.01,0.01,0.01,0.01,0.01,0.01,0.01,0.01,0.01,0.01,0.01,0.01,0.01,0.01,0.01,0.01,0.01,0.01,0.01,0.01,0.01,0.01,0.01,0.01,0.01,0.01,0.01,0.01,0.01,0.01,0.01,0.99,0.99,0.99,0.99,0.99,0.99,0.99,0.99,0.99,0.99,0.99,0.99,0.99,0.99,0.99,0.99,0.99,0.99,0.99,0.99,0.99,0.99,0.99,0.99,0.99,0.99,0.99,0.99,0.99,0.99,0.99,0.99,0.99,0.99,0.99,0.99,0.99,0.99,0.99,0.99,0.7295637,0.18966813,0.73336685,0.67218065,0.01,0.99,0.62444586,0.31812355,0.0108234435,0.99,0.01,0.7500361,0.99,0.99,0.99,0.2996239,0.63551474,0.22310326,0.24651325,0.6313899,0.053520665,0.5055103,0.01,0.99,0.42756173,0.99,0.07753715,0.048671246,0.9381187,0.25764123,0.01,0.01,0.8630744,0.8596164,0.01,0.242107,0.88912547,0.99,0.58395904,0.8990657,0.7896879,0.99,0.01,0.11077285,0.3475733,0.80228794,0.38423252,0.8454875,0.8700438,0.8377143,0.5566046,0.99,0.25460353,0.27733248,0.16226697,0.6085918,0.09492095,0.69226885,0.77118295,0.01,0.20113412,0.99,0.01,0.037356645,0.712158,0.01,0.99,0.75699574,0.5258017,0.28180438,0.52914965,0.01,0.47998172,0.01,0.56039107,0.9622866,0.94361293,0.99,0.4501981,0.01,0.87385267,0.99,0.99,0.01,0.16074646,0.65790915,0.99,0.99,0.32040125,0.99,0.99,0.01,0.99,0.91003793,0.01,0.99,0.85358,0.9010379,0.99,0.23951043
SIM-0029-TP,0.5381133,0.01,0.921882,0.99,0.99,0.01,0.8367429,0.99,0.01,0.41102234,0.17508133,0.01,0.5207064,0.13148402,0.01,0.23651662,0.8130309,0.99,0.27612886,0.5357331,0.6059567,0.736568,0.01,0.9481703,0.37995526,0.7334975,0.81165504,0.23537552,0.67994523,0.99,0.01,0.75576997,0.99,0.96362674,0.99,0.6640407,0.97248876,0.37629437,0.39887106,0.9114474,0.6506273,0.01,0.01,0.85302305,0.01,0.23106714,0.01,0.75805116,0.99,0.76450926,0.99,0.99,0.99,0.27051955,0.5948182,0.46638116,0.8286703,0.90666294,0.93132687,0.057562955,0.99,0.01,0.3033317,0.01,0.58610594,0.99,0.3783173,0.8438715,0.01,0.01,0.42081156,0.30667803,0.90070605,0.78570175,0.89682627,0.30993497,0.30680108,0.99,0.6228447,0.01,0.99,0.69861245,0.99,0.99,0.89039207,0.95313656,0.99,0.33740732,0.01,0.44919246,0.8930553,0.01,0.90072906,0.99,0.7113675,0.01,0.76440006,0.01,0.99,0.99,0.045355737,0.99,0.41868228,0.04820347,0.42769587,0.99,0.19920743,0.52381057,0.01,0.25625306,0.01,0.01,0.3506837,0.99,0.8344392,0.61151206,0.99,0.01,0.063578784,0.57828337,0.01,0.672254,0.99,0.01,0.41032296,0.5085676,0.16626549,0.123039484,0.028042406,0.56301963,0.43607512,0.60555327,0.4221607,0.99,0.01,0.01,0.40024054,0.892848,0.99,0.99,0.49807146,0.99,0.99,0.055511087,0.4957395,0.99,0.93838584,0.94471467,0.99,0.16900718,0.1794931,0.010071158,0.9492005,0.16707753,0.81760013,0.3398052,0.01,0.60013556,0.01,0.01,0.01,0.01,0.33932483,0.96862614,0.01,0.01,0.01,0.48253244,0.4337553,0.6064291,0.01,0.47101396,0.01,0.25864792,0.93011546,0.99,0.29854184,0.103566766,0.6138346,0.047684073,0.9147271,0.64626104,0.7729771,0.51019645,0.79233134,0.01,0.99,0.37801534,0.01,0.99,0.5371901,0.27164614,0.01,0.99,0.99,0.99,0.4912021,0.96581113,0.19401234,0.805842
SIM-0030-TP,0.1928833,0.99,0.02579996,0.3882171,0.23408225,0.39627397,0.18369852,0.91726947,0.01,0.45065588,0.84691566,0.33593616,0.99,0.99,0.99,0.08306706,0.01,0.23475106,0.01,0.01,0.01,0.01,0.01,0.01,0.01,0.01,0.01,0.01,0.01,0.01,0.01,0.01,0.01,0.01,0.01,0.01,0.01,0.01,0.01,0.112015724,0.01,0.01,0.01,0.01,0.01,0.01,0.01,0.01,0.01,0.01,0.01,0.01,0.01,0.01,0.01,0.01,0.01,0.01,0.01,0.01,0.99,0.99,0.99,0.99,0.99,0.99,0.99,0.99,0.99,0.99,0.99,0.99,0.99,0.99,0.99,0.99,0.99,0.99,0.99,0.99,0.99,0.99,0.99,0.99,0.99,0.99,0.99,0.99,0.99,0.99,0.99,0.99,0.99,0.99,0.99,0.99,0.99,0.96197325,0.99,0.99,0.11363192,0.01,0.6789553,0.99,0.8912144,0.01,0.9864676,0.7600342,0.01,0.99,0.5602497,0.99,0.12908268,0.8187754,0.40492815,0.34258467,0.99,0.01,0.01,0.6731114,0.2002143,0.908092,0.01,0.4679179,0.9328545,0.71280336,0.01,0.99,0.38026506,0.01,0.51073265,0.3434204,0.9316818,0.9428786,0.17355204,0.01,0.7832991,0.01,0.99,0.25556746,0.6704515,0.40186137,0.2932977,0.04464963,0.95885074,0.07785237,0.89445746,0.39176938,0.6934132,0.8546282,0.5798171,0.054117918,0.99,0.21589096,0.99,0.4871992,0.48591232,0.01,0.3787955,0.35788345,0.077622235,0.99,0.27222392,0.01,0.40142104,0.01,0.99,0.99,0.3672876,0.36792716,0.5368326,0.6259391,0.6518513,0.99,0.8004486,0.40190402,0.68130076,0.99,0.99,0.99,0.69372684,0.01,0.01,0.99,0.01,0.98510385,0.3752261,0.99,0.50947464,0.99,0.99,0.048202813,0.28512996,0.06663859,0.01,0.539352,0.16960278,0.01,0.115297824,0.4696346
SIM-0031-TP,0.01,0.03631258,0.98111814,0.01,0.99,0.01,0.41101167,0.99,0.7704216,0.21908301,0.01,0.01,0.01,0.99,0.09143165,0.37855715,0.14043714,0.01,0.041081786,0.01,0.01,0.01,0.01,0.01,0.01,0.01,0.01,0.01,0.01,0.01,0.01,0.01,0.01,0.01,0.01,0.01,0.01,0.01,0.01,0.01,0.01,0.01,0.01,0.01,0.01,0.01,0.01,0.01,0.01,0.01,0.01,0.01,0.01,0.01,0.01,0.01,0.01,0.01,0.01,0.01,0.99,0.99,0.99,0.99,0.99,0.99,0.99,0.99,0.99,0.99,0.99,0.99,0.99,0.99,0.99,0.99,0.99,0.99,0.99,0.99,0.99,0.99,0.99,0.99,0.99,0.99,0.99,0.99,0.99,0.99,0.99,0.99,0.99,0.99,0.99,0.99,0.99,0.99,0.99,0.99,0.99,0.67966604,0.01,0.68944305,0.99,0.23617402,0.6422936,0.99,0.542265,0.99,0.7098698,0.57511014,0.26366353,0.8367686,0.6510872,0.01,0.99,0.23272952,0.99,0.3237572,0.12770182,0.01,0.99,0.4393378,0.01,0.99,0.4043528,0.01,0.7396945,0.01,0.01,0.01,0.860814,0.99,0.1580899,0.7879385,0.99,0.6639701,0.8524583,0.01,0.99,0.3734576,0.67360115,0.5652524,0.64347917,0.17136903,0.6308545,0.99,0.99,0.7492743,0.2781747,0.11183789,0.99,0.415978,0.99,0.84364367,0.99,0.033797175,0.22006041,0.99,0.77614236,0.5954456,0.99,0.6077799,0.99,0.23504221,0.99,0.99,0.2351674,0.1201951,0.38424122,0.3284816,0.16403429,0.99,0.99,0.820261,0.46002856,0.36705285,0.52333695,0.01,0.5527762,0.01,0.31717235,0.16282612,0.01,0.99,0.6533288,0.99,0.2812807,0.99,0.3164084,0.3012925,0.01,0.99,0.0394087,0.99,0.6723119,0.46270373,0.4793983,0.9243278
SIM-0032-TP,0.53441566,0.47837967,0.3822527,0.99,0.3254028,0.01,0.01,0.10728502,0.01,0.01,0.017143548,0.42848673,0.32628047,0.057113647,0.93678707,0.20194417,0.99,0.95857036,0.01,0.83406043,0.09294319,0.22967678,0.18303972,0.39134026,0.106556594,0.01,0.01,0.01,0.10660738,0.4284222,0.6308862,0.40368074,0.35409683,0.01,0.3756168,0.01,0.01,0.01,0.48950619,0.99,0.6304457,0.01,0.01,0.28435177,0.24680501,0.48637724,0.40285498,0.55092406,0.99,0.12712222,0.99,0.01,0.018802494,0.03172505,0.64862835,0.01,0.25599897,0.99,0.01,0.01,0.99,0.94317776,0.99,0.70775497,0.42882282,0.69627506,0.4670686,0.99,0.85103345,0.99,0.49053413,0.99,0.6846645,0.99,0.99,0.14105856,0.99,0.99,0.99,0.64264214,0.99,0.80374825,0.24181777,0.09151882,0.99,0.99,0.99,0.99,0.015031397,0.99,0.99,0.01,0.5481806,0.99,0.99,0.01,0.92889285,0.9198067,0.01,0.99,0.671974,0.01,0.01,0.452875,0.01,0.5641698,0.7189248,0.01,0.702129,0.90810317,0.471083,0.36141542,0.99,0.99,0.6487162,0.59926707,0.8926959,0.6321628,0.99,0.01,0.01,0.01,0.7062745,0.30607945,0.24091548,0.99,0.99,0.26268002,0.01,0.99,0.58899796,0.33920905,0.48722056,0.07914728,0.07383157,0.8968264,0.32883736,0.8780935,0.6250416,0.09350294,0.99,0.99,0.7046394,0.72264516,0.01,0.14193608,0.01,0.7517077,0.97207844,0.90751517,0.99,0.01,0.34027088,0.55873454,0.9018742,0.01,0.7909503,0.92925835,0.9863881,0.01,0.40435177,0.5374753,0.10247439,0.99,0.6361847,0.99,0.99,0.9232785,0.8580229,0.9883329,0.99,0.15782054,0.06197536,0.30568963,0.01,0.8048006,0.15493439,0.4830678,0.99,0.35423708,0.99,0.01,0.01,0.01,0.5923766,0.8084685,0.47184598,0.35931504,0.99,0.04605484,0.99,0.01,0.6571442,0.95251906,0.40216753,0.55663615,0.99,0.6200122,0.99,0.01
SIM-0033-TP,0.01,0.66811204,0.14351776,0.8262695,0.078537375,0.15327698,0.34153643,0.3478616,0.15729636,0.01,0.10059303,0.99,0.01,0.01,0.92643964,0.01,0.87175465,0.597319,0.01,0.9667375,0.01,0.01,0.01,0.14433265,0.01,0.01,0.01,0.43033695,0.01,0.01,0.15762138,0.01,0.21009707,0.3577211,0.66186404,0.01,0.01,0.01,0.01,0.01,0.01,0.01,0.01,0.01,0.01,0.010717392,0.01,0.01,0.01,0.01,0.01,0.01,0.21426916,0.01,0.01,0.01,0.01,0.01,0.12004769,0.01,0.99,0.99,0.99,0.99,0.99,0.99,0.99,0.6229043,0.99,0.9149803,0.99,0.99,0.99,0.6947175,0.99,0.99,0.77924144,0.99,0.99,0.99,0.99,0.8517431,0.99,0.65918475,0.99,0.99,0.99,0.99,0.99,0.99,0.99,0.99,0.99,0.99,0.99,0.99,0.99,0.99,0.99,0.24856031,0.02306804,0.95600665,0.08432926,0.01,0.69151443,0.9892944,0.24552721,0.43455598,0.01,0.99,0.36937383,0.01,0.65504885,0.25287437,0.99,0.66560006,0.44554254,0.4637596,0.9862231,0.10856883,0.5864719,0.99,0.098322645,0.99,0.99,0.73198265,0.20749272,0.5450823,0.15185237,0.17425904,0.6197703,0.01,0.26544273,0.31660527,0.01,0.8872024,0.43844852,0.99,0.4960323,0.41864887,0.01,0.7494604,0.5616546,0.8160179,0.6343195,0.99,0.7383,0.19594607,0.27338415,0.99,0.01,0.81364226,0.99,0.81143165,0.33531225,0.9560489,0.35398,0.01,0.69389397,0.38009423,0.01,0.5182338,0.96119654,0.83314276,0.7351471,0.22881758,0.49270725,0.53029025,0.01,0.34844518,0.92192155,0.1603163,0.01,0.8998076,0.99,0.99,0.33403203,0.99,0.99,0.17020203,0.4897685,0.45524776,0.01,0.9446378,0.28173488,0.41854474,0.48132452,0.49745473,0.01,0.99,0.99,0.5499562,0.6327596,0.01,0.01,0.5762237,0.01,0.01,0.01,0.2693128
SIM-0034-TP,0.29011774,0.6562042,0.99,0.7678654,0.44623232,0.99,0.01,0.01,0.01,0.31002668,0.01,0.01,0.01,0.01,0.01,0.9780296,0.58934766,0.99,0.01,0.46531066,0.4650933,0.6659301,0.34550095,0.99,0.727422,0.01,0.99,0.49084494,0.46055222,0.99,0.9442749,0.159305,0.71402276,0.01,0.01,0.073628716,0.99,0.3230263,0.9114342,0.4680694,0.54837245,0.01,0.9542507,0.2808643,0.27180713,0.19315252,0.1730673,0.3591191,0.77809185,0.99,0.18308364,0.99,0.8897376,0.99,0.61832476,0.035349935,0.99,0.47454637,0.86929584,0.99,0.3281504,0.8890348,0.046559125,0.88325685,0.99,0.5587272,0.753029,0.4997636,0.01,0.10748189,0.049370617,0.6802493,0.035857856,0.30216482,0.99,0.61780983,0.75227195,0.99,0.42901006,0.6151606,0.045126677,0.01,0.99,0.017198354,0.01,0.99,0.79861456,0.99,0.07564485,0.18413496,0.16262153,0.5940295,0.6317603,0.99,0.32082576,0.35614854,0.5915402,0.01,0.8772916,0.47431654,0.5470845,0.60995525,0.4975955,0.06652808,0.01,0.40897632,0.21096966,0.28650704,0.67872846,0.99,0.12914844,0.8583106,0.82424176,0.6029571,0.99,0.01,0.533062,0.01,0.01,0.01,0.01,0.36401072,0.19252159,0.30738693,0.4392085,0.99,0.01,0.01,0.01,0.53469753,0.6110184,0.43814167,0.90703917,0.4251867,0.082313746,0.99,0.01,0.69298124,0.8333623,0.99,0.01,0.51987696,0.01,0.01,0.49854714,0.8050728,0.99,0.42342815,0.99,0.7379864,0.78119326,0.99,0.64278114,0.8900478,0.16339225,0.8235686,0.709522,0.62275195,0.18108392,0.041548833,0.4755767,0.58883023,0.29633352,0.99,0.046331048,0.01,0.01,0.99,0.675119,0.99,0.99,0.36142063,0.519383,0.70843786,0.96161544,0.8558084,0.01,0.74858886,0.7148299,0.99,0.546875,0.01,0.40151215,0.5572447,0.16570073,0.01,0.6910337,0.60171044,0.4365348,0.99,0.5550002,0.10266047,0.729199,0.27935702,0.99,0.82869744,0.01,0.055810183,0.01,0.01
SIM-0035-TP,0.48887846,0.01,0.123784736,0.99,0.19090328,0.55221,0.01,0.52360255,0.01,0.11224073,0.01,0.99,0.01,0.99,0.8941959,0.2667117,0.55419326,0.99,0.99,0.01,0.01,0.01,0.01,0.01,0.01,0.01,0.01,0.01,0.01,0.01,0.01,0.01,0.01,0.01,0.01,0.01,0.01,0.01,0.01,0.01,0.01,0.01,0.01,0.01,0.01,0.01,0.01,0.01,0.01,0.01,0.01,0.01,0.01,0.01,0.01,0.01,0.01,0.01,0.01,0.01,0.99,0.99,0.99,0.99,0.99,0.99,0.99,0.99,0.99,0.99,0.99,0.99,0.99,0.99,0.99,0.99,0.99,0.99,0.99,0.99,0.99,0.99,0.99,0.99,0.99,0.99,0.99,0.99,0.99,0.99,0.99,0.99,0.99,0.99,0.99,0.99,0.99,0.99,0.99,0.99,0.01,0.01,0.7268747,0.83596885,0.936581,0.99,0.17659774,0.38425064,0.88194764,0.95142835,0.60182905,0.99,0.99,0.82456636,0.99,0.18462405,0.7663894,0.33484828,0.9896108,0.01,0.01,0.64992285,0.01,0.01,0.99,0.99,0.25819838,0.01,0.54072285,0.90189743,0.6120384,0.36427462,0.34402546,0.27407157,0.01,0.209268,0.7133599,0.8305652,0.99,0.01,0.01,0.54009324,0.029341698,0.53812826,0.01,0.978642,0.09916121,0.99,0.99,0.30922973,0.99,0.6489463,0.8229561,0.31895453,0.99,0.7580236,0.01,0.05087159,0.83144504,0.43582457,0.6243338,0.44957492,0.01,0.050318748,0.09840983,0.40804687,0.45375016,0.6893612,0.5166812,0.2248574,0.5778667,0.01,0.5263668,0.710329,0.85317135,0.99,0.6014283,0.36472926,0.5898682,0.99,0.45901966,0.12852274,0.5993189,0.6276664,0.044591993,0.01,0.763994,0.99,0.99,0.03857875,0.99,0.06907219,0.92100984,0.04529053,0.01,0.047791064,0.28154483,0.7375081,0.2361346,0.119624004
SIM-0036-TP,0.9211147,0.2586287,0.47348922,0.99,0.45977283,0.01,0.4992135,0.99,0.073739916,0.044690713,0.68739104,0.9420241,0.12984785,0.056834787,0.54681677,0.01,0.9516549,0.7019463,0.99,0.9118004,0.01,0.01,0.01,0.01,0.50723666,0.01,0.99,0.99,0.7131648,0.560085,0.99,0.99,0.42300627,0.14361662,0.7104101,0.41037872,0.5235911,0.8357662,0.99,0.01,0.42603916,0.01,0.045161963,0.6129813,0.01,0.72682726,0.5293295,0.49105144,0.6814046,0.6177313,0.013125464,0.77329886,0.99,0.01,0.9134879,0.01,0.72985494,0.01,0.4407642,0.31129462,0.99,0.01,0.49708176,0.7843056,0.47456932,0.25901994,0.01,0.17649823,0.26419026,0.58207756,0.01,0.99,0.89813024,0.01,0.99,0.01,0.9049846,0.3776158,0.038969517,0.99,0.6404957,0.99,0.01,0.01,0.26379204,0.99,0.99,0.99,0.51764,0.44527516,0.99,0.5456497,0.8500819,0.99,0.01,0.01,0.47029024,0.62954456,0.15829003,0.6339854,0.13407752,0.01,0.01,0.99,0.01,0.99,0.84314936,0.73093385,0.22019824,0.31065857,0.016225696,0.7433411,0.33399314,0.7137611,0.40303487,0.44446614,0.7697225,0.01,0.5129892,0.01,0.01,0.025514305,0.99,0.83001655,0.99,0.91191155,0.5321704,0.8747223,0.01,0.8059023,0.9421816,0.47855872,0.99,0.57060623,0.99,0.45385048,0.99,0.94840544,0.42638564,0.032381356,0.01,0.25026494,0.49495593,0.01,0.99,0.44388732,0.5452662,0.106671154,0.42460346,0.01,0.99,0.01,0.068944514,0.99,0.9636882,0.5556817,0.3628196,0.63459754,0.8235322,0.01,0.6910841,0.57847595,0.82417226,0.01,0.32948306,0.30779073,0.28948292,0.01,0.49647456,0.6703941,0.5162064,0.4698056,0.5936192,0.871991,0.9643532,0.99,0.01,0.99,0.073886216,0.012883246,0.99,0.01,0.1464505,0.99,0.7437763,0.01,0.48613083,0.8062483,0.99,0.27043223,0.36117285,0.5699532,0.01,0.01,0.12149494,0.6873541,0.01,0.6523317,0.49742088,0.01
SIM-0037-TP,0.99,0.28762236,0.01,0.99,0.066060394,0.13125306,0.01,0.9119843,0.01,0.01,0.01,0.074706435,0.7521379,0.01,0.34380072,0.13291499,0.48871884,0.8457029,0.01,0.4058559,0.01,0.01,0.01,0.6828564,0.1612176,0.99,0.80443174,0.7622875,0.29516023,0.99,0.99,0.83604217,0.23329896,0.44213724,0.91520077,0.01,0.99,0.36852092,0.17586167,0.2704924,0.76471895,0.80101717,0.52088207,0.650813,0.01,0.99,0.38200435,0.24819377,0.01,0.66142696,0.01,0.01,0.99,0.059505522,0.99,0.8923564,0.539332,0.99,0.99,0.01,0.30129665,0.01,0.48288324,0.01,0.9266608,0.01,0.4386448,0.34426963,0.01,0.01,0.01,0.57766235,0.79331446,0.01,0.99,0.06600124,0.99,0.9627775,0.75223875,0.41300756,0.99,0.14890441,0.69065857,0.99,0.14019835,0.99,0.8965675,0.99,0.01,0.4812137,0.01,0.014748454,0.2478615,0.8319152,0.21032572,0.36142212,0.6215243,0.21844172,0.670572,0.7021118,0.11484104,0.5631484,0.02563195,0.99,0.01,0.99,0.32949623,0.10179484,0.01,0.24785882,0.100338444,0.99,0.3381593,0.01,0.99,0.01,0.914086,0.21268915,0.342331,0.7940294,0.51614046,0.01,0.01,0.01,0.99,0.17634964,0.99,0.16088921,0.01,0.58142537,0.19030063,0.5297852,0.84191203,0.18423563,0.01,0.01,0.01,0.5243719,0.6124586,0.05053252,0.01,0.72190386,0.22333819,0.33867007,0.4171976,0.512891,0.22755188,0.44499245,0.01,0.8116795,0.54725224,0.42737037,0.99,0.4329499,0.6916673,0.7448858,0.99,0.28400883,0.01,0.3604836,0.01,0.01,0.99,0.99,0.24156526,0.01,0.8418223,0.342649,0.33027244,0.01,0.38047117,0.01,0.80538464,0.99,0.8462696,0.69956267,0.6633477,0.65108263,0.99,0.01,0.99,0.051480934,0.01,0.99,0.99,0.12879053,0.99,0.65571326,0.3896281,0.20500618,0.25212622,0.99,0.43921256,0.43935063,0.01,0.7992493,0.01,0.08859226,0.01,0.8911834
SIM-0038-TP,0.01,0.01,0.01,0.12448321,0.31083828,0.70910394,0.17374879,0.2644421,0.20419246,0.01,0.99,0.1774569,0.43120614,0.7846098,0.03676337,0.18053326,0.30203977,0.52324134,0.1625073,0.17680958,0.01,0.99,0.5114263,0.05458331,0.24013843,0.01,0.99,0.5315031,0.8509509,0.30305758,0.32571366,0.79467964,0.99,0.99,0.084872305,0.101724856,0.90708363,0.24227133,0.01,0.01,0.99,0.01,0.4872347,0.6821521,0.25939637,0.30690774,0.8484198,0.3593484,0.52192616,0.75070715,0.01,0.99,0.46287662,0.015441179,0.99,0.01,0.7237757,0.99,0.13350615,0.4215451,0.99,0.7066482,0.99,0.01,0.2874464,0.6671711,0.99,0.22964793,0.3713324,0.99,0.19365855,0.99,0.99,0.99,0.9023769,0.7723023,0.346524,0.8546768,0.49446046,0.01,0.01,0.34713733,0.48627013,0.01,0.99,0.14115965,0.73264396,0.57328516,0.2776444,0.99,0.6331042,0.6705282,0.95800155,0.24779165,0.99,0.01,0.5400302,0.01,0.9823782,0.425305,0.15924698,0.9828108,0.01,0.88278854,0.01,0.99,0.24576229,0.57719874,0.01,0.99,0.37746906,0.6312965,0.99,0.01,0.5449644,0.3037783,0.01,0.01,0.06870383,0.01,0.03534402,0.5836765,0.71870387,0.99,0.5774778,0.68488264,0.41700843,0.5871606,0.4732865,0.99,0.81273687,0.3885295,0.99,0.49268466,0.01,0.33394384,0.49970013,0.11978418,0.311675,0.052027643,0.52495146,0.9068563,0.01,0.11809349,0.99,0.7034159,0.73735964,0.35723794,0.9527636,0.8295908,0.104533136,0.26932535,0.50426966,0.01,0.10812223,0.39557892,0.01,0.01,0.01,0.5451174,0.99,0.88100183,0.8036629,0.6641759,0.826947,0.15500772,0.3044754,0.99,0.7131635,0.01,0.84367436,0.01,0.07680783,0.99,0.99,0.60171175,0.17493615,0.7375184,0.01,0.03138864,0.01,0.11450865,0.8115554,0.75865006,0.01,0.01,0.39211026,0.99,0.5788067,0.87113124,0.01,0.01,0.43650806,0.16497715,0.23056847,0.7642036,0.74724936,0.01,0.01,0.19493516
SIM-0039-TP,0.058768794,0.16066046,0.34082714,0.15868744,0.6657955,0.4654495,0.2796498,0.9808632,0.01,0.01,0.27343878,0.022156104,0.01,0.34551442,0.5074065,0.01,0.99,0.57392454,0.01,0.01,0.55434024,0.01,0.99,0.99,0.73030925,0.5309994,0.99,0.01,0.24727696,0.99,0.99,0.01,0.01,0.7579691,0.99,0.26847404,0.7506124,0.01,0.010032281,0.4576559,0.374757,0.01,0.75582266,0.99,0.01,0.37385267,0.20539553,0.09794578,0.99,0.98369473,0.72585636,0.99,0.717457,0.99,0.99,0.01,0.9625832,0.01,0.63372886,0.99,0.99,0.062560335,0.46010363,0.5170735,0.99,0.01,0.99,0.4664793,0.01,0.01,0.01,0.794368,0.01,0.36166227,0.99,0.88720256,0.99,0.99,0.4148529,0.8555918,0.01,0.075127065,0.45480132,0.4385552,0.01,0.5010675,0.4786292,0.5663673,0.5866733,0.5792832,0.30409667,0.07179719,0.99,0.99,0.43506402,0.99,0.20980829,0.6374789,0.3318162,0.99,0.58600426,0.01,0.18152511,0.99,0.059697747,0.92819774,0.77686864,0.53678906,0.01,0.99,0.34688225,0.99,0.7756998,0.65162116,0.99,0.01,0.99,0.23552035,0.29805422,0.84152216,0.3309468,0.20423543,0.5506737,0.7553146,0.52962023,0.99,0.01,0.55793136,0.6742376,0.88154256,0.01,0.06555159,0.01,0.99,0.08513735,0.99,0.01,0.8569231,0.6223291,0.99,0.9419352,0.99,0.99,0.5870184,0.55105686,0.28176394,0.6740997,0.01,0.81028545,0.9502415,0.4249811,0.01,0.6649781,0.01,0.99,0.3666382,0.01,0.05439184,0.99,0.23249337,0.01,0.028179944,0.09497194,0.13128297,0.06437093,0.0779474,0.09487158,0.99,0.9333622,0.01,0.22235036,0.01,0.3761766,0.99,0.99,0.9375448,0.99,0.68031406,0.013084352,0.01,0.99,0.36341006,0.37047228,0.7445764,0.3111355,0.44931996,0.58274925,0.99,0.2823429,0.31961223,0.046835005,0.09441436,0.99,0.18538311,0.01,0.8466782,0.121489316,0.99,0.75783724,0.01
SIM-0040-TP,0.3069815,0.01,0.01,0.44044197,0.7976384,0.20223835,0.04450631,0.01,0.01,0.26893967,0.01,0.99,0.01,0.44192004,0.11509538,0.01,0.793598,0.11198735,0.01,0.01,0.01,0.01,0.01,0.01,0.01,0.01,0.01,0.01,0.01,0.01,0.01,0.01,0.04768455,0.01,0.18867409,0.01,0.16177213,0.01,0.01,0.01,0.01,0.01,0.01,0.01,0.01,0.01,0.04975617,0.01,0.01,0.01,0.01,0.01,0.01,0.24200296,0.01,0.01,0.01,0.01,0.01,0.01,0.99,0.8706555,0.99,0.99,0.99,0.99,0.99,0.99,0.99,0.46212006,0.95599246,0.99,0.99,0.42798567,0.99,0.9460007,0.99,0.99,0.99,0.99,0.99,0.99,0.5117594,0.99,0.99,0.99,0.99,0.99,0.99,0.99,0.7896054,0.99,0.99,0.99,0.99,0.9538896,0.99,0.99,0.99,0.8777594,0.8689061,0.71757585,0.50135624,0.947107,0.6051681,0.99,0.01,0.92157537,0.01,0.99,0.034273922,0.91584873,0.01,0.01,0.7959441,0.9365162,0.77482444,0.6877848,0.9094319,0.01,0.51265013,0.032623947,0.18675622,0.34739783,0.3160262,0.574678,0.30216968,0.073194,0.20380196,0.648278,0.01,0.3375761,0.18787998,0.578408,0.01,0.99,0.99,0.13690734,0.88085836,0.99,0.01,0.2954686,0.9068452,0.01,0.21205351,0.01,0.88393354,0.34314966,0.66682065,0.46268365,0.99,0.0865266,0.036096334,0.01,0.99,0.8782459,0.81696266,0.01,0.6579885,0.99,0.17333084,0.08559972,0.2278907,0.61609006,0.9507706,0.01,0.4692211,0.6370084,0.032765955,0.01,0.99,0.01,0.2168139,0.70720005,0.8561166,0.9350638,0.11617331,0.99,0.96323305,0.31482404,0.2795936,0.6510454,0.18622503,0.01,0.7415333,0.01,0.99,0.01,0.3604443,0.99,0.8948227,0.51234436,0.01,0.5879108,0.16591556,0.8259312,0.99,0.99,0.61653507,0.64705086
SIM-0041-TP,0.01,0.01,0.01,0.01,0.19343437,0.35757142,0.01,0.59176755,0.01,0.01,0.736103,0.01,0.6347506,0.01,0.2716955,0.01,0.25216,0.99,0.01,0.01,0.59536994,0.04821585,0.29358327,0.3916747,0.017715007,0.012815446,0.99,0.42897958,0.3247819,0.8051509,0.52323544,0.687889,0.6484046,0.6354224,0.99,0.01,0.99,0.61788094,0.01,0.01639527,0.5991778,0.01,0.84075767,0.6169436,0.4878105,0.042527914,0.44235334,0.99,0.7606894,0.44855317,0.01,0.8882424,0.99,0.01,0.7445584,0.01,0.69407266,0.76393247,0.01,0.01,0.96288645,0.18876866,0.46214157,0.01,0.8664682,0.01,0.99,0.01,0.01,0.15378241,0.8160423,0.62813866,0.8353283,0.4785874,0.99,0.01,0.03922057,0.044962704,0.99,0.7701001,0.642213,0.01,0.35184202,0.30480057,0.7435397,0.14181703,0.01,0.32414144,0.01,0.01,0.99,0.01,0.9027761,0.99,0.99,0.28221625,0.99,0.99,0.656201,0.8913985,0.8763993,0.01,0.12437264,0.57111096,0.6973375,0.01,0.99,0.8248288,0.5110748,0.01,0.01,0.99,0.5711178,0.01,0.9632866,0.55833024,0.7724284,0.3480249,0.99,0.01,0.4773202,0.38996926,0.27722052,0.2528242,0.41699386,0.62382996,0.28308833,0.79356146,0.01,0.99,0.063298464,0.5888883,0.91632843,0.5622372,0.3188543,0.19348285,0.29408184,0.7714935,0.595791,0.99,0.12567642,0.53291357,0.01,0.7668985,0.8774194,0.87706685,0.99,0.99,0.99,0.99,0.884953,0.01,0.19000101,0.01,0.99,0.10383353,0.01,0.16097595,0.15175486,0.33472672,0.01,0.01,0.33780366,0.01,0.99,0.134886,0.99,0.9641968,0.3918444,0.01,0.99,0.41636539,0.99,0.99,0.6976701,0.8623947,0.5598382,0.99,0.99,0.32928568,0.01,0.01,0.01,0.22418246,0.9831687,0.99,0.99,0.99,0.19107917,0.013597906,0.38899308,0.01,0.01,0.16108468,0.24739128,0.7719928,0.10220489,0.7599355,0.01,0.24976367
SIM-0042-TP,0.01,0.73409104,0.44345587,0.82260555,0.01,0.31321332,0.5337741,0.01,0.5116527,0.01,0.039559796,0.99,0.47733107,0.01,0.34019333,0.68390834,0.086327404,0.25107786,0.01,0.50921476,0.01,0.5391444,0.01,0.84323347,0.3378876,0.7065393,0.67322844,0.99,0.99,0.32657984,0.99,0.5607907,0.9742469,0.99,0.34038138,0.01,0.79289764,0.3065082,0.99,0.188445,0.66900074,0.20582439,0.99,0.26303908,0.01,0.99,0.49411076,0.7464132,0.99,0.99,0.01,0.5731602,0.01,0.01,0.8005928,0.01,0.32883334,0.6577586,0.99,0.14434466,0.25121695,0.75941193,0.01,0.95410335,0.58984756,0.31012842,0.99,0.01,0.01,0.01,0.07134239,0.99,0.29715475,0.01,0.31160963,0.2618521,0.9867889,0.4886928,0.7282048,0.99,0.78796846,0.29261607,0.99,0.01,0.12192044,0.46130943,0.34005418,0.01,0.29316747,0.7961675,0.16150391,0.44034243,0.7969782,0.22608787,0.73355484,0.4228563,0.01,0.86543846,0.18941838,0.098543584,0.33947992,0.4407262,0.6356622,0.99,0.206997,0.7815454,0.45079148,0.64506006,0.25033253,0.6043652,0.16746515,0.01,0.99,0.7681653,0.01,0.6153313,0.4801683,0.01,0.01,0.01,0.01,0.01,0.99,0.6278856,0.99,0.7205726,0.7190816,0.01,0.19008861,0.5298049,0.66367894,0.104106076,0.61038375,0.63707006,0.12904547,0.35512084,0.21812099,0.99,0.467143,0.7863952,0.27469376,0.99,0.01,0.5966195,0.01,0.5838766,0.4369181,0.01,0.9779422,0.94893664,0.38729575,0.4639373,0.8206519,0.9406706,0.6127424,0.99,0.17396024,0.80551463,0.65602374,0.01,0.01,0.35039628,0.01,0.99,0.25854775,0.01,0.99,0.99,0.76333195,0.7522327,0.5405643,0.16267547,0.99,0.99,0.99,0.99,0.7780355,0.04714483,0.64449906,0.99,0.9728805,0.076787286,0.99,0.7047216,0.6087909,0.41999123,0.99,0.99,0.99,0.99,0.6667118,0.39103228,0.99,0.34827846,0.01,0.24994007,0.02723369,0.24637204,0.01,0.7592944
SIM-0043-TP,0.20911182,0.8423503,0.01,0.2916479,0.5113046,0.5493585,0.8962722,0.35938087,0.51415324,0.01,0.360131,0.01,0.50036436,0.9449582,0.7939627,0.01,0.27828133,0.7177117,0.29104334,0.22546783,0.01,0.8251137,0.90635693,0.9307719,0.5646122,0.6581861,0.99,0.66767156,0.7533247,0.9150013,0.4779407,0.40121233,0.01,0.935624,0.99,0.7049692,0.99,0.58315796,0.27037543,0.99,0.99,0.8530203,0.12709615,0.4208416,0.17000307,0.01,0.01,0.5758605,0.99,0.8481482,0.36534336,0.16577184,0.5633338,0.18039252,0.79377025,0.01,0.43538818,0.41430855,0.99,0.30328774,0.99,0.061984036,0.2931569,0.46395546,0.6328089,0.01,0.083617866,0.32605666,0.5470238,0.73468095,0.01,0.01,0.99,0.3254916,0.10600364,0.01,0.25906575,0.61076343,0.14186126,0.99,0.36410028,0.13832201,0.99,0.25866958,0.4458656,0.64968663,0.9385167,0.99,0.01,0.4821204,0.01,0.17528543,0.99,0.99,0.5493536,0.7658664,0.68728286,0.01,0.99,0.5894632,0.01,0.01,0.8106693,0.09232199,0.99,0.7677885,0.96607375,0.42952734,0.47778663,0.99,0.32180902,0.029694378,0.8390849,0.01,0.99,0.3172487,0.7387805,0.01,0.01,0.01,0.5441148,0.01,0.99,0.31066626,0.08079231,0.51427835,0.01,0.01,0.77959263,0.82726526,0.61170495,0.76722443,0.678056,0.01,0.6347961,0.01,0.31359822,0.6387427,0.5447687,0.01,0.01,0.71869147,0.23397216,0.99,0.99,0.01,0.54006875,0.99,0.7420134,0.63335603,0.9330168,0.3791192,0.99,0.054187298,0.5326119,0.8903916,0.24295723,0.21185035,0.01,0.01,0.7565079,0.01,0.58872956,0.4851096,0.59429646,0.7906236,0.5918167,0.65016496,0.29224107,0.26315278,0.96415114,0.01,0.82595813,0.90079236,0.99,0.99,0.09293902,0.037796795,0.7612246,0.58635676,0.99,0.01,0.01,0.01,0.01,0.024744391,0.710751,0.99,0.01,0.93895644,0.52928936,0.32471007,0.18197855,0.9317504,0.67863464,0.64771366,0.99,0.85551584,0.91681784,0.22317271
SIM-0044-TP,0.74864,0.01,0.01,0.99,0.14127591,0.09592201,0.01,0.18795225,0.01,0.01,0.09743588,0.7169497,0.01,0.17876814,0.85104525,0.99,0.99,0.01,0.5705379,0.99,0.01,0.7674396,0.330835,0.68533313,0.50341463,0.6282861,0.99,0.99,0.095448315,0.3999051,0.53027844,0.99,0.01,0.36879045,0.097010374,0.01,0.99,0.34371635,0.01,0.4913869,0.99,0.01,0.729923,0.99,0.3115759,0.99,0.12394589,0.99,0.99,0.7087689,0.01,0.39676273,0.01,0.6242017,0.99,0.22474435,0.83792686,0.99,0.7689991,0.01,0.89124084,0.99,0.6037459,0.019458398,0.6991781,0.49025273,0.61796755,0.37024298,0.12326918,0.8638889,0.5368146,0.37997574,0.99,0.29512897,0.9518212,0.27259746,0.01,0.01,0.8309974,0.23206598,0.01,0.01,0.7237469,0.37885177,0.8895054,0.92269826,0.14459345,0.99,0.51704025,0.62895525,0.2838533,0.71283996,0.2931991,0.99,0.8717819,0.1447292,0.99,0.01,0.57722414,0.32653722,0.41754782,0.76458335,0.01,0.99,0.13547036,0.9076065,0.6104698,0.5810088,0.01,0.99,0.01,0.01,0.098822,0.99,0.99,0.01,0.91354704,0.01,0.46572104,0.01,0.65266645,0.59979093,0.8335533,0.29470268,0.4931256,0.01,0.01,0.90129316,0.4577353,0.62281245,0.9846896,0.01,0.79479396,0.01,0.99,0.8302034,0.99,0.31077835,0.99,0.99,0.56816083,0.99,0.38837212,0.01,0.99,0.01,0.99,0.99,0.9267337,0.9264937,0.99,0.6535021,0.5376655,0.01,0.99,0.67853284,0.99,0.10969173,0.9246126,0.3072061,0.6498673,0.01,0.19978793,0.76494443,0.5277723,0.50684065,0.8100967,0.986174,0.97337747,0.10921252,0.01,0.06256808,0.01,0.01,0.8430308,0.81719923,0.85914993,0.08047682,0.7085881,0.974319,0.3253873,0.37669298,0.99,0.01,0.36732823,0.8141704,0.59368706,0.99,0.86188644,0.99,0.99,0.99,0.6085965,0.01,0.01,0.99,0.94636804,0.3201608,0.99,0.0677575
SIM-0045-TP,0.61083543,0.26486135,0.01,0.15943721,0.99,0.01,0.75648046,0.01,0.01,0.01,0.5108268,0.01,0.91516566,0.2105722,0.5198591,0.396056,0.01,0.6108435,0.327888,0.7719282,0.01,0.01,0.5480007,0.99,0.15407196,0.01,0.5253845,0.035732985,0.99,0.18432379,0.969948,0.5073959,0.99,0.01,0.01,0.84111917,0.42066643,0.01,0.09618814,0.69177926,0.5698698,0.34384924,0.6297045,0.9003953,0.99,0.45974833,0.4320612,0.7429477,0.99,0.27360612,0.14241385,0.99,0.509946,0.057539016,0.07378799,0.01,0.71224445,0.6961907,0.07239294,0.86128867,0.29427665,0.57946485,0.5019975,0.99,0.99,0.01,0.99,0.99,0.01,0.42390832,0.57148373,0.47832608,0.01,0.14286332,0.48899245,0.9106735,0.6964754,0.63608074,0.4244305,0.8213704,0.7988183,0.01,0.39343598,0.01,0.01,0.99,0.8906015,0.88077444,0.01,0.65166676,0.66407454,0.01,0.99,0.14674002,0.6733162,0.15647899,0.99,0.01,0.40241146,0.01,0.01,0.30108577,0.01,0.66256547,0.77224374,0.67582506,0.64672947,0.01,0.16608141,0.87116235,0.2592091,0.6388146,0.505258,0.39136785,0.3325901,0.70598197,0.01,0.502201,0.99,0.74609154,0.46195805,0.44733152,0.27987805,0.01,0.46187437,0.8951411,0.6243062,0.82138777,0.8839387,0.4914164,0.44955847,0.01,0.99,0.27238166,0.60632056,0.35070273,0.33374488,0.5431008,0.01,0.01,0.9328163,0.99,0.081388086,0.67108977,0.99,0.04201573,0.71611536,0.99,0.08994615,0.99,0.6850999,0.99,0.99,0.14612009,0.62231135,0.99,0.01526013,0.45072037,0.6544043,0.6850853,0.88982415,0.35597014,0.035014972,0.13581066,0.01,0.16202573,0.80193686,0.37717247,0.01,0.32603306,0.7469838,0.39306068,0.01,0.99,0.8070803,0.99,0.01,0.99,0.99,0.46831268,0.8145479,0.5005284,0.01,0.27693832,0.32311332,0.99,0.17099029,0.99,0.44816235,0.7540373,0.99,0.99,0.6700194,0.99,0.01,0.43953001,0.01,0.21766749,0.50315577,0.35081404
SIM-0046-TP,0.99,0.99,0.105425924,0.177631,0.99,0.83856714,0.6176449,0.86624384,0.108938545,0.01,0.01,0.14470738,0.023176163,0.63632977,0.38972282,0.01,0.01,0.88903135,0.01,0.01,0.01,0.01,0.01,0.01,0.01,0.01,0.01,0.01,0.01,0.01,0.01,0.01,0.01,0.01,0.01,0.01,0.01,0.01,0.01,0.01,0.01,0.01,0.01,0.01,0.01,0.01,0.01,0.01,0.01,0.01,0.01,0.01,0.01,0.01,0.01,0.01,0.01,0.01,0.01,0.01,0.99,0.99,0.99,0.99,0.99,0.99,0.99,0.99,0.99,0.99,0.99,0.99,0.99,0.99,0.99,0.99,0.99,0.99,0.99,0.99,0.99,0.99,0.92766064,0.99,0.99,0.99,0.99,0.99,0.99,0.99,0.99,0.99,0.99,0.99,0.99,0.99,0.99,0.99,0.99,0.99,0.01,0.99,0.01,0.55351794,0.17924064,0.40319142,0.5127647,0.4422081,0.2809242,0.447471,0.42437628,0.017200112,0.99,0.9794216,0.8495821,0.01,0.66224885,0.01,0.4966051,0.11946639,0.99,0.01,0.01,0.123532355,0.01,0.24435583,0.01,0.01,0.01,0.99,0.329368,0.66657424,0.4549608,0.94360113,0.12940176,0.99,0.7881017,0.27169117,0.9279336,0.63549566,0.25171748,0.7779564,0.91494036,0.01,0.42533976,0.72986126,0.634305,0.12617403,0.01,0.99,0.4093653,0.99,0.99,0.01,0.01,0.2642386,0.17406419,0.3829773,0.21815526,0.23345762,0.4133101,0.86028063,0.08499205,0.5724944,0.83837247,0.5495396,0.3517835,0.01,0.27937776,0.10740721,0.01,0.01,0.10458502,0.8093047,0.94408554,0.01,0.01,0.99,0.56952107,0.4090565,0.01,0.106380284,0.07941064,0.21080458,0.01,0.01,0.99,0.7165711,0.9395853,0.6730569,0.7361993,0.01,0.99,0.60059416,0.01,0.5072092,0.9849767,0.01,0.3757895,0.51354206
SIM-0047-TP,0.01,0.16740817,0.6277618,0.01,0.85370976,0.54289544,0.28974432,0.7127932,0.19492805,0.99,0.2005173,0.8123051,0.37285888,0.99,0.01,0.01,0.5425122,0.8442141,0.01,0.026989281,0.2613071,0.59816843,0.43259448,0.01,0.01,0.01,0.99,0.7297176,0.53854966,0.7965148,0.01,0.99,0.99,0.99,0.99,0.70290446,0.7961901,0.5171766,0.8416796,0.58387405,0.2743682,0.99,0.01,0.01,0.8326754,0.10121527,0.67139965,0.99,0.14733028,0.70457757,0.9301753,0.99,0.7134496,0.99,0.7218585,0.38357288,0.99,0.99,0.99,0.01,0.99,0.20799565,0.01,0.32538962,0.8165375,0.99,0.99,0.23461285,0.01,0.080645144,0.01,0.2270622,0.6190897,0.079899594,0.99,0.01,0.01,0.01,0.70877767,0.365095,0.15204835,0.99,0.67580074,0.17072536,0.6202734,0.56358,0.01,0.99,0.64983547,0.01,0.36764944,0.4850231,0.50705814,0.99,0.99,0.01,0.4816376,0.01,0.50165033,0.20728236,0.49193084,0.99,0.99,0.99,0.01,0.01,0.99,0.99,0.4929715,0.70402944,0.99,0.93921065,0.99,0.01,0.99,0.99,0.7704064,0.8973499,0.49752143,0.2484116,0.9085395,0.01,0.01,0.20321557,0.6005133,0.01,0.7949782,0.34490305,0.7009474,0.01,0.78239423,0.79729533,0.65399396,0.49431562,0.713076,0.99,0.81408083,0.9604223,0.99,0.99,0.01,0.99,0.47745487,0.46177605,0.6542502,0.8729598,0.99,0.7015753,0.99,0.9191399,0.99,0.6154366,0.49368453,0.99,0.47596347,0.16790879,0.01,0.79128104,0.99,0.33101925,0.01,0.36391464,0.08708589,0.01,0.44970822,0.3646141,0.4591543,0.9311054,0.01,0.99,0.38496655,0.6308625,0.486278,0.99,0.33037943,0.33740443,0.01,0.6628058,0.99,0.6269008,0.1625407,0.1522491,0.22692922,0.3446381,0.22329278,0.61458147,0.40908024,0.7183609,0.99,0.99,0.99,0.9312016,0.01,0.5582071,0.01,0.10490465,0.052426517,0.32507735,0.07327804,0.01
SIM-0048-TP,0.29284492,0.99,0.01,0.99,0.5416063,0.16055,0.01,0.99,0.01,0.36435628,0.73123145,0.01,0.7231926,0.5378327,0.01,0.01,0.6739898,0.68274754,0.01,0.16672789,0.2903703,0.2524174,0.01,0.59517664,0.5135812,0.35992414,0.65650743,0.1261881,0.32869345,0.38733828,0.01,0.48417538,0.01,0.01,0.3698746,0.01,0.6362315,0.8811925,0.01,0.01,0.10339904,0.01,0.2504614,0.01,0.01,0.8052098,0.07081765,0.01,0.1919015,0.01,0.01,0.99,0.01,0.01,0.01,0.1728341,0.99,0.38369417,0.01,0.01,0.99,0.44070897,0.8358584,0.807657,0.42144257,0.99,0.99,0.10120475,0.01,0.09245351,0.98846066,0.6821438,0.99,0.6729145,0.99,0.866713,0.99,0.99,0.99,0.99,0.99,0.38946304,0.99,0.4515462,0.99,0.8265456,0.99,0.99,0.5283768,0.8269605,0.51277804,0.7798829,0.99,0.99,0.8522023,0.99,0.9657875,0.29678944,0.99,0.99,0.944747,0.99,0.41996258,0.7398946,0.01,0.25833905,0.7134076,0.01,0.01,0.8897335,0.7294537,0.4391747,0.99,0.92767805,0.99,0.99,0.99,0.7890631,0.24940988,0.22629197,0.99,0.01,0.99,0.35736054,0.70235306,0.20385948,0.01,0.28760847,0.92560863,0.2196647,0.99,0.01,0.01,0.60612464,0.62001026,0.6520103,0.62809426,0.99,0.66581607,0.38674307,0.01,0.99,0.3264765,0.28108305,0.99,0.99,0.63585734,0.6208654,0.8062961,0.6090766,0.32498264,0.34097546,0.99,0.30747527,0.99,0.43717474,0.01,0.7965848,0.7843696,0.0812372,0.34126946,0.99,0.39143443,0.97585666,0.57684183,0.6564482,0.88058114,0.99,0.88113236,0.01,0.6166511,0.674337,0.95017815,0.99,0.9487355,0.99,0.02016592,0.01,0.52551967,0.99,0.06960732,0.01,0.01,0.8880428,0.01,0.50724065,0.60500014,0.5060073,0.04541439,0.8744012,0.51517844,0.2107903,0.6592997,0.72038877,0.6311996,0.78662837,0.01,0.7083252,0.5486402,0.1539617
SIM-0049-TP,0.06903875,0.99,0.01,0.66365576,0.99,0.21385466,0.107542425,0.45193923,0.01,0.50193894,0.01,0.99,0.01,0.99,0.64253944,0.16203684,0.99,0.01,0.4141241,0.01,0.01,0.01,0.01,0.01,0.02141732,0.01,0.01,0.29868382,0.45158142,0.01,0.99,0.28678393,0.99,0.01,0.36250728,0.01,0.01,0.01,0.99,0.01,0.01,0.01,0.10701805,0.01,0.17226213,0.01,0.01,0.01,0.01,0.01,0.01,0.0242216,0.66564626,0.79105586,0.31587285,0.01,0.30802447,0.01,0.44149846,0.01,0.65202725,0.99,0.99,0.99,0.99,0.99,0.85942024,0.99,0.95072085,0.40961397,0.93579435,0.99,0.99,0.99,0.99,0.83550787,0.63061744,0.99,0.99,0.99,0.73810905,0.9707675,0.01,0.99,0.99,0.99,0.9272262,0.92955333,0.63021684,0.99,0.99,0.99,0.82284135,0.99,0.99,0.45571598,0.99,0.88517207,0.99,0.99,0.7309379,0.99,0.01,0.99,0.4768133,0.84561,0.99,0.01,0.6234989,0.99,0.01,0.01,0.99,0.01,0.99,0.7303054,0.7049817,0.7055438,0.34682518,0.4267344,0.01,0.03298822,0.36153656,0.01,0.87731016,0.01,0.6108565,0.65546244,0.01,0.01,0.14954786,0.4486865,0.6075696,0.01,0.33331484,0.68894476,0.6624026,0.16830605,0.69621015,0.99,0.6214522,0.93568575,0.99,0.5290301,0.17985547,0.01,0.598205,0.01,0.65363085,0.99,0.99,0.01,0.78943515,0.3174425,0.78865874,0.56609607,0.17685188,0.8537518,0.99,0.99,0.31920305,0.16195929,0.01,0.09139559,0.99,0.5460088,0.99,0.4530046,0.068271816,0.99,0.16467583,0.9040004,0.5942235,0.5004438,0.30412883,0.3732242,0.557585,0.19531807,0.99,0.3063431,0.96293414,0.41843766,0.99,0.3010855,0.28404218,0.01,0.82061756,0.99,0.6545114,0.99,0.99,0.01,0.68647885,0.01,0.01,0.09575957,0.45507866,0.44519997,0.8230932,0.19520707
SIM-0050-TP,0.01,0.99,0.01,0.28835645,0.73728377,0.40881002,0.52317977,0.75024223,0.16117924,0.01,0.01,0.2756755,0.01,0.057730436,0.9048592,0.97573304,0.99,0.87708896,0.24881345,0.64975625,0.01,0.35982144,0.01,0.34519303,0.01,0.01,0.01,0.01,0.01,0.01029408,0.01,0.7863139,0.01,0.22046483,0.10137761,0.01,0.012245536,0.31945443,0.01,0.01,0.017565489,0.01,0.27931035,0.01,0.01,0.97708535,0.01,0.01,0.36872804,0.29275417,0.01,0.01,0.23140025,0.01,0.01,0.01,0.01,0.2540002,0.01,0.01,0.99,0.8794544,0.99,0.50657403,0.99,0.99,0.99,0.99,0.60700667,0.24221605,0.99,0.99,0.99,0.99,0.99,0.72782326,0.99,0.99,0.46837956,0.99,0.99,0.99,0.01,0.99,0.99,0.99,0.99,0.99,0.99,0.99,0.99,0.99,0.99,0.99,0.880627,0.9855141,0.99,0.99,0.99,0.99,0.15281725,0.01,0.3717646,0.063459754,0.47822815,0.99,0.01,0.6363483,0.40502208,0.99,0.01,0.8202071,0.39256746,0.01,0.99,0.5510586,0.023400992,0.15132877,0.18932876,0.01,0.58849055,0.7224196,0.1774589,0.4282598,0.646139,0.72989917,0.01,0.6712488,0.01,0.9113326,0.01,0.01,0.42070076,0.45405352,0.33234763,0.11159849,0.6540264,0.8100976,0.99,0.7144628,0.053275228,0.056414664,0.01,0.60662365,0.99,0.01,0.63782316,0.6022552,0.99,0.99,0.01,0.99,0.8659948,0.085882574,0.5181744,0.511187,0.01,0.01,0.41969573,0.01,0.99,0.39525643,0.99,0.53665286,0.9886081,0.01,0.65263426,0.8215841,0.07918495,0.01,0.7907462,0.41561794,0.01,0.99,0.99,0.4225455,0.01,0.87086666,0.01,0.4113156,0.99,0.01,0.6786835,0.79228187,0.01,0.49296993,0.99,0.30299783,0.19116339,0.7843093,0.99,0.01,0.43755114,0.081611276,0.17631824,0.99,0.49997163,0.29673195,0.20416003,0.01
SIM-0051-TP,0.01,0.75647914,0.99,0.01,0.85525084,0.5985997,0.01,0.41329718,0.01,0.8570967,0.876317,0.01,0.01,0.7469612,0.62335366,0.9411909,0.030691981,0.73394626,0.01,0.29877564,0.01,0.42331946,0.01,0.01,0.01,0.01,0.01,0.7517618,0.895193,0.01,0.080357194,0.67372334,0.75467455,0.01,0.063898265,0.01,0.414734,0.4780029,0.06931162,0.16804773,0.071971536,0.01,0.01,0.01,0.01,0.01,0.01,0.2500248,0.27025056,0.13618577,0.01,0.99,0.01,0.01,0.7720548,0.01,0.01,0.01,0.24254227,0.01,0.99,0.99,0.7506187,0.451245,0.99,0.80218357,0.99,0.86042684,0.99,0.99,0.99,0.99,0.99,0.99,0.99,0.99,0.99,0.6744636,0.99,0.99,0.99,0.55504483,0.99,0.99,0.99,0.99,0.83174413,0.99,0.99,0.99,0.7079375,0.99,0.99,0.99,0.66139054,0.3585452,0.99,0.7582272,0.99,0.99,0.01,0.01,0.7545234,0.99,0.99,0.99,0.36298865,0.22402379,0.59417415,0.7336405,0.54703236,0.99,0.768235,0.99,0.28903812,0.44246238,0.6635505,0.01,0.8801627,0.960779,0.99,0.5281054,0.01,0.6808175,0.95976985,0.49011028,0.53700835,0.18531331,0.207255,0.99,0.99,0.01,0.17905885,0.01,0.99,0.99,0.01,0.62933433,0.47662926,0.24397698,0.87110996,0.99,0.67404133,0.12430832,0.28418598,0.41048926,0.28162318,0.6864538,0.99,0.07008153,0.123814166,0.4993736,0.99,0.7742274,0.76811385,0.69646764,0.14193344,0.6962592,0.99,0.7838545,0.01,0.01,0.37568122,0.5978703,0.99,0.01,0.7452011,0.74627745,0.5167286,0.99,0.99,0.01,0.99,0.99,0.99,0.01,0.27295974,0.88449603,0.99,0.01,0.22815862,0.6575903,0.99,0.7353344,0.8052572,0.46036613,0.99,0.96386755,0.7847498,0.16036648,0.99,0.01,0.81910455,0.19456667,0.3490336,0.22786582,0.19521913,0.659447,0.5977042,0.7916369
SIM-0052-TP,0.01,0.01,0.01,0.01,0.99,0.9127624,0.01,0.99,0.5920993,0.01,0.01,0.01,0.17958039,0.5109468,0.36641508,0.01,0.01,0.6063374,0.30459204,0.01,0.01,0.7232136,0.01,0.8274701,0.01,0.80831456,0.01,0.3760827,0.99,0.99,0.23735717,0.037664242,0.7587747,0.015450336,0.79686975,0.13926262,0.55737,0.99,0.01,0.01,0.3721351,0.15775868,0.39600796,0.6706563,0.01,0.01,0.19559595,0.04386098,0.99,0.84291095,0.01,0.99,0.99,0.01,0.01,0.01,0.99,0.99,0.01,0.48759237,0.99,0.83480275,0.7819418,0.904441,0.9796795,0.5001066,0.67395055,0.99,0.01,0.049087428,0.4253504,0.99,0.5162986,0.78821504,0.69502,0.65339726,0.3541773,0.99,0.6841001,0.08002832,0.7078176,0.8070589,0.01,0.01,0.7170783,0.01,0.99,0.99,0.7573928,0.6961631,0.99,0.99,0.4156466,0.99,0.14748043,0.059166066,0.01,0.22092459,0.67414457,0.45564494,0.1556752,0.01,0.26766366,0.99,0.01,0.99,0.71674776,0.74499375,0.20074978,0.4981195,0.56350595,0.8218334,0.25958607,0.01,0.8951295,0.59611166,0.99,0.99,0.66503036,0.06376769,0.20619844,0.01,0.01,0.41569975,0.45547062,0.6537079,0.01,0.01,0.6618997,0.15397263,0.0155417025,0.17636573,0.01,0.99,0.01,0.55872834,0.17832503,0.7396955,0.3696266,0.61012053,0.9636118,0.38622254,0.19143033,0.28718412,0.99,0.34365454,0.99,0.6009088,0.99,0.99,0.7801895,0.01,0.01,0.8866613,0.99,0.99,0.01,0.40054703,0.26168406,0.01,0.073366076,0.5584816,0.01,0.36794278,0.99,0.6757329,0.99,0.99,0.32699242,0.01,0.8501781,0.01,0.45149985,0.3289047,0.8757325,0.1908288,0.14848745,0.31215554,0.2660461,0.36659485,0.01,0.01,0.66910243,0.5938101,0.01,0.7196772,0.44945472,0.60145974,0.1530829,0.99,0.99,0.31113213,0.691797,0.01,0.01,0.93175757,0.44496897,0.99,0.01,0.71633285
SIM-0053-TP,0.7480062,0.22089249,0.3660803,0.4987675,0.01,0.2637795,0.4498962,0.9596855,0.01,0.4360612,0.01,0.99,0.01,0.4549396,0.6555431,0.01,0.82072425,0.3084892,0.28430516,0.060512826,0.06314403,0.99,0.01,0.01,0.048505098,0.4723038,0.495322,0.99,0.99,0.56504565,0.01,0.01,0.87320405,0.01,0.6770616,0.90543425,0.9518435,0.6324931,0.01,0.66147524,0.51961505,0.22916052,0.82700324,0.99,0.40073255,0.72279996,0.19786099,0.90782654,0.39119163,0.62130105,0.80677956,0.6567965,0.13296723,0.12175162,0.99,0.01,0.95048034,0.31554604,0.53628296,0.01,0.99,0.15010363,0.7979298,0.8564833,0.7363628,0.07881445,0.99,0.91010875,0.01,0.22237578,0.014546528,0.37456593,0.39571294,0.01,0.99,0.01,0.99,0.90774965,0.1513294,0.7538806,0.17642438,0.43569386,0.157539,0.62752986,0.99,0.01,0.37343666,0.17617488,0.99,0.46754068,0.01,0.99,0.30488732,0.073233545,0.010035276,0.21519585,0.6159209,0.01,0.56479263,0.69420314,0.90045863,0.34001628,0.01,0.76980925,0.8517035,0.99,0.05682236,0.99,0.059715047,0.044706166,0.01,0.99,0.99,0.3348453,0.7464032,0.01,0.8877027,0.4090373,0.01,0.2977444,0.01,0.6012088,0.01,0.6108571,0.26227382,0.01,0.92752934,0.95249367,0.013211131,0.7078575,0.5727217,0.3640926,0.99,0.6877052,0.10164574,0.77192444,0.33764356,0.12882471,0.99,0.8890267,0.01,0.38811305,0.918136,0.01,0.22434339,0.99,0.34464943,0.99,0.99,0.38259703,0.63608897,0.99,0.96965873,0.99,0.45146006,0.99,0.20102237,0.01,0.99,0.0887251,0.28220475,0.60990036,0.01,0.01,0.99,0.60751146,0.94035256,0.9231737,0.5989803,0.7017895,0.01,0.01,0.35472095,0.9646382,0.01,0.08898711,0.340439,0.99,0.45480514,0.0768283,0.87704515,0.01,0.70769536,0.4094078,0.01,0.9430236,0.99,0.41356665,0.7426273,0.6079211,0.99,0.01,0.8945176,0.99,0.01,0.73811424,0.99,0.01,0.01,0.5756103
SIM-0054-TP,0.28844386,0.01,0.057101876,0.99,0.99,0.01,0.01,0.3350673,0.9119482,0.3276822,0.639036,0.77993774,0.01,0.23071231,0.056917325,0.01,0.24595644,0.14277363,0.28685164,0.30348337,0.96144104,0.35200846,0.01,0.94313294,0.01,0.01,0.99,0.99,0.8849767,0.5285884,0.01,0.9845501,0.99,0.81979495,0.8585438,0.01,0.22378546,0.7360112,0.01,0.3586259,0.99,0.08580346,0.01,0.49259037,0.01,0.39722863,0.01,0.5583577,0.68672025,0.48717898,0.26328006,0.8592993,0.736005,0.2150334,0.75936013,0.35672367,0.99,0.99,0.34675524,0.2914155,0.99,0.102722794,0.2915726,0.01,0.3648091,0.20538032,0.99,0.9495969,0.29206717,0.5063929,0.01,0.8291985,0.7478619,0.35329002,0.5983677,0.01,0.13319457,0.99,0.9666126,0.5937115,0.7629774,0.01,0.51295656,0.23025173,0.3208179,0.99,0.92651916,0.012970388,0.24874562,0.2085787,0.32419398,0.01,0.76649576,0.99,0.53383917,0.01,0.99,0.7118607,0.54178584,0.53715074,0.01,0.41007712,0.01,0.99,0.97981954,0.6921329,0.07689983,0.99,0.21718894,0.90343225,0.01,0.65894073,0.55836445,0.01,0.99,0.99,0.99,0.8576441,0.99,0.01,0.01,0.11526337,0.49269086,0.29601067,0.07879388,0.61053145,0.38225886,0.84768844,0.29637292,0.01,0.54636675,0.91974056,0.44918367,0.9727855,0.027912468,0.8408409,0.18032295,0.5383522,0.49904498,0.8602915,0.01,0.01,0.7743716,0.6613972,0.65705323,0.85497004,0.40887216,0.83003926,0.63416296,0.7075399,0.6730145,0.99,0.99,0.6258652,0.99,0.01,0.3522743,0.61288416,0.8158079,0.12286632,0.01,0.15059882,0.01,0.8508681,0.99,0.99,0.33674154,0.45103222,0.022961676,0.01,0.07946324,0.01,0.8291743,0.50782573,0.99,0.99,0.49131745,0.99,0.01,0.13118005,0.70741916,0.22019914,0.98186237,0.020648003,0.01,0.19023396,0.50973386,0.36999327,0.30650032,0.6484926,0.99,0.01,0.86618876,0.99,0.01,0.8342107,0.7349914,0.6809639,0.26161,0.01
SIM-0055-TP,0.6345483,0.03507462,0.33968973,0.56017613,0.80977446,0.99,0.2226347,0.76516163,0.01,0.790601,0.01,0.2212429,0.4163072,0.41367802,0.1567979,0.649,0.8701692,0.82754683,0.01,0.01,0.01,0.01,0.01,0.01,0.01,0.01,0.01,0.01,0.01,0.01,0.01,0.01,0.48598862,0.01,0.01,0.01,0.01,0.01,0.01,0.01,0.01,0.01,0.01,0.01,0.01,0.01,0.01,0.01,0.01,0.01,0.01,0.01,0.01,0.01,0.01,0.01,0.01,0.01,0.01,0.01,0.99,0.99,0.99,0.99,0.99,0.99,0.99,0.99,0.99,0.99,0.99,0.99,0.99,0.99,0.99,0.99,0.99,0.99,0.99,0.99,0.99,0.99,0.99,0.99,0.99,0.99,0.99,0.99,0.99,0.99,0.99,0.99,0.99,0.99,0.99,0.99,0.99,0.99,0.99,0.99,0.01,0.01,0.01,0.47259006,0.53141063,0.99,0.20604312,0.86283666,0.26871186,0.16551822,0.4283543,0.99,0.01,0.99,0.5472164,0.01,0.575894,0.83877105,0.33911827,0.35117364,0.99,0.4252874,0.99,0.99,0.61455774,0.7534719,0.26973137,0.55181545,0.5548817,0.36857,0.01,0.78948724,0.9214612,0.01,0.36596984,0.99,0.99,0.31461662,0.99,0.6294951,0.5473099,0.27019984,0.01,0.056470305,0.86909854,0.28580973,0.83528686,0.99,0.643862,0.6223713,0.01,0.01,0.06993157,0.6298802,0.60964066,0.22819605,0.01,0.01,0.99,0.19112763,0.82015264,0.01,0.5047623,0.10921824,0.55341756,0.7881594,0.5668138,0.99,0.01,0.2409454,0.01,0.16708253,0.5846398,0.99,0.48742467,0.4532019,0.026708424,0.52312696,0.182372,0.01,0.09135479,0.08410111,0.19319576,0.7961304,0.65209806,0.01,0.01,0.99,0.539871,0.64203435,0.99,0.4385507,0.5200462,0.4960003,0.5888925,0.3594877,0.01,0.35839403,0.01,0.22203183
SIM-0056-TP,0.3547731,0.24805792,0.040438324,0.99,0.91439164,0.25667155,0.2986262,0.99,0.01,0.01,0.08891687,0.59793234,0.35433376,0.99,0.020341873,0.01,0.28976282,0.7264308,0.01,0.01,0.01,0.01,0.01,0.01,0.01,0.28367597,0.01,0.01,0.01,0.01,0.01,0.01,0.3022284,0.01,0.01,0.01,0.34950548,0.01,0.01,0.01,0.01,0.01,0.096791565,0.01,0.01,0.01,0.01,0.01,0.58590966,0.30720216,0.01,0.01,0.01,0.01,0.01,0.01,0.63007146,0.01,0.01,0.01,0.99,0.99,0.99,0.96270597,0.99,0.617648,0.99,0.99,0.6789683,0.18837935,0.99,0.99,0.99,0.99,0.99,0.99,0.99,0.99,0.99,0.99,0.55020815,0.99,0.80643725,0.99,0.99,0.99,0.99,0.99,0.9676065,0.99,0.99,0.99,0.99,0.99,0.99,0.99,0.99,0.9819322,0.99,0.99,0.01,0.11228937,0.09364237,0.86729264,0.99,0.070014775,0.01,0.2608348,0.01,0.01,0.99,0.8422689,0.99,0.47665262,0.99,0.01,0.9138427,0.5177603,0.4610723,0.21483807,0.9400005,0.4061259,0.01,0.610418,0.83331037,0.53534836,0.40339723,0.01,0.32264063,0.01,0.22824495,0.01,0.92617315,0.99,0.01,0.55565614,0.39743787,0.89382094,0.66647965,0.42825872,0.39984658,0.62262017,0.99,0.04831186,0.72955334,0.6433426,0.72942996,0.5404198,0.99,0.01,0.01,0.84800506,0.29984257,0.01,0.53630805,0.10249165,0.5112299,0.6098497,0.81775224,0.6717675,0.01,0.40524787,0.9123723,0.8395426,0.99,0.01,0.99,0.57185036,0.6953857,0.87832874,0.18363851,0.01,0.99,0.99,0.84283185,0.6366803,0.01,0.75449765,0.3990425,0.43651077,0.6278573,0.01,0.51222867,0.6145554,0.39263606,0.14101563,0.79350513,0.9777106,0.68190706,0.99,0.99,0.99,0.09558901,0.22658087,0.99,0.62696284,0.91284215,0.54321396,0.106632456,0.73786545
SIM-0057-TP,0.56940854,0.01,0.2893743,0.014993563,0.99,0.99,0.99,0.7310159,0.01,0.01,0.01,0.99,0.8415298,0.5932863,0.791398,0.04146374,0.01,0.01,0.09037861,0.01,0.61119664,0.23262566,0.45516932,0.99,0.01,0.8411057,0.48045844,0.8011839,0.99,0.99,0.54807204,0.4903255,0.99,0.01,0.3851662,0.055154502,0.114029884,0.47380075,0.034362867,0.6141597,0.62043536,0.64451647,0.7499567,0.7248039,0.16965605,0.4430594,0.4389208,0.99,0.10598993,0.26189774,0.01,0.99,0.91819674,0.040590852,0.99,0.36996406,0.99,0.99,0.01,0.5151609,0.17259645,0.24790591,0.25621444,0.19931063,0.11910367,0.7738067,0.18326312,0.99,0.01,0.095415846,0.99,0.99,0.01,0.01,0.5181964,0.99,0.70660776,0.99,0.8675403,0.058890343,0.01,0.01,0.99,0.32874557,0.99,0.01,0.4413985,0.99,0.01,0.6557132,0.01,0.7298242,0.867182,0.99,0.99,0.029762857,0.99,0.01,0.99,0.01,0.01,0.99,0.5523206,0.99,0.054900557,0.18015951,0.4769466,0.52436626,0.99,0.99,0.39553803,0.59527016,0.99,0.01,0.01,0.5904452,0.54268855,0.01,0.01,0.6423074,0.01,0.52259076,0.21188366,0.42520308,0.2926647,0.56944823,0.71798533,0.28916222,0.10769102,0.8744139,0.6907227,0.01,0.42026561,0.21742472,0.28733328,0.99,0.7321012,0.99,0.72815603,0.5387172,0.34313008,0.8012607,0.70074123,0.01,0.4842299,0.026327819,0.99,0.01,0.88757384,0.077760875,0.7190253,0.31676763,0.01,0.8226758,0.01,0.4796036,0.5382806,0.8460132,0.01,0.01,0.8663156,0.9429244,0.8787673,0.99,0.4398076,0.2979372,0.58880645,0.01,0.35280782,0.01,0.32025805,0.01,0.61136407,0.47748017,0.01,0.99,0.046893448,0.43408102,0.17544648,0.9848114,0.7479704,0.01,0.01,0.99,0.99,0.9542765,0.4174576,0.6408328,0.74510825,0.324329,0.39755774,0.942556,0.4310263,0.01,0.6403731,0.417315,0.01,0.01,0.01,0.354721
SIM-0058-TP,0.42002162,0.78234696,0.34998015,0.33610395,0.99,0.84500474,0.40073764,0.59893,0.01,0.01,0.99,0.01,0.2498663,0.01,0.73631215,0.01,0.99,0.99,0.22731581,0.18460292,0.25784442,0.20231731,0.42284426,0.8937745,0.94117564,0.01,0.99,0.33106506,0.4759725,0.90554667,0.6967719,0.01,0.6487503,0.01,0.52310216,0.01,0.9291574,0.21576124,0.01,0.99,0.99,0.01,0.9730827,0.9542232,0.01,0.07125336,0.01,0.50332505,0.296358,0.79199874,0.99,0.99,0.41985688,0.01,0.99,0.01,0.99,0.99,0.9578091,0.7643595,0.99,0.01,0.43775773,0.01,0.99,0.01,0.99,0.99,0.01,0.01,0.056479864,0.13852435,0.8193842,0.01,0.35724908,0.41923702,0.99,0.69547915,0.01,0.99,0.5461835,0.99,0.19522724,0.26782763,0.28774908,0.81785506,0.99,0.6064204,0.86233467,0.73301375,0.8413298,0.01,0.99,0.99,0.45535725,0.5952552,0.6650022,0.01,0.01,0.99,0.12707746,0.01,0.01,0.99,0.2217928,0.99,0.44181162,0.01,0.6667466,0.99,0.01,0.54353523,0.70832515,0.8419489,0.99,0.05681604,0.34166008,0.33556998,0.01,0.01,0.27415723,0.5860989,0.3449899,0.41096938,0.13942507,0.7339045,0.5143783,0.6644724,0.4359408,0.76755315,0.99,0.41494638,0.6750249,0.01,0.8072227,0.40903878,0.5922231,0.025150955,0.99,0.01,0.99,0.94252604,0.01,0.99,0.8576927,0.01,0.29896307,0.95662194,0.99,0.6322217,0.01,0.99,0.98899746,0.01,0.9412539,0.71959656,0.03032723,0.01,0.4687289,0.01,0.50184935,0.761484,0.01,0.47910058,0.9381273,0.19631696,0.55931085,0.99,0.99,0.039784014,0.5391333,0.5816581,0.99,0.45898157,0.37327206,0.8547648,0.01,0.01,0.25413716,0.6188551,0.99,0.01,0.2051129,0.59784317,0.01,0.01,0.93653595,0.29259062,0.16106868,0.66996187,0.99,0.01,0.39318806,0.01,0.01,0.99,0.41010046,0.99,0.18443961,0.7287477
SIM-0059-TP,0.71874285,0.24719939,0.01,0.40020066,0.16260454,0.01,0.3636579,0.01,0.01,0.01,0.01,0.10366294,0.01,0.46796054,0.2038963,0.14525898,0.01,0.118783474,0.99,0.01,0.01,0.01,0.01,0.01,0.01,0.01,0.01,0.01,0.01,0.01,0.01,0.01,0.01,0.01,0.01,0.01,0.01,0.01,0.01,0.01,0.01,0.01,0.01,0.05825591,0.01,0.01,0.01,0.01,0.01,0.01,0.01,0.01,0.01,0.01,0.01,0.01,0.01,0.01,0.01,0.01,0.99,0.99,0.99,0.99,0.99,0.99,0.99,0.99,0.99,0.99,0.99,0.99,0.99,0.99,0.99,0.8017045,0.99,0.99,0.99,0.99,0.99,0.99,0.99,0.99,0.99,0.99,0.99,0.99,0.99,0.99,0.99,0.99,0.99,0.99,0.99,0.99,0.99,0.99,0.99,0.99,0.01,0.65736526,0.45214272,0.68024915,0.07051873,0.99,0.5204861,0.4746654,0.01,0.6530898,0.61613554,0.01,0.70018935,0.99,0.81009614,0.74586433,0.99,0.8750187,0.2107071,0.17765485,0.38016078,0.08758557,0.09221065,0.1606659,0.99,0.4721579,0.96378654,0.01,0.99,0.38136125,0.38012117,0.01,0.99,0.99,0.01,0.99,0.01,0.9776353,0.4743739,0.99,0.47756705,0.99,0.99,0.29961878,0.58635837,0.01,0.36017922,0.99,0.99,0.314546,0.99,0.7107217,0.99,0.596825,0.9797851,0.01,0.74616504,0.01,0.99,0.19423762,0.7422213,0.44650447,0.76027155,0.3591887,0.8346174,0.3141263,0.99,0.99,0.01,0.01,0.8796743,0.825611,0.03084746,0.99,0.98417354,0.9279676,0.01,0.99,0.441433,0.03733194,0.45411444,0.79997087,0.5001175,0.075528055,0.01,0.93750876,0.6508529,0.99,0.94735,0.01,0.99,0.01,0.27830243,0.99,0.8875018,0.95065415,0.8112427,0.9644424,0.93559235,0.99
SIM-0060-TP,0.23924696,0.01,0.155399,0.6594647,0.46741176,0.01,0.5471535,0.01,0.01,0.01,0.01,0.9034997,0.56289774,0.99,0.075396925,0.26104373,0.5286294,0.6104317,0.01,0.01,0.3547852,0.01,0.05112402,0.5251322,0.3013345,0.9728193,0.14458072,0.977294,0.5632682,0.50086486,0.7162685,0.26401335,0.44307134,0.48906952,0.01,0.38537514,0.01,0.99,0.5051683,0.99,0.99,0.5777277,0.14975184,0.99,0.01,0.01,0.99,0.642321,0.01,0.04735565,0.46411324,0.4626453,0.4402856,0.99,0.99,0.25851685,0.824037,0.99,0.3392967,0.01,0.01,0.086400434,0.73360175,0.22241747,0.99,0.7134802,0.99,0.7181475,0.26686782,0.08594411,0.012124896,0.01,0.99,0.09896214,0.5590029,0.01,0.070577145,0.79946476,0.9758992,0.30585286,0.99,0.01,0.01,0.88678813,0.60285616,0.99,0.99,0.30784997,0.01,0.99,0.99,0.34825024,0.3543288,0.99,0.27592146,0.3080855,0.37915576,0.26841682,0.3345905,0.48033214,0.01,0.50449586,0.3284338,0.99,0.05396855,0.62303925,0.9216424,0.9872806,0.01,0.99,0.01,0.99,0.99,0.01,0.52450144,0.35063657,0.5047601,0.89305294,0.5188672,0.01,0.01,0.01,0.01,0.15977359,0.78066623,0.5293398,0.10400173,0.01,0.01,0.28862858,0.01,0.46540427,0.99,0.01,0.84010124,0.9045847,0.64255184,0.99,0.5332247,0.822895,0.41483322,0.7546216,0.76881486,0.46834546,0.83386874,0.05361584,0.19090146,0.35218513,0.6267235,0.99,0.27180392,0.8424505,0.8726195,0.13084975,0.99,0.86336887,0.19357643,0.11707802,0.8204578,0.01,0.01,0.59856176,0.01,0.01,0.4978819,0.99,0.99,0.99,0.01,0.40391827,0.01,0.030430704,0.64461845,0.1579544,0.99,0.95571965,0.047517598,0.23272967,0.30670422,0.23679887,0.4543239,0.36338648,0.01,0.99,0.99,0.35082614,0.5967264,0.62466574,0.70315486,0.99,0.79175514,0.016711965,0.63496816,0.44857892,0.01,0.7607839,0.14438859,0.0996322,0.21804976,0.01
SIM-0061-TP,0.01,0.7385386,0.2830599,0.99,0.7338561,0.01,0.99,0.33572826,0.91061705,0.04764405,0.1188474,0.27881464,0.3113442,0.31897086,0.01,0.2870494,0.99,0.01,0.60334945,0.53989154,0.13309789,0.01,0.99,0.99,0.99,0.281125,0.9615065,0.71708375,0.7615869,0.77886975,0.99,0.99,0.7635569,0.017680049,0.99,0.99,0.9806207,0.99,0.361345,0.116076976,0.01,0.01,0.46573278,0.52719676,0.046859413,0.41338515,0.882837,0.06803778,0.47705677,0.4845299,0.6489335,0.86261874,0.9433139,0.99,0.99,0.5053294,0.99,0.040284276,0.80435777,0.20335023,0.99,0.01,0.393021,0.51703364,0.99,0.99,0.99,0.98857486,0.01,0.46761322,0.01,0.48163074,0.99,0.55983317,0.8930336,0.323641,0.69385713,0.01,0.08549315,0.96711576,0.3101116,0.07832817,0.01,0.01,0.50149405,0.99,0.99,0.41358626,0.377522,0.01,0.2826385,0.79326594,0.63440007,0.99,0.99,0.26426253,0.4681948,0.01,0.07833308,0.020083964,0.7359696,0.9302222,0.01,0.9181152,0.01,0.23887298,0.7390413,0.29858202,0.01,0.99,0.31650078,0.010210991,0.72383785,0.57895297,0.99,0.04882379,0.66381145,0.8950455,0.01,0.01,0.62690663,0.04676789,0.30292743,0.20712633,0.38477755,0.36123574,0.01,0.656625,0.8052544,0.48239964,0.8283642,0.01,0.15966213,0.6846546,0.49416164,0.501587,0.8909116,0.018113315,0.46637276,0.99,0.83403444,0.99,0.99,0.25886428,0.01,0.25913268,0.82818925,0.99,0.5459866,0.35283786,0.06865165,0.24438572,0.01,0.08798766,0.7938442,0.44637117,0.027550086,0.01,0.48719096,0.01,0.6772292,0.36683956,0.99,0.18494627,0.9130906,0.01,0.5945712,0.99,0.89658344,0.01,0.06940931,0.12761724,0.13337913,0.11257976,0.9542741,0.01,0.4121456,0.99,0.99,0.33811632,0.99,0.27439514,0.6901588,0.1519388,0.99,0.23124667,0.99,0.99,0.67359453,0.9740993,0.8022892,0.01,0.7561956,0.68607926,0.01,0.66287464,0.8810304,0.99,0.58319664,0.01
SIM-0062-TP,0.01,0.020303637,0.8960574,0.16320063,0.9324912,0.01,0.43874624,0.16499466,0.01,0.01,0.7035159,0.07239859,0.01,0.01,0.3715319,0.01,0.99,0.291365,0.680492,0.01,0.86479294,0.01,0.01,0.4372328,0.01,0.01,0.89057463,0.41023618,0.9197997,0.9880159,0.01,0.6860528,0.2867028,0.38579816,0.01,0.5220729,0.01,0.01,0.01,0.5062264,0.5692425,0.5157912,0.41116962,0.99,0.5259494,0.01,0.12025407,0.99,0.99,0.99,0.66621536,0.99,0.9709134,0.35198417,0.99,0.01,0.99,0.01,0.01,0.99,0.99,0.016850352,0.33182472,0.01,0.5073543,0.01,0.6808579,0.9651755,0.3555807,0.8989036,0.288693,0.01,0.99,0.01,0.8605787,0.19669966,0.8612204,0.8662658,0.7505249,0.01,0.99,0.4578392,0.28736603,0.99,0.01,0.99,0.32642648,0.9820713,0.4363967,0.01,0.01,0.99,0.5418411,0.99,0.99,0.03346286,0.43879002,0.95808864,0.99,0.52436185,0.99,0.6883861,0.84810024,0.93459475,0.13063955,0.20007747,0.01,0.99,0.2215766,0.28443176,0.84228784,0.32297766,0.33433297,0.99,0.18712407,0.3362749,0.21122217,0.04797536,0.01,0.2251658,0.01,0.6181494,0.32026023,0.2860099,0.1545178,0.99,0.7972889,0.08635521,0.01,0.01,0.9223094,0.58343434,0.9580052,0.419162,0.6834803,0.99,0.51771986,0.48252767,0.13021696,0.8350209,0.63257825,0.52667844,0.3949447,0.33648705,0.99,0.01,0.01,0.14649189,0.73485637,0.99,0.01,0.97072303,0.99,0.5584594,0.99,0.037727296,0.01,0.4149593,0.7543932,0.01,0.99,0.51669914,0.589483,0.013988972,0.99,0.033781767,0.99,0.49382454,0.4821332,0.50180835,0.99,0.01,0.4932168,0.99,0.18895155,0.01,0.01,0.99,0.99,0.01,0.01,0.8759551,0.01,0.3341753,0.9605681,0.8800759,0.99,0.03557086,0.01,0.99,0.99,0.01,0.28631705,0.96955085,0.9278445,0.7012775,0.1035642,0.33771503,0.8920712,0.906508
SIM-0063-TP,0.3775621,0.01,0.8131331,0.99,0.01,0.13927987,0.8784405,0.5404992,0.01,0.036114573,0.16186747,0.01,0.36950788,0.6445229,0.14203645,0.01,0.3756714,0.01,0.50616646,0.01,0.01,0.01,0.01,0.01,0.01,0.01,0.01,0.01,0.01,0.01,0.01,0.01,0.01,0.01,0.01,0.01,0.01,0.01,0.01,0.01,0.01,0.01,0.01,0.01,0.01,0.01,0.01,0.01,0.01,0.01,0.01,0.01,0.01,0.01,0.01,0.01,0.01,0.01,0.01,0.01,0.99,0.99,0.99,0.99,0.99,0.99,0.99,0.99,0.99,0.99,0.99,0.99,0.99,0.99,0.99,0.99,0.99,0.99,0.99,0.99,0.99,0.99,0.99,0.99,0.99,0.99,0.99,0.99,0.99,0.99,0.99,0.99,0.99,0.99,0.99,0.99,0.99,0.99,0.99,0.99,0.01,0.01,0.01,0.56721026,0.99,0.0786435,0.027225614,0.76488364,0.64075726,0.08220023,0.01,0.16914546,0.9885018,0.6909999,0.47748858,0.5884664,0.5688349,0.36942977,0.01,0.01,0.99,0.15431388,0.01,0.2511969,0.64833236,0.99,0.73999125,0.08872849,0.90989125,0.9779892,0.13106593,0.06474874,0.7350546,0.99,0.01,0.5931913,0.53705525,0.37628475,0.3304582,0.99,0.62031037,0.99,0.25441912,0.5137018,0.7556601,0.8365679,0.99,0.73617035,0.2617346,0.48140663,0.5742701,0.99,0.016693354,0.01,0.99,0.01,0.01,0.725916,0.66293365,0.01,0.99,0.01,0.01,0.99,0.81081516,0.45159864,0.6061967,0.73193926,0.045926392,0.38195032,0.99,0.293729,0.9223889,0.99,0.37215048,0.6453119,0.12457189,0.99,0.89511883,0.4739647,0.99,0.01,0.01,0.26092717,0.35686824,0.5091306,0.7683896,0.23382646,0.74816144,0.83528674,0.15790045,0.06557576,0.6456088,0.99,0.01,0.99,0.01,0.01,0.01,0.5472483
SIM-0064-TP,0.39682895,0.058570057,0.6347163,0.5120057,0.6522361,0.09047493,0.01,0.99,0.7141311,0.7638649,0.01,0.08944775,0.057371393,0.99,0.42227945,0.011178292,0.6949556,0.060130566,0.01,0.30993277,0.09351537,0.21923926,0.01,0.4028628,0.4277946,0.01,0.01,0.56177914,0.99,0.27838317,0.3524323,0.28157625,0.10814816,0.99,0.769477,0.10866307,0.9669186,0.01,0.6575045,0.99,0.7191429,0.34094638,0.30041462,0.99,0.01,0.4506393,0.46748304,0.32219967,0.99,0.99,0.13355221,0.99,0.40214634,0.8430875,0.5107749,0.99,0.06391388,0.99,0.99,0.01,0.99,0.01,0.13549702,0.01,0.64818835,0.23221473,0.99,0.99,0.01,0.01,0.4655754,0.3095848,0.99,0.27354997,0.39998168,0.01,0.99,0.704618,0.99,0.55320185,0.99,0.01,0.01,0.61453277,0.27141201,0.56437504,0.09791249,0.23815417,0.5420039,0.6782732,0.01,0.7118789,0.99,0.8297478,0.99,0.01,0.88165164,0.21475554,0.411536,0.99,0.35488978,0.01,0.25663862,0.44917455,0.01,0.50255495,0.41827047,0.15584362,0.84166086,0.47393128,0.01,0.01,0.018829226,0.99,0.9815591,0.56391495,0.99,0.25657764,0.99,0.01,0.01,0.50926876,0.41603762,0.51380247,0.99,0.66080874,0.58597463,0.99,0.40744328,0.8177745,0.01,0.99,0.01,0.20964146,0.01,0.99,0.25231788,0.8825414,0.3369759,0.101897895,0.638149,0.3704626,0.64311045,0.7584808,0.99,0.01,0.43378377,0.63362986,0.80958635,0.99,0.41624004,0.01,0.6406809,0.29237196,0.64938504,0.13599122,0.01,0.99,0.9327413,0.04833419,0.99,0.01,0.5395998,0.01,0.99,0.01,0.99,0.99,0.44453406,0.01,0.59855807,0.43596405,0.8424275,0.99,0.99,0.652214,0.019049942,0.09087682,0.39435023,0.6485386,0.01,0.01,0.54839563,0.19682711,0.41599417,0.01,0.9129426,0.5053679,0.01,0.99,0.5443101,0.08896161,0.11302546,0.68629706,0.3306239,0.9753109,0.1722517,0.45059738,0.42905453,0.99
SIM-0065-TP,0.42825997,0.01,0.38025245,0.26220065,0.01,0.01,0.36503088,0.71285117,0.01,0.39040285,0.01,0.01,0.01,0.29194376,0.31872168,0.01,0.01,0.01,0.1326968,0.01,0.01,0.53856,0.99,0.8016727,0.5845433,0.5451138,0.01,0.9867208,0.99,0.99,0.26468575,0.01,0.99,0.9236634,0.99,0.01,0.91620815,0.082959175,0.19491744,0.3966626,0.99,0.384157,0.01,0.75954187,0.52037275,0.22985832,0.01,0.67179996,0.35405982,0.99,0.01,0.63067704,0.99,0.5717138,0.78522784,0.1701837,0.94456035,0.23677695,0.01,0.45693907,0.99,0.42531607,0.41974866,0.01,0.99,0.49926054,0.99,0.99,0.92193365,0.01,0.01,0.6588172,0.27992633,0.01,0.99,0.01,0.7352375,0.02652347,0.74920624,0.99,0.99,0.65461713,0.22223969,0.75569123,0.7186654,0.47667733,0.79486024,0.99,0.01,0.15748829,0.1826269,0.01,0.049909055,0.6738703,0.99,0.6301757,0.7535873,0.22402093,0.99,0.39798713,0.35903934,0.01,0.01,0.99,0.31424582,0.99,0.4860622,0.99,0.01,0.99,0.7881768,0.01,0.40139177,0.99,0.99,0.57649934,0.3084032,0.01,0.76266223,0.01,0.015495107,0.21038197,0.7846422,0.99,0.99,0.612479,0.01,0.7608318,0.99,0.99,0.45749825,0.01,0.6073062,0.99,0.39662877,0.50624996,0.20899522,0.99,0.1728931,0.13026777,0.43502003,0.62898195,0.99,0.9736906,0.01,0.010743856,0.07248548,0.99,0.99,0.6510997,0.61110604,0.01,0.36861998,0.01,0.8426507,0.5661605,0.01,0.36825186,0.99,0.01,0.16132878,0.62411463,0.23521131,0.01,0.47375968,0.01,0.6765299,0.72132117,0.99,0.118638106,0.01,0.24130364,0.99,0.7831854,0.6773281,0.56512195,0.64084166,0.49544442,0.01,0.07438487,0.58036536,0.3763944,0.01,0.3719637,0.25346386,0.01,0.72317004,0.99,0.01,0.9244836,0.34710377,0.01,0.12719852,0.99,0.01,0.47229016,0.4337979,0.99,0.99,0.033728793
SIM-0066-TP,0.58595943,0.12402061,0.21313936,0.7366506,0.01,0.123135716,0.5763387,0.14611855,0.25360346,0.01,0.01,0.9644083,0.08827421,0.01,0.01,0.30717006,0.99,0.3190438,0.01,0.01,0.10066643,0.01,0.01,0.99,0.01,0.01,0.4865112,0.03683874,0.27661142,0.54766667,0.29854998,0.01,0.2805558,0.38608685,0.63159335,0.1235095,0.17594475,0.47028354,0.35981098,0.28113583,0.28456262,0.01,0.01,0.01,0.01,0.37933776,0.01,0.01,0.42613497,0.99,0.23695955,0.9380096,0.95048225,0.01,0.99,0.01,0.5640509,0.01,0.10639289,0.01,0.99,0.14794943,0.40638697,0.01,0.99,0.8677299,0.99,0.99,0.5199332,0.92894554,0.5848795,0.6839639,0.9150256,0.92320275,0.99,0.99,0.99,0.99,0.99,0.92625225,0.99,0.36728954,0.06857005,0.75367004,0.99,0.93614805,0.99,0.99,0.51116556,0.7770951,0.21267536,0.5026145,0.99,0.99,0.99,0.29426128,0.7008319,0.01,0.99,0.7220197,0.87533456,0.11962567,0.22456123,0.793931,0.6523806,0.99,0.08923864,0.6968354,0.01,0.99,0.28700528,0.01,0.021934152,0.99,0.020159543,0.35789552,0.29240897,0.32584828,0.14241198,0.01,0.01,0.6084455,0.19747186,0.65293896,0.46767014,0.9133256,0.63691986,0.15666607,0.01,0.99,0.01,0.37924036,0.45026648,0.24777482,0.4952079,0.99,0.8653735,0.7262466,0.99,0.01,0.01,0.4977206,0.99,0.91655344,0.01,0.17033832,0.01,0.6691392,0.99,0.99,0.63691074,0.30370992,0.69219655,0.6932006,0.99,0.01,0.98711,0.27967536,0.99,0.2370373,0.99,0.5321447,0.01,0.57617176,0.99,0.11185333,0.01,0.7277715,0.44683442,0.20042628,0.33293343,0.8572465,0.01,0.913732,0.95036244,0.99,0.34155148,0.8729465,0.7268314,0.45748746,0.99,0.01,0.01,0.8971564,0.35942125,0.09111112,0.7337646,0.99,0.7873204,0.4147744,0.99,0.18837546,0.69380736,0.25351924,0.01,0.99,0.7213328,0.99,0.01,0.20955022
SIM-0067-TP,0.30276754,0.07428071,0.01,0.01,0.6135113,0.06153129,0.01,0.99,0.99,0.01,0.01,0.5160138,0.01,0.01,0.57741344,0.01,0.49548703,0.01,0.29359818,0.7281618,0.01,0.13973725,0.01,0.39936346,0.01,0.72297704,0.01,0.29982355,0.97717667,0.99,0.62715554,0.288127,0.52821696,0.99,0.3506997,0.01,0.99,0.7131462,0.3186967,0.7932372,0.5248058,0.01,0.51239383,0.67455864,0.01,0.01,0.35393888,0.01,0.68640566,0.5163715,0.05225201,0.99,0.99,0.01,0.99,0.01,0.99,0.2631935,0.01,0.51252973,0.99,0.8006742,0.5241282,0.99,0.7036141,0.85835814,0.6424258,0.9475473,0.5445852,0.5972692,0.60613346,0.01,0.78349066,0.0799323,0.66722834,0.08072452,0.99,0.99,0.54056895,0.01,0.99,0.01,0.2727163,0.99,0.27021486,0.6349547,0.7967429,0.054575473,0.01,0.5235342,0.107575476,0.46036395,0.25557044,0.99,0.01,0.18509841,0.84977925,0.3747464,0.80257213,0.41413718,0.14256707,0.7903564,0.01,0.99,0.99,0.01,0.5450512,0.06905967,0.01,0.99,0.57773554,0.6941435,0.117072284,0.7246187,0.19724393,0.25738215,0.1759068,0.94862294,0.29776248,0.3109951,0.3239597,0.28456062,0.39642972,0.5942127,0.14059305,0.8091729,0.8613808,0.6257005,0.097016096,0.6578458,0.17175213,0.0694779,0.01,0.99,0.99,0.20600095,0.945703,0.99,0.13954526,0.01,0.99,0.7247835,0.27957016,0.46880424,0.4162704,0.99,0.24483761,0.8530272,0.99,0.99,0.99,0.30338222,0.663847,0.01,0.73265815,0.51171666,0.56354696,0.99,0.99,0.6797769,0.3157561,0.99,0.24396172,0.9214178,0.99,0.30810913,0.01,0.99,0.5868771,0.57417786,0.737443,0.43870318,0.99,0.62978154,0.99,0.3289664,0.6371093,0.7757756,0.34884074,0.4571053,0.32835624,0.01,0.44464958,0.6542701,0.01,0.41796988,0.6173769,0.6841524,0.01,0.74856013,0.6307485,0.8500382,0.01,0.01,0.01,0.833593,0.99,0.7270224,0.01,0.030125797
SIM-0068-TP,0.01,0.6335574,0.20805158,0.01,0.8747902,0.9018889,0.20023128,0.57072306,0.01,0.01,0.01,0.44489372,0.09896563,0.7718154,0.22861725,0.5786617,0.89927226,0.3396452,0.01,0.01,0.99,0.01,0.01,0.9138307,0.01,0.4710815,0.5155931,0.99,0.99,0.99,0.5866265,0.01,0.3708623,0.40885988,0.99,0.070188835,0.8609347,0.99,0.3248439,0.19628075,0.99,0.01,0.60801697,0.99,0.08913463,0.56002426,0.99,0.028274536,0.99,0.42978686,0.99,0.46988472,0.6064322,0.99,0.99,0.59434897,0.35835904,0.6737524,0.6207243,0.01,0.99,0.01,0.01,0.01,0.99,0.01,0.583758,0.109680355,0.8128925,0.01,0.01,0.4238261,0.730402,0.62015986,0.44172946,0.9179525,0.4063772,0.33794588,0.16579908,0.27155098,0.18611294,0.5075734,0.01,0.13352449,0.01,0.10891992,0.99,0.99,0.858671,0.01,0.01,0.99,0.5407574,0.1967662,0.99,0.17729278,0.8777957,0.01,0.6441791,0.99,0.01,0.790877,0.01,0.8277316,0.99,0.15183526,0.7448653,0.85048044,0.26180613,0.73179555,0.01,0.66068685,0.6084923,0.01,0.99,0.01,0.01,0.1253866,0.032975227,0.06625356,0.01,0.54644614,0.99,0.49525505,0.01,0.15109342,0.5400888,0.01,0.01,0.01,0.41134736,0.99,0.01,0.88747096,0.01,0.01,0.99,0.99,0.82429004,0.8032018,0.3841066,0.6558226,0.7093549,0.78319377,0.99,0.12715924,0.57388467,0.6451385,0.99,0.99,0.99,0.9153421,0.99,0.98527193,0.99,0.01,0.49248284,0.01,0.99,0.4199733,0.051075667,0.01,0.23119818,0.4625358,0.6626001,0.01,0.31334445,0.7593457,0.01,0.62754047,0.541321,0.01,0.48028523,0.99,0.99,0.99,0.01,0.99,0.01,0.42435682,0.9897449,0.83792984,0.99,0.99,0.16269374,0.52256143,0.88124543,0.53658897,0.4869629,0.99,0.99,0.99,0.01,0.2232794,0.3716687,0.99,0.38863117,0.875712,0.6170174,0.01
SIM-0069-TP,0.5351856,0.8524784,0.4502217,0.01,0.28305483,0.46485776,0.01,0.9576988,0.38779,0.01,0.01,0.4252226,0.20082343,0.01,0.162898,0.19846393,0.99,0.7867279,0.723819,0.01,0.17346334,0.99,0.01,0.46743813,0.31444588,0.99,0.34798646,0.8211367,0.99,0.01,0.47565702,0.124625,0.99,0.99,0.68868154,0.022487521,0.99,0.25388837,0.01,0.99,0.6235603,0.25150186,0.99,0.058830082,0.238556,0.01,0.62144303,0.06504008,0.2482847,0.99,0.1936353,0.27181178,0.20817852,0.43103084,0.01,0.29887778,0.99,0.9660779,0.30843747,0.30952272,0.19183862,0.19134153,0.12923768,0.01,0.99,0.01,0.23560417,0.09222466,0.01,0.75401264,0.5184563,0.6373962,0.7702675,0.2849638,0.99,0.01,0.99,0.5881393,0.9691819,0.9123846,0.99,0.9239448,0.01,0.7026613,0.47169736,0.4657225,0.99,0.99,0.015568107,0.99,0.23140395,0.10016458,0.3648802,0.99,0.2822989,0.2213147,0.99,0.189136,0.99,0.67426574,0.91302156,0.66152453,0.99,0.99,0.01,0.8598469,0.5531924,0.61364704,0.017404243,0.5850913,0.01,0.6111054,0.99,0.37253886,0.68822175,0.01,0.01,0.30515563,0.6509432,0.8240471,0.01,0.3072681,0.932832,0.01,0.99,0.38822633,0.785118,0.3179932,0.5034771,0.99,0.29292566,0.6270979,0.5720386,0.08629626,0.2076807,0.45391414,0.01,0.89112085,0.9473444,0.99,0.99,0.99,0.23780227,0.25003418,0.99,0.58337986,0.50127846,0.2520042,0.54376364,0.99,0.01,0.01,0.99,0.08482039,0.99,0.99,0.01,0.01,0.63539577,0.01,0.31180963,0.63632035,0.4017427,0.3742406,0.99,0.44709608,0.671039,0.99,0.01,0.7547646,0.5917673,0.01,0.1836163,0.99,0.51254195,0.92298293,0.7881577,0.6623511,0.23202854,0.37832177,0.01,0.01,0.01,0.49661595,0.01,0.27443504,0.99,0.99,0.01,0.43820712,0.99,0.56529856,0.15099585,0.1708234,0.20517181,0.01,0.7096885,0.99,0.025982514,0.01
SIM-0070-TP,0.9309052,0.30561936,0.71104634,0.01,0.01,0.53306234,0.8825619,0.01,0.01,0.01,0.01,0.30145764,0.420185,0.01,0.99,0.01,0.99,0.80451006,0.5730716,0.99,0.01,0.29381102,0.01,0.7977973,0.81037056,0.970324,0.49261874,0.01,0.885565,0.29815722,0.19455546,0.736954,0.99,0.99,0.6923464,0.6992697,0.7876013,0.46758142,0.01,0.01,0.01,0.21757327,0.01,0.01,0.12659955,0.6067285,0.661386,0.32710683,0.8043229,0.45583048,0.5054236,0.80922043,0.7651939,0.84604937,0.99,0.09270301,0.7357555,0.46512875,0.01,0.72080076,0.47522306,0.5505084,0.3134566,0.910251,0.9861568,0.71462494,0.53247166,0.01,0.20269316,0.01,0.01,0.01,0.32135582,0.58868873,0.99,0.06480552,0.9007753,0.5718917,0.99,0.8089154,0.47522315,0.5698044,0.8815187,0.01,0.01,0.08592355,0.26903144,0.75377053,0.01,0.4785734,0.15046448,0.47903696,0.97381485,0.99,0.99,0.6906619,0.70402825,0.01,0.4695678,0.01,0.3151747,0.33905786,0.69328296,0.99,0.99,0.99,0.09507865,0.29889888,0.21058498,0.5037823,0.21941245,0.71304303,0.5982826,0.6195412,0.3811561,0.47197226,0.7233131,0.041977346,0.01,0.8104964,0.99,0.43981525,0.1629212,0.9654616,0.8239651,0.50234973,0.913486,0.022209883,0.01,0.75246084,0.41075343,0.44748738,0.99,0.01,0.29995018,0.99,0.2543407,0.30422786,0.01,0.6728206,0.64327556,0.99,0.020789921,0.44077772,0.7115831,0.41457972,0.01,0.7280183,0.40183994,0.01,0.84355956,0.586238,0.99,0.08433324,0.99,0.99,0.99,0.5645749,0.96598935,0.01,0.27122653,0.01,0.01,0.99,0.18263727,0.01,0.99,0.4487049,0.781813,0.01,0.36771548,0.79367876,0.01,0.78211033,0.99,0.35806635,0.46975434,0.6579559,0.9315965,0.99,0.99,0.34024668,0.21204904,0.7405301,0.11487993,0.01,0.7457482,0.99,0.01,0.27896085,0.6012814,0.39944863,0.99,0.01,0.20964701,0.7071535,0.29640025,0.45161018,0.01,0.99
SIM-0071-TP,0.71669126,0.06318174,0.8829334,0.6143882,0.54524565,0.19845206,0.19803092,0.097581014,0.01,0.18493745,0.01,0.78037,0.01,0.01,0.7794734,0.037258193,0.99,0.51647973,0.99,0.4948646,0.55642587,0.6260525,0.08177774,0.02744478,0.63078725,0.99,0.01,0.7769669,0.08131719,0.7125889,0.52322537,0.77451444,0.99,0.99,0.99,0.096445814,0.99,0.45326874,0.01,0.01,0.99,0.01,0.01,0.99,0.11927882,0.31753153,0.33684307,0.17326568,0.99,0.99,0.5380568,0.99,0.99,0.44895673,0.99,0.46424657,0.9634563,0.99,0.41001278,0.20157923,0.32790804,0.01,0.01,0.44270137,0.99,0.8012732,0.27729732,0.84496975,0.12857473,0.47313467,0.01,0.41659278,0.01,0.01,0.7810762,0.23284844,0.01,0.5865109,0.7978445,0.99,0.3478779,0.37715304,0.01,0.01,0.064839184,0.17398053,0.36661297,0.99,0.01,0.23232827,0.35899708,0.31921366,0.63380164,0.99,0.08444607,0.01,0.99,0.060915187,0.99,0.99,0.6613738,0.01,0.18857719,0.99,0.7282213,0.8192354,0.01,0.24967101,0.25076783,0.14387006,0.737892,0.5036109,0.01,0.33608103,0.70931256,0.15381435,0.99,0.71245766,0.01,0.01,0.07386744,0.38556558,0.8399559,0.99,0.99,0.38652825,0.8967244,0.63984084,0.01,0.01,0.4256868,0.01,0.01,0.13688973,0.38984996,0.99,0.5589893,0.39216048,0.01,0.8511332,0.36725208,0.45510232,0.99,0.01,0.25836936,0.26601198,0.22909966,0.96474177,0.99,0.99,0.75406647,0.4585333,0.5699874,0.5791994,0.67475283,0.5189269,0.44752705,0.22692524,0.92789215,0.01,0.99,0.01,0.4579944,0.10819435,0.99,0.5536167,0.7607138,0.99,0.30410966,0.6637362,0.2175569,0.39822495,0.01,0.87647897,0.87066555,0.99,0.013394237,0.99,0.01,0.52674794,0.7566062,0.37762904,0.01,0.6409559,0.01,0.99,0.4514897,0.817296,0.21310872,0.37112337,0.19171405,0.5493101,0.122187406,0.015483111,0.01,0.85645604,0.45786047,0.4885907,0.01,0.4623577
SIM-0072-TP,0.01,0.24663466,0.34409577,0.01,0.99,0.47980252,0.4607476,0.8385969,0.9466928,0.46338406,0.10736403,0.017471164,0.01,0.01,0.17007604,0.5378761,0.79347384,0.8708335,0.01,0.3164677,0.763644,0.01,0.37043792,0.99,0.30459094,0.01,0.27741912,0.01,0.5317321,0.11220819,0.94892335,0.79034495,0.99,0.99,0.5782659,0.23155814,0.99,0.90229976,0.4889354,0.18683472,0.44058996,0.01,0.99,0.01,0.7933567,0.7573991,0.01,0.9127456,0.70540404,0.06459153,0.37071192,0.48638588,0.7008922,0.07425171,0.32995677,0.01,0.99,0.7949859,0.75043106,0.01,0.84327495,0.01,0.01,0.99,0.99,0.01,0.0804289,0.01,0.01,0.15819605,0.20051043,0.65889996,0.90829647,0.01,0.99,0.047092363,0.8881924,0.5141344,0.8734313,0.99,0.27571663,0.01,0.01,0.03336169,0.24292427,0.17582011,0.5791783,0.99,0.14926098,0.6394774,0.4259046,0.6404394,0.99,0.99,0.58790666,0.01,0.96302783,0.01,0.36956698,0.7642297,0.99,0.5366053,0.22806013,0.3932269,0.99,0.69897485,0.4640236,0.835514,0.01,0.48031765,0.012527168,0.23253244,0.096137226,0.01,0.99,0.55317175,0.0952833,0.86742866,0.63399136,0.033477202,0.01,0.49318397,0.99,0.44960836,0.99,0.50184435,0.8903662,0.3519207,0.01,0.20977738,0.4197631,0.67016006,0.3579702,0.49421382,0.01,0.99,0.99,0.32347956,0.01,0.01,0.6546756,0.7975562,0.14841825,0.5810554,0.01,0.7859875,0.31903642,0.14863503,0.625615,0.63610804,0.68543553,0.99,0.99,0.43137634,0.67631054,0.21099153,0.01,0.14804049,0.34808883,0.7536237,0.22412875,0.740847,0.01,0.013373464,0.99,0.25056326,0.9228424,0.73834884,0.7925043,0.54527676,0.01,0.06701137,0.89930594,0.35697585,0.0501737,0.648293,0.6091372,0.4198914,0.99,0.99,0.01,0.01,0.01,0.8505752,0.01,0.01,0.99,0.22710818,0.01,0.01,0.99,0.73238623,0.31165248,0.01,0.58108807,0.99,0.3291794,0.01,0.84138477,0.01
SIM-0073-TP,0.11711189,0.01,0.21584043,0.01,0.99,0.01,0.7349101,0.41335568,0.01,0.29883063,0.01,0.06628439,0.01,0.85874474,0.01,0.95407164,0.560917,0.2553699,0.28380653,0.01,0.2625279,0.01,0.40576965,0.8096741,0.5440577,0.99,0.28164434,0.4779526,0.023204207,0.99,0.47475332,0.40976077,0.81062466,0.38511324,0.99,0.21389116,0.9286853,0.03994876,0.64009076,0.5088737,0.8717838,0.5610091,0.41150045,0.42182255,0.01,0.27324834,0.11264786,0.01,0.99,0.99,0.01,0.97448295,0.39473817,0.5105237,0.3696938,0.01,0.99,0.99,0.99,0.06382858,0.08979577,0.58384645,0.7562061,0.5285527,0.34953886,0.01,0.99,0.18193877,0.01,0.99,0.99,0.98108524,0.41005194,0.01,0.99,0.8942808,0.4849534,0.61383593,0.7615425,0.01,0.09118909,0.01,0.53445476,0.3359363,0.99,0.01,0.01,0.99,0.01,0.2879813,0.76080894,0.040133268,0.44996673,0.75911856,0.49452466,0.48606813,0.01,0.039822437,0.99,0.99,0.01,0.33887994,0.15177077,0.8346247,0.072057635,0.99,0.96137375,0.99,0.01,0.01,0.99,0.5364678,0.4314218,0.71350724,0.15504932,0.4066813,0.46655124,0.96011686,0.9078415,0.6655405,0.30269367,0.99,0.6318902,0.17576224,0.18417785,0.25943756,0.7238637,0.01,0.35165578,0.15420806,0.01,0.01,0.42282426,0.86119354,0.01,0.01,0.99,0.99,0.99,0.99,0.39915624,0.6624452,0.99,0.99,0.9084034,0.8297748,0.01,0.5606297,0.99,0.99,0.01,0.25066873,0.99,0.57916915,0.8608505,0.6012938,0.15090469,0.01,0.35680017,0.6496166,0.44326183,0.72083056,0.51174,0.99,0.9214753,0.52355105,0.84538025,0.31151652,0.28500077,0.51785,0.9195087,0.921252,0.16197531,0.97974247,0.83179414,0.99,0.5369935,0.8479292,0.6464952,0.29773897,0.01,0.01,0.35666835,0.54714525,0.32321274,0.70342016,0.815513,0.7171507,0.43978745,0.8932092,0.7022563,0.7454735,0.4529595,0.53988934,0.01,0.99,0.99,0.01,0.4209829,0.19078578
SIM-0074-TP,0.32054028,0.4534793,0.01,0.9354968,0.9692333,0.6442236,0.01,0.6167106,0.01,0.01,0.01,0.01,0.33066607,0.01,0.01,0.01,0.99,0.99,0.16851172,0.01,0.012002081,0.5551184,0.01,0.99,0.587028,0.3441201,0.01,0.99,0.46809974,0.8010873,0.4049155,0.01,0.77396244,0.06906617,0.5349461,0.4111726,0.99,0.6005357,0.01,0.24690074,0.31649077,0.01,0.50008446,0.01,0.3743851,0.01,0.01,0.67584974,0.8470382,0.01,0.01,0.99,0.49371472,0.15555087,0.89155346,0.20748726,0.40315562,0.64369893,0.4764278,0.99,0.7660853,0.19068594,0.42255557,0.053265154,0.3614529,0.48844722,0.99,0.99,0.50013787,0.48398352,0.5001941,0.23957896,0.11219853,0.01,0.99,0.85659885,0.99,0.7587688,0.99,0.4366694,0.19630754,0.25861698,0.9073559,0.01,0.01,0.7150027,0.98972785,0.01,0.7128545,0.01,0.61684805,0.01,0.01,0.99,0.99,0.1390296,0.99,0.01,0.28963274,0.5165544,0.06359844,0.3151179,0.01,0.99,0.73865306,0.99,0.36390483,0.726416,0.5190252,0.85320485,0.2352409,0.01,0.70151746,0.91713583,0.82356757,0.01,0.01,0.6497565,0.49590012,0.8903496,0.01,0.08730614,0.01,0.95498216,0.99,0.99,0.690161,0.8216611,0.4921447,0.8571979,0.378171,0.43826184,0.99,0.5886458,0.2924777,0.6570037,0.4780716,0.7848128,0.5268598,0.99,0.8750013,0.99,0.5275455,0.5894531,0.72429657,0.48832235,0.99,0.01,0.99,0.99,0.99,0.99,0.99,0.05366987,0.39498448,0.12429848,0.01,0.63095164,0.99,0.36166766,0.7268818,0.51403844,0.5227753,0.01,0.85149246,0.01,0.7416586,0.8981208,0.040008843,0.01,0.20769715,0.01,0.01,0.35779768,0.17882985,0.98207164,0.01,0.01,0.4636986,0.01,0.99,0.17503932,0.01,0.80441904,0.2734889,0.11342094,0.99,0.40354598,0.99,0.5664949,0.8830791,0.01,0.11555916,0.19603842,0.01,0.87758875,0.50447017,0.01,0.5505149,0.9732731
SIM-0075-TP,0.01,0.01,0.7418904,0.6631524,0.32862476,0.5300745,0.51150596,0.99,0.01,0.082200825,0.4390566,0.01,0.76602876,0.09323308,0.7190387,0.99,0.37138468,0.2898968,0.02617082,0.01,0.99,0.20483102,0.99,0.68229824,0.46732602,0.87878793,0.13264126,0.49111935,0.99,0.61772424,0.24195862,0.9587016,0.99,0.99,0.52346003,0.01,0.5446369,0.9689194,0.01,0.01,0.29170802,0.01,0.9056345,0.99,0.09544662,0.3699051,0.01,0.112828076,0.99,0.46912527,0.01,0.99,0.24611998,0.99,0.99,0.130447,0.99,0.01,0.01,0.01,0.99,0.124071635,0.19946155,0.01,0.65773934,0.01,0.3672627,0.12133443,0.22489977,0.01,0.13806763,0.01,0.99,0.41119894,0.66384244,0.22654404,0.99,0.11783135,0.7510346,0.01,0.81418836,0.01,0.24896987,0.62414545,0.9128797,0.99,0.40582055,0.99,0.47748953,0.50209224,0.3130346,0.25051388,0.99,0.99,0.42130217,0.01,0.99,0.8038651,0.9650841,0.99,0.890068,0.08598393,0.2885619,0.99,0.25234935,0.99,0.39012536,0.5885737,0.99,0.01,0.44905335,0.23213074,0.6599054,0.01644659,0.6670363,0.23113978,0.6258423,0.8710498,0.01,0.13243932,0.119929716,0.2903213,0.35990146,0.027263552,0.01,0.7162563,0.01,0.6283971,0.01,0.91700596,0.32640484,0.13632685,0.3115476,0.2759617,0.16398263,0.99,0.01,0.33753356,0.99,0.99,0.99,0.7003246,0.01,0.01,0.4514544,0.7688742,0.38285214,0.5235238,0.99,0.8507065,0.28261226,0.015463591,0.99,0.8754672,0.2410624,0.2940085,0.5261718,0.01,0.9561833,0.01,0.01,0.99,0.06767841,0.6132684,0.13356823,0.88791615,0.99,0.03414893,0.31552908,0.88683486,0.34645623,0.40038753,0.01,0.47259212,0.99,0.42295298,0.16850157,0.01,0.99,0.01,0.99,0.01,0.66759765,0.8711729,0.01,0.01,0.5403242,0.6964798,0.01,0.99,0.54788345,0.15618968,0.9617733,0.6999567,0.01,0.99,0.77979314,0.12253916,0.01,0.7449934
SIM-0076-TP,0.68932456,0.01,0.01,0.82962066,0.01,0.6420381,0.99,0.743124,0.01,0.036573738,0.34617588,0.4763916,0.50408137,0.11544271,0.05674292,0.5590769,0.18299818,0.01,0.01,0.37103057,0.71538436,0.8835542,0.09515378,0.99,0.3452135,0.41826805,0.4248959,0.57019234,0.3185277,0.99,0.01,0.52110803,0.8836565,0.6944262,0.1041241,0.01,0.9178915,0.99,0.14222905,0.8078184,0.2543819,0.11020613,0.9108615,0.43812296,0.7637234,0.01,0.01,0.4490771,0.99,0.56674933,0.01,0.99,0.5748663,0.49409333,0.43688193,0.09085068,0.45280233,0.99,0.99,0.8909911,0.58881867,0.01,0.31160817,0.99,0.72590065,0.94988036,0.48151144,0.37593466,0.25445694,0.99,0.85686564,0.01,0.99,0.01,0.6041692,0.5664036,0.99,0.99,0.99,0.99,0.99,0.01,0.99,0.01,0.79935455,0.61344683,0.19142768,0.99,0.50786114,0.80042326,0.3435233,0.99,0.99,0.99,0.89336205,0.01,0.99,0.6349985,0.99,0.26259503,0.6635343,0.95416987,0.01,0.99,0.060960203,0.67512995,0.13478109,0.38257438,0.04462488,0.99,0.7862533,0.99,0.33383772,0.7993208,0.3033933,0.16340718,0.5280526,0.01,0.7588879,0.11749672,0.2844603,0.9347147,0.12992533,0.86742175,0.99,0.99,0.33538112,0.01,0.01,0.01,0.69664204,0.5028907,0.49341935,0.01,0.09783214,0.99,0.85744953,0.99,0.99,0.7859838,0.01,0.1793958,0.6920934,0.4545041,0.51481616,0.31131002,0.117973685,0.8762717,0.99,0.99,0.99,0.038236767,0.7298087,0.19464052,0.99,0.45396513,0.07987164,0.8849369,0.82278377,0.20654614,0.53110826,0.70540094,0.5793735,0.99,0.051346004,0.27397746,0.710549,0.63479906,0.77669954,0.87116176,0.28479263,0.99,0.01,0.99,0.4510287,0.39679793,0.37880898,0.4507206,0.01,0.7160081,0.99,0.028050408,0.14742684,0.3336256,0.01,0.01,0.99,0.99,0.8431903,0.96088266,0.99,0.57133186,0.06601912,0.5252886,0.016003087,0.5628328,0.99,0.99,0.01,0.11720419
SIM-0077-TP,0.22799142,0.81485564,0.01,0.01,0.9706272,0.68913954,0.01,0.4578227,0.65808135,0.01,0.050835535,0.57486784,0.01,0.13737589,0.01,0.01,0.16826287,0.5405611,0.4040956,0.7714263,0.46224046,0.01,0.01,0.01,0.01,0.01,0.01,0.01,0.01,0.01,0.01,0.01,0.01,0.01,0.01,0.01,0.21053052,0.01,0.01,0.01,0.01,0.01,0.01,0.27755666,0.01,0.01,0.45877326,0.01,0.01,0.01,0.01,0.19156635,0.01,0.01,0.01,0.01,0.11876035,0.01,0.01,0.15376318,0.99,0.99,0.99,0.99,0.99,0.99,0.99,0.99,0.99,0.99,0.99,0.99,0.99,0.99,0.99,0.99,0.99,0.99,0.99,0.99,0.99,0.99,0.99,0.4141683,0.99,0.96058416,0.99,0.99,0.99,0.99,0.99,0.99,0.99,0.99,0.99,0.99,0.99,0.99,0.99,0.99,0.01,0.01,0.01,0.99,0.25491178,0.99,0.121331304,0.82366824,0.5060225,0.9627185,0.35651085,0.63101333,0.20447448,0.081751764,0.99,0.03440568,0.7333782,0.99,0.2507562,0.01,0.045134082,0.341946,0.6508331,0.42812914,0.99,0.818128,0.81986094,0.40859628,0.78001845,0.46800852,0.031520873,0.5815203,0.40607578,0.6019385,0.7714157,0.6274581,0.4779932,0.39390358,0.99,0.45108324,0.32742107,0.8733996,0.6807081,0.9519843,0.56590044,0.99,0.385813,0.87474537,0.71723527,0.99,0.32758796,0.3861208,0.79726684,0.21817385,0.92714995,0.99,0.26633757,0.2497822,0.6590196,0.01,0.37275404,0.37110364,0.82502645,0.01,0.99,0.03833872,0.83600605,0.2528202,0.6787777,0.01,0.7673675,0.33358777,0.22912495,0.01,0.99,0.19058824,0.48514265,0.28522903,0.99,0.22053018,0.23672351,0.40616047,0.01,0.31343138,0.5761236,0.9861468,0.28783765,0.58552694,0.7208444,0.01,0.99,0.01,0.23989153,0.5444804,0.18965776,0.22245616,0.99,0.01,0.01,0.01
SIM-0078-TP,0.01,0.92593396,0.01,0.99,0.37904918,0.01,0.01,0.50385576,0.01,0.12682156,0.01,0.81784904,0.18386923,0.19010013,0.88132966,0.24398841,0.99,0.99,0.01,0.2906264,0.56063074,0.01,0.01,0.5236451,0.4245262,0.01,0.99,0.01,0.40658015,0.17921302,0.8856134,0.01,0.99,0.99,0.36569983,0.49542153,0.63264865,0.99,0.460041,0.99,0.01,0.01,0.01,0.28813952,0.99,0.4881155,0.7332987,0.385688,0.84716123,0.25103807,0.01,0.4102257,0.01,0.07328424,0.67661905,0.01,0.6211197,0.6822489,0.849678,0.01,0.63306206,0.71250254,0.7999893,0.99,0.99,0.99,0.89495087,0.99,0.01,0.99,0.581498,0.99,0.99,0.01,0.45497274,0.41644555,0.99,0.99,0.45590997,0.99,0.8504128,0.20518224,0.39232746,0.26012358,0.95971715,0.71150213,0.111604035,0.8598234,0.6653131,0.19935608,0.7581714,0.99,0.99,0.99,0.01,0.6802335,0.99,0.01,0.98379827,0.99,0.99,0.045451954,0.6924546,0.99,0.5665623,0.99,0.19341555,0.67313373,0.22969685,0.10335958,0.95736575,0.97692233,0.67676044,0.48869705,0.8525865,0.572437,0.5331298,0.08947736,0.22079518,0.18931185,0.01,0.48912233,0.01,0.01,0.99,0.99,0.5014212,0.85253465,0.78457683,0.53292304,0.4950106,0.01,0.99,0.99,0.99,0.69096565,0.99,0.6234262,0.99,0.39029658,0.01,0.99,0.8695041,0.7046958,0.4205677,0.01,0.13506556,0.7586382,0.734022,0.01,0.99,0.30636436,0.99,0.01,0.8473271,0.981469,0.60985833,0.023666978,0.99,0.48242766,0.25052437,0.01,0.01,0.16150023,0.7071834,0.90793645,0.99,0.37720656,0.99,0.18347548,0.91681516,0.01,0.16581716,0.99,0.4569354,0.74526954,0.5842246,0.13866365,0.01,0.8639656,0.99,0.3380152,0.59261966,0.07803458,0.96583843,0.04434246,0.99,0.99,0.860624,0.99,0.99,0.35497183,0.943228,0.051033795,0.044629246,0.99,0.5334764,0.31249163,0.7379731,0.663457
SIM-0079-TP,0.01,0.5728756,0.35130423,0.8276565,0.5452298,0.4410708,0.01,0.1135405,0.27278554,0.99,0.1042431,0.09665522,0.30952424,0.08937149,0.9726162,0.2232916,0.99,0.4168607,0.6276376,0.01,0.01,0.01,0.01,0.19577348,0.01,0.098189056,0.16162825,0.01,0.45576036,0.01,0.01,0.01,0.3307227,0.04823166,0.7207197,0.01,0.01,0.01,0.01,0.01,0.01,0.01,0.01,0.01,0.01,0.01,0.01,0.01,0.2547139,0.01,0.01,0.67791617,0.63506687,0.01,0.01,0.01,0.01,0.01,0.012247026,0.37641597,0.99,0.99,0.99,0.21118337,0.99,0.99,0.99,0.99,0.99,0.99,0.90102977,0.99,0.99,0.99,0.99,0.99,0.99,0.99,0.99,0.99,0.99,0.808859,0.99,0.8935846,0.99,0.99,0.99,0.99,0.99,0.9073068,0.45680752,0.99,0.52445984,0.99,0.99,0.75488794,0.99,0.8964042,0.99,0.99,0.261219,0.6576159,0.01,0.99,0.01,0.99,0.3309185,0.5151018,0.1671274,0.36939117,0.01,0.823086,0.94398844,0.17674983,0.99,0.49769828,0.31757265,0.01,0.46056333,0.37791497,0.17784317,0.026213408,0.5772484,0.99,0.20364162,0.45869952,0.99,0.5724603,0.01,0.3318537,0.01,0.31904447,0.58858365,0.16106254,0.99,0.600533,0.3247525,0.05104083,0.17097607,0.01,0.25768727,0.28746393,0.93130755,0.15291849,0.99,0.6342595,0.83294517,0.99,0.99,0.41234705,0.92590594,0.7152796,0.99,0.40695933,0.99,0.01,0.01,0.01,0.7362197,0.16763231,0.01,0.01,0.01,0.01,0.55008656,0.082543075,0.98225695,0.8686743,0.99,0.62907696,0.949329,0.37808895,0.6597981,0.75637347,0.94618237,0.99,0.31374192,0.01,0.99,0.8478777,0.68997264,0.01,0.91054934,0.635024,0.075871825,0.82675505,0.01,0.947237,0.2743789,0.99,0.99,0.01,0.99,0.01,0.4179903,0.072618365,0.2158044,0.35512286,0.67559457,0.99
SIM-0080-TP,0.01,0.398904,0.99,0.13807273,0.18371506,0.36406106,0.8205341,0.99,0.01,0.01,0.5334971,0.01,0.01,0.01,0.11427492,0.9001392,0.23239343,0.99,0.7205839,0.29226547,0.01,0.01,0.01,0.99,0.1657393,0.020189762,0.7778995,0.01,0.83660126,0.32496253,0.99,0.01,0.99,0.104124665,0.99,0.44493985,0.8513092,0.64985955,0.6282656,0.7792904,0.5624259,0.01,0.38058302,0.6712756,0.2374048,0.50493824,0.01,0.01,0.99,0.01,0.7869867,0.6181674,0.99,0.94023454,0.60581726,0.073277436,0.99,0.99,0.99,0.7444482,0.27386576,0.22584826,0.01,0.01,0.8033582,0.051642075,0.74538577,0.3749977,0.01,0.95274043,0.2192396,0.01,0.8321709,0.99,0.99,0.01,0.49341732,0.36369857,0.3465598,0.32805356,0.036248326,0.01,0.43341497,0.01,0.61230147,0.99,0.99,0.7469413,0.66426146,0.6043737,0.010496214,0.01,0.7112299,0.99,0.01,0.01,0.42537642,0.25731987,0.93869936,0.93628037,0.99,0.01,0.01,0.99,0.99,0.01,0.7748129,0.45726123,0.6432483,0.99,0.3653325,0.80617505,0.3306817,0.99,0.99,0.26883143,0.30270585,0.35065147,0.8741883,0.17444104,0.01,0.7985128,0.01,0.6545696,0.01,0.6617787,0.3953007,0.01,0.44051006,0.019964814,0.39600867,0.01,0.01,0.01,0.01,0.99,0.9705253,0.99,0.36242062,0.34991348,0.42040777,0.5523125,0.248034,0.47234696,0.9526143,0.01,0.22409096,0.01,0.73220676,0.99,0.99,0.29934728,0.79303265,0.01,0.33967295,0.5988843,0.01,0.7761533,0.99,0.01,0.01,0.01,0.01,0.01,0.01,0.01,0.99,0.42969733,0.62025106,0.059018984,0.8868307,0.01,0.53243124,0.92680895,0.99,0.99,0.4767728,0.01,0.40170094,0.010074288,0.2016083,0.11633547,0.38765666,0.6600412,0.86172295,0.47450012,0.15511799,0.99,0.83696425,0.99,0.8151615,0.14104295,0.99,0.50334984,0.01,0.01,0.99,0.01,0.13693243,0.6862998
SIM-0081-TP,0.01,0.01,0.01,0.99,0.99,0.01,0.5723206,0.79616475,0.01,0.01,0.99,0.01,0.31759185,0.20647703,0.8273192,0.60332847,0.14180006,0.041819632,0.01,0.36134544,0.01,0.01,0.01,0.01,0.01,0.01,0.01,0.01,0.01,0.01,0.01,0.01,0.01,0.01,0.01,0.01,0.01,0.01,0.01,0.01,0.01,0.01,0.01,0.01,0.01,0.01,0.01,0.01,0.01,0.01,0.01,0.01,0.01,0.01,0.01,0.01,0.01,0.01,0.01,0.01,0.99,0.99,0.99,0.99,0.99,0.99,0.99,0.99,0.99,0.99,0.99,0.99,0.99,0.99,0.99,0.99,0.99,0.99,0.99,0.99,0.99,0.99,0.99,0.99,0.99,0.99,0.99,0.99,0.99,0.99,0.99,0.99,0.99,0.99,0.99,0.99,0.99,0.99,0.99,0.99,0.59023184,0.01,0.01,0.7009875,0.01,0.99,0.99,0.5526495,0.3654006,0.85117835,0.3906508,0.99,0.01,0.8624382,0.8584024,0.01,0.25500596,0.99,0.01,0.111095406,0.99,0.01,0.11568102,0.46347728,0.79512024,0.5675471,0.01,0.65072775,0.2238014,0.88452303,0.81547976,0.01,0.95128495,0.35199153,0.6930797,0.80490255,0.99,0.66472876,0.41670102,0.36546338,0.01,0.99,0.01,0.8447987,0.48906133,0.01,0.99,0.01,0.76824296,0.9538251,0.01,0.736847,0.4050024,0.2273012,0.99,0.5666734,0.017403737,0.07241752,0.99,0.34676093,0.01,0.12314542,0.01,0.12525962,0.99,0.028579421,0.093232274,0.99,0.20152025,0.50359535,0.45947295,0.9183732,0.01,0.28416222,0.99,0.01,0.26280278,0.99,0.01,0.4425949,0.01,0.01,0.01,0.42837444,0.01,0.7862589,0.81023663,0.64682835,0.01,0.8833103,0.99,0.01,0.1658206,0.01,0.7561291,0.99,0.2238877,0.17593944,0.01,0.1000855
SIM-0082-TP,0.69250536,0.3113369,0.99,0.11016825,0.01,0.99,0.4589975,0.99,0.01,0.01,0.01,0.01,0.01,0.7832489,0.5143906,0.26217324,0.99,0.6177842,0.01,0.10813087,0.99,0.01,0.99,0.99,0.114428654,0.01,0.72203875,0.99,0.01,0.65277827,0.01,0.09963542,0.01,0.82366943,0.38480008,0.6421443,0.37852442,0.16221635,0.01,0.63447475,0.7632709,0.44805765,0.6593984,0.8292978,0.5025562,0.68359745,0.7760231,0.01,0.47218782,0.01,0.22288094,0.99,0.99,0.01,0.8905673,0.22794907,0.884192,0.01,0.99,0.01,0.7659116,0.73442715,0.237611,0.38572496,0.912874,0.4231767,0.99,0.86363125,0.29793814,0.01,0.01,0.99,0.99,0.59123564,0.99,0.01,0.01,0.84954876,0.01,0.8823531,0.99,0.01,0.11373465,0.01,0.65740746,0.811192,0.22610082,0.99,0.99,0.99,0.33078772,0.3869924,0.5428008,0.748734,0.99,0.7761104,0.13993908,0.44869483,0.99,0.62422824,0.13273537,0.52136815,0.60903555,0.99,0.5939629,0.92155856,0.47026804,0.01,0.01,0.99,0.39517266,0.79017353,0.24538109,0.6706795,0.8917955,0.85825485,0.93255967,0.053247273,0.7316115,0.01,0.01,0.99,0.1562988,0.96205413,0.25811854,0.20402905,0.15615228,0.55335116,0.3621761,0.8194933,0.10544826,0.14906141,0.01313445,0.99,0.01,0.14698103,0.34090543,0.99,0.99,0.19515675,0.7640669,0.98786074,0.67618775,0.7930416,0.62984574,0.47392473,0.01,0.99,0.58536977,0.21823287,0.25074452,0.28419292,0.33927867,0.74038553,0.99,0.01,0.01,0.01,0.6875219,0.99,0.01,0.99,0.16529074,0.99,0.53867555,0.01,0.75042003,0.99,0.47696745,0.32751656,0.89902115,0.01,0.56027955,0.5526693,0.99,0.92701495,0.6951325,0.01,0.99,0.32150298,0.01,0.15607178,0.01,0.82558495,0.9479866,0.01,0.7540526,0.808861,0.01,0.99,0.99,0.99,0.7066802,0.01,0.4212074,0.99,0.21458828,0.90166855,0.01,0.98227483
SIM-0083-TP,0.6796606,0.01,0.39874277,0.01,0.103340924,0.62411654,0.20103726,0.99,0.01,0.01,0.4441759,0.28983954,0.2293386,0.5198586,0.36452037,0.7566396,0.28856355,0.01,0.01,0.01,0.99,0.01,0.09892907,0.99,0.3793797,0.66385806,0.01,0.99,0.788113,0.21509403,0.01,0.99,0.5962167,0.17591092,0.644421,0.21746907,0.85633665,0.83183795,0.31491786,0.89417577,0.5125038,0.99,0.21923429,0.99,0.036781043,0.01,0.01,0.49351728,0.99,0.14952457,0.01,0.99,0.80208904,0.0343031,0.12988609,0.33967343,0.99,0.8784225,0.6333568,0.01,0.97490406,0.24311368,0.01,0.06324673,0.90462947,0.21944319,0.01,0.30483836,0.01,0.3839908,0.99,0.6517228,0.14220172,0.21058926,0.7848444,0.52408326,0.99,0.99,0.9863013,0.6581003,0.99,0.01,0.28866544,0.07822038,0.01,0.99,0.94176906,0.01,0.7250474,0.5359782,0.7487062,0.35450202,0.01,0.8973406,0.14000869,0.01,0.99,0.32965323,0.99,0.47047013,0.01,0.49277902,0.01,0.72892433,0.7293962,0.664292,0.3647612,0.01,0.6845499,0.6726061,0.6501206,0.80541,0.99,0.5016024,0.67861617,0.01,0.23535681,0.59380925,0.070807755,0.35326752,0.9409217,0.09985432,0.01,0.235622,0.01,0.99,0.4718744,0.0627996,0.01,0.01,0.85920286,0.99,0.01,0.99,0.15754893,0.99,0.01,0.7742991,0.41440904,0.951491,0.38354224,0.7410738,0.48632222,0.99,0.5133231,0.8206675,0.82444805,0.99,0.30174708,0.99,0.67134106,0.01,0.6336985,0.99,0.5740026,0.31148845,0.41804042,0.01,0.84382117,0.01,0.5256822,0.33636042,0.99,0.37411818,0.58284855,0.62646437,0.0661965,0.99,0.01,0.81911415,0.99,0.01,0.17707904,0.8121543,0.99,0.21865484,0.29415613,0.49341968,0.08866888,0.01,0.67683434,0.1638448,0.01,0.55969167,0.01,0.886271,0.7175525,0.99,0.01,0.9326387,0.99,0.14433503,0.18916976,0.33711594,0.535272,0.09899753,0.79726815,0.6346444,0.090142146,0.13571
SIM-0084-TP,0.37810594,0.99,0.4026804,0.04458812,0.2988742,0.01,0.01,0.01,0.01,0.58912736,0.27895373,0.01,0.01,0.01,0.01,0.121274486,0.94814783,0.37523964,0.01,0.01,0.18712857,0.6111993,0.12681772,0.99,0.40965256,0.52505034,0.21366397,0.19947207,0.22100717,0.99,0.33790308,0.01,0.99,0.99,0.45510045,0.43492535,0.67556304,0.01,0.99,0.4687466,0.749585,0.01,0.31568927,0.84115076,0.01,0.99,0.8729247,0.59995615,0.7638624,0.3444259,0.7035155,0.99,0.60364884,0.01,0.01,0.19942173,0.7748217,0.99,0.99,0.19179973,0.7770669,0.01,0.8231512,0.18605256,0.99,0.84696543,0.54570675,0.2110574,0.99,0.40157825,0.01,0.99,0.58705693,0.45358497,0.49541044,0.1373003,0.603736,0.46629587,0.83911794,0.33919904,0.99,0.01,0.01,0.510363,0.8224236,0.99,0.6128704,0.87256575,0.4634654,0.99,0.7330328,0.47599968,0.6514361,0.99,0.55193526,0.01,0.01,0.01,0.86730105,0.99,0.17848952,0.19667707,0.044660166,0.99,0.6070201,0.4080965,0.103396416,0.3567471,0.01,0.7412391,0.411814,0.311817,0.99,0.99,0.7376967,0.01,0.49178535,0.35636836,0.44794375,0.01,0.01,0.3399052,0.16833133,0.3113549,0.6357706,0.57302403,0.4655587,0.22843467,0.4541752,0.21174538,0.01,0.01,0.09637529,0.01,0.01,0.8096968,0.99,0.94045377,0.37681034,0.01,0.4489433,0.01,0.49598587,0.04534477,0.01,0.99,0.01,0.511469,0.744637,0.60162044,0.7351964,0.1457349,0.9308505,0.510813,0.08103001,0.61323357,0.01,0.01,0.9188759,0.01,0.51095796,0.5581732,0.01,0.7214236,0.83666223,0.01,0.69380176,0.99,0.23800373,0.99,0.99,0.2541298,0.27794176,0.7744066,0.5960449,0.7802948,0.69254255,0.01,0.9857147,0.87704885,0.8987993,0.04360971,0.5325614,0.99,0.20190395,0.24453059,0.99,0.99,0.041128576,0.99,0.99,0.01,0.01,0.5333571,0.13398895,0.08213925,0.40278634,0.39974228,0.18933114,0.49053615
SIM-0085-TP,0.01,0.01,0.0842859,0.99,0.99,0.20454174,0.4162177,0.01,0.44735804,0.33383346,0.01,0.01,0.99,0.99,0.45684472,0.7110526,0.6976621,0.91325843,0.01,0.01,0.01,0.01,0.01,0.01,0.01,0.01,0.01,0.01,0.01,0.01,0.01,0.01,0.37553716,0.01,0.4341166,0.01,0.01,0.01,0.01,0.01,0.01,0.01,0.01,0.01,0.01,0.01,0.01,0.053859115,0.01,0.01,0.01,0.038751364,0.01,0.01,0.01,0.01,0.01,0.01,0.01,0.01,0.99,0.99,0.99,0.99,0.99,0.99,0.99,0.99,0.99,0.99,0.99,0.99,0.99,0.99,0.99,0.99,0.99,0.99,0.99,0.99,0.99,0.99,0.99,0.99,0.99,0.99,0.99,0.99,0.99,0.99,0.49218214,0.99,0.99,0.99,0.99,0.99,0.99,0.99,0.99,0.6183839,0.99,0.99,0.01,0.90795,0.99,0.99,0.99,0.7439022,0.01,0.99,0.6588119,0.99,0.01,0.011391699,0.86070365,0.8852982,0.99,0.06035453,0.27611563,0.99,0.01,0.6601342,0.11784193,0.6797023,0.1556235,0.18878537,0.24405724,0.15441784,0.12204446,0.8335707,0.99,0.01,0.01,0.48406076,0.01,0.01,0.99,0.7018549,0.7076055,0.01,0.060590208,0.022007406,0.52908057,0.51229703,0.66760963,0.055052906,0.08370605,0.5927564,0.9876285,0.54723847,0.034203082,0.06886372,0.4106817,0.12523586,0.22081518,0.2725578,0.8107525,0.010394186,0.15416968,0.01,0.99,0.936964,0.3806979,0.9324663,0.9579519,0.07391119,0.14164454,0.99,0.17928873,0.031695247,0.5994007,0.22304872,0.679289,0.99,0.6079398,0.73062724,0.6203084,0.31913665,0.99,0.40014738,0.99,0.01,0.5945606,0.074885845,0.01,0.6851511,0.6548048,0.99,0.8037895,0.42336795,0.99,0.094676726,0.8746221,0.26596484,0.3673777,0.8034804,0.48623765,0.99,0.01,0.2934966
SIM-0086-TP,0.01,0.01,0.01,0.25638914,0.37338722,0.26144403,0.6206069,0.43144295,0.8635054,0.01,0.01,0.07978499,0.29134557,0.01,0.9295156,0.2244387,0.01,0.01,0.5270298,0.58525896,0.01,0.01,0.01,0.01,0.01,0.01,0.01,0.01,0.01,0.01,0.01,0.01,0.36656928,0.01,0.01,0.01,0.01,0.3624251,0.01,0.01,0.01,0.01,0.01,0.01,0.01,0.01,0.01,0.01,0.01,0.18274498,0.01,0.01,0.075674534,0.01,0.01,0.01,0.01,0.01,0.01,0.01,0.99,0.99,0.99,0.99,0.99,0.99,0.99,0.99,0.55193657,0.99,0.99,0.99,0.99,0.99,0.99,0.99,0.99,0.99,0.99,0.99,0.99,0.99,0.99,0.99,0.99,0.99,0.99,0.99,0.99,0.99,0.99,0.99,0.99,0.99,0.99,0.99,0.99,0.99,0.99,0.99,0.2843468,0.01,0.01,0.9731288,0.7584645,0.89816463,0.05186087,0.01,0.21194659,0.01,0.813287,0.021746099,0.99,0.13839072,0.99,0.01,0.4225953,0.5152143,0.90948117,0.70513165,0.57093525,0.84127605,0.03570667,0.76672053,0.418343,0.99,0.4872358,0.7371577,0.4198406,0.9508341,0.01,0.01,0.929204,0.99,0.22252534,0.9635168,0.01,0.35083187,0.6593361,0.01,0.01,0.80892164,0.23647472,0.27179667,0.3976588,0.01,0.40142995,0.68251264,0.5177672,0.5861081,0.40091968,0.92610073,0.69266534,0.01,0.17297745,0.96122026,0.01,0.11340396,0.99,0.46036223,0.01,0.99,0.31321892,0.5357648,0.8462391,0.5684244,0.721868,0.044454217,0.5595722,0.01,0.99,0.014667571,0.36606523,0.52873045,0.99,0.94486666,0.01,0.876664,0.69818825,0.36233887,0.23694211,0.99,0.85864204,0.8842522,0.794243,0.3826797,0.59437734,0.01,0.01,0.99,0.99,0.31443605,0.01,0.731446,0.025017306,0.99,0.01,0.23048696,0.6630948,0.99
SIM-0087-TP,0.116603404,0.01,0.77960175,0.01,0.01,0.3868222,0.99,0.22329623,0.01,0.19923934,0.01,0.01,0.54733443,0.47502065,0.544502,0.01,0.99,0.3183843,0.01,0.99,0.01,0.14919028,0.18047291,0.79162586,0.01,0.01,0.99,0.99,0.6402569,0.25890934,0.01,0.87137246,0.99,0.01,0.01,0.26319164,0.9135175,0.37099522,0.18106282,0.44698688,0.66209114,0.01,0.4573286,0.42313614,0.01,0.01,0.36608082,0.7430287,0.67196107,0.5482937,0.8163303,0.99,0.99,0.99,0.79926085,0.01,0.63871455,0.9190488,0.99,0.01,0.9452658,0.01,0.2193353,0.1336108,0.91200745,0.99,0.99,0.41009855,0.01,0.01,0.01,0.65456456,0.01,0.18524536,0.71352273,0.01,0.54969966,0.99,0.99,0.39192742,0.99,0.01,0.11334635,0.31534177,0.99,0.99,0.7084742,0.32514402,0.90342826,0.51755273,0.47867778,0.25534326,0.99,0.579142,0.99,0.100397885,0.8775995,0.9438865,0.01,0.63496786,0.01,0.39624274,0.5924919,0.6487832,0.20582265,0.82916826,0.01,0.7245394,0.01,0.99,0.01,0.2787796,0.2842521,0.47030753,0.99,0.64173496,0.2668401,0.18295088,0.9219917,0.01,0.21846664,0.019578755,0.25791928,0.8468765,0.25416434,0.99,0.99,0.7290311,0.23205978,0.99,0.01,0.8893844,0.05818668,0.99,0.01,0.8888173,0.01,0.554976,0.07851207,0.01,0.9557309,0.11616862,0.17177925,0.019330204,0.99,0.8972753,0.99,0.29613295,0.99,0.43935347,0.12556237,0.16685638,0.40874094,0.30616713,0.35055906,0.611019,0.01,0.27172026,0.2287547,0.01,0.01,0.8388902,0.49069607,0.2683437,0.33653682,0.50318515,0.99,0.7712411,0.01,0.01,0.8602804,0.01,0.01,0.41565177,0.94221085,0.01,0.3314408,0.6943651,0.4395643,0.01,0.99,0.01,0.35361168,0.88394725,0.31073222,0.8483163,0.2013455,0.49584958,0.31415862,0.99,0.99,0.560785,0.78527135,0.4534683,0.6887583,0.01,0.5855106,0.6895703,0.7298627,0.01
SIM-0088-TP,0.01,0.01,0.4885601,0.8039004,0.047064558,0.99,0.5489209,0.6195334,0.01,0.51762617,0.10996318,0.99,0.01,0.01,0.06891279,0.3463222,0.34569436,0.99,0.01,0.78962684,0.01,0.01,0.01,0.01,0.01,0.01,0.01,0.2473582,0.3982631,0.044042945,0.01,0.01,0.01,0.01,0.01,0.01,0.01,0.01,0.01,0.01,0.01,0.01,0.01,0.013924241,0.01,0.01,0.01,0.01,0.6507783,0.01,0.01,0.01,0.01,0.01,0.01,0.01,0.41452074,0.01,0.019659162,0.01,0.99,0.01,0.99,0.99,0.99,0.99,0.863856,0.99,0.99,0.99,0.49679604,0.99,0.99,0.88329935,0.99,0.42578828,0.99,0.99,0.99,0.99,0.99,0.99,0.876907,0.99,0.99,0.94362396,0.8486044,0.99,0.268655,0.99,0.9289535,0.99,0.99,0.99,0.99,0.98637307,0.99,0.77685356,0.99,0.89997494,0.01,0.4067946,0.01,0.99,0.38969693,0.6770785,0.99,0.01,0.38489723,0.67401046,0.85447747,0.23902515,0.74823177,0.43990445,0.99,0.09317811,0.6378374,0.99,0.33634162,0.39674872,0.99,0.5173877,0.01,0.10919109,0.01,0.99,0.38253903,0.95878553,0.5798812,0.8742652,0.01,0.38129517,0.99,0.01,0.1219026,0.7351758,0.6016255,0.99,0.9826125,0.8249924,0.7617721,0.99,0.5598501,0.26772445,0.99,0.01698643,0.47405207,0.11099774,0.99,0.99,0.03513223,0.43925542,0.49986348,0.8892237,0.99,0.25576657,0.01,0.7340479,0.79614204,0.16893107,0.80634606,0.18529513,0.01,0.17326048,0.9386972,0.5512299,0.99,0.98693466,0.32549638,0.66598576,0.09504324,0.9054321,0.49762398,0.7523982,0.41235906,0.99,0.20846096,0.6029909,0.01,0.19293371,0.32846227,0.31786352,0.13342294,0.01,0.023495018,0.01,0.247621,0.99,0.01,0.9186776,0.6386472,0.01,0.01,0.5738198,0.37994194,0.01,0.99,0.01,0.41484293,0.01
SIM-0089-TP,0.18646477,0.01,0.08688736,0.37958792,0.01,0.38009542,0.48938674,0.99,0.4137166,0.59826803,0.01,0.01,0.094401285,0.99,0.99,0.01,0.23689786,0.7547932,0.031474903,0.21767476,0.61406314,0.99,0.815575,0.99,0.01,0.8891082,0.1538758,0.99,0.99,0.9712101,0.057110555,0.10424005,0.63291323,0.99,0.99,0.8498606,0.99,0.13204187,0.38019717,0.74718606,0.54642683,0.52578604,0.6540026,0.41810223,0.21029022,0.23728949,0.03515429,0.24394256,0.13135284,0.90703815,0.8355915,0.86792487,0.99,0.3498531,0.20352638,0.99,0.01,0.5827631,0.1808851,0.9082607,0.98054934,0.99,0.36560422,0.01,0.01,0.8668245,0.46608385,0.47004938,0.79792213,0.68596506,0.01,0.4126744,0.01,0.01,0.99,0.63774484,0.9743144,0.99,0.41954187,0.99,0.01,0.01,0.3967148,0.2546712,0.5575388,0.4914643,0.92940164,0.22814715,0.20710611,0.9585858,0.14310658,0.37393892,0.8306193,0.05869191,0.01,0.26550308,0.34379458,0.01,0.99,0.22818199,0.01,0.99,0.85174835,0.99,0.01,0.6885553,0.01,0.52795076,0.04209873,0.31779146,0.5927172,0.43304232,0.99,0.66227657,0.01,0.01,0.99,0.24370903,0.59933907,0.2002386,0.91543543,0.01,0.99,0.99,0.59186965,0.8143463,0.24415033,0.01,0.56424594,0.69393474,0.48731244,0.36999476,0.13255349,0.99,0.2845401,0.8288218,0.4165549,0.99,0.6703552,0.57938695,0.95664984,0.01,0.39930695,0.13881174,0.7877499,0.546427,0.5042925,0.3323635,0.79710674,0.99,0.4136891,0.99,0.99,0.36107665,0.01,0.38615906,0.50773364,0.017967239,0.925222,0.032166027,0.44073576,0.99,0.631768,0.01,0.01,0.33302525,0.99,0.01,0.2929055,0.99,0.4463532,0.99,0.01,0.54329205,0.5448955,0.07809013,0.01,0.5395109,0.7367576,0.05188352,0.3746013,0.83161974,0.7531179,0.39073256,0.44593877,0.01,0.9038569,0.86010176,0.3576927,0.7876608,0.82783645,0.01,0.99,0.88946694,0.01,0.01,0.01,0.99,0.13370773,0.6262325
SIM-0090-TP,0.01,0.020591378,0.130846,0.48684722,0.5528213,0.01,0.01,0.6252918,0.01,0.01,0.01,0.49012086,0.99,0.29809457,0.43995732,0.01,0.87557733,0.01,0.01,0.31098375,0.01,0.01,0.01,0.01,0.01,0.01,0.01,0.01,0.01,0.01,0.01,0.01,0.01,0.01,0.01,0.01,0.01,0.01,0.01,0.01,0.01,0.01,0.01,0.01,0.01,0.01,0.01,0.01,0.01,0.01,0.01,0.01,0.01,0.01,0.01,0.01,0.01,0.01,0.01,0.01,0.99,0.99,0.99,0.99,0.99,0.99,0.99,0.99,0.99,0.99,0.99,0.99,0.99,0.99,0.99,0.99,0.99,0.99,0.99,0.99,0.99,0.99,0.99,0.99,0.99,0.99,0.99,0.99,0.99,0.99,0.99,0.99,0.99,0.99,0.99,0.99,0.99,0.99,0.99,0.99,0.28311437,0.95784986,0.6506554,0.8466629,0.034878463,0.36176264,0.99,0.01,0.99,0.84092724,0.01,0.6534017,0.25946775,0.40989307,0.09708965,0.09944979,0.01,0.12329447,0.06568155,0.01,0.01,0.33944252,0.78776634,0.6226286,0.99,0.3584388,0.5918062,0.6090838,0.8499287,0.2054224,0.7480489,0.01,0.14975992,0.29997802,0.50706106,0.014462531,0.078790635,0.33906996,0.6425804,0.15382227,0.48495716,0.5510297,0.8682684,0.47660536,0.99,0.44909903,0.01,0.5829809,0.8196924,0.38250872,0.99,0.36125118,0.41756204,0.44233114,0.31680217,0.9784867,0.5753616,0.22295958,0.99,0.01,0.01,0.20450017,0.01,0.01,0.16522771,0.01,0.23484105,0.99,0.6537787,0.70537657,0.8354665,0.7372434,0.40539965,0.99,0.2806757,0.6838144,0.01,0.99,0.87422174,0.99,0.01,0.01,0.01,0.7007092,0.016933143,0.61051893,0.7848708,0.01,0.01,0.81246275,0.99,0.01,0.41685757,0.01,0.01,0.3767576,0.50878274,0.122188926,0.01,0.30255777
SIM-0091-TP,0.15894327,0.01,0.10425243,0.39222854,0.503483,0.030437708,0.42479792,0.6277603,0.4759142,0.7638297,0.01,0.1542228,0.01,0.8949685,0.01,0.99,0.99,0.17889515,0.01,0.5044745,0.99,0.01,0.8194928,0.01,0.01,0.21337768,0.84434295,0.16141477,0.7258618,0.9286876,0.7458286,0.01,0.109817624,0.8532362,0.74030256,0.14138946,0.10207507,0.5809274,0.01,0.3464671,0.35700253,0.01,0.5062932,0.01,0.32699034,0.12940395,0.01,0.01,0.99,0.34255,0.01,0.01,0.99,0.48490903,0.83100736,0.01,0.92715275,0.01,0.3811473,0.01,0.99,0.01,0.99,0.99,0.49415764,0.89500415,0.4327809,0.99,0.01,0.30602166,0.24520686,0.99,0.99,0.99,0.99,0.5347544,0.99,0.99,0.47528753,0.99,0.99,0.8481324,0.01,0.7740734,0.99,0.99,0.70139873,0.4474593,0.01,0.99,0.48481637,0.53997946,0.99,0.60396624,0.76414394,0.99,0.7847611,0.5147843,0.99,0.99,0.01,0.07169944,0.27404892,0.38492003,0.6386444,0.99,0.83509547,0.99,0.01,0.99,0.57909614,0.44460568,0.99,0.76350486,0.25195324,0.594049,0.2569952,0.2618521,0.3549896,0.5630197,0.74676865,0.24271679,0.23534349,0.01,0.2338768,0.13432056,0.5850455,0.37349224,0.01,0.6469966,0.31980485,0.01,0.9886803,0.98475146,0.16151445,0.7342651,0.38998166,0.01,0.99,0.99,0.8232728,0.58767354,0.99,0.01,0.47806644,0.75843215,0.1967878,0.99,0.96099854,0.94165444,0.14287287,0.7184082,0.99,0.43920377,0.99,0.8470745,0.01,0.091359556,0.692083,0.01,0.7189753,0.01,0.57821214,0.01,0.99,0.01,0.99,0.69888335,0.37107435,0.99,0.12188855,0.22071667,0.6617039,0.99,0.91788304,0.67052114,0.7719904,0.7385254,0.99,0.6062207,0.9378134,0.67536366,0.11220519,0.99,0.15259367,0.01,0.60444474,0.5299552,0.73244286,0.6283667,0.9561934,0.7203859,0.99,0.56040883,0.70686436,0.6156919,0.01,0.01,0.12268393,0.64253837
SIM-0092-TP,0.19515923,0.8287149,0.99,0.01,0.99,0.01,0.99,0.555807,0.01,0.01,0.01,0.99,0.01,0.3008296,0.01,0.01,0.34098315,0.108097315,0.039790913,0.01,0.99,0.14968899,0.4052438,0.99,0.99,0.8615973,0.55983305,0.01,0.99,0.99,0.55446154,0.4336956,0.99,0.01,0.93419,0.56092036,0.7575854,0.99,0.7759804,0.3186571,0.8697717,0.13122034,0.01,0.66672623,0.01,0.53383327,0.7952266,0.23273276,0.38473618,0.84201837,0.99,0.01,0.9197626,0.05523452,0.5564762,0.13279057,0.72725546,0.93344975,0.4992049,0.01,0.99,0.68783885,0.01,0.23930347,0.99,0.7751453,0.99,0.812254,0.51369697,0.80872804,0.01,0.80505097,0.01,0.01,0.99,0.472117,0.54712874,0.53902984,0.53990287,0.7544313,0.01,0.36493042,0.2776298,0.32365355,0.44176006,0.01,0.054911852,0.99,0.01,0.99,0.01,0.30910897,0.44758224,0.74041486,0.41923338,0.8655611,0.99,0.25269553,0.60096735,0.01,0.01,0.89805496,0.01,0.6638532,0.5445022,0.01,0.01,0.01,0.01,0.986161,0.8549626,0.23063609,0.42899084,0.559596,0.44970715,0.4276561,0.7310292,0.01,0.79904675,0.2589773,0.33666,0.9122579,0.01,0.01,0.55367047,0.01,0.3236233,0.85005915,0.4724222,0.610142,0.2372708,0.01,0.19197996,0.5936678,0.01,0.99,0.18379796,0.94044113,0.6585403,0.045126736,0.99,0.99,0.01,0.40834934,0.70449317,0.01,0.01,0.27253327,0.15251178,0.31508422,0.01,0.4550232,0.2937583,0.9085437,0.860041,0.89246994,0.01,0.01,0.84170264,0.3709436,0.01,0.116739094,0.042625964,0.20218292,0.99,0.26836777,0.7816764,0.15573418,0.01,0.11628623,0.99,0.0961681,0.31377983,0.494619,0.025535107,0.9361312,0.22159414,0.87314755,0.7416411,0.01,0.7254158,0.01,0.3760172,0.48865208,0.99,0.01,0.10559946,0.68472505,0.8493185,0.01,0.99,0.10896891,0.01,0.2301354,0.01,0.0917114,0.01,0.840701,0.01,0.049003765
SIM-0093-TP,0.87242365,0.40787014,0.01,0.7834141,0.99,0.42617837,0.032643333,0.01,0.01,0.11614302,0.5868442,0.052840754,0.01,0.9078392,0.2578326,0.99,0.6425626,0.99,0.28246504,0.46301892,0.01,0.01,0.01,0.02575922,0.01,0.01,0.01,0.01,0.01,0.01,0.110242605,0.01,0.653533,0.01,0.2546146,0.01,0.01,0.07902777,0.01,0.01,0.01,0.01,0.01,0.33078408,0.01,0.01,0.01,0.01,0.01,0.01,0.01,0.01,0.01,0.01,0.01,0.01,0.01,0.01,0.01,0.01,0.99,0.99,0.99,0.99,0.99,0.99,0.99,0.99,0.99,0.99,0.99,0.99,0.99,0.99,0.99,0.99,0.99,0.99,0.99,0.99,0.99,0.99,0.99,0.99,0.99,0.99,0.99,0.99,0.99,0.99,0.99,0.99,0.99,0.99,0.99,0.99,0.99,0.21956539,0.99,0.99,0.9269405,0.5815314,0.33978158,0.99,0.58913434,0.73032445,0.30969715,0.37747324,0.01,0.8619919,0.01,0.99,0.99,0.40327862,0.99,0.15169974,0.20553076,0.23233551,0.5221812,0.01,0.51036686,0.062820464,0.01,0.43236437,0.24182239,0.44404584,0.4022941,0.01,0.99,0.9769671,0.03860545,0.11928431,0.7526145,0.58366275,0.99,0.4386348,0.99,0.01,0.02795893,0.99,0.13699332,0.146222,0.5154533,0.99,0.21904764,0.36767313,0.01,0.4549448,0.99,0.44467458,0.01,0.1281634,0.4350558,0.7339175,0.9597946,0.7817838,0.20690143,0.01,0.3854119,0.36061823,0.99,0.01,0.01,0.01,0.99,0.09067477,0.99,0.5312544,0.7069272,0.07907264,0.01,0.65718716,0.37382287,0.71159387,0.99,0.01,0.5641308,0.35222676,0.58627254,0.97992027,0.9338082,0.020391315,0.2167043,0.01,0.01,0.3162891,0.38696092,0.2280901,0.7848504,0.99,0.53155863,0.65078187,0.8209994,0.01,0.01,0.99,0.01,0.17095143,0.99,0.01
SIM-0094-TP,0.99,0.01,0.33349824,0.99,0.20324892,0.32703954,0.83659166,0.28647465,0.99,0.56051713,0.01,0.22610849,0.99,0.40330476,0.10043591,0.7119168,0.01,0.42846262,0.0971356,0.01,0.01,0.26063955,0.5623171,0.50937426,0.01,0.99,0.94781244,0.361493,0.99,0.8451111,0.99,0.7331723,0.19437248,0.34483856,0.5555031,0.34956288,0.62868226,0.04601562,0.49210733,0.99,0.59750986,0.21457136,0.01,0.4990509,0.09547071,0.7461317,0.5818645,0.1766958,0.6500623,0.01,0.99,0.01,0.99,0.3459816,0.6366761,0.1810393,0.56779224,0.9589555,0.01,0.3362599,0.47874498,0.01,0.092709035,0.13173972,0.972491,0.24066563,0.99,0.99,0.2833141,0.44563898,0.99,0.01,0.99,0.99,0.99,0.99,0.99,0.6737193,0.5874654,0.92380023,0.45832705,0.99,0.6558434,0.22320798,0.01,0.8221098,0.011184692,0.99,0.01,0.99,0.042360693,0.01,0.6597286,0.8925753,0.55707604,0.83346367,0.7834867,0.53192466,0.6829538,0.8811621,0.01,0.30242822,0.01,0.99,0.5046011,0.99,0.74028796,0.99,0.01,0.79992115,0.01,0.01,0.14730614,0.99,0.83738786,0.10886563,0.8934328,0.48094374,0.78600156,0.3567961,0.47862673,0.09761679,0.8673074,0.01,0.5458002,0.99,0.35241663,0.21159971,0.99,0.99,0.42444918,0.01,0.01,0.833637,0.9134086,0.7558517,0.01,0.7417613,0.37493342,0.7027747,0.99,0.99,0.8273529,0.4224623,0.8080473,0.027016759,0.7876593,0.59268034,0.3979945,0.99,0.01,0.24390796,0.99,0.9638529,0.99,0.15926987,0.16721919,0.3032846,0.99,0.6047533,0.78845394,0.4000137,0.01,0.01,0.54352105,0.4614616,0.5107957,0.99,0.01,0.01,0.99,0.57917416,0.23869114,0.45146778,0.99,0.99,0.66836786,0.56121784,0.11702955,0.40285537,0.99,0.01,0.29097283,0.99,0.07888459,0.16898447,0.09384221,0.99,0.17447656,0.01,0.41547802,0.31749982,0.01,0.01,0.4436815,0.668072,0.01,0.3148279,0.99,0.8856072
SIM-0095-TP,0.20934588,0.72264063,0.3194207,0.01,0.01,0.01,0.01,0.76787406,0.01,0.34638292,0.148255,0.70079005,0.01,0.8799849,0.01,0.42328563,0.99,0.9899111,0.01,0.2743095,0.01,0.01,0.01,0.15020442,0.01,0.01,0.01,0.01,0.01,0.01,0.01,0.01,0.01,0.01,0.01,0.01,0.01,0.01,0.01,0.01,0.01,0.01,0.01,0.01,0.01,0.01,0.01,0.01,0.01,0.01,0.01,0.01,0.01,0.01,0.01,0.01,0.01,0.01,0.01,0.01,0.99,0.8384924,0.99,0.99,0.97397614,0.99,0.99,0.99,0.99,0.99,0.99,0.99,0.99,0.99,0.99,0.99,0.99,0.99,0.99,0.99,0.99,0.8249599,0.99,0.99,0.99,0.99,0.99,0.99,0.99,0.99,0.99,0.99,0.99,0.99,0.99,0.99,0.99,0.99,0.99,0.99,0.01,0.62822175,0.59111464,0.33964324,0.791674,0.99,0.01,0.25038016,0.01,0.99,0.29304528,0.3633613,0.77352977,0.34091958,0.65165937,0.35613242,0.20164332,0.18873477,0.40107495,0.24104413,0.5080979,0.61407435,0.01,0.99,0.6183485,0.4418728,0.01,0.99,0.99,0.99,0.41434056,0.3009005,0.99,0.3589307,0.5511256,0.67157596,0.99,0.99,0.549373,0.99,0.35104996,0.45705688,0.3966472,0.5188402,0.20828494,0.12971649,0.01,0.27812326,0.9263958,0.99,0.9599223,0.73114,0.01,0.01,0.6711845,0.97672987,0.01,0.01,0.99,0.01,0.01,0.4809717,0.21335824,0.10105157,0.69433796,0.01,0.5059483,0.7671737,0.01,0.7004231,0.01,0.01,0.89201224,0.99,0.94003314,0.01,0.045928806,0.54205364,0.5925663,0.98098266,0.99,0.4160089,0.01,0.99,0.01,0.01,0.1442768,0.01,0.35286075,0.6821139,0.095921755,0.01,0.01,0.35055667,0.01,0.99,0.5318655,0.99,0.01,0.99
SIM-0096-TP,0.20722452,0.01,0.99,0.01,0.34906164,0.01,0.01,0.01,0.26214132,0.01,0.01,0.8453199,0.45987236,0.728989,0.99,0.88409436,0.01,0.66270983,0.01,0.08132236,0.01,0.01,0.01,0.99,0.01,0.01,0.68069834,0.01,0.7791238,0.99,0.43358785,0.1854651,0.8110248,0.99,0.28362226,0.5590238,0.2782064,0.91069436,0.01,0.8418616,0.59794134,0.15811929,0.94292605,0.34977245,0.32376164,0.6184888,0.30434567,0.6999366,0.99,0.43507093,0.8188366,0.99,0.38207635,0.01,0.65976095,0.40887475,0.01,0.23229313,0.33136103,0.01,0.3067431,0.19185023,0.048206314,0.01,0.03209442,0.15180501,0.07647848,0.99,0.99,0.01,0.01,0.99,0.99,0.99,0.99,0.01,0.99,0.73098236,0.99,0.99,0.99,0.63230586,0.01,0.01,0.99,0.26028648,0.99,0.39871725,0.033752456,0.59249175,0.01,0.01,0.99,0.02414447,0.99,0.09653726,0.0783751,0.34398955,0.01,0.5008787,0.1358316,0.01,0.01,0.99,0.55847365,0.92699844,0.21571365,0.01,0.095574126,0.01,0.01,0.01,0.01,0.94399524,0.78722245,0.01,0.8421904,0.01,0.01,0.7540368,0.99,0.6645737,0.57954955,0.1513933,0.309358,0.7213379,0.99,0.640298,0.7530818,0.11253074,0.66209537,0.01,0.5047959,0.78721654,0.014857769,0.04942745,0.73391545,0.5942157,0.6864239,0.95051837,0.99,0.99,0.80528575,0.19494599,0.42738986,0.6157775,0.32856703,0.91454446,0.40131372,0.99,0.5997454,0.58022267,0.49859363,0.99,0.14326072,0.14380491,0.61948127,0.27747554,0.48521063,0.01,0.1790437,0.41837385,0.99,0.6536956,0.99,0.01,0.99,0.01,0.48887786,0.2818705,0.99,0.9745306,0.26271555,0.4581732,0.50152564,0.5703614,0.99,0.8575858,0.92332935,0.8158767,0.115632296,0.01,0.5273626,0.13060969,0.01,0.01,0.99,0.7042659,0.6577009,0.25499272,0.99,0.07848066,0.6816955,0.17511751,0.41618145,0.44075784,0.4068618,0.33962154,0.23365718,0.3842736
SIM-0097-TP,0.07643944,0.21891172,0.3255676,0.7169262,0.41954684,0.01,0.4005142,0.90308064,0.01,0.01,0.01,0.3027131,0.01,0.762488,0.30904645,0.01,0.027933002,0.5067597,0.01,0.6935074,0.01,0.01,0.01,0.20207918,0.01,0.01,0.01,0.01,0.4006127,0.01,0.01,0.01,0.5636226,0.01,0.6765002,0.01,0.01,0.01,0.01,0.01,0.01,0.01,0.01,0.5069808,0.01,0.01,0.22592664,0.01,0.01,0.01,0.01,0.01,0.25588453,0.01,0.01,0.01,0.01,0.01,0.01,0.20794833,0.99,0.99,0.66530216,0.55817276,0.99,0.99,0.99,0.99,0.53155524,0.32776678,0.99,0.99,0.48141515,0.4923841,0.99,0.96218777,0.99,0.99,0.84867936,0.99,0.99,0.6599827,0.99,0.47933328,0.9442092,0.6575607,0.42795533,0.99,0.99,0.99,0.99,0.97271645,0.46036333,0.99,0.90247995,0.99,0.30281538,0.84886503,0.99,0.99,0.11313133,0.14771098,0.01,0.7348723,0.78023547,0.35232073,0.28317755,0.01,0.539453,0.6968887,0.01,0.9735884,0.60929877,0.22098762,0.99,0.020779088,0.01,0.87522995,0.032073647,0.99,0.01,0.01,0.99,0.3869386,0.6895332,0.77138954,0.01,0.01,0.99,0.01,0.99,0.36490822,0.49515596,0.21806642,0.99,0.18446904,0.19308844,0.97102386,0.25484467,0.08918923,0.29730785,0.99,0.99,0.99,0.01,0.8834076,0.01,0.19594258,0.51311,0.50899297,0.01,0.01,0.99,0.77499056,0.7360007,0.01,0.78466934,0.10031845,0.46046057,0.01,0.56808436,0.17460588,0.34348604,0.40995163,0.9865366,0.19505991,0.583968,0.99,0.8480158,0.9708812,0.01,0.7266667,0.01,0.99,0.5760422,0.99,0.99,0.73978764,0.6406532,0.36107388,0.37741905,0.67078775,0.21335655,0.01,0.6730834,0.648546,0.7906031,0.4971962,0.01,0.37857905,0.99,0.01,0.67080426,0.45033926,0.8076759,0.99,0.0854944,0.01,0.01,0.9353591
SIM-0098-TP,0.2893503,0.64661926,0.01,0.72297966,0.01,0.63190854,0.01,0.01,0.99,0.01,0.01,0.01,0.4953203,0.8760403,0.38319117,0.5351219,0.99,0.6722897,0.01,0.01,0.99,0.26728153,0.26166695,0.43307394,0.13158607,0.99,0.99,0.9409989,0.99,0.99,0.44830894,0.01,0.17940646,0.99,0.8444935,0.43331766,0.8858055,0.74040455,0.37001073,0.9193075,0.26509982,0.701046,0.0945878,0.8800509,0.01,0.38352305,0.12393585,0.35364926,0.99,0.7630617,0.99,0.99,0.6891334,0.28407392,0.9583985,0.5372974,0.28225774,0.9508748,0.016054273,0.4422775,0.99,0.27306554,0.01,0.01,0.99,0.01,0.99,0.99,0.69651926,0.01,0.36057907,0.6891861,0.01,0.66335166,0.99,0.49048585,0.48937064,0.99,0.99,0.99,0.99,0.01,0.46053302,0.5227617,0.99,0.95396245,0.99,0.01,0.5033453,0.9271954,0.7057917,0.99,0.22378314,0.99,0.99,0.050017692,0.13865003,0.23203748,0.950155,0.8382563,0.01,0.47804618,0.044056714,0.99,0.99,0.32096538,0.6390717,0.99,0.354044,0.18055731,0.77347314,0.2595276,0.7600553,0.12236467,0.99,0.01,0.9568959,0.31578678,0.23871844,0.40149188,0.01,0.99,0.43657315,0.15919238,0.38911974,0.61648977,0.92736256,0.01,0.089710936,0.54588974,0.99,0.6284199,0.99,0.4948238,0.99,0.99,0.9009985,0.99,0.32107213,0.99,0.23039772,0.99,0.8776647,0.01,0.5752611,0.49021336,0.45349908,0.6697473,0.99,0.4232763,0.01,0.22297445,0.99,0.7723991,0.99,0.9512191,0.32070503,0.01,0.30101627,0.01,0.2109035,0.76147586,0.35685086,0.3625882,0.1664663,0.99,0.34900928,0.8455447,0.899318,0.24405605,0.17720276,0.6000683,0.01,0.99,0.99,0.5909791,0.01,0.07414287,0.63827854,0.99,0.72919875,0.2821119,0.46029952,0.99,0.010305852,0.99,0.5697539,0.53949994,0.50497013,0.728984,0.99,0.01,0.5325265,0.11468458,0.01,0.056375444,0.26462126,0.21715802,0.01,0.01
SIM-0099-TP,0.31099603,0.01,0.01,0.07667276,0.092163086,0.106555074,0.13369131,0.01,0.01,0.01,0.40528294,0.8667723,0.9402914,0.25552464,0.99,0.3434232,0.15912329,0.21109536,0.01,0.013547808,0.36397648,0.056168318,0.01,0.99,0.22440414,0.15211402,0.4060853,0.31676644,0.01,0.0536647,0.99,0.01,0.85616577,0.6764426,0.99,0.20914541,0.99,0.56045425,0.7024369,0.9215648,0.99,0.01,0.4933735,0.40670353,0.24713625,0.40530437,0.01,0.10094239,0.99,0.01,0.01,0.99,0.99,0.01,0.6874818,0.01,0.99,0.1968468,0.2617491,0.67370844,0.48498923,0.043248013,0.5281394,0.99,0.29371095,0.07229753,0.99,0.99,0.40373582,0.21501106,0.37518033,0.01,0.96092427,0.99,0.28848076,0.01,0.7113594,0.844301,0.99,0.36157066,0.37355626,0.68668467,0.10702519,0.7628041,0.5741217,0.99,0.01,0.99,0.5020964,0.7290343,0.01,0.59405243,0.99,0.7876148,0.5025175,0.70957243,0.99,0.77271783,0.99,0.7150775,0.2247518,0.01,0.16963379,0.99,0.48666596,0.41451484,0.25012743,0.54204744,0.01,0.40254223,0.99,0.0443635,0.25905076,0.7650555,0.6315934,0.26306817,0.9381201,0.01,0.8564582,0.01,0.06423746,0.99,0.01,0.73767394,0.99,0.26593792,0.0955843,0.24269253,0.01,0.60388047,0.79993576,0.01,0.8989972,0.99,0.496004,0.82070816,0.25564027,0.01,0.91121113,0.99,0.47419348,0.99,0.26518396,0.7043923,0.99,0.72135985,0.99,0.99,0.19843012,0.99,0.18692905,0.01,0.5970692,0.99,0.4980058,0.01,0.01,0.396837,0.3941819,0.01,0.01,0.45076317,0.62813836,0.12825689,0.99,0.5692111,0.36988348,0.7246288,0.09756833,0.4923303,0.27455536,0.01,0.4182288,0.99,0.99,0.99,0.80827993,0.67120636,0.36558104,0.01,0.01,0.7033569,0.10194358,0.01,0.8481636,0.27985898,0.99,0.76053554,0.14813867,0.99,0.99,0.07332632,0.99,0.8867928,0.44642144,0.1492781,0.01,0.99,0.01,0.19925162
