,G0000,G0001,G0002,G0003,G0004,G0005,G0006,G0007,G0008,G0009,G0010,G0011,G0012,G0013,G0014,G0015,G0016,G0017,G0018,G0019,G0020,G0021,G0022,G0023,G0024,G0025,G0026,G0027,G0028,G0029,G0030,G0031,G0032,G0033,G0034,G0035,G0036,G0037,G0038,G0039,G0040,G0041,G0042,G0043,G0044,G0045,G0046,G0047,G0048,G0049,G0050,G0051,G0052,G0053,G0054,G0055,G0056,G0057,G0058,G0059,G0060,G0061,G0062,G0063,G0064,G0065,G0066,G0067,G0068,G0069,G0070,G0071,G0072,G0073,G0074,G0075,G0076,G0077,G0078,G0079,G0080,G0081,G0082,G0083,G0084,G0085,G0086,G0087,G0088,G0089,G0090,G0091,G0092,G0093,G0094,G0095,G0096,G0097,G0098,G0099,G0100,G0101,G0102,G0103,G0104,G0105,G0106,G0107,G0108,G0109,G0110,G0111,G0112,G0113,G0114,G0115,G0116,G0117,G0118,G0119,G0120,G0121,G0122,G0123,G0124,G0125,G0126,G0127,G0128,G0129,G0130,G0131,G0132,G0133,G0134,G0135,G0136,G0137,G0138,G0139,G0140,G0141,G0142,G0143,G0144,G0145,G0146,G0147,G0148,G0149,G0150,G0151,G0152,G0153,G0154,G0155,G0156,G0157,G0158,G0159,G0160,G0161,G0162,G0163,G0164,G0165,G0166,G0167,G0168,G0169,G0170,G0171,G0172,G0173,G0174,G0175,G0176,G0177,G0178,G0179,G0180,G0181,G0182,G0183,G0184,G0185,G0186,G0187,G0188,G0189,G0190,G0191,G0192,G0193,G0194,G0195,G0196,G0197,G0198,G0199
SIM-0000-NT,6.68958,4.640577,2.2275822,2.1866891,3.998326,3.7609653,2.3875124,2.9946203,3.015975,4.652866,4.280882,3.751752,2.8376575,2.2457247,3.6153862,3.4419494,6.121355,4.4616075,5.1752586,3.778971,2.9632654,4.0524197,3.2312267,5.9749284,2.8018496,4.3223577,2.4748368,4.487174,4.349611,4.0105095,3.9848087,2.9624445,4.8961644,3.914723,2.69457,2.3956044,4.4468017,5.673078,3.435928,3.8473716,4.416844,4.8561544,4.314304,2.8616614,5.774382,5.052731,5.4094973,4.3649616,1.5705701,2.0536668,5.5040383,5.187599,4.177679,4.615461,4.873137,2.4742227,3.2229972,5.448885,2.9942076,4.119396,4.7472067,3.511695,4.7669473,3.8787816,4.383645,2.3561285,4.0721116,2.2692888,3.0388923,2.8330781,4.3031,4.602109,2.3552997,4.3011975,3.8972938,3.8963766,4.1599593,4.8071327,4.820244,3.9631324,2.5921903,3.9993021,3.8391976,3.535256,3.272522,4.2113123,3.9212396,7.2430634,5.656518,3.1628106,3.8470733,2.2267249,3.644861,4.048879,5.0000343,3.9522376,2.8255606,0.6463208,4.6428027,4.2122498,3.267926,2.15472,3.7504954,2.0991602,2.4379928,5.572553,3.002358,3.1654682,5.0897107,7.2546654,3.854776,3.7177312,4.172893,5.6576962,3.3207712,2.8893862,4.859533,4.2395344,4.547756,3.7790906,3.459048,3.209956,4.027242,4.39187,3.0101492,4.5602365,5.618975,3.9935336,3.5057752,4.044374,3.548873,3.1072714,4.2757006,3.0498872,5.2853394,5.8143883,4.1244874,1.9545707,3.2800105,5.3273277,3.9058118,3.8217285,2.673318,5.1021137,5.6457214,3.0996635,3.7223268,4.180253,4.460855,4.0203714,4.522374,3.4873612,3.9348588,5.2319403,1.8287424,4.5123367,3.947092,4.0836067,3.785124,2.1203976,4.8040223,4.6014614,2.052786,4.47262,2.5112967,3.4568565,2.4895234,3.5649915,5.8565273,4.460125,5.2169046,5.148935,4.9636736,5.255955,3.9837055,5.1072626,3.592661,4.3902884,3.2957528,5.340416,2.3041573,4.776308,3.704004,4.5633016,3.9691298,6.163521,4.555299,1.9168196,3.8849573,3.3920023,2.3413513,4.7629094,4.1760902,4.031659,3.127576,4.4164405,2.2133594,2.7690918,4.5359163,5.184449
SIM-0001-NT,7.1882315,4.3205743,3.1495337,1.9470134,4.656595,3.590563,2.7747066,2.2642689,4.3600817,5.659843,3.646737,2.9114475,3.0138636,2.7907362,4.4124894,4.204366,5.582072,3.683709,4.9884653,3.3510718,2.3075223,4.0592613,4.167358,6.696494,2.7181883,5.265999,3.416886,5.152846,5.0097837,4.1610475,4.3292446,3.6636653,4.616468,2.6532109,2.8162048,2.4439664,3.5326674,6.419999,5.0244894,4.560972,4.413433,5.981314,4.225409,3.6904714,4.559553,4.627252,5.565949,3.531908,2.7499325,2.591976,6.5497084,6.1707726,3.8262036,3.7412064,5.4835505,2.7914975,2.5640595,4.567801,3.2323456,3.3697202,4.092168,4.533207,4.5141277,4.0292425,5.14179,2.4794397,4.4642,3.1762264,2.3586645,2.5799983,3.838179,5.1055427,3.317273,4.5806212,3.449716,3.0502238,4.8432045,4.646731,5.2363563,3.5565472,3.4304998,3.5241623,3.928464,4.3322997,2.7146156,4.212542,4.36483,5.9477596,5.636224,3.8656452,3.131577,1.4782307,2.4783704,4.33016,5.221312,3.2121108,3.9529486,0.51629376,4.035301,3.7183046,2.90667,2.933236,3.5292914,1.7950987,2.3698237,6.84299,3.6312706,2.7352448,6.7894435,6.9228554,3.7052789,3.5851018,4.4070845,5.911435,4.6025696,4.180365,4.423705,4.9192653,3.4429276,3.621302,3.0794048,3.777369,3.8729005,4.239163,3.6129644,4.6840215,4.0442324,4.4887156,3.8607469,3.332006,3.9708788,3.3204324,3.9697413,4.318229,5.4220805,5.369883,4.0934095,3.213649,3.0270207,4.6871967,4.6248903,4.511645,1.3094409,3.9481425,4.448261,2.7790856,3.4767652,4.249726,4.165247,4.1816535,3.3409593,3.162037,3.6059008,5.61595,2.0558152,3.54748,2.9256623,3.4439974,3.211567,1.9644139,4.123801,5.7466407,2.3102655,5.388498,3.333466,3.5075166,3.1865394,2.8977227,5.49489,4.633932,5.6585903,5.97155,4.127983,6.7740836,4.3262773,4.18948,3.7383888,3.5284233,2.9266982,5.188101,3.0994873,4.4712667,4.3030515,5.750001,5.46902,6.085353,5.4124894,1.4875605,3.7740936,2.3944902,3.5413332,5.225504,4.554455,4.242157,2.9014227,4.2396784,2.6673052,3.3667164,4.3150177,5.379474
SIM-0002-NT,7.496516,5.2381067,3.1652718,2.162727,3.6922793,3.1431205,4.054787,3.8208876,3.965014,5.509177,4.402432,4.4415183,3.1090257,2.147468,3.6816127,2.4809203,5.959373,2.306068,4.121008,3.7265885,3.053821,2.4536688,2.9187229,6.8137403,2.9365983,5.9599495,3.096113,5.135591,5.1933885,3.9088757,3.4580655,3.2903485,4.4282665,2.8626456,2.6464782,2.3509662,4.6347666,5.596397,4.018594,3.8282707,4.397387,5.614409,3.7195263,3.0682788,5.6586285,4.2225876,4.827335,4.4051404,3.007216,1.8664831,5.765669,6.0914574,4.007674,3.9328034,4.75931,3.0584745,2.953963,4.401932,4.040673,4.734515,4.733742,4.9949784,5.3526144,4.266945,5.0273504,2.010417,4.0166636,3.5686464,2.7515457,2.757204,3.45864,5.2328577,2.675104,4.2007365,3.8508701,3.4849062,5.3808823,4.7275367,4.7199917,4.5666466,3.053685,2.9485936,3.719975,3.6660507,2.9416986,3.9535646,4.059812,6.8273253,6.046782,3.3047805,3.917531,2.8446252,2.3553162,4.133386,4.1157484,3.2889462,3.343537,2.375477,4.4311514,3.038973,3.22038,3.3657198,3.6417785,2.2415752,3.026023,5.8503613,3.1154168,3.2419152,5.3595176,7.392014,3.1777165,3.682714,3.960394,5.2990947,2.7443116,4.0260196,4.299525,4.6535225,3.0029662,3.7641428,2.679928,4.984391,3.0449548,4.9681773,3.519594,4.6771245,5.07189,4.377793,4.274914,4.7801805,3.771849,3.8445592,3.9943109,3.8725874,5.557187,5.8008666,5.1084094,3.1982646,2.7891457,4.6338344,4.1481028,3.6837463,1.798975,5.040831,5.1139274,4.2941747,3.2351828,4.981367,4.174343,3.632205,4.112809,3.7789807,4.2077603,5.2673254,0.73428667,2.991337,4.5031347,4.157644,3.330041,2.2475312,4.7254615,5.817532,2.138111,5.4769745,4.461067,4.185954,3.4339333,4.286524,5.865094,4.889705,6.031485,5.4372425,3.890418,6.0942965,3.761086,4.4306884,4.3552113,4.486656,4.046275,4.853747,2.2455719,4.662132,3.8603647,5.2107415,5.317709,5.640011,4.906792,1.9336461,4.1582055,2.8295472,3.1068134,5.393314,4.545446,3.165992,3.8719532,3.9835591,2.6614919,2.2801342,3.8649056,5.0237756
SIM-0003-NT,6.5709357,5.105263,2.9279928,2.512176,4.298564,3.2056727,3.5402443,3.3898013,4.7186065,3.9061751,3.1562757,3.5697796,2.97161,2.6703694,3.7502358,3.7540946,6.277452,4.645372,5.0747685,3.982033,2.951379,2.7541418,3.6236823,6.1837764,3.1792834,5.574966,1.8716367,4.2227306,3.791416,3.6617317,3.8319335,2.5915494,3.953493,3.1145957,4.003106,3.6229334,3.9667132,5.3972993,3.5853896,2.9272966,4.227386,4.8070755,4.176957,2.7889698,4.7253017,4.50307,5.718861,4.39197,2.1152866,3.0591836,5.250822,6.040095,3.8151615,2.928619,5.3033457,3.0756361,3.4117558,4.5728326,4.3712845,4.4986334,3.70823,4.7126355,6.374378,5.070827,4.029939,1.4865613,4.693741,2.6276293,2.1199164,2.8787506,3.87599,4.864704,2.3483255,3.6935253,3.159662,3.232572,6.1435747,4.686871,5.7807775,3.6009555,3.2110791,3.4193642,2.9166427,3.4875686,2.0103025,2.965598,3.6305485,7.179952,5.854626,3.7920384,3.918108,2.9278374,2.9588444,4.5775805,5.5702105,2.9825926,3.6256237,2.135805,3.562558,2.3762014,2.8784964,3.1663918,4.0692425,1.8460088,2.5462475,6.4145155,3.0216727,3.6791544,6.475404,6.4044213,3.6702263,3.366263,4.8639917,5.762691,2.807068,2.8508737,4.6915555,3.6550746,4.1074934,4.624573,2.2266488,3.9128118,3.3709168,3.9179277,3.8319201,4.4522696,5.8825397,3.914313,4.8514247,4.101862,4.3979735,3.054863,4.291715,3.8449638,5.67514,5.9043956,4.710971,3.53372,3.6560712,5.9158154,4.075277,4.66667,1.9436136,4.939116,4.154546,3.6996045,3.7103243,4.1547027,4.6492763,2.622521,2.8894606,4.1459417,4.182797,5.596715,0.77014345,3.7515328,5.178267,4.7080936,3.7129385,2.0237513,4.1307087,4.662751,2.5949588,5.2865696,2.883665,3.6079671,2.3683693,3.1828682,5.3267856,3.5404544,6.039447,5.5543394,4.3135357,4.50358,3.9407837,5.444439,2.3144317,3.8927844,2.7125757,5.391869,2.4841392,4.9843273,4.092079,6.0893598,4.649398,6.0086684,3.9882472,3.0231664,3.5527923,2.5476158,3.4705963,4.7297864,4.751919,3.7848027,3.1327496,3.2383332,2.7215352,3.6998742,3.373015,4.617929
SIM-0004-NT,7.352134,4.5494576,3.2164476,2.7977011,4.501988,3.516003,4.9400153,3.2810009,3.4602678,5.2798786,4.376544,3.5780075,2.4481478,3.4802394,3.6771138,3.5800748,6.2258954,4.0757017,4.856299,3.7818408,2.169115,3.211197,4.2312512,6.361559,2.9905074,4.5849366,2.891903,4.8045917,4.196048,4.301518,3.092633,3.7762122,4.256229,3.7334905,2.2109003,3.3863778,4.7954054,6.0588865,3.4026144,4.2959223,4.4882536,4.503366,4.2072334,3.77134,5.3843265,4.517387,5.6813717,4.92004,3.388548,1.1983132,5.492209,5.6413403,2.9444315,3.6639042,6.085823,2.3496704,3.2734735,4.1854153,3.2694387,4.733575,3.5652783,4.568681,4.471873,5.021744,4.9452653,1.858578,4.2390547,2.45186,3.3724525,2.9598553,3.5638418,4.670075,2.3832817,4.377967,3.643784,3.998201,4.9983606,4.7947154,5.1279736,4.96036,2.520092,4.40661,4.9264507,3.750494,4.0302486,4.588235,4.7137976,6.531485,5.7682314,3.0420523,3.907882,3.2371511,3.49995,3.8598833,5.618067,3.7314916,3.6731834,2.2254605,3.70187,2.4730911,3.0364637,2.3054075,4.024212,2.2005472,2.3129609,4.6514378,2.0889187,3.4636347,5.5046005,7.085363,2.1330905,4.351104,4.2695417,5.873718,4.1760325,4.5129423,4.624055,4.1381564,3.4610715,4.121126,2.5724921,3.5642042,4.467203,4.175065,4.594467,4.5169096,5.905375,4.3340893,4.8332367,3.6908498,3.5732048,3.5082948,4.810771,3.9228415,5.4499717,4.8932257,3.6722784,2.3531318,2.942331,5.753665,4.2560415,3.349936,2.1600337,4.846039,5.50242,2.1610003,3.3331366,5.1166434,4.2774563,3.9894853,3.953804,3.9129944,4.5413675,5.0667486,1.8723707,3.0766482,4.3406963,4.385364,3.319939,2.2319357,4.016725,5.1914997,2.2893312,4.311834,3.8328733,3.363633,3.30309,3.0748043,5.016897,4.270354,6.394885,5.342557,4.33322,5.9932942,3.385397,4.8064213,4.702186,4.132719,3.3365326,5.263648,3.2694988,3.7836173,2.968186,5.2763925,4.3934307,6.476659,4.573188,1.4606943,3.2990398,1.4531549,3.3646574,5.4170365,4.4253025,3.840509,3.5855424,3.947588,1.7160931,3.6375005,4.5896893,5.310008
SIM-0005-NT,7.404602,3.8319955,4.0148396,1.3882399,4.642323,2.3433852,3.1195102,4.1460876,3.728759,5.485942,4.2755265,3.788886,3.6462712,2.2069876,2.623323,3.5445974,6.0435257,4.3280287,4.19921,3.138533,2.5241957,2.8521485,2.586817,5.8142843,2.8143082,5.2242556,3.5016334,4.858668,4.188931,3.9133244,3.55095,2.7717962,3.9759614,3.2276099,2.1926575,2.8030922,4.5374455,4.785542,4.172556,3.7713938,4.4565806,5.2995324,3.4925826,2.957878,5.121001,4.9431467,4.4286623,4.3560977,3.370342,2.5553277,5.926029,5.3721313,3.7607977,2.806356,4.289273,3.3643372,2.6127756,4.4155626,2.9121737,3.2898932,3.7496383,3.972786,5.596467,4.316854,4.8043637,2.0691283,4.7401657,2.622973,2.7537196,3.6881926,4.2981467,4.205021,2.5174296,4.709692,3.76987,3.7699583,4.8939157,4.3462152,5.481508,3.7193072,3.282768,3.8154404,3.9034612,4.442638,4.372734,3.2019966,4.3902345,6.137379,6.1655455,3.1700354,4.093544,3.1243112,3.5055034,4.8816314,4.0337048,4.0661426,3.5333846,2.3916326,3.2273962,2.5222006,3.5435297,3.1146202,4.0472717,2.7845292,1.6503446,6.6161566,2.7167182,2.8013234,5.101356,7.1565914,1.6213794,3.955948,3.5955026,5.755427,2.9535584,4.3394914,4.6880097,4.087697,3.3705425,4.5026183,2.8932526,3.5690112,3.6153893,3.4485817,3.6389098,3.5916307,5.388614,4.2197404,5.5452323,3.5030875,3.9487534,4.1775856,4.9121895,3.5546074,6.205152,5.574354,4.5268245,2.8876026,2.8429284,4.392117,4.330311,4.705154,2.1417043,4.1199126,4.9486866,3.0718317,3.1654677,4.123417,3.3021321,3.1951237,3.6276062,4.362233,3.8328109,5.791599,1.1641834,3.8871236,4.1058145,4.732522,3.3606796,1.4570141,3.6370208,5.4614115,1.8416086,5.068934,3.4385905,5.125979,2.0782442,3.7673604,4.736068,4.3359547,5.8030214,4.0147266,4.5575,6.6953883,4.2122736,4.957892,4.21589,3.9845693,3.012096,3.8517158,3.1421916,4.725766,3.3030071,5.234545,4.4590287,5.556433,5.0339203,1.7587686,4.4567046,2.12915,3.1503694,6.4727015,5.201211,3.3498714,2.5160174,3.768146,2.8200774,3.3476214,4.266574,5.139896
SIM-0006-NT,6.8066745,3.6934204,2.7522063,2.325266,3.5835445,3.092281,3.1747656,3.4435785,3.6648924,5.804677,4.4103403,3.1854634,3.2999601,1.9379911,3.225194,4.103127,5.522056,4.576702,4.5954843,3.191231,2.4868708,2.752064,3.8243697,6.442868,4.0335855,5.972311,2.5817144,4.9667826,3.796851,3.454559,3.6441963,2.8166347,3.9201283,3.4728744,2.1660352,3.1431258,3.713711,6.9838753,3.9342995,3.9173706,3.6381557,6.1590476,4.779133,3.7375307,4.4328876,4.5340896,4.9750404,4.914412,3.1801283,2.6795602,4.43274,5.231958,4.1643615,4.2232547,6.0160294,2.096948,3.2560492,5.1510844,2.776227,3.9909258,3.9734783,4.187192,4.4814005,3.9277358,4.480286,1.8757917,3.669546,2.9352636,2.761334,3.343075,3.5136633,4.711078,2.7197843,3.0701735,3.754348,3.6720452,5.022605,5.0184827,4.3609905,2.8585773,3.4409592,3.7725828,4.327585,3.9455097,3.247789,4.5568094,4.470219,6.38706,4.823,3.5313747,4.323481,2.8588371,2.9694717,4.6525025,5.6361184,4.0503244,2.9077985,1.7394837,4.2109704,2.9662907,2.9118967,3.3304472,4.1950684,2.2862532,2.6427472,5.999894,3.451717,2.4528685,5.5432534,6.9105597,3.2679102,2.8830645,3.686407,4.7098336,3.0294905,3.1955693,4.5850625,4.7654552,3.3030725,3.9818182,2.4754353,4.097883,3.9711766,3.8862033,3.360347,4.99341,5.2094045,3.4569483,4.6795654,3.5108502,4.706341,3.7904913,4.461437,3.9813297,5.988652,5.9126167,4.2004576,3.3547277,3.3235557,4.9102397,3.9546528,3.8829608,1.7231777,4.013241,4.819335,3.7940266,4.24114,3.450675,4.414894,4.418882,3.6681068,3.7987463,3.148616,5.60486,0.9015616,3.8629673,3.3959107,4.567423,4.1403418,1.8516884,3.759534,4.6493387,2.3329318,4.5730314,2.895965,4.165185,2.7221165,3.1276758,5.0227585,5.1183076,6.03378,5.112399,4.7486396,5.163479,4.4551783,4.9016495,3.4685106,4.284275,2.9123592,5.2444944,3.0976257,3.3237705,4.404502,3.647431,4.4428444,6.33332,4.5721316,1.6948667,3.3861783,3.341446,2.520968,6.075724,4.6099825,2.704872,2.694725,3.52417,3.2165525,3.6950736,3.4524288,4.953516
SIM-0007-NT,6.4822693,5.061165,2.3354123,2.6700683,4.2510643,2.6060917,3.2460055,2.987094,3.2219,5.113394,3.5430908,2.751182,2.774508,1.423889,3.1376116,3.491666,5.332322,5.130756,5.0109453,3.6233897,1.9268572,2.7079017,3.382425,5.6162057,3.632645,4.2371407,2.9538898,4.638547,4.4671116,3.523117,3.8237908,3.227147,4.0788784,3.7875636,2.8935885,2.6777554,3.9573586,5.977363,4.0420747,3.728013,4.338171,6.154295,3.549204,3.9740012,4.1597033,4.5373926,6.3232975,4.4275684,2.8608437,2.351616,5.6664515,5.5976343,3.4274926,3.471875,5.560635,2.5093458,2.7021322,3.963205,3.8007574,4.2675395,3.9523873,4.82016,5.4514155,4.28659,4.795858,1.9040579,3.6858706,4.263846,2.5552115,2.7889087,3.8828816,5.04183,1.9712116,4.5919704,3.4687333,3.1168613,5.59715,4.850953,4.7051272,4.7340856,3.633456,3.771043,5.0376062,4.2562222,2.9015706,3.7603397,4.519153,6.7557755,5.8841844,2.7517633,3.7775817,2.5016584,2.7425559,3.579699,5.48843,1.969972,3.4485588,1.6136694,4.4914575,2.6908514,3.8003027,2.9246821,3.9626114,2.6106899,2.3016768,6.627525,2.2157283,3.050511,6.2982335,7.2350855,3.7866557,3.2500315,3.6519809,5.23153,3.3433642,4.0036836,4.828466,3.8732877,4.0072775,3.2538247,3.2045789,5.1905456,3.9168382,4.523724,3.198243,3.566432,4.711356,3.6089816,3.6282544,4.9143353,4.1365156,3.4682858,4.1619835,3.8162777,6.5754437,5.557186,4.6511936,3.1389406,2.716512,4.487686,3.2738748,4.3493624,2.2836623,4.2843733,4.437183,2.9164455,2.4504714,3.8061547,4.2560987,3.9013581,3.3196743,3.8272467,4.6637664,5.8600283,1.3856986,3.5291617,3.86184,4.529904,3.7256374,2.5579803,4.3939323,6.136732,2.513435,5.2561727,4.106886,3.5364122,2.0430295,4.43729,5.428374,3.7254124,5.375402,5.5633492,4.2992487,5.487904,5.139434,4.3043447,3.3043523,4.1722393,3.4978034,5.2377553,3.2773154,4.88164,4.054041,5.041642,4.782218,5.8744135,4.838324,2.8142295,4.2106194,2.8501015,3.0771573,5.545064,4.6235247,3.3976603,4.0895452,3.7708957,2.9945843,3.8630908,4.36101,6.3242345
SIM-0008-NT,6.7248425,4.576454,2.611059,1.6921914,4.3921785,3.610211,3.74419,4.017461,3.8117263,4.899896,5.5090413,4.038484,2.6046054,1.9781853,3.0423522,4.414502,5.5857415,4.1939554,4.950985,3.8664505,2.3916843,2.497097,3.3869226,6.4289494,3.3448796,4.433762,3.4358153,4.5596423,4.1241817,3.3713853,4.6098166,3.661923,4.748569,4.168622,4.180719,1.8674493,3.8033996,5.2710037,3.734582,3.34257,4.1359997,4.6976995,4.3869033,3.6149218,5.346803,4.6826205,5.8372593,3.9965298,3.8361027,2.7490563,4.7196856,5.222478,2.9502294,3.62548,5.400542,2.6587415,4.110736,4.917818,3.968444,3.5293412,3.3369846,4.355977,5.493985,3.1624289,4.5537853,1.956864,3.843707,2.7500746,2.5114195,3.033418,3.7112765,5.2182984,3.2140355,3.8834577,3.2877524,3.8911548,5.3081803,4.3210154,5.732595,4.335287,3.9499006,4.665302,3.809289,4.183522,2.9212508,4.041453,3.9035966,5.774693,5.923184,2.7625787,3.7556133,2.1395361,2.8594637,4.4327545,5.2813144,3.5605571,4.4387856,1.9913558,4.079875,2.398805,2.827107,3.9145539,3.4439974,1.7202996,2.5134053,6.084151,2.2613242,2.750728,6.4516015,6.50207,2.131597,4.103048,4.587704,5.4184384,2.2220592,3.3824105,4.749985,5.0176024,3.105553,3.8239172,2.9626765,2.5711927,4.2505054,3.640945,3.6106706,4.59488,5.555009,4.4308915,3.1631112,3.660766,4.069187,3.180952,4.5552998,4.2973967,6.397394,5.466217,3.4626782,3.0092022,3.0957725,4.6459193,4.578387,4.93434,2.3188474,3.3955483,3.8153763,3.8326638,3.2552063,3.2716455,4.6700907,3.7145066,4.4489822,3.8865018,4.381842,5.6529965,1.7820857,4.901865,4.6620154,3.505824,3.851416,2.8140187,4.9293456,5.5140476,3.0486107,5.327699,4.957733,3.5636747,2.6934013,3.5124843,5.0549335,4.1376452,4.350974,4.9600625,4.623766,5.4973235,5.4066834,4.8346763,4.3489437,4.197256,3.7157798,5.1292048,3.5060887,4.8103204,4.0574093,5.3544135,4.606726,6.0231376,5.847968,2.2927613,4.1427794,3.4568825,4.051847,5.517087,3.4458394,3.5594208,1.8765454,4.7677507,2.8681767,3.8286967,3.8609538,4.3790584
SIM-0009-NT,7.0442395,4.397608,2.7646914,1.9102844,5.6514297,3.6043217,4.109392,3.8098717,4.59894,4.9709444,3.129668,3.747072,3.370214,1.8404169,3.4255092,3.6003327,6.5189447,4.505003,5.30851,3.8115048,2.7964318,3.1336615,2.6821816,5.0352488,3.253654,5.000484,3.701705,5.717241,5.1699505,3.3443503,3.7831051,3.5853794,5.7120247,4.285066,3.3340929,2.5281684,3.730988,5.973545,3.609661,3.7621436,4.2284374,6.1024575,4.0420337,2.3694477,5.3585114,4.079245,5.5570717,4.139882,2.638679,3.027011,4.8844957,5.4651585,4.1625,3.3097703,4.657041,3.227232,3.6668203,4.620829,2.624972,4.3478627,3.0066133,4.491974,4.96375,3.5106652,4.422984,1.8581791,3.6291773,3.4511213,2.5581524,3.611943,3.8064632,4.567124,2.2406373,3.2068834,3.6611972,3.495033,3.8166604,4.270258,4.886881,4.633333,2.4526682,3.0554657,4.7974815,4.8549547,2.5431204,3.774447,4.536346,5.3539243,4.9462476,3.0063899,4.487562,2.318693,3.4597614,4.8824997,6.259296,2.982492,3.3374352,2.7637386,3.0762346,3.4513762,2.961403,3.1743753,3.784428,1.7632658,2.0414038,6.267454,3.210347,2.8383462,5.87197,7.190654,2.342624,4.0015974,4.7512274,7.030511,2.8250906,3.5256813,5.1618204,4.8443184,3.3563004,3.6645958,2.8956697,3.3480341,3.5283456,4.2769666,3.9426422,4.169239,4.0915236,3.1971307,3.72205,3.3965716,3.922779,2.684002,3.965117,3.5156703,5.8729143,6.2346067,4.7168202,3.2450075,2.6570754,4.974527,4.4266224,4.7722282,1.8016052,4.9456787,3.4386108,2.9954262,3.90955,4.123683,4.9607306,3.2672095,4.005232,3.7301102,4.1024137,5.414331,1.486894,4.187129,4.8653803,4.2948685,4.035743,1.8923948,4.710973,5.3463545,3.0114686,5.9691486,3.6104329,2.842404,2.6730652,4.2814813,5.576583,4.7071123,6.2366457,5.4196386,5.0479493,6.2036467,5.1998434,5.007386,4.156059,3.9129825,3.0018456,5.842968,2.9297986,5.1847906,3.8712192,4.8779893,4.75636,6.5386434,5.0083947,1.5722232,3.8254247,3.7191398,3.3748217,4.610989,5.5840583,3.6422658,2.951276,3.8470733,3.324616,3.057868,4.8861375,5.4264097
SIM-0010-NT,7.0362034,4.487167,2.9229777,2.3907738,3.83504,2.3760962,3.8918626,3.7035224,4.0993295,5.2698445,3.9967785,4.2351065,2.9415672,2.0817604,3.3577466,4.9565372,4.900442,4.3801684,4.143184,3.4465876,2.5982425,1.992369,3.4692926,5.938451,2.1290102,5.258273,3.814576,5.6766353,4.5644293,3.8663912,4.623316,4.186404,5.0128565,3.0742478,2.8750668,2.9418204,3.2677794,5.8137712,5.296488,4.2013297,5.022533,5.397459,4.182773,3.7797084,4.6983757,3.9468687,6.1689086,4.8694053,2.2799778,3.1158402,5.607448,5.89357,4.05059,4.113988,5.5028033,3.5980353,3.2599795,4.955419,3.1887636,5.0742073,4.07147,4.694073,4.603389,3.6792338,5.262881,2.0932734,2.9943917,3.6759148,2.5092957,3.827506,3.6219587,5.018256,3.2630847,3.581885,3.019407,3.5740776,5.4163446,3.8726768,4.503381,4.2573547,3.0025682,3.580028,3.3140917,3.8370836,2.9118283,4.555679,3.842613,7.3461623,5.5345664,2.8052108,4.4812956,2.642288,3.1332805,4.2380385,5.88239,4.004018,2.937457,1.8314941,3.8824127,2.4444656,3.442718,3.1258006,4.475842,2.8459842,2.36835,6.0222707,3.0447235,2.6106203,6.1312337,6.8611135,2.343734,3.1533327,5.065085,5.650487,3.83332,3.497904,4.9229403,5.6311045,3.0951505,2.9172697,3.2683992,3.3484218,3.7232594,3.939211,3.5787542,3.9962704,4.9227457,4.380337,3.8476021,3.7031133,3.826393,2.5640342,4.105214,3.9621115,5.893394,5.4376664,4.375896,2.909071,3.2331197,5.909132,4.030559,4.7227426,2.1356053,5.110182,5.2373104,3.143899,2.641768,4.490715,4.6688986,3.5970306,4.394329,3.4029648,3.409793,5.542076,0.5551031,3.6432643,4.8199334,3.3411124,2.988337,1.7272621,4.296335,5.544492,3.1657069,5.3410025,3.9191113,4.011491,3.1437166,3.2345526,5.7286496,4.0266333,6.15,5.770483,4.5445194,5.655828,4.6391478,3.397229,3.854558,4.009869,3.277262,5.34285,2.7843118,4.212247,3.7386477,5.2050247,4.808336,5.901606,5.250459,1.8849424,4.020897,3.4729578,2.6144145,5.601052,4.3448443,3.1157143,2.5338788,3.9480066,3.7040677,2.6966445,3.7272043,4.504345
SIM-0011-NT,7.777571,4.18324,2.9976423,1.6665623,3.7955003,3.0694835,4.8137646,4.0839386,3.4327402,5.3897676,3.7412872,2.9531813,3.4741015,2.9053636,4.0367184,3.7112849,5.684542,4.505157,5.1784873,3.3038855,2.0055203,3.091821,3.8142786,5.529676,3.497993,5.00426,3.472147,5.367561,4.0377183,3.0348823,3.6924777,3.7897758,4.1750703,3.197995,1.8637191,3.598386,4.5854445,5.964039,4.6438546,4.169716,4.163662,5.2241197,4.0056,4.906443,5.384245,4.196856,5.7685046,3.6777997,3.5277843,2.3013062,5.9014707,6.2566547,4.012865,3.6640477,5.4668455,2.8647337,2.8169239,4.418585,4.34519,3.9406097,3.443659,4.079426,5.957667,4.428388,4.9241037,1.8210673,4.2379627,2.834989,2.65138,3.6067498,4.1030154,4.4249477,2.2458441,4.0849824,4.3788967,2.7145443,5.1419244,3.8500938,5.0202327,3.66328,3.0938032,3.5092432,4.2461004,3.9089456,2.1843834,4.480425,4.6046643,6.939061,5.1064773,3.2962158,4.0506063,2.020957,3.4138796,4.257472,6.126929,4.2331643,2.5136755,3.0996745,3.3797212,3.4279222,3.9558096,2.625294,4.1523714,2.1885047,2.8101196,6.244583,3.3107471,2.9409142,5.7529764,7.4530993,3.1186314,3.9976578,4.009262,5.206066,2.7292817,3.4443114,5.1704373,4.922758,3.5462787,4.5816364,3.3093388,3.8835258,3.3226666,5.0198584,3.414164,4.5346212,4.842913,3.710534,3.617437,4.36959,3.608384,4.8082075,3.7734575,3.274022,6.3482375,6.3380113,4.4181414,3.523064,1.9658148,4.8523874,3.7259414,3.5326207,2.313904,3.8060246,3.7933226,2.6209724,3.1128323,4.461921,4.205257,4.154728,4.2727036,4.318429,4.151603,5.623225,1.6890984,3.8339782,3.977915,4.1297727,3.2193062,2.4540868,4.2809877,5.3957634,2.1350162,4.258629,4.1608953,3.9779844,2.5157015,4.0698175,5.01982,3.879405,6.242923,4.9088635,4.2346373,5.7645245,5.010288,4.838007,3.1038704,4.3384843,3.0600812,5.933546,2.8211365,3.6648328,3.9880316,6.143546,5.538829,6.7361236,4.220895,2.8840358,3.5720496,2.9401376,2.845244,5.1890006,4.2994103,3.7503471,3.3866422,4.171192,2.1082292,3.1730402,3.938951,5.59015
SIM-0012-NT,7.5029545,4.9426026,2.632852,0.49818718,3.3842306,3.8978724,3.384015,3.0125408,4.680539,5.69856,4.169273,3.6946635,2.8982956,2.4388986,4.313716,4.157451,6.1309447,4.7149096,4.3979015,3.8781352,2.667772,1.7768357,2.210689,5.619411,3.444225,4.8953886,3.1892562,5.9070444,3.7504063,3.8296454,4.1114554,2.9770756,4.4602356,2.7450418,3.4793475,2.3812551,5.1882877,5.562854,4.6740184,3.8547103,4.2704544,5.013987,4.278944,3.7480721,4.7141595,4.366234,5.2307067,5.333066,2.7306657,3.4044569,5.553117,5.8533096,3.1597989,3.3932765,5.566712,3.6859562,3.2162645,5.335187,3.9257593,4.8085785,3.807036,5.5326858,5.1647835,3.7073538,4.038913,3.1153402,4.3610053,2.9897094,3.4056983,3.4656937,4.6489406,4.1419864,2.5409274,3.7993708,2.5289893,4.2024903,4.86756,4.9079313,6.517284,3.6688724,3.0934808,3.8354733,4.7361207,3.8932168,2.6001313,4.6190844,4.4175477,5.49511,5.2641487,3.8973746,3.913581,2.15546,3.324088,4.3222237,5.57372,2.5917845,2.925379,1.9891888,3.787417,3.2235153,2.8558068,3.3017035,4.451529,2.485681,2.6025105,6.0813055,2.2951517,2.8672152,6.4667664,6.845553,2.3835313,3.3856275,4.441981,5.5419407,3.2557945,4.016144,5.221829,5.146546,4.1217732,3.3990576,2.173337,3.7239406,3.508025,3.6630068,3.223827,4.234282,4.676792,3.9975345,4.940982,4.1527743,5.235989,3.363696,4.1714616,3.9047797,6.221414,5.790982,5.4242024,2.8142824,3.3171115,5.295018,3.4772003,4.865493,2.8892257,4.49885,4.4499536,2.0268922,2.8990722,4.787732,3.8192587,3.1534271,4.011242,3.4868164,3.9171517,5.841155,0.8524748,3.3104672,4.2535524,4.780699,4.2471657,1.9107474,4.796684,5.335279,3.3792434,4.2969427,4.3357143,3.6104326,3.9537249,3.961204,4.792036,4.321536,6.1229024,5.7037344,4.403729,5.766264,4.8181696,4.8938875,3.0566766,3.660059,3.420136,5.5973253,3.6296875,5.1721153,3.9529943,5.545654,4.4174933,5.744031,4.3187094,1.8035884,4.099821,2.9207497,3.8255465,5.7842846,4.758856,3.579378,2.964941,4.239228,2.4203677,3.513713,4.6462183,4.8204713
SIM-0013-NT,6.9397783,4.102608,2.7472084,1.3054891,4.900599,3.7199016,3.8533597,4.374001,3.7645862,6.5818615,4.043284,3.9689617,2.7654572,2.5114799,3.9314995,3.8892593,6.65629,4.249849,5.117982,3.0462055,3.0243058,2.9678698,2.970654,5.740233,4.514495,4.7067504,2.36858,4.5824623,4.359167,4.1166954,4.2366357,3.6835194,4.123642,3.7152367,2.3363645,2.412241,3.7137334,4.9848967,4.6920967,4.2256675,4.774159,5.3256583,4.607786,2.708428,5.5378327,4.5173163,5.849311,4.3732457,2.2820034,1.8828208,5.294901,6.0061245,4.1655264,2.9328415,4.970895,2.5313365,2.9266205,3.9623013,2.894369,3.5839605,3.879684,3.7472773,5.34958,4.619861,3.9930491,1.8466051,4.46366,2.9476357,2.4943523,3.7035956,3.5127757,5.46815,2.8880901,3.8592093,3.7556758,3.8325515,5.5131993,4.2639427,5.358001,3.8147364,3.6561315,3.2635517,4.7509856,4.4097376,2.2571495,4.694621,5.345275,7.018391,6.590337,3.1894424,2.8818643,1.6144977,3.536834,4.0196157,4.748565,3.239543,3.6536462,1.1263322,3.6128953,3.6925209,2.9329164,3.5580196,3.663372,2.5151687,3.0816183,6.499888,3.1671572,2.3274176,6.3937435,6.47872,2.9582043,3.7608743,4.584117,5.8971763,2.5912378,3.0797884,5.213512,4.5276837,4.198532,3.8438106,1.9225221,4.244891,3.5484273,4.403172,3.120943,5.2936893,4.5744333,3.9867144,4.405481,3.5070643,4.165344,4.0843973,4.0712633,4.1002846,4.7184505,5.55389,4.2293253,2.827694,3.4283137,5.0280213,4.1740103,4.2915473,1.2970061,4.361445,4.9349675,1.834594,3.1453176,4.063857,4.924278,4.0921307,3.6179266,4.4002795,3.7823048,5.976042,0.75390285,4.2997785,3.9734454,3.7817416,3.5195136,2.3819504,4.0806212,6.004327,2.1746416,5.1740146,3.8925858,3.908214,2.7264104,3.7413142,5.5751715,5.613555,6.202022,5.665407,5.983343,6.001914,4.681315,5.1799955,3.198946,3.8445952,3.0494914,5.3133907,2.734609,4.8514624,4.3530765,5.6028223,4.670008,5.4856486,5.2984123,2.8149052,3.1299183,2.671416,3.564478,5.9006433,5.0925846,3.4430225,3.2789063,4.0648503,2.4465141,3.1982276,4.321505,5.1379724
SIM-0014-NT,5.971076,4.2156677,3.0385647,1.7272688,4.1442995,3.4310546,3.045164,2.573882,3.6851242,5.4480376,5.0008254,4.232429,2.2302144,2.2091336,3.6420093,4.035013,6.0375824,3.6717498,5.015211,3.7108657,3.227892,2.6320243,3.1021955,4.7765613,2.8678825,4.5762815,2.5872805,5.014379,4.3569784,2.7137551,4.0669913,2.88105,4.6889167,2.904091,2.7893975,2.5804806,4.3241386,5.64144,4.0324097,3.1132255,3.5472221,5.014058,4.2152424,3.2849488,5.418895,4.289146,5.05325,4.044186,2.8884609,2.7942832,6.5901175,5.389211,3.7837415,3.8298748,5.449733,2.6426454,2.3306444,4.3879094,3.0685437,3.1315746,3.4387178,3.8140287,5.699375,4.3911304,4.1919994,1.8197136,3.0221603,2.9095998,2.980678,3.5343165,3.309353,5.44183,1.9157615,3.4068177,3.8706615,4.5078874,5.249474,4.5179443,4.239806,2.8342707,3.368762,3.5971098,3.6895795,4.2093396,2.9731777,4.562698,4.2965293,7.1316714,5.8808413,3.0890892,4.244773,2.0473375,4.816517,4.503234,5.396268,3.5334642,4.284422,2.2489648,3.0348063,3.6393209,3.3001122,3.1767166,3.2661104,2.5053728,2.2072675,6.179332,2.5705278,3.8657207,6.828044,6.9283237,2.8604221,3.4450295,4.894559,5.564238,2.8024743,4.2440186,4.5081882,4.415889,2.8331885,4.218272,3.5955377,4.122439,4.464512,3.809119,3.562835,3.9999585,4.8988333,4.541535,4.402667,3.346835,3.3425698,2.5878599,4.5622206,4.9346604,6.7743974,4.625362,5.0963845,3.705143,2.1149385,5.039542,4.8105106,4.75536,1.6008666,5.2328095,3.3856702,2.7781582,4.0974536,4.2729144,3.802998,4.152502,4.383888,4.4030423,4.589734,6.0121794,1.7997957,3.895914,4.2212667,4.177364,3.0219011,1.7656225,4.186988,5.8480763,3.186545,4.8429294,4.173213,4.4783335,2.8313782,3.962889,5.1782804,5.2437234,6.0502334,4.58217,4.5198493,6.567991,4.348377,5.0518456,3.9763684,3.5482345,3.55793,4.2926664,2.5088842,5.320212,3.9877272,5.019008,4.974099,5.7906003,4.7370644,2.7563689,3.5693629,2.8481612,3.325586,4.7184267,4.1773057,4.0851727,3.1786442,3.370988,2.0132627,3.2727778,5.0926027,5.061933
SIM-0015-NT,7.567362,4.590375,3.246087,1.2000935,4.736473,3.019593,4.016189,2.9808183,3.9477336,5.241982,4.080032,4.0436378,2.8311477,2.0007873,4.316434,4.470694,5.387498,4.4144964,4.6114,2.908362,3.3319612,2.1828334,3.7382019,6.0021086,3.0728402,5.0433645,3.3876722,4.518401,4.743814,3.9000473,3.3312101,3.260275,5.1367116,4.383314,3.1330686,2.1268907,4.4178915,6.0045214,4.5228457,4.273839,4.467458,5.2697954,3.9151986,2.640105,5.2761097,4.521783,5.814544,3.5144625,3.0980394,3.6591134,5.690153,5.692833,3.974982,4.6329813,4.9496202,2.9945579,2.7054443,4.3698244,3.5805998,4.6685395,4.7370524,4.5616455,5.2191844,5.336954,4.430162,1.6642599,3.06381,3.8548155,3.2653098,4.3307505,2.9711149,5.644988,2.7086751,4.4336815,2.691942,4.406368,5.3960166,4.5186605,5.6599545,3.4627466,3.0143373,3.5444188,3.316133,4.6074524,3.5114088,3.7398179,4.4023294,6.384704,6.0409813,2.832968,3.270904,3.0625954,3.3773577,5.3266597,5.2290087,2.8078773,3.959324,2.168111,4.2007704,3.532886,3.1441624,3.0595124,3.8200126,1.5968983,2.4011595,6.7974367,2.8312464,2.2301838,5.058994,7.737455,2.7832737,3.3080459,4.20456,4.9900436,3.7246904,3.5581956,5.461038,4.4605923,4.3386097,3.9945242,3.0517206,4.1213727,4.045258,4.4061375,3.3282475,5.429256,4.5592475,4.157583,4.3591995,4.254376,3.7853482,3.435815,4.2320733,3.111737,6.0979443,5.0230722,3.5186539,3.3053794,3.1315303,5.454492,4.5463347,3.513849,1.5749056,5.914199,3.9308162,3.1949897,3.1850064,4.3035536,3.7358398,3.9885993,3.9648988,3.5238776,3.6274767,5.605379,0.8269821,3.9768903,5.4897547,4.971079,3.9872594,2.2004745,3.358619,5.066207,3.107535,4.4689503,3.3218486,3.8558505,2.4160786,3.0521593,5.2748075,4.136891,5.3618026,4.7868166,4.700267,5.627872,4.349707,5.126461,3.632409,3.9274192,3.5378013,5.323683,2.7481596,4.8226542,3.418454,4.7409053,5.1354427,6.0431175,4.958424,2.5683868,3.9561484,3.176199,3.9492745,5.9668427,4.587145,3.994566,3.100513,4.3489704,2.9244838,3.4523633,3.9441333,5.5059876
SIM-0016-NT,8.33651,4.227012,3.0459592,1.6448512,4.0237017,3.9592836,3.248157,3.150863,3.0654626,4.687175,3.3028488,4.1572676,4.364195,2.1419778,2.680313,4.3962173,5.4044676,4.7799478,4.841725,3.1847963,2.7260776,3.4137716,3.1610634,5.8801074,3.0791976,4.2025614,3.2955887,4.0382094,4.1628904,4.223055,4.1107616,3.6403725,4.4135494,4.1298895,3.236744,2.9451327,4.6363606,5.954303,3.94026,3.2094123,4.4960074,5.5790462,4.7646184,3.120912,4.6530733,4.658706,5.5001726,3.2403533,2.9630852,1.7056292,5.1783,6.3995066,4.73292,3.0089846,5.2967486,2.9142656,3.9958863,4.396892,3.366953,4.769241,3.6491625,4.698675,4.66891,4.004968,3.8141406,1.422111,4.370882,3.131817,2.6216342,2.7474728,3.5555487,5.066459,3.1650655,2.718058,3.0999498,3.751875,4.9533267,4.739804,5.471168,3.6930604,3.0406308,3.6533904,4.8168683,3.8105693,2.8842087,4.182161,5.008404,6.36732,6.356248,3.7627463,3.6807396,2.4311984,3.244766,4.1876936,5.632973,3.3864212,3.4634984,1.2900991,3.353589,4.009309,3.3816476,2.735753,4.621287,2.3831758,2.8220322,6.0602236,2.5532408,2.8184214,5.1455445,6.861103,2.9764497,4.5569825,4.3845553,4.5616093,2.96615,5.124474,5.2105207,4.0293217,3.919397,3.4951704,1.9482005,3.5876417,3.7793758,3.2960923,2.870093,4.4767065,4.808629,4.352835,3.7444224,4.4102125,3.4082048,4.099809,3.4586153,3.3564363,6.3018537,6.4054713,4.5433683,3.5183718,2.896357,4.6779437,4.01768,3.8741887,1.6160591,5.1283126,3.8928316,3.0493462,2.877564,4.4119086,3.8081255,4.4111366,4.058371,4.365914,3.7747393,5.4995637,0.9427979,3.5563471,4.04546,3.9330647,3.020334,1.5365195,3.158121,5.199177,2.7798855,4.064579,2.9874134,4.834125,2.6288536,3.8260667,5.621203,4.9139185,4.9711547,5.061882,3.6299734,6.9670935,3.6415553,4.304068,3.1831286,3.3182158,3.978873,6.200808,2.5838218,4.122139,2.6908863,5.0491924,4.592686,5.494998,4.8414626,2.6255462,4.0945883,2.6699305,2.9309092,5.8441453,4.6437907,3.7452483,3.3813205,3.321901,2.0663288,2.9510894,3.7838767,5.532938
SIM-0017-NT,7.089517,4.9640017,3.2087052,1.9722786,4.8675766,3.4219227,3.618693,4.12813,3.9167995,4.9138103,3.738137,4.192878,3.5828714,2.3000236,4.1676497,2.96121,5.7402034,4.1102266,4.619242,4.6926346,2.78196,2.831018,3.287755,5.127063,2.7986794,5.330109,2.7826002,4.517135,5.039714,4.5134892,4.217733,3.1176536,4.3263364,3.1429415,2.2770078,2.1998541,3.8635607,5.0617304,3.3781393,3.991063,4.403124,6.156398,3.8852131,3.737123,5.2626452,4.3018374,5.9079227,4.570849,2.9392366,2.504021,5.472163,5.0397887,3.417522,3.305809,4.8994584,3.1129162,3.703587,4.189296,3.7471156,3.4778225,3.684096,3.9924097,5.7084293,3.7511907,5.1497693,1.8269675,3.6264796,2.530117,2.9077892,3.5694568,3.8025372,6.0353184,3.3885012,3.8768678,3.3568168,3.907175,4.5837483,5.1212597,5.5181985,3.9737236,3.6475341,4.637556,4.327975,4.1200533,3.669972,4.574265,4.067738,6.520067,5.974535,3.3276632,3.0343168,1.7653155,2.9655979,3.833236,4.8839417,3.5882716,3.261389,1.9509083,3.2251825,2.7067645,3.7641895,3.4206154,3.5434504,2.323103,3.6323786,6.120448,2.365984,2.8163333,5.8830023,6.8294826,2.8127558,2.9100277,3.8602405,5.6540303,2.9305089,3.4716275,4.688831,4.465274,4.0685506,3.8165712,2.8246558,3.4910262,4.0196605,4.4200354,3.8775814,4.828269,5.3070836,4.1062207,4.474226,4.58491,3.674047,2.964238,4.4072104,4.110353,5.681115,5.5359735,4.338847,2.1293027,2.7777915,5.112484,4.182603,5.188101,1.6475148,4.515127,3.1483226,2.649111,3.3306534,4.0087285,4.6063056,4.1381373,3.93544,3.562716,4.6656575,5.4616127,1.0242065,2.9050255,3.955855,4.6733155,4.7663546,2.2740834,3.9453175,5.1348677,2.742116,3.9815202,3.9466472,4.3475313,3.1652412,3.555713,5.582515,4.6681247,5.34325,6.102618,4.263247,6.1318107,3.2296858,5.4662237,4.437811,4.081463,3.5819616,5.2688417,2.5003045,5.0559115,3.4050338,4.8668685,5.3143406,6.3079753,4.3775873,2.0611715,3.6102486,3.1943126,2.9817278,5.6895847,5.0109572,3.2569468,3.4913144,3.880627,2.676512,2.8402367,4.820598,4.772052
SIM-0018-NT,7.088748,4.3787518,2.4840703,1.5634022,4.959148,3.2878878,3.0800674,3.5405674,3.7861521,6.7930036,4.2996106,3.6510527,3.6743603,1.404799,3.5608523,4.943432,5.7098303,3.2636237,4.7847805,4.2279634,3.003091,2.6154552,2.9321525,5.84862,3.3592124,5.507587,3.6232843,5.159579,3.7191286,3.179396,4.2258635,2.6724768,4.3332887,3.6970918,2.2055974,2.2099311,4.1255274,5.8309164,4.690751,4.1848884,4.3226547,4.9329042,3.6839287,3.3336341,5.311257,4.5970683,4.485805,3.7903957,3.3777847,2.6714482,4.942424,6.901576,3.80601,3.8089797,5.6612067,2.7091565,2.741486,5.7041645,4.106998,4.4058466,4.1247015,3.8359158,6.0462465,3.6690185,4.7855825,1.1301329,2.9308522,3.3159153,2.3766375,2.1272638,3.9361813,5.975943,3.3683875,3.9019725,3.5202532,4.11618,5.563822,4.366348,5.354487,3.9958017,3.5809956,3.7096028,4.182454,4.8664894,3.5203724,4.329195,5.087783,6.324251,6.688331,3.4180143,5.3481297,1.9403169,3.0646203,4.525004,5.4044704,4.2459855,3.0116663,2.3051703,4.4185658,3.2899096,2.9900625,3.8270185,4.5204,2.542064,2.6351285,6.242301,2.6732094,3.223607,5.852481,6.4808044,2.3041375,3.255733,4.452622,5.71522,3.1208148,4.005129,4.463677,5.1675963,3.4899886,3.6494637,2.8662972,2.8435712,3.3383453,4.7227063,2.5759618,5.030326,5.768284,3.9707017,4.497663,4.612699,3.7666898,3.7123296,3.98092,3.663912,5.6935,5.7446785,4.9648314,3.1448863,2.2519639,4.64979,4.4600487,5.4022017,2.4522765,4.73399,4.8375125,2.76982,3.3393326,3.7844877,4.7566915,2.4382248,4.2954416,3.51615,3.9473922,6.3176494,1.076276,3.4231153,4.1113153,4.5029173,3.4071574,1.4563488,3.8951461,6.368017,2.503527,5.0893717,3.540764,3.6089268,3.7858863,3.5714478,5.0783596,5.130727,5.3711314,4.8800483,4.44421,5.7440696,4.5687985,5.8738227,3.8715532,2.8775191,3.4657254,5.008524,2.8434212,4.905324,3.7950099,5.144941,5.0573907,5.549606,4.256932,3.9398503,3.575118,2.8780644,2.73389,5.569463,4.170921,3.079833,3.5088148,4.268787,3.0676446,2.4432573,5.230457,4.5593715
SIM-0019-NT,7.6781425,4.9251814,3.299128,1.4404614,4.3435063,2.9515982,3.5991623,3.262967,2.8399038,5.6268725,4.116495,3.598965,2.6841826,2.5045469,3.066814,2.8186297,5.971495,4.389826,4.8829236,2.9267528,2.859524,2.302617,2.7611585,5.753121,3.600583,4.6571836,2.8731396,5.9089193,4.5611825,4.0128593,3.7743871,3.0470264,3.352869,4.029387,2.9985492,2.6324794,4.1039743,5.947163,3.3826368,3.586421,3.7176747,6.1917562,4.65721,2.4877262,4.349408,4.362583,5.299536,3.521043,3.7479122,2.7881107,5.888336,5.3776584,4.1816177,3.4265964,5.3197727,3.1984553,2.2907743,5.4418406,3.6965895,4.63535,3.2988472,3.8759918,4.8265314,4.2157335,4.676931,1.717622,3.444247,2.5234716,2.7569451,2.8890543,3.3230731,5.6894474,2.6324446,4.665653,3.2492044,3.794715,4.97502,3.6893044,6.051567,3.7779174,3.6772666,3.400127,4.1600747,3.7431471,3.5336113,4.2461944,4.411755,7.196566,6.455015,3.529428,3.001753,2.1887183,2.9073489,4.679372,5.2911797,2.57566,3.2514815,1.1056547,3.810756,2.1098993,3.7349744,3.3121204,4.8597116,2.6662083,2.3214974,6.5382824,2.0137453,2.4219782,6.0034847,5.825942,2.8098528,3.1216195,4.392209,5.18983,3.225267,3.764386,5.4775205,4.4381337,3.2395225,3.7427342,1.952986,3.964895,4.0285378,5.4667683,3.1337547,4.3376412,4.7248363,4.261486,4.542602,4.026468,4.543247,2.969952,4.8095813,4.1719623,6.0871534,5.4158864,5.59918,2.8284385,3.036555,4.8160334,5.1555595,4.923557,1.916239,5.183736,4.5832686,2.6312568,3.9075575,4.4583697,4.1603165,3.686869,4.112039,3.8627164,4.1821094,5.150984,2.2802246,3.2379398,4.3903303,4.1358733,4.507859,1.791537,3.9603636,5.242441,2.627871,4.177303,3.4322104,2.8624926,3.0673122,3.4154363,4.556016,5.12546,5.0784783,5.575884,4.0885663,6.54472,4.8137684,4.323964,3.2448878,4.3693085,3.171387,4.904913,3.4578156,4.408006,3.854996,5.648561,5.1554275,5.74084,4.586322,1.558552,3.4049244,2.9871726,3.412779,5.548692,5.1571603,2.707408,2.8681924,4.1271377,2.43136,4.0445986,4.7663026,5.300379
SIM-0020-NT,7.810978,3.664962,3.0065987,2.0511222,3.810434,3.3374162,3.0313513,3.733182,4.3881264,5.202147,3.2306497,3.3579683,3.2467012,2.3359165,2.1666908,4.5676327,5.8362584,3.720737,5.4802175,3.1619344,2.4708302,3.2140596,4.165293,6.9402637,3.3584692,5.069682,3.4928224,4.303081,4.7070255,3.4763253,4.1184764,3.2314785,4.6966763,3.6040683,1.2378792,2.8115082,4.4936643,5.8020554,4.108699,4.7024426,4.4415126,5.5248384,4.741628,3.7703693,4.65728,3.2095876,5.2971954,4.563707,2.5989828,3.03243,5.725292,6.3676987,3.6728725,3.85062,5.714387,3.6437552,2.2519543,4.4141226,4.029653,4.767826,3.9565928,4.191222,5.786041,4.524936,4.464108,2.1149817,4.541545,4.1019993,3.1524897,3.143917,3.638839,5.194601,2.6157708,4.1254516,2.9868925,4.320855,4.432666,4.3220596,5.3861947,4.8409877,3.092716,3.4431334,3.9670885,5.006022,1.5094385,3.5891209,5.5938725,6.8129153,5.323852,3.1257977,3.7463439,2.9596205,4.329044,4.509881,4.9359593,3.6644585,2.9967272,1.3360422,2.9573798,2.1550214,3.022338,2.5342443,4.0623555,1.6425707,0.96112156,5.607291,2.4766476,2.6004896,6.596676,6.5982957,3.268895,3.6222599,4.320403,5.3110075,2.9837515,3.372174,4.8623495,4.3166413,3.15153,4.3621244,2.8385243,3.5377948,3.806359,4.190259,3.0108774,4.506787,4.70221,3.6829624,3.5403728,3.8738518,4.28357,2.9311123,5.576849,4.3455563,6.745333,5.9709764,5.312279,2.8434417,1.6072198,4.96808,4.5418587,4.555902,2.3931503,5.5878935,4.645449,3.2890258,3.058694,3.7160203,4.859524,3.7582796,3.5848973,3.4373252,3.828001,5.1170125,0.7917676,3.0129395,4.07901,3.9995308,4.181665,2.3898165,4.4606543,5.35579,2.4056244,5.0443287,4.0295725,3.8917298,3.4866633,3.6695385,5.696468,4.3377295,4.8260174,5.3115916,4.8017488,6.031608,4.6500864,4.6536946,3.300056,4.34241,3.5157998,4.7091346,3.3764083,4.3409176,3.5175874,5.9894595,5.1851597,5.6416416,4.874465,2.5053558,2.5602398,2.3747559,3.456297,5.332923,4.761085,3.8658106,2.8255148,3.5039546,2.9458656,3.165548,4.233978,5.009425
SIM-0021-NT,8.034781,3.2940574,2.816295,1.8661093,3.8771405,3.636972,3.9912715,3.3640258,3.7238722,5.010002,4.1046553,3.8021786,2.8703465,2.451542,3.8902981,3.3310876,5.242598,3.2560153,5.4159384,3.625866,3.0676901,2.3201342,4.167248,5.8240447,3.2627163,5.2656813,2.6035829,4.6584105,4.474537,5.2720985,4.1098,4.1483927,5.0489087,3.7290215,2.2797964,3.2519393,3.4235327,6.3795285,4.2599945,2.55625,4.115573,5.6329756,4.10087,3.9465756,4.681277,3.775765,5.5000334,4.199017,2.6013389,3.2454863,5.2258244,5.8802485,3.8544657,2.8384547,4.8019295,2.8989098,4.095873,4.9329615,2.7425776,2.4396338,4.203084,4.289468,5.9781146,3.6502259,4.819045,2.3729146,3.7275498,2.943727,2.7938185,3.3931859,3.6587095,5.4029007,2.4426398,3.3664339,4.504318,3.37001,4.718537,4.5052137,5.370989,3.6521525,3.2953403,3.7562602,4.3299065,2.9978294,3.85605,4.0168457,4.5185394,5.8284235,5.641344,2.8105986,4.447479,2.2436512,3.788333,3.990395,4.979544,3.1481411,3.9877763,0.90778464,3.1795025,1.963933,2.9268095,2.717339,3.098497,1.8751978,1.5255975,5.6202526,3.3127875,3.1050086,5.9306474,6.403678,2.0603907,3.062173,4.3199506,6.162786,3.4643266,4.0700283,4.4085593,4.447041,3.4631727,3.765582,3.6436682,2.8808262,3.616274,4.8380446,2.7117271,4.149665,4.7481966,4.0437846,3.553778,4.3507986,4.333228,3.5326295,3.8813076,3.9459686,5.6434484,5.4070563,5.4625807,3.2847905,2.2938251,5.2813106,3.5868511,3.8806384,1.7348524,4.7052836,4.922905,3.1787684,3.789973,3.7142549,3.7818098,3.8438294,3.5823517,3.6088393,4.373242,5.2971053,1.5463713,4.559514,4.090583,4.8856626,3.9077704,1.5096573,3.7769268,5.310552,2.038721,4.818683,3.9787967,4.5662546,3.1011891,3.442704,4.258924,4.6179504,5.745197,5.2688766,5.492207,6.364233,4.8315234,4.3469496,3.4469316,4.0191236,2.9148724,5.239816,3.0001507,4.238197,4.4077573,5.222402,3.8863332,5.794975,4.871378,2.9143558,3.7643087,3.241962,3.5752912,4.853701,3.9299502,3.8623495,3.5842748,4.1942368,3.5312932,3.8571649,4.653824,4.6996565
SIM-0022-NT,7.779577,4.6825604,2.8175423,1.5338187,4.3961034,2.3515294,3.9344792,2.9111178,4.044513,4.80517,4.0248394,3.4629102,2.8837314,3.270007,4.206222,4.123457,5.755283,4.552375,5.5477247,3.0857952,2.776337,2.1239042,3.836325,7.160982,3.2186546,3.775984,3.401518,4.4795284,4.0532765,4.15665,4.0865145,3.101158,4.121269,3.6079345,2.5696616,2.1674438,4.006306,5.7488875,4.07094,3.1746073,4.7803583,3.936596,3.9961996,3.2789736,5.1803784,4.709587,6.0991383,3.8270319,3.0688221,2.72975,4.7951584,6.673936,3.1010933,3.8265615,5.6564245,3.0307727,2.8579845,5.056953,2.825211,3.9619637,3.5546198,3.9989254,5.6218557,4.629324,4.472311,2.3401685,3.976152,2.7104037,2.652211,2.9721048,3.3175466,5.130144,2.7909305,3.2353067,2.6900675,3.884669,4.5951147,4.689136,5.727864,3.210018,2.5982888,4.613357,4.4182825,3.966953,2.4486418,3.8352695,3.632942,6.9591804,5.4884686,3.693524,3.5123022,2.0148828,3.1961422,3.003522,5.145469,3.1858566,3.758225,0.9095585,4.4182673,3.3478851,4.0965824,3.0967784,4.412686,1.5066497,2.8894784,5.7436657,1.8868763,2.341144,5.8396792,6.4929175,3.01647,2.7276323,3.2780068,6.4148912,3.4650428,3.2300737,4.775838,4.94452,3.833444,3.9402885,3.1726813,3.39647,3.7492018,4.2232456,3.308292,4.2766356,5.04915,4.172633,3.8275428,4.4540534,3.5118918,3.169325,4.168854,4.081765,5.033616,6.01881,4.0473514,3.8469243,2.6485062,5.1667213,5.219642,4.3414745,2.8748388,4.946961,4.66213,2.9245486,3.9524012,3.9209514,3.5604427,3.3885407,3.946367,3.637613,4.5077,6.1238575,0.9454223,3.3961754,3.4583926,5.31118,3.78042,2.4831793,3.657891,5.726765,2.7207625,4.737449,4.2093277,5.094591,2.47357,3.1545002,4.8611665,5.385755,6.2534895,5.109648,4.457367,5.335663,4.8840065,4.638037,3.5733907,4.3709407,3.2085786,4.872101,2.826984,5.1800284,4.6325955,5.46399,5.152526,5.7207193,4.376876,2.754953,4.018667,2.1166787,3.3176854,5.46978,4.3823047,4.0419374,3.226202,4.7193694,2.9151525,3.3695538,3.8437104,5.161277
SIM-0023-NT,6.920389,3.7308526,2.740698,1.7063124,4.4744515,3.417734,3.2939835,3.622338,3.7681696,3.6311703,3.9146976,4.3808594,2.1234434,2.3816628,4.3063226,3.565911,5.7690043,3.4782662,5.7963552,3.459038,2.8383698,3.7120335,3.605513,5.6906557,2.8549745,5.0859547,2.7850122,3.8729513,4.3583307,3.1032557,4.7673783,3.4336061,3.9934845,3.1957004,1.8296955,2.1723313,4.6807494,6.6949844,4.52319,3.8353405,4.0698466,4.8277535,5.249265,3.4946983,6.164104,5.125516,4.665358,3.850258,2.4410086,2.5919175,5.620771,7.2217855,3.281867,3.7312977,5.769698,2.8921683,3.1603632,4.120922,3.658638,4.2505774,4.0003576,4.622675,6.1137857,4.559068,4.6795864,1.3639488,3.651279,3.0469542,2.90736,2.8826814,3.19801,4.321803,1.8480184,3.9131563,2.7809978,3.1720638,4.805807,3.8701568,5.527274,4.2156057,3.0293438,3.5576274,4.511212,3.8195758,2.524245,4.6887393,4.670322,6.818249,6.339667,2.1581173,4.3895345,2.732589,3.9146836,4.5091863,5.2303157,3.1332617,3.5294259,1.696837,4.271272,2.1443572,3.1997726,4.1455507,3.5926971,2.1229298,2.0916643,6.29717,2.344445,2.810409,6.261347,6.555685,3.2227387,4.0428658,4.869034,5.7989683,4.6337724,4.281989,4.9397764,3.996804,3.5753143,4.5793405,3.4798715,4.500991,4.126209,3.60434,3.6882536,3.8508372,4.26898,4.2750087,4.613356,4.504844,4.2486525,3.544235,3.8241682,3.850225,5.33961,4.57167,4.756168,2.8603806,3.3238378,5.745317,3.9530904,4.775299,1.9248357,4.004499,4.516075,2.6541324,3.3084307,5.2513885,3.2895384,3.8992643,3.3991082,4.202153,4.3017783,5.661164,0.96089673,3.3803558,4.6401377,5.1813927,3.8682394,1.794568,4.4974647,6.9410863,2.51735,5.5947485,3.30131,3.9176326,3.256884,3.864208,4.91685,4.1778965,6.226454,5.7731876,5.195159,6.6459,4.506303,4.6723886,4.3789244,4.4230804,2.8113484,4.472766,3.0676613,4.693713,3.796134,5.707514,5.1303873,6.485583,3.7650068,2.5546587,4.280391,2.0647001,3.1542723,5.090986,4.6483827,4.1149964,3.9975772,3.6256382,3.0467186,3.6082587,4.505822,5.3548017
SIM-0024-NT,7.0657334,5.258195,3.561695,1.3378768,4.665572,3.6332457,3.7421262,3.9536154,3.953246,5.1662145,4.217669,2.832243,2.924147,1.9911919,2.920468,4.6632266,6.020034,4.115359,4.700338,3.6487892,3.3107743,2.6214004,3.2723596,6.5625033,2.2106128,4.8097043,2.8824272,4.864658,4.1341367,3.9121745,4.921051,3.183251,4.5919275,4.54239,2.4993865,3.6294,4.1752496,6.4700394,4.5350924,4.034916,4.2530107,4.993981,4.257278,4.0377536,5.0997334,4.270445,5.4103646,4.6794724,3.3881118,2.2982655,5.316634,5.9133453,4.5842466,4.189808,4.8355184,2.7609165,2.6399713,4.5095706,4.4076,3.2835777,3.0271244,3.9232974,5.551137,4.4009624,4.8626633,2.5376706,3.0697389,3.750938,2.6251395,3.4875948,3.004164,4.9183807,2.7917428,4.608507,2.7232032,3.6877031,4.46014,4.7908635,5.7260065,4.4890795,3.0365427,4.239754,4.922948,3.3549497,3.2217844,4.5697455,4.098865,5.9120874,6.3483224,2.5470023,3.623441,2.516496,3.767062,4.0022893,4.8635616,3.320374,3.8490489,2.996436,3.0835936,3.0952566,2.927293,3.6325448,3.436465,1.9049475,2.2383194,6.091148,2.874176,3.145065,5.8340297,6.2401214,3.1923263,3.6052718,4.922423,5.3748283,2.2120054,3.737709,5.425314,4.5152373,3.524009,3.4310036,3.5039873,3.247025,3.3709154,4.517187,2.5166626,5.108834,5.3248124,4.605045,4.630815,3.9725938,3.4685102,3.208404,3.8288763,4.145791,6.496558,6.311759,4.5717306,3.6992304,2.739016,4.9520044,4.499585,4.286907,2.390007,4.396842,4.0136065,3.207274,3.9718204,3.770889,4.387774,3.4414608,3.9047644,4.456495,4.5563064,5.8694277,2.3877368,3.41121,3.6835747,3.9349327,3.500835,1.066003,4.2242813,5.455065,2.8580184,5.040038,3.3711264,4.233656,3.3087332,3.281271,5.0535326,3.4699738,5.1869817,4.806177,4.47617,5.271243,4.182267,4.215323,3.788986,4.279403,3.5037587,4.9957647,2.0511599,4.4723735,3.6056957,4.9695992,4.7883596,6.5334167,5.136823,1.9342008,4.2722483,3.148144,3.0786865,5.9356613,4.5573454,2.5960927,3.2138839,4.141263,2.669601,3.3101332,3.9524665,5.460377
SIM-0025-NT,6.892137,4.497634,3.1890328,1.290661,3.8205702,2.0820866,3.8670137,2.7817981,3.925494,5.2514744,4.4582253,3.2393565,2.9317653,3.1604574,4.3708496,4.439879,5.9366765,3.627721,5.34205,3.4216936,3.0953205,2.7184615,3.1883073,6.2105436,3.3017526,5.0853505,2.8074753,4.2599306,5.197344,5.0879893,4.182948,2.683216,4.0594745,3.7995753,3.444952,2.115617,4.1104217,5.6770573,4.592281,3.709561,3.503919,5.6166005,4.7817802,3.547777,5.308909,4.1915107,5.1128697,4.696447,2.969279,2.8770251,6.4019856,5.1962447,3.5444677,3.6957793,5.179288,3.2845225,3.0115733,4.1470604,3.6382806,4.0800476,4.3038983,4.534145,5.638055,4.2507305,4.5498276,1.5917183,4.0957007,2.9902074,3.6260984,3.7929387,3.9822962,5.105136,2.6296277,3.4000697,3.4077444,3.7230268,5.1174865,4.772884,5.7980633,3.4994173,2.9625196,4.5015697,4.627988,3.9811878,2.8620064,4.039133,4.244015,6.7538157,7.1443405,3.2416348,4.0439157,1.6933196,3.166843,4.9300127,5.407011,1.076359,3.6828651,2.811793,2.8393803,3.6972795,2.0845828,3.5921385,3.9014132,1.067286,2.7560236,6.704667,2.8945208,3.1956282,5.6310754,5.974372,3.1743653,4.506628,4.906346,4.73476,2.2556956,3.3317382,3.9808497,4.456861,3.8205519,3.1510506,3.0136685,4.0623784,3.459533,4.1459093,2.4697723,4.3054075,5.0164084,4.2398033,4.541195,4.1752763,3.8679125,3.4215393,4.8175106,3.8549643,6.2519655,5.480269,4.062467,3.4983826,2.6099756,5.3842163,4.276877,4.328176,2.0913427,4.673378,3.63152,3.0810168,3.6442487,4.6885524,3.7867384,4.6555204,3.7066438,3.3104677,3.6557202,4.604531,2.1996555,4.4486833,4.476885,3.8479495,4.533719,2.0674186,4.1934824,6.4459796,2.795594,5.96438,3.7958357,3.7401602,2.641199,2.7420456,5.1607466,5.154952,6.0317287,5.187566,3.9416196,5.8573713,4.9453998,5.043348,3.7867966,3.6680672,3.736167,3.4236317,3.0131192,6.0675116,3.0551624,5.0505624,4.7469134,5.589355,5.248962,2.6641853,4.009197,3.2266293,3.4900956,7.101161,4.7132072,3.3987105,2.1310487,3.761057,3.3571286,2.6611314,3.2332306,5.1714697
SIM-0026-NT,7.5992346,4.4356003,2.8423996,0.9387098,4.493839,3.5176964,2.6937764,3.9551694,4.242057,5.6321383,4.448811,4.168206,3.2247066,2.7595534,2.6043134,3.1956878,5.399926,4.0653644,5.176808,3.6630452,3.3736093,3.6091309,2.8385813,6.247758,2.7546976,4.7443657,3.2579684,3.2272167,5.5905733,4.1265664,3.661386,4.308897,4.2723565,3.6112761,2.5308363,3.5480583,4.1200957,5.653833,4.761883,4.1739316,4.258652,5.861197,5.4886236,3.747778,5.164669,4.5140696,6.190971,3.8836353,2.6363723,1.8631192,5.0589943,5.4647655,3.7925124,4.501354,5.7294407,2.4369152,2.7412827,5.330701,4.1687,4.008953,3.615294,4.900041,4.910818,4.2866,5.7802687,2.0525057,3.5634768,3.3619542,2.5461826,2.4247897,4.0163946,5.4748197,2.518154,3.8420136,3.0350478,3.597359,4.721574,4.032599,6.2834826,4.0787406,3.5902548,4.217841,4.628015,3.9700184,3.0518882,3.9559746,4.4474597,6.6883197,5.6855145,2.4821072,3.7857351,2.4344232,2.4641068,4.569436,5.6885247,4.5350943,3.1502547,1.583355,3.2826238,3.0419066,3.5717196,2.717491,3.8182724,1.2529387,2.996143,5.7439075,2.695249,2.1898677,5.545737,6.765271,2.8227878,3.8716173,5.0610933,6.095053,3.494225,4.477774,5.0621915,4.416413,4.1284,4.402682,2.949387,3.0345125,3.3128824,4.0947433,3.8344834,4.4608655,5.58115,4.813048,4.9513416,4.6559258,3.4815874,3.5197597,4.01273,3.07818,5.949433,6.235723,4.6162176,4.2458477,2.9762037,6.4150443,4.35151,4.4913836,1.615719,5.4827194,4.203358,2.5660455,4.1690907,4.8428288,4.6184926,3.5267332,3.871024,3.7180953,4.543822,6.2482743,1.6174148,4.750595,4.6251097,4.178594,4.042441,3.0962484,5.32714,6.320796,2.4789758,4.7554817,3.9595094,4.775663,3.1639862,3.8928096,5.3257437,4.4187098,5.6512446,5.245125,5.2981367,5.624078,4.465299,4.3952994,4.0617447,4.7498856,4.1148252,5.091266,3.1088734,4.7055755,4.0733585,5.3282294,4.780001,5.889523,4.956736,2.2808836,3.8117983,3.681674,4.8369937,4.909045,4.007798,2.822493,2.9346385,4.4806724,3.0790663,3.4148753,4.576477,4.809269
SIM-0027-NT,6.791801,4.404362,2.2183537,1.2872987,3.7069287,3.569113,3.7073202,3.6934338,2.9393816,4.3241973,4.4886565,2.4520302,3.5766609,1.4136586,3.9353645,3.5019252,6.292382,5.734355,3.8461506,3.848393,1.910975,3.2482677,3.1713877,6.1933613,2.7227702,5.22876,2.3728938,5.5523915,4.180326,3.142017,4.756706,3.3115408,5.39989,4.1556945,2.3753214,2.6795673,4.2331066,6.3422427,4.378751,3.969508,4.1858864,5.280723,4.8716784,3.5909255,4.90879,4.1465025,5.2588735,3.4821863,2.4003434,3.3810508,5.5476284,6.0758715,2.5811026,3.9009683,5.380768,2.6522343,3.195753,4.3954144,2.5434575,4.456002,3.958066,4.180603,4.924389,3.355656,4.7558856,2.7565484,4.0528646,2.465389,2.8937454,3.0951762,4.0978985,5.2192693,1.1806961,4.3032527,3.0140908,2.9614625,4.908521,4.743601,4.5170307,4.1977825,3.685727,3.7996292,3.808685,3.6868844,3.428578,3.3348784,4.760463,6.4348745,5.828927,2.2927127,3.6392584,2.8433506,2.741088,4.5649233,5.2503595,2.9490385,3.77319,0.7515826,4.0106745,3.7473032,4.190532,3.3180425,3.754897,1.9243704,2.381492,6.4011507,2.3089554,3.2819264,6.903494,6.8741255,2.156236,2.9593787,4.7298384,5.698825,3.4515584,3.487905,5.1926494,4.3556166,3.257592,3.6656778,2.026577,4.756506,3.6854217,4.554427,3.1762383,3.9455748,4.895776,4.7060256,4.0913906,3.6178894,4.0778165,3.5279531,5.1379185,4.0795884,6.4151645,5.9329925,3.809339,2.7552767,2.3456404,4.52507,4.660479,4.625169,2.295162,3.6310802,5.482159,2.4424334,4.5543814,3.5390964,3.6462662,2.606404,4.0775743,3.1973941,3.6160626,4.7852345,1.8220191,4.1188817,5.082529,3.9531405,3.737495,1.5986106,4.1604757,5.4679275,2.6983635,5.3723392,4.167008,3.5172696,3.4463356,3.6435013,5.137746,4.2283998,5.452344,6.0485687,4.5927925,5.8312407,4.3078694,6.0509777,4.355934,3.7060149,3.1657686,4.8824615,2.8946323,4.4317374,4.028757,5.897291,4.0940547,5.2565727,4.489196,2.2095618,4.9322796,3.3288474,3.9538813,5.3790455,4.494377,2.5752168,3.3771527,4.2783093,3.4264386,3.223445,4.24112,5.240335
SIM-0028-NT,7.359811,3.6793017,3.37849,1.857706,3.738393,2.144756,3.5164058,4.1117597,4.6965513,5.2436686,5.1380515,3.8198946,3.440998,2.0997016,3.2563927,3.607463,4.7376657,4.7738204,4.6619234,3.099985,2.2250705,2.9327035,4.15652,7.1753592,2.34818,4.661265,2.579894,5.4257417,4.528248,3.5250773,3.9955242,3.106503,5.2531953,3.8184962,3.1093059,1.3886036,4.1391935,6.6206965,4.823056,2.957817,4.129113,4.705242,5.074933,3.711212,4.722391,4.445835,4.2320733,3.6407535,2.793753,3.0546784,4.680271,5.533088,4.3253236,2.891086,5.576036,2.9259417,3.9624631,4.528259,3.5195944,4.422358,3.1733828,4.227133,5.1796193,4.0211287,5.0681424,2.2269087,3.5769403,3.2251194,3.5264077,2.7061648,3.73846,4.819322,2.6421049,3.2153027,4.221212,3.2851508,5.515794,4.227427,5.024646,4.452056,3.8009996,3.880474,4.623072,4.0322967,2.9114282,3.7596776,4.6802607,6.1707673,6.6194224,2.9888396,3.722871,2.915922,3.421225,4.166651,5.1908417,3.7178254,3.0144274,1.7895925,3.8424776,3.3698783,3.4206378,4.0272884,3.8274682,2.1234298,2.4474387,5.4709263,2.1942139,2.637881,6.4048285,6.888504,2.586111,4.2450185,5.117144,6.356389,2.586598,3.5070977,5.6842055,4.555336,3.4900303,4.225351,3.1287537,3.4761014,3.8433325,4.6954503,2.8645291,4.477711,4.455521,3.663639,4.0702066,4.291715,3.8390732,2.954233,4.342272,3.329232,6.30757,6.139048,4.346245,3.1356182,3.0743086,4.1769085,4.531158,6.0310864,2.1940758,4.8678756,4.826224,3.7122357,4.0159593,3.1859136,4.3341665,4.993794,4.207732,3.1707215,4.2934775,4.831148,2.0497434,3.2852085,4.213634,3.8671038,3.3548613,2.9863536,4.379724,5.447749,1.8935246,3.9279776,3.0458343,3.9946554,3.4372184,3.385368,6.085316,4.223905,5.613306,4.637624,4.934468,6.79269,3.5580845,4.654907,4.335819,3.3430731,3.585918,5.60032,2.8608108,5.0574822,4.6898003,6.14546,4.7198853,5.554457,4.270785,2.9164417,3.247159,2.701706,3.533065,5.2597275,4.777444,4.5833263,2.9254832,3.8150792,3.2911057,3.4486516,5.0316772,5.2376556
SIM-0029-NT,6.7896504,3.5225472,2.2005944,0.9501044,4.4573812,2.5059342,4.2124314,3.4030266,3.7371156,4.644053,4.4681783,3.4391162,2.4716573,2.9194922,3.6910028,3.8287528,6.0886464,4.1347404,5.174246,3.0922804,3.8502555,2.7450733,4.052782,6.0340357,3.582162,5.2056007,3.6704988,4.511261,4.9227686,4.766582,3.8298912,3.3625653,4.1843486,3.3717985,3.6301057,2.219945,3.7015285,6.3845415,4.472266,4.941547,4.060607,5.369142,3.8890438,3.6607232,4.2192407,4.7712336,5.697493,4.154457,2.580349,2.1844637,6.0147843,5.1381207,4.076429,4.6540384,6.204205,2.1403904,2.836904,4.854052,3.5702538,3.295175,4.0292153,4.3325663,6.3646445,3.9639704,5.2279406,1.3162837,3.4372768,3.5176008,3.3230524,2.6431513,3.6779153,4.225113,2.5829973,4.449093,3.2983513,3.5478094,4.4378605,4.2139363,6.2164536,3.8819568,2.8029034,3.618755,3.4437833,3.6694934,3.5957818,4.0192485,5.173593,6.4698005,5.8588552,3.4672036,2.3763227,2.6390276,3.3847997,5.0586247,5.6881933,2.7040703,3.9669228,1.7215537,3.3851075,3.036137,3.369176,3.8923717,4.0760484,2.345101,2.9832783,6.675683,3.10438,3.6129463,6.141255,6.9888926,3.4480193,3.586303,4.358179,6.589486,3.8241048,3.7506342,4.550562,5.166353,4.024053,4.0239677,2.4641678,3.9276745,3.7227583,3.900001,3.509194,4.6042504,4.8250184,4.6073422,4.996173,4.538104,3.8619602,3.6563528,4.355475,3.2848403,6.429533,5.6464205,5.6826205,3.965578,3.2431636,5.315728,4.34461,3.978299,1.3859204,4.4911585,4.430562,1.8367996,3.2563143,4.1399107,3.9447536,3.376967,3.725755,4.6099696,4.4836354,5.1913414,1.3991677,3.7489932,3.7925346,3.9114287,4.1333475,2.033386,3.780647,5.70578,2.5251434,3.8774762,3.6511016,4.3726654,3.1727164,4.7804413,5.925599,5.307122,7.1323547,5.55649,4.5206223,6.230805,4.1593747,4.881831,3.3795652,4.265538,2.9766216,4.6461196,3.0284328,4.713495,2.8455884,4.4434686,4.1772356,5.3791604,4.9379864,2.537429,4.4656863,3.2043939,4.0176716,5.815427,4.7423735,3.8507454,3.445989,4.22083,3.4189758,2.1559658,4.1667776,5.0024166
SIM-0030-NT,7.490204,5.200107,2.2853723,2.5735373,3.6819892,2.6164513,3.4674997,3.2288,3.0800004,5.390919,4.49675,4.368386,2.7476184,2.3055258,3.4984787,4.7902155,4.3508077,3.651802,4.98551,2.9579191,2.6858962,2.9718454,2.9459307,6.1607046,3.4926882,4.720356,2.8704755,4.8486905,4.3812327,2.9732022,4.1900144,3.1197116,5.0768394,3.8405433,3.3594275,2.2165604,3.9868946,4.957862,3.8073962,4.5074143,5.0295715,4.731935,3.9902434,3.5509748,5.3990917,3.548851,4.7342563,4.428047,1.8010118,2.408442,5.731974,5.9314985,3.7496219,3.4339345,5.88373,3.0355573,2.7817647,4.662188,3.7969794,4.8539968,4.229719,4.944853,5.102178,3.8284934,4.526249,1.8780416,3.447269,3.7897365,3.222863,2.9690087,3.986732,5.0273523,3.0335214,3.358478,3.443,3.6433074,5.314579,4.2238965,4.087433,3.3046443,3.2735333,3.8080833,5.084371,4.4679465,2.956377,4.074294,4.7803197,6.222419,5.8067026,2.6021276,4.4220695,2.7328074,3.0555313,4.2583776,5.460679,3.1455567,3.0786183,1.5255741,4.006815,2.7585585,3.2436817,2.4551082,3.9445577,2.15166,2.3721304,6.2286325,3.0865784,3.253997,6.113278,6.784732,2.544934,3.1097932,4.044977,5.738523,2.62,3.8027506,4.294609,3.6042705,4.033547,3.6289697,2.2065873,3.2149026,3.9451306,4.919624,3.243136,4.3637567,5.5485315,3.2502065,5.335191,5.2752056,2.6469157,3.2296903,3.957021,3.7703273,5.8839755,5.979234,4.3295617,2.7814891,2.801496,5.448535,3.6708884,3.6570268,3.2517853,4.606225,4.385744,2.6906717,3.802519,5.150112,4.342434,2.948646,3.2044501,3.54854,4.018446,4.610516,1.843012,3.2199895,4.923163,5.2063103,3.5039587,2.4627645,3.7120218,6.0391884,2.2170424,4.3202105,3.5268073,3.7058017,2.7845218,4.1403837,4.9073906,5.4501667,5.069782,5.985127,3.9308317,5.743428,4.193895,4.6561236,4.1041074,4.816459,3.8978384,4.7871556,2.9138238,4.3913116,3.3135738,4.5980964,4.532082,5.945449,3.7748673,2.4047828,4.691059,3.3889484,3.1891282,4.8127923,4.867449,2.1423554,3.5413597,3.9259884,3.69909,2.465377,4.7710824,5.1050577
SIM-0031-NT,6.748337,3.729488,3.3083358,2.2060225,5.1602755,3.691084,3.287695,2.885972,3.1749635,5.8025928,3.7679615,4.58148,3.2268822,2.4902687,3.360258,4.276554,5.760195,3.9456677,5.330742,3.4287183,2.415889,3.3347967,3.242781,6.372925,2.9516835,4.233928,3.9646099,5.704879,4.8268437,3.6494567,3.8090787,4.036376,4.269157,3.2287385,3.7105117,2.6982236,5.0568004,4.879895,4.419084,4.916903,4.3007016,5.1739993,3.6355064,4.1302443,4.721225,4.381352,4.9185047,4.9616814,3.3529737,2.6160483,5.0738535,6.491619,3.637515,3.0642104,4.580385,2.5699718,2.377954,4.3319163,3.9775991,3.807178,4.014404,3.975907,5.4400663,5.051035,4.469696,2.1420426,3.168518,3.916823,2.5425837,3.6471145,3.6042864,5.221692,3.0091136,3.8044114,4.061784,3.2928343,5.391725,4.343013,5.512177,3.6144977,3.3290453,3.2387943,4.3662753,4.198667,2.6455352,4.062976,4.2952304,6.2092957,5.812465,2.6439807,4.8854833,3.0661173,3.54584,4.901662,4.216227,1.9920764,3.146208,1.1634289,3.7190313,3.0404139,3.9307678,2.554007,4.1055527,2.2494664,2.7067094,5.8693614,3.4041448,2.8514602,6.7240047,6.5098724,3.199847,3.6019168,4.1776843,6.0448556,2.8635561,2.4237394,3.2459035,5.070977,4.238973,4.8098474,2.6163402,3.1155088,3.5238206,4.237882,2.9411538,5.295826,6.1324673,4.39457,4.346325,3.405672,4.773301,3.3165953,4.171912,4.1433005,5.8003125,5.6467924,3.6646132,3.7804863,2.835383,5.7705436,4.162181,4.4120436,1.6492553,5.307317,4.0165005,2.646358,3.5289989,4.3243294,3.1994185,3.5924258,4.294127,3.5588536,4.040197,5.552695,1.3703613,3.247892,4.158339,4.7930303,3.1024973,2.0560374,3.6371796,6.198041,2.4199595,4.4387283,3.7176075,3.3368754,2.4303539,2.935477,4.766655,5.2613244,5.3657527,5.4105244,4.020936,6.1237016,3.925952,4.847602,3.7298546,5.2304487,3.6177888,4.693132,3.1642208,5.8514376,2.9945312,4.750006,4.63242,5.612102,4.5643964,1.7758436,4.635025,2.1166887,3.3816137,6.034144,4.6224413,2.8113725,2.3119447,3.9177825,2.404925,3.4314754,3.6112838,5.56183
SIM-0032-NT,6.971637,4.509328,3.7310002,1.6490561,3.9048033,2.913177,3.4883795,3.3424208,3.4438603,4.0544376,3.8765843,4.021278,3.0324752,2.9250944,4.4914355,4.3258843,6.4591904,4.5136614,5.837689,4.4261312,3.290639,3.3880734,3.1721578,6.1078014,3.0096948,5.1491146,2.736899,4.83602,3.2073662,4.704907,3.8490002,3.5730023,5.1749654,3.6951632,3.496566,2.1011934,5.371276,6.1226463,4.264593,4.5939016,3.7015088,5.161694,4.9415073,2.6555426,5.386518,4.6948442,6.520369,3.3917565,3.5803466,2.3521054,5.4274235,5.1126633,3.2765548,3.818574,4.905278,3.2630966,2.77379,4.03681,3.3414903,4.163232,3.6978805,4.3546796,5.755585,4.6317954,4.4888916,1.427717,3.9893289,3.3920946,2.0508244,2.6765435,3.3062832,4.8119917,2.2930903,4.384152,2.713264,2.8824675,4.8358135,4.4502892,4.610076,3.54212,3.1035354,3.579492,4.3184376,3.8457837,3.65453,4.3345923,3.8246713,6.5647297,5.938852,3.7541175,3.4124255,2.9202273,3.4302201,5.0613885,5.8512993,3.369406,3.2147121,2.106014,3.7471092,3.777739,3.5097957,2.920318,3.6759298,1.6357539,2.8112342,5.7192416,3.2616515,2.256747,5.900534,7.480179,1.7523098,4.640884,4.128913,5.7992454,3.2988675,4.1177864,4.9142795,4.933459,3.8833792,4.746618,2.886268,4.744144,4.184152,3.3292952,4.750224,4.1843667,5.7604876,4.168826,4.882302,3.708916,4.312957,3.1518466,5.105996,4.1220474,6.5611396,4.4913163,4.3430605,3.4422185,2.9993958,5.6717215,4.0797973,4.504537,2.8460274,3.7880938,4.749096,2.722627,3.0723162,4.431989,4.6661925,4.227401,3.8289552,4.185893,4.5865965,5.4278064,1.0868013,3.4455328,4.595439,4.2749205,3.1049943,1.4008468,4.743911,5.453961,2.6313324,5.4836817,3.0170126,3.916107,2.8617544,3.8554153,5.9196243,3.9179296,6.0172105,5.693174,4.345898,5.675211,4.6482177,5.0003967,3.9946053,4.347186,2.81159,5.4847174,3.405088,4.875392,3.0622714,5.113874,4.8480716,5.2483463,4.550706,1.723275,4.236693,2.9109707,2.6588287,5.686961,4.609279,3.5592766,2.7905164,3.6320424,2.3980176,3.0597746,4.321422,5.2292914
SIM-0033-NT,6.8185024,4.2027497,2.8347602,3.1218162,3.882349,2.908073,5.23157,3.59841,3.1692188,5.487324,3.7020292,4.295896,2.858865,2.1054192,4.3182745,4.2294183,6.2544246,4.347734,4.760517,3.8063815,3.419664,3.1022522,4.1755953,6.553714,3.2846048,4.9642324,3.1656914,4.3059535,4.339915,3.9539554,3.751195,3.5140507,4.456726,3.9318624,3.1059504,2.805639,3.4889815,6.4744525,4.0890465,3.8409185,4.114566,5.0617957,4.991411,4.282095,5.3284855,4.375006,5.845315,4.220133,2.6804197,2.8008938,5.4303493,5.8497977,3.9225912,3.9182806,5.151876,3.2480226,2.6521173,4.3570433,3.3409324,3.4588523,4.3443885,3.8530483,5.0580235,4.7182884,4.358648,1.8557565,3.445267,3.5732453,3.2045553,3.4913206,3.9346416,4.9526973,2.411419,3.623147,4.1607833,4.054729,4.656106,4.5580316,5.1873407,3.281389,3.392883,3.568395,3.7662287,3.437007,2.1337101,3.9047768,4.1856804,6.079824,6.2022142,3.1139834,4.0010595,2.4451025,3.0157342,4.372664,4.5745163,3.5406356,2.877279,2.3118272,3.6681063,3.4688523,2.9092488,2.7842543,4.0962048,2.8275201,3.366259,6.1499305,3.6314502,2.758382,6.386297,6.4339767,3.0385334,2.4609046,3.78076,5.962036,2.3569233,3.9681969,5.2305665,4.1841063,3.1393673,3.6290839,2.142198,3.7112195,3.784658,4.079165,4.2818522,4.1118364,5.708432,3.6348097,4.3881454,4.644708,4.565763,3.068313,4.5940294,4.1133027,5.823199,5.8813295,5.317093,3.472793,3.1707666,5.5272207,3.532261,4.710256,1.7470342,4.632495,5.5353913,2.7629385,3.1583881,4.8400083,3.5786283,3.4841192,4.521038,3.7694063,3.3717642,5.7434864,1.2351086,4.5330753,3.8734188,4.8216066,4.5159345,1.8178067,4.2313886,5.921663,2.0374658,4.9989758,3.5590146,3.8161418,2.9715707,3.7011762,5.3819847,4.283242,5.4547257,5.1181183,4.416708,5.52451,4.6009626,3.9206073,3.3381958,3.926582,2.8745184,5.804183,2.8311272,4.870735,3.5677338,5.1633577,4.143242,5.735738,4.2622705,2.289258,2.6530886,2.2639914,4.2136836,5.9264274,5.2970533,3.9949303,3.3227763,3.8063478,2.2648144,3.9022322,4.344293,6.4023237
SIM-0034-NT,6.731313,5.4008574,2.932066,2.535978,5.1160574,2.6755838,3.3421435,2.8714137,3.244237,5.3995137,4.0587344,3.8675482,3.2424657,1.3966237,4.157075,3.7716703,6.0341306,4.440631,5.6681376,3.4482756,1.7532376,3.063447,3.3751273,5.6113396,3.2523587,4.65798,2.425696,5.2673154,4.1030884,3.6401725,3.7279482,3.9629517,4.425614,3.5845664,2.5540762,2.9534957,4.847247,5.9030213,4.503425,4.184477,3.595705,4.8679423,4.1168885,3.2261407,4.5740204,3.4926684,4.8624916,4.054971,2.7408178,2.235314,5.6903906,5.5067487,4.3657675,3.5359998,5.80961,2.9945612,2.4042375,4.5979977,2.9875827,3.9408176,3.4639916,4.528556,4.7363043,4.0979357,4.9301467,2.4036257,3.5691977,3.1656451,2.8732605,3.8954108,2.9252117,4.4603515,4.0758386,3.894083,2.5703335,3.3810518,3.6183214,4.658576,5.7422905,3.389663,3.0686953,4.2379684,3.3673892,3.5157876,2.8015544,3.7143226,4.0812945,5.885599,5.984001,3.0721402,3.987212,2.6367576,3.512638,3.5924516,5.4521494,3.105483,3.2625544,2.3768432,3.4776163,3.6131778,4.192798,3.4995313,3.415427,1.149125,3.0723722,6.18494,2.3399787,3.4899955,5.406134,6.6929893,3.0908785,3.0749497,4.286815,6.2732663,3.1186981,4.378435,5.3441386,4.4386353,2.4554732,3.313291,3.0067713,2.9867005,3.5702662,4.4014106,4.179458,4.1840286,4.690972,4.1292067,4.527213,3.976032,4.5247188,2.87887,4.376575,4.1253195,5.8930516,5.99321,4.4603257,3.6313655,2.9846406,5.3793454,3.9465532,4.1647577,2.8676124,5.2451935,3.9429379,2.980001,2.3415873,3.976747,4.532981,3.645256,3.9554682,2.239832,3.956436,5.640628,1.6659864,4.2443275,4.0713835,4.2131658,2.9620266,2.1410174,3.6972077,4.8034153,1.9235489,5.6181707,3.536194,4.0486145,2.6903534,2.7702682,5.768101,3.4965563,5.4549155,5.1501045,4.554332,5.3806996,3.5200124,4.4274416,3.32905,3.679999,3.7876053,4.3827825,2.9721859,4.861499,4.2895765,5.104681,5.1464343,5.734536,4.9479713,1.6764891,2.6139078,3.0167663,3.6973119,5.7489796,4.375067,4.045931,2.7563436,4.2432218,3.080758,4.18823,4.1534944,4.828716
SIM-0035-NT,6.1647897,5.1905932,3.2211673,2.0944843,5.8260636,3.3495812,2.933482,3.2899513,3.3718178,4.8680463,3.9557538,3.547853,2.267705,3.121568,3.6631162,3.8334816,6.146749,4.365808,5.120585,3.8432033,2.8820238,3.369994,3.65133,6.2098293,3.068416,5.603688,2.858122,5.1272297,4.591905,3.5385833,3.5553265,3.1682863,4.1999636,2.8159513,2.4486468,2.8551738,4.8055596,5.8562865,2.8602245,4.2020135,4.00675,5.5325418,4.2123146,3.492729,5.055171,4.417544,6.2079587,4.173404,3.318299,3.1017938,5.984451,4.830356,4.378797,3.387862,5.819308,2.406688,2.5127358,5.631521,3.1269033,4.567931,3.8957672,4.1275144,5.3850675,3.4400375,4.6370616,1.4084578,3.7535596,3.6194196,2.9082823,2.3807623,4.0916204,4.9123526,2.4025147,4.40397,3.4322271,3.0894961,5.926663,4.529472,5.2967052,3.6429417,3.89404,3.513702,3.470007,3.8372345,3.5789993,4.506556,4.1007204,7.2041016,6.2508154,3.013462,3.6296618,2.7012167,2.9933496,4.3178577,5.3601103,2.427433,3.2511935,1.7011828,4.351368,2.015337,3.2798076,2.8822618,4.3857727,2.2204983,3.4310021,6.460354,2.5074658,3.0230439,5.659879,7.334765,2.1623344,3.219903,4.569401,6.341576,1.9121585,4.4419575,4.70727,3.4928288,2.12298,3.101484,2.6152518,3.7288773,4.050213,3.9574265,2.8906527,4.2649956,5.029521,4.270816,3.9571743,4.5038786,3.689386,2.843583,4.0452986,4.4401336,6.02677,5.226098,4.8489003,4.308317,2.9924297,5.8080645,4.7807884,4.177324,2.268731,4.286166,4.351949,2.5764742,3.3270323,3.8887696,3.9089184,3.9739451,3.8367658,2.815836,3.7795024,4.711792,1.5553716,4.0148087,4.304786,3.9022915,3.7515123,2.0082211,3.7588825,6.0983152,2.8751526,5.338276,3.3673005,4.5283566,2.7003105,3.9922945,5.044588,4.4706645,4.521723,5.0264554,4.484632,5.53891,5.317087,4.246755,3.4216385,3.6141098,3.0206876,5.5052905,3.560712,4.4319544,3.4478452,4.592683,5.4040117,6.3811483,4.677784,1.7299101,3.2797155,2.9133077,3.7563891,4.478156,4.4768786,4.1102176,2.877528,4.7776012,3.1079628,2.78672,4.1656737,5.090965
SIM-0036-NT,6.4376063,3.9294755,3.7638462,1.3792734,4.8069296,2.9688168,3.571823,3.6688254,3.5599298,5.3499327,3.133834,4.0612187,1.7300811,2.2118938,3.9408135,4.257365,5.118725,3.545442,4.6384034,3.5938122,1.7990897,3.0282714,3.4304886,5.9869514,3.441274,4.950351,2.8262458,3.963478,4.451658,3.3668244,3.6700664,3.5847743,5.154739,3.5259864,3.0514266,1.9998226,4.2953496,5.549138,4.7746058,3.6111324,4.1650076,5.835409,4.1733656,3.034652,6.382106,3.8894598,5.503406,4.3565784,2.90934,2.536969,5.558548,5.6061997,3.2625139,4.691922,5.351449,3.1914198,2.9379466,4.465945,3.377673,3.2199552,3.7562466,4.134071,5.993244,3.4922347,4.3553653,1.5006077,4.672547,2.7220654,3.062337,3.6069283,3.5928152,4.227497,1.9915304,4.4605136,2.8855336,3.86834,5.0599327,4.7266817,5.5731907,3.3786588,2.8162932,4.1336045,3.9278247,2.801499,3.2399898,3.572359,4.461796,7.2138853,5.885226,3.6446395,3.7895155,3.3302727,2.8782394,4.3114977,5.542434,3.1757104,3.921963,1.6366912,4.87202,3.9986844,3.6115966,3.3994398,4.501573,1.6486729,1.8769547,6.757457,2.8495717,2.7899618,5.8424754,5.712046,2.7331522,3.2552276,4.8005915,6.226213,3.301483,3.9524515,4.028664,4.7300878,3.9385428,4.4887733,3.684209,2.915546,3.539374,3.8610368,3.5309265,4.4782395,4.8956747,4.6692314,3.8010495,3.5325947,3.4879718,3.098278,3.7021995,3.8784275,6.010423,5.180097,4.8227296,3.2071924,3.4189122,5.093618,4.250652,4.1987524,2.2518907,5.283554,4.2487535,3.1487753,3.1221018,4.6432424,3.7625139,4.133669,3.927,4.5084996,3.5755286,4.733403,1.1252329,3.0708442,3.4851449,4.606769,3.6259959,2.0034378,4.134514,5.4287314,3.2913232,4.496075,3.0104077,4.336701,2.8392239,4.684931,5.0369415,5.0056477,6.2734103,4.916744,4.0676265,6.114618,4.726439,4.122683,3.1392112,2.7983308,3.6002696,4.85867,2.740621,3.9366286,3.2602978,4.9322677,4.414706,5.8795643,5.022509,3.562766,3.9230382,3.3856943,3.0667338,4.6737556,4.461383,2.5022087,2.9936192,3.642555,1.8063042,4.196872,4.0432286,4.3365026
SIM-0037-NT,7.362948,4.050102,3.5555449,1.5012566,3.9972627,3.3594747,3.8812523,3.772145,3.8143384,5.330289,4.529863,3.9416497,2.893017,1.6026697,3.8132792,3.9673045,5.561122,4.7691574,4.2688227,4.3227224,2.8039198,3.1936424,3.0772517,5.2949333,3.1088085,5.0058613,3.4351854,4.8325562,3.288681,3.0725315,4.9852476,2.7989442,5.159597,3.0779731,2.6831663,3.0346665,3.7624907,6.375199,4.197856,4.1117873,4.152023,5.6353617,5.0087786,3.5234296,5.971145,4.122958,5.9178042,4.4277916,2.24124,2.7387455,5.654611,5.2970695,3.9994822,3.6899574,5.425151,2.8586657,3.060268,4.459477,3.6753118,3.672921,5.164962,3.6329079,5.1151137,3.8377137,5.6641855,1.2897606,4.1642427,3.2809668,2.9479883,3.7400193,4.2737913,4.690424,2.770616,3.0985806,3.565377,3.275332,4.909567,3.6954296,5.539834,2.99721,3.3781996,3.1628883,3.8176765,4.753939,3.209571,4.6650915,5.008092,6.131055,6.6263304,2.4140038,4.0856667,2.289889,2.9441428,4.62284,5.6783295,3.7285504,3.4532835,1.9186896,4.1007676,3.0894675,3.7412386,3.225139,4.3271294,1.4286678,2.467318,5.437324,2.8509283,3.7241795,5.599871,6.968693,3.2066767,2.5978894,4.0805006,5.9109554,1.5646454,3.2663178,5.3277664,4.936265,3.811003,4.307276,2.7326562,4.0395236,3.5757856,4.2900763,3.1284876,5.10328,5.7734957,4.8453856,4.147702,3.5762684,4.6385713,3.5503955,4.480787,3.5858972,6.306,5.030716,4.702878,3.926386,3.7031112,5.545405,3.5717385,4.578809,3.325255,4.4931326,4.42483,3.5963316,3.8370423,5.5037956,3.6860323,3.212951,4.5085745,3.1500833,4.0541787,5.4386687,1.9513363,4.070284,4.4050446,4.0947785,4.235587,4.2561903,4.6736364,5.7771864,1.8172071,4.5450873,3.5646195,3.6713755,2.9390626,4.554552,5.923628,4.503239,5.128172,5.846096,4.41456,4.8806844,4.795208,5.3408318,2.4904747,3.6542687,3.247349,5.356839,2.563823,4.3662796,4.1729336,4.9370856,5.0218964,5.2648883,4.0546083,2.8055942,4.0593066,3.2892208,3.2154236,5.113676,5.317893,2.5395901,3.6120129,4.693034,3.2134848,2.984956,3.9037473,5.0502844
SIM-0038-NT,6.266342,3.9335628,3.332829,2.1926284,3.7429242,3.5251198,3.8117943,4.142846,4.1437774,5.595271,4.3955874,4.33133,2.3207877,2.2644448,3.4942007,3.8243425,5.9898734,4.447464,5.178868,3.4122324,2.4471912,3.5834763,3.4496403,5.619163,3.0817697,3.9668393,3.1147583,4.832383,4.097718,4.635662,3.3811605,3.6984086,5.5394263,4.0836506,2.7586248,2.155028,3.4915566,5.3733153,3.8164914,3.5215883,4.1226697,5.254878,4.4619884,2.9701746,4.765167,4.3489203,5.4380136,5.101446,2.8916543,1.8250458,5.8600187,5.9964976,3.757917,3.0101144,6.3404717,2.3580124,3.4356592,4.743352,3.9058,4.848307,4.117377,4.0582423,5.960478,3.775035,4.725718,1.3032861,3.434641,3.1824632,2.9652305,2.2706523,3.9145203,4.506188,3.3134513,3.8546493,2.9540193,3.7102292,4.5446405,5.172588,5.337663,3.769656,3.599958,3.2736673,3.5979202,4.380749,2.3657765,3.540485,4.646606,6.7800064,5.2499294,2.8371887,3.2607508,3.4247174,3.8622983,4.1051826,5.493951,2.592823,3.0095305,1.9051425,4.0634494,2.888856,3.5945673,3.1623073,3.8239486,2.094199,2.3198223,6.245216,2.9179852,3.002394,5.247615,6.405603,3.0278742,4.3675876,4.417763,5.5228634,3.125313,3.1863115,5.431809,4.5280633,3.2891154,3.7827795,2.361586,4.417661,3.6324925,4.309853,3.7315361,4.1011553,5.1095705,4.2926474,3.574717,4.1795034,3.9772034,3.343425,4.334309,4.032298,6.76184,4.983601,4.2147703,3.5702522,3.1280515,5.420846,5.639538,4.7872114,2.8208828,4.7739024,3.9579644,2.7324107,3.8844554,4.467131,4.2540927,3.6006565,3.7096105,3.658094,4.5148005,5.8918557,0.93022066,4.144321,3.8511517,4.5304546,3.5321026,3.0261726,4.118958,5.816656,2.7694352,4.426849,3.6350462,3.8053832,2.6901948,3.4456823,5.856052,4.28338,6.015516,5.3347096,3.7405968,6.0035195,3.7322364,5.142034,3.4498332,4.0707297,2.655436,5.050775,3.2851715,4.3788676,3.5057654,5.3985577,4.990678,4.6035566,5.738478,2.6922364,4.281506,2.7562227,2.5540435,5.8485894,4.3549395,3.5730352,2.876882,4.1518016,2.3959417,3.7610543,3.7178197,6.2780967
SIM-0039-NT,8.032837,5.2307596,3.6482012,1.8256795,4.850985,3.1389706,2.8078837,4.139504,4.423621,5.050311,3.5444565,3.5482647,2.0537734,2.7978575,2.7120376,4.089633,5.346083,3.4169226,5.101917,3.3338046,3.234151,2.4010806,2.8961165,4.934649,2.08644,5.737585,4.138872,4.977936,3.9730368,3.6941376,4.3960247,3.0880177,4.564889,3.5386386,2.4899879,2.458966,4.319248,5.090647,4.3858566,3.6455722,4.3495097,5.997983,4.1352863,4.048975,4.2102723,4.193575,5.5496006,5.1448994,1.795555,2.5837357,6.3792725,5.3311553,3.7140615,3.7826822,5.5536985,3.6758397,3.32951,5.3072133,3.4253907,3.6246154,3.7236955,3.758023,5.6492376,3.8976457,4.3080444,2.1991572,3.3794236,3.5420208,2.5420184,3.701396,3.469508,5.2318573,2.7633886,4.4025826,3.5708039,2.8406281,5.507155,4.494274,5.7321563,4.1906176,2.9174092,3.3187435,4.5701747,4.0249486,3.3838267,4.0013895,4.739933,6.7291265,6.020832,2.9597511,3.8288305,3.1329842,3.3821852,4.5811925,5.2290335,3.3332183,4.207559,2.453576,3.877036,3.0448127,3.1196253,3.0366533,4.0604362,2.6675785,2.907565,5.574618,3.2010686,2.8588276,5.343418,7.5732594,3.560073,3.7636247,4.6959524,6.1124225,3.7110288,4.1187563,4.1134934,5.43967,4.1566725,3.611415,2.1102917,4.014233,3.5944824,4.3971677,3.8163762,4.188318,4.454662,4.3483386,4.0850625,4.1262035,3.328421,3.1523504,4.67397,4.2056794,5.6989894,4.9892225,4.3937283,3.5174592,3.090176,4.9350634,4.4116616,5.2313213,2.3579865,4.110864,4.5560207,3.9115477,2.88478,4.2785797,3.939299,3.7557702,3.9936378,4.3180084,4.1949544,6.1101217,1.3745136,3.5880814,3.8419209,3.3874502,3.7659762,3.2702785,4.557113,6.070724,2.259623,4.7416615,4.1637955,4.9430227,3.6910756,4.0681663,5.31762,4.687515,5.355558,4.453328,3.8756876,5.7688346,4.292997,4.0932674,3.6847672,3.9073308,2.7161517,4.8044944,2.6612198,4.474032,4.272684,4.219796,3.7579694,5.822289,4.7788386,2.6300673,3.6635602,2.369031,3.4780622,5.2904396,5.4130692,3.1389558,2.95969,5.270491,2.6860597,3.6069384,4.6351643,5.521013
SIM-0040-NT,7.0586057,4.51133,3.060629,1.5799568,4.430471,4.2013817,4.1899834,3.5398622,4.287124,4.6313925,4.0267925,4.31529,3.7079298,1.9398841,3.271898,5.0369053,5.8160605,5.0419555,5.0861683,3.6237943,2.6623108,3.5061607,3.9536626,5.6109686,3.0023882,5.296028,3.0322986,4.6848803,4.8897223,4.3950887,3.7344165,3.4513955,3.8418348,3.097276,2.8364768,2.7377658,3.6891499,5.221104,3.6274695,4.1088915,3.3020067,4.800213,3.2879114,3.798583,4.204922,4.4446206,6.3555183,5.0199513,1.8725772,2.7810454,5.156442,5.1270976,3.7637458,4.2309585,5.761274,2.535384,3.45779,3.5214725,3.228922,3.5829322,3.8757174,4.2361603,5.336746,4.003225,4.655143,2.2198935,4.025947,3.0145938,2.9820611,3.5349095,3.3878636,4.8862014,3.2545607,3.4792511,4.4181814,3.0027494,4.8300757,4.0630207,6.4313617,3.5938191,3.0536368,3.590767,4.2902985,4.0123525,2.8491685,2.3258848,4.256808,6.5263777,6.3961287,3.8012872,3.6187627,2.9446726,2.8585086,4.6992764,4.9196157,2.6785674,3.2530591,2.552947,3.927837,3.6858296,3.0961943,3.6470647,3.5796573,2.354936,2.6412961,6.459993,2.8379476,2.5336223,6.277067,7.770895,2.5365314,2.7141352,4.5912156,5.5631075,2.9475913,4.032811,4.5491414,4.30034,3.573784,4.601054,2.640139,3.1439896,3.1356733,4.301785,2.8799589,3.6903868,5.330484,4.4976788,4.1676884,4.199985,4.0941453,3.5796516,4.6188693,2.5998192,5.972919,5.832307,4.1806183,3.255044,3.2629385,5.2316055,5.016709,5.043637,2.196132,4.8284154,3.0292585,2.7263181,2.851841,4.374332,4.1289024,4.0557566,4.594847,3.7348878,5.292771,5.5877175,0.7782333,3.4821138,3.990139,4.592057,3.1544604,2.0942903,4.247475,5.5032897,2.8718462,5.184489,4.2547584,3.773163,3.5483654,2.9835453,4.605852,3.9757545,5.7369175,5.778601,4.1380157,5.505588,4.330984,5.1144023,3.4646163,3.7998376,2.6298785,4.7037234,3.410427,4.8278136,3.439422,5.789319,4.458262,6.530624,5.4325786,2.4559655,3.183772,3.9727433,3.6753583,5.349285,5.1155977,3.652221,3.6417518,3.7016082,2.9426765,2.7359247,4.6451764,5.1438394
SIM-0041-NT,7.054367,4.3412347,2.8849673,1.4338381,4.6629267,3.931911,3.3063085,3.6646736,4.0753007,5.0700293,3.393751,3.1905665,2.5738552,1.2558148,4.2177076,4.1300693,5.7529497,3.0351562,4.070804,3.4995337,3.8003013,2.6855612,3.706673,5.888519,3.206233,5.445831,2.924097,4.5865207,5.0939865,3.866141,4.50484,3.0025878,5.1494093,3.6818302,2.9917881,2.787877,3.9198503,5.5782495,3.9386966,4.3611345,4.1842976,4.557748,3.3796704,2.7257137,5.415274,3.853004,5.685799,4.2515216,2.7431767,2.8510432,5.7300797,4.368801,3.6586683,3.8293643,6.2815857,3.7361832,2.4236977,4.468464,2.8223374,4.754821,4.342985,4.5128684,5.490529,4.7809005,5.2496014,2.5288503,4.1796217,2.9821556,3.1647494,3.5298686,3.5705578,4.7402782,3.240264,4.8626895,3.1411326,3.5406384,5.1782246,4.781415,5.076215,4.7872543,3.515105,4.041833,5.121939,3.9520426,2.871396,3.4638288,4.1420527,5.7730103,6.250769,3.356755,3.5740821,2.486346,3.7900262,3.7477071,5.3079376,3.620671,2.4547164,2.19518,3.0003028,2.8787885,2.888865,3.8387625,3.3271768,1.4171767,2.5996308,5.9223957,1.9602747,3.166122,4.841164,6.3869467,2.5408242,4.032862,4.9892898,6.280089,2.936506,2.541068,4.972764,5.170053,4.240739,4.0976515,2.0303528,3.4991727,4.7005196,3.5238054,2.8707523,4.9428144,4.7971363,3.5645518,5.115742,4.2836833,3.8091838,2.7055545,5.3401976,3.8904874,6.7918324,6.0201716,4.125396,2.980472,3.610746,5.922402,3.3242912,4.7550335,2.1948066,4.4107766,4.585294,2.2147708,3.2952476,3.8644803,3.8025713,3.6720896,3.3887284,4.534612,4.3992043,6.3687735,1.3533015,3.4887547,5.05572,4.0069637,3.5389395,2.603302,3.7091324,6.082998,2.757812,5.498491,4.116497,4.588665,2.8918905,3.2342086,6.355037,3.8193076,5.0190554,5.459976,5.2515798,5.83871,4.938645,3.8300867,3.4536564,3.129572,3.6927814,4.215968,2.182787,5.039363,4.3402615,5.091763,5.035955,6.0895405,4.6230617,1.8806069,4.2154927,3.1345408,3.9287324,5.6672616,4.0532837,3.6462395,2.9855921,3.7914133,2.636122,2.9837313,4.756431,4.4462547
SIM-0042-NT,6.417119,4.2500234,3.8173373,2.395094,3.4472914,3.8627324,4.2593527,2.800899,2.5984797,5.0298696,4.718261,4.6369963,2.5289326,3.2013068,2.399726,3.7621922,5.5593247,4.706443,5.631891,3.977816,2.1397812,3.4661927,3.5292947,5.292853,2.1451066,5.357484,3.007023,4.288982,4.280865,4.0253825,3.917812,2.569219,5.3888507,4.0471253,2.6067057,2.574515,4.3523316,5.0142803,4.32133,3.2159956,4.2505593,4.721716,3.6603403,4.411934,5.135902,4.5324593,4.530066,3.8847334,3.0061371,2.7289088,4.573913,5.8272347,4.0037603,4.2586937,5.1338286,1.77192,2.6068876,4.0947943,3.9737492,2.63651,3.6123788,5.0504723,5.411088,4.538743,3.8230398,1.1488332,4.669903,3.2073774,2.8328242,2.5627713,3.7162676,4.3429337,3.2670426,5.394547,3.757801,3.3548536,3.735929,3.6958835,6.114829,3.3308983,3.11864,4.103804,4.9836416,4.07678,2.7132785,4.1263003,3.9144092,6.2305646,6.0827847,3.2394023,4.7784195,2.7559824,3.9848657,3.7799625,5.468432,2.9094255,3.5435803,2.1969683,3.8622687,4.1412487,4.1845503,3.711762,4.2878804,3.1239522,1.81447,6.8143888,2.2169552,2.6210449,6.11761,7.521677,2.251645,3.3754787,4.3903217,5.6355147,3.4401588,5.472686,4.986998,4.067168,2.9755898,3.70355,2.1549792,3.9956012,3.9596233,4.000586,4.4371505,4.103815,4.953,4.475011,4.797784,4.6919436,4.2143326,3.8038983,3.9839404,4.3617544,6.5455327,6.329798,3.5516286,2.7833512,3.299159,3.8654609,4.5087523,5.010046,1.9672264,4.712343,3.917352,2.6287956,3.282191,3.9222965,3.6836278,3.5723264,3.7549596,4.6850886,3.95547,5.643567,1.1449001,3.4683518,3.324327,3.5103106,3.0245862,2.3351266,4.866082,4.8340178,2.1916003,4.1803827,3.5393362,4.4765606,2.7236605,3.6417854,6.027659,4.811606,5.352266,5.25687,4.0253124,5.9541755,4.696663,4.144408,3.7910037,4.007759,3.5749147,5.4052577,3.060421,4.630754,4.276014,4.7347155,4.0906076,4.223003,4.6957045,2.0171864,4.131924,1.8423792,3.158131,5.7463636,4.122616,3.505698,2.7077713,4.016378,3.081019,3.8052583,4.3582554,4.7483068
SIM-0043-NT,6.6848426,4.7328873,2.499835,1.7789205,4.0747695,3.1353781,3.0800014,2.461931,4.1195803,5.548046,3.2609613,4.0258284,3.5059376,2.6232727,3.305357,3.4744694,5.808419,4.2541666,5.030643,3.410637,2.2737305,3.2462275,3.510201,6.228881,3.2341104,5.678114,2.7848835,5.5722904,4.017939,4.3978376,4.5759215,3.1986866,5.2765536,3.7795346,2.335758,2.534984,4.738969,6.0406237,3.6309714,3.811733,4.3875875,5.0521994,5.398282,3.7059045,5.0753827,5.024182,5.3531494,4.686948,1.9416649,2.4050136,6.175463,6.5087647,3.433833,3.171902,5.7451677,2.5814373,2.970984,5.081529,3.3333437,3.012165,3.186015,4.342552,4.47577,3.9420044,3.9478908,2.7697973,5.0338526,2.6276712,2.9095664,2.6416457,3.5112188,5.8176374,2.440263,3.8876128,3.044566,4.2454214,3.3711247,4.3167167,5.314455,3.5149555,3.73583,4.377155,3.536477,5.2233167,2.2039826,4.734805,4.303142,6.2656236,5.672161,3.1300004,3.8168256,2.0764809,3.2923229,3.9302688,4.5983286,2.8622603,2.7708664,1.6426336,4.0535717,2.9979408,4.457733,2.0179126,4.140408,2.2454817,2.94079,6.4874797,2.6300814,2.98954,5.464879,7.211907,1.8889952,4.0201645,4.329969,5.4851665,2.8968763,3.675124,5.4259896,6.051513,4.2337794,3.5835142,2.939995,4.0984907,3.271032,3.6017704,3.4130323,4.8753924,4.206812,3.7949805,4.6380825,4.074017,4.7082214,2.5727582,5.492577,3.133717,5.0785866,5.543898,3.818617,3.2175648,2.8507252,5.093256,3.8415437,4.6964717,2.0967455,5.479271,4.3642344,2.4072456,2.68462,4.1776624,3.4178646,3.032848,4.1602407,2.8591876,4.8586593,5.55135,1.4114202,3.2457666,4.558698,4.2945414,3.285037,2.3431907,3.4866025,4.9096866,1.9060456,5.038592,3.6698456,4.4631653,2.4871068,3.9528778,5.243109,4.1111326,5.9249654,5.1444063,4.1245275,5.764934,4.374228,4.751144,3.4971323,3.4140716,3.3399587,4.588227,2.3115318,4.6620007,4.1763625,5.264054,4.4852977,5.534973,5.0486813,1.2295918,4.3317294,1.890985,2.7740164,5.2540956,5.7225957,4.139779,3.3395264,4.2110534,1.8523014,3.407239,4.0373983,4.7469773
SIM-0044-NT,6.991264,4.1788545,3.4451115,0.8999764,4.3052173,2.7475104,3.3798246,3.5402164,3.3005552,5.1480966,4.0508795,3.5110717,2.72906,2.2480412,3.1297739,3.9497647,5.628842,3.8246331,5.7776604,3.7083242,2.6237001,3.1078134,2.7613637,5.9100842,3.0185747,4.215092,3.2907498,4.6787667,4.2072177,3.5590022,5.4387827,3.0139046,3.4117336,2.7450504,3.1540456,3.3902888,3.8316894,6.218566,4.5307865,3.7866216,4.155603,5.3964367,4.65811,3.78772,4.7678847,4.341653,6.5263877,4.308841,3.2101936,2.9017832,5.7876067,5.778015,4.269176,3.9761338,5.593391,2.546073,3.2980523,4.6098228,3.4512668,5.334266,3.0670314,4.816831,4.976146,4.1561823,5.9282327,1.4686434,3.5893452,3.1480129,2.3575785,3.5638757,3.398612,5.2429075,2.0090127,3.1272159,3.401338,2.888073,5.7618923,3.7732139,4.818555,4.0523043,3.0108755,3.0169473,5.262479,3.6757565,2.8174832,3.9858937,4.5833826,6.7486506,5.4634438,2.983843,3.5991554,2.9110377,2.825132,5.3246603,4.8262615,3.2665415,2.765859,1.2036314,3.40012,2.452324,3.263432,2.6336565,4.253514,1.8507798,2.086047,5.9327626,3.2089968,3.0106525,5.787069,6.1885448,2.2570791,2.992546,4.9949813,5.9939795,2.5823326,3.4725363,4.3646927,3.9918356,3.8539944,3.722409,3.665688,4.3870063,4.388353,4.5678487,3.2333434,4.770434,4.8382993,4.970567,4.5538964,4.1843357,4.0636206,4.1485753,3.5996194,4.8218575,6.0000916,4.8702803,4.009742,2.411539,3.214417,4.6719966,4.347083,5.047252,1.9194056,4.7933865,3.8027372,2.6953907,4.815487,4.6526837,3.9201016,3.4019847,3.875195,3.813048,3.9430277,5.7365212,0.9566178,3.2839558,4.36161,3.7116728,3.992594,2.2361379,3.4140406,5.7820997,1.6235653,5.2105093,3.5471175,4.8642178,3.482758,3.1351976,4.2896748,4.205105,5.121682,6.090281,4.4339294,6.2106442,4.2964773,4.7381544,3.6871154,4.619816,3.4583883,4.460917,3.6329534,4.635943,3.581589,3.7564945,5.0680685,5.8711524,4.780738,2.2265472,3.645438,2.6432028,3.7133007,5.8307877,4.522018,3.7755382,2.9467955,3.7806687,2.8826478,2.6491666,4.4283686,4.384221
SIM-0045-NT,6.3999987,3.405064,2.9229033,2.6727705,4.209173,3.5088515,4.7607994,3.589931,3.476603,4.7521963,4.1573777,3.5249178,2.6853027,2.817944,4.02677,3.1227713,5.358845,3.898272,5.282284,4.0722423,4.1660404,2.8020465,3.0669096,6.422755,2.837505,4.768008,2.8895538,3.620746,4.4465675,3.7521815,4.594853,3.3479574,3.8186984,3.415967,1.7288529,2.1166034,4.4903407,5.455421,4.621246,2.8979156,4.1645956,5.0682454,4.6973066,3.9254541,5.427415,5.1994615,5.3517127,4.850775,2.253428,2.0914018,6.0273013,4.9712954,4.1068635,3.6674693,5.9973707,2.8632324,3.1332974,4.897959,3.27407,3.641775,4.073772,4.322931,5.2038245,4.049193,5.441219,1.7283187,3.7152717,2.3030477,2.7600105,3.4502895,4.083976,4.970011,3.151524,4.396247,4.0723057,4.1644783,5.7877474,4.453269,4.673869,4.177354,3.694334,4.561139,4.883142,5.1493096,3.225539,4.204895,3.5357366,6.6715226,5.6005926,3.2525117,3.7398732,2.7724247,3.3606277,4.7831154,3.8442764,3.365913,3.9470985,2.7877352,4.203315,3.7800272,3.5550284,3.1245704,4.1704454,2.2406745,2.141776,5.871627,2.1565008,3.167403,5.8426094,6.724924,2.5450914,3.8842793,4.7317796,5.1634407,2.3693004,4.231977,4.089771,4.70851,4.4322987,4.6757946,2.9940405,4.116231,4.859566,3.0649724,3.2125049,4.8957844,4.8440723,4.7753186,4.3320794,4.119027,3.8627472,3.0171864,4.0429397,4.038296,5.705886,6.0499573,4.7124596,3.7866511,2.3231263,4.341405,4.2606564,5.929544,2.8885183,4.650215,4.6666765,3.2533627,2.8442812,4.94853,3.9687548,3.6624882,3.908404,4.3202925,3.7749715,4.6180067,1.5948192,2.7413206,4.0259604,4.889431,3.9176323,2.7644563,4.638171,6.9325175,2.1720188,5.062894,3.4524145,4.417076,2.9163141,4.5249662,5.0346365,5.2862186,6.0288815,5.1611814,4.710308,5.874567,4.6169705,4.7245526,3.3526347,3.8990104,2.4610035,5.410558,2.2041144,4.6735272,4.1333714,5.5909452,3.8635428,5.774722,4.960647,2.4539678,4.6050844,2.4170895,2.4571996,5.9163914,4.3689904,2.4217992,2.9070263,4.648061,2.1518135,4.4968576,3.8930686,5.1988173
SIM-0046-NT,6.304296,4.435215,2.9435878,1.1232069,5.680625,2.9393904,3.3374114,3.8724213,4.7663364,5.629199,3.5564587,3.9483197,2.02366,2.7761698,2.696098,3.544617,5.7663293,4.3527775,4.852272,4.2602463,3.176676,3.3572457,2.6600733,6.9781537,2.7770808,5.70726,4.1081705,5.187901,4.9009576,2.3019023,3.8617363,3.896295,4.908327,2.935155,2.6275332,1.4538796,4.379084,4.637427,4.7252307,4.472724,4.0486426,5.5666394,4.1108327,3.710027,4.532659,4.7400026,4.715163,3.268269,2.714567,2.5262191,5.787079,5.398912,4.7633266,3.6971152,5.577885,2.9915712,3.606728,4.9313354,3.8264039,4.36287,2.92425,3.4441507,5.3694525,3.9917479,4.933844,1.9598364,4.242214,2.5339723,2.7758148,2.4513192,3.8593056,3.9767601,2.8477623,3.2961318,3.3240666,4.1197906,5.116448,3.7152853,5.001201,3.094805,2.4566782,3.8349729,4.522646,4.3968763,3.2169254,4.0845346,4.091533,5.9809394,5.6568046,2.4860826,3.2900338,2.5810213,3.35039,5.847969,4.5329556,3.2083669,2.6339874,1.658818,3.6637876,3.3600256,3.2457273,3.0274794,3.6905785,1.5417458,2.2069035,5.9382787,2.7494903,3.182688,5.7196155,6.778979,1.9680266,3.9016182,3.9936066,6.1022596,3.6713629,3.6607647,4.2656817,4.426417,3.798195,3.7084172,2.343085,4.0435925,3.9824016,4.0590253,2.6176398,4.6997275,4.629052,4.2626,4.4273353,3.1086817,4.040625,3.5357082,4.635071,3.9613962,5.104575,6.211895,4.591358,2.635283,2.493707,5.306755,4.602641,4.236162,2.6681767,4.031055,3.933191,1.8573873,3.0797727,5.0177555,5.081368,3.825124,3.5772972,3.6372025,4.3892326,4.6900015,1.1470919,4.4805965,3.6536572,3.9214814,3.6346822,2.3848493,4.0154934,5.7658324,2.7701085,5.844554,3.6083524,3.918027,3.7108278,3.390961,4.637868,4.70778,6.270399,5.3579354,4.390579,5.019738,4.409808,5.444566,3.0863705,3.9441724,3.1088338,4.640732,2.9456577,5.004003,4.0257626,4.6828423,3.927877,5.9518404,4.477815,3.347116,4.875302,3.8233378,3.0116649,5.795913,5.07301,3.6802466,2.8090837,4.6723647,2.7836773,3.3929129,3.5430927,5.4776945
SIM-0047-NT,6.7836566,4.646799,3.1280186,1.9584221,4.244855,3.5803587,3.4851964,2.6603045,4.143687,4.6614776,3.4949179,3.3302433,3.1060123,2.2770576,2.4473505,3.7543895,6.3525457,3.9046264,4.900001,4.0222,3.212801,3.5457587,1.888497,6.9952316,3.4968138,6.069227,2.7059097,4.0498476,4.3885603,3.7056758,4.2860694,3.8826764,4.402425,3.4246626,3.0357542,2.593898,4.002597,6.0976586,4.7898808,4.4233446,4.201711,4.236107,4.1452794,3.2100828,5.041426,4.0932107,5.5253863,3.6635964,2.1351724,3.2431865,5.166099,5.7238317,4.297738,4.0739646,5.8588686,3.0443876,3.4672747,5.3298707,3.8179061,3.0762768,3.5722904,4.6857595,5.0939336,4.9006376,4.612349,1.9924523,4.5136538,3.0653448,2.8693256,3.5714095,2.9297414,4.7732534,3.0881839,4.0634317,4.2494974,2.884365,4.1577573,4.922959,5.770302,3.7488692,3.5042546,4.1487446,3.8355653,3.8231492,3.0104752,4.5425344,3.6452496,6.4185004,5.754726,3.3557363,3.7082675,2.263616,4.033576,4.0459766,5.0598054,2.4751673,2.9890406,2.110749,3.9976351,3.237344,3.7460518,4.166996,3.531808,1.4325597,2.0076783,5.7774215,2.2254138,2.9500449,6.463241,7.6748962,3.0805876,4.7023873,4.163369,4.9124384,3.539732,2.835425,4.399836,4.6948223,3.572653,3.7707007,2.0347092,3.7564251,4.2354436,4.242154,3.0295599,3.8477693,4.6079187,4.3515964,4.5235577,3.652902,2.8947048,3.4884484,3.8676407,4.2472444,5.7151136,5.0794044,4.4624324,4.4157925,3.2621036,5.2592525,4.442175,3.6045856,1.6942439,3.6719737,5.3193574,3.6532624,3.7248845,4.3312745,3.276672,3.5981789,4.792708,3.8137305,3.8702393,4.5924563,2.1234944,3.728108,3.2981453,3.8338609,2.9893165,2.1774065,4.431665,5.475742,2.854662,4.903229,4.202631,3.7600787,4.469764,3.3832994,4.8483796,4.069505,5.6268415,4.317644,4.5863686,4.7912827,4.5198283,4.1523623,3.5127823,4.3688164,4.4545946,4.4505835,2.7465374,4.420471,3.374414,4.8137603,5.162902,5.576618,5.855431,2.6359494,3.4280415,2.6446404,3.0807967,5.911263,3.8181438,2.6305938,2.6905096,4.3742557,3.39997,4.0191307,4.57691,5.1138673
SIM-0048-NT,7.3111753,3.8421593,2.0881333,2.0862725,3.7648726,3.1544056,3.6444561,3.511963,4.328105,5.482018,4.2545485,3.6203575,3.018227,2.027212,3.4154778,5.2553043,5.859025,4.3553967,4.629999,4.010741,3.1951926,3.4185596,3.3822196,6.645565,3.814456,4.9800386,3.0397666,5.3788586,3.9328885,3.484382,3.9325874,2.4745336,4.85987,3.0635595,2.5386488,2.6154225,4.192231,5.407264,4.126306,3.851548,4.0623107,4.9194045,4.7601194,2.53687,5.0034313,4.1943064,5.745152,3.4560878,2.5256383,2.5806608,6.1859646,5.889758,3.2287366,3.3730743,5.90447,2.2925668,3.0659509,4.638767,3.4125032,5.342754,3.6301913,4.562457,5.024331,4.354459,5.079333,1.6558459,3.9239306,2.7091298,2.208985,3.6402454,3.3888762,3.7090964,3.5562854,3.6295838,3.392644,4.49278,4.931887,4.456447,4.7233114,3.0280774,3.2208643,3.957546,4.39526,3.9359426,2.925741,3.171885,4.4583116,6.598177,6.863675,3.1504965,3.241282,2.5111964,3.245393,4.532959,5.2192993,2.6409428,2.527982,1.9841651,4.5288916,2.9772596,3.8772092,3.6295438,4.0391335,1.8350259,2.6306088,6.732784,2.9775226,3.277337,5.6056404,6.80389,2.7690697,3.606082,4.9255347,4.555111,3.0284119,3.714974,4.091587,4.77065,3.2615938,3.6876607,3.5494952,4.2668133,4.020856,4.422559,3.3623328,5.471227,5.4138,3.7806544,3.6517055,4.3365746,3.9721498,2.563973,4.5307875,3.7681997,6.3585005,5.7942247,4.0817146,3.5533652,2.6386359,4.974702,3.9966135,5.045631,2.1151278,5.61366,5.346163,2.5202098,2.0679777,4.785972,3.881481,3.2747355,3.6021528,3.5406156,4.801159,5.5514474,2.075141,4.0102596,4.021897,4.1008153,3.9088898,2.653491,4.8263917,5.596581,2.5537415,5.1558485,3.4794922,3.3712056,2.543966,3.545026,5.6311483,5.2121444,5.054288,4.8787394,4.2601557,6.141293,4.1749377,4.613122,2.9974327,4.3082495,3.2218766,4.6625614,2.6919396,5.345848,3.3069057,4.750417,5.376995,5.858534,5.065652,2.6288357,3.9153795,2.6538434,3.8974993,6.0923967,5.179628,2.7083337,3.6387382,3.8538144,2.405925,3.244196,4.7275734,5.4255443
SIM-0049-NT,6.786169,4.8332424,3.0803921,1.5814681,3.913694,3.3921764,3.5433838,2.7001505,4.2827897,4.825843,4.953109,3.1398702,2.873992,1.9753283,3.025981,3.7028222,6.653214,4.2019596,4.5868855,2.58639,1.954375,2.7666516,2.9579298,6.0164447,2.0425215,4.7926483,3.6109376,5.7429934,3.437728,3.4426658,3.5321207,3.418073,3.836186,4.386148,2.7961555,2.6604893,4.9689445,5.5710673,4.3601437,3.5059626,3.6005752,5.0008206,5.31287,3.9055831,5.2435565,3.9405696,5.9913816,3.5043876,1.9920028,2.3523972,6.6281734,6.6726127,3.5948625,3.2797132,4.6412635,2.9319696,3.1862793,5.038105,4.0607486,3.896167,4.114571,3.987255,5.676003,3.8369687,4.873668,2.1390786,3.9856834,3.5540395,1.9959875,2.5893896,3.5308468,4.194271,2.470175,3.8433163,4.1706724,3.7435937,5.5174727,4.688953,5.0695643,3.9123526,3.6687706,4.372842,4.176342,3.352818,2.0567107,3.9272835,3.0592773,7.4150267,6.175311,2.8289232,3.1577928,3.0506175,2.8524742,3.8064919,4.8228807,3.32796,3.6562524,2.449047,4.35982,2.9379725,3.9808216,2.7876394,2.9953043,1.9067061,2.1298244,5.8132534,2.23289,2.6726596,6.146922,7.7626953,1.96576,2.9878838,3.9458325,6.111569,2.910669,3.3926675,5.135704,4.9129615,3.614464,3.4580674,2.760244,3.6451921,3.613106,3.97597,3.9071646,4.5964785,5.530566,4.823592,4.581247,3.7999167,4.5202475,3.5112743,5.6181784,4.0577645,6.4420123,5.718567,4.3362975,3.107547,3.0347104,5.4517307,4.839943,4.6345687,2.0239694,4.7640114,3.792952,3.7201762,3.2578886,4.7474375,4.1907425,3.8596947,3.8377879,3.354123,3.668295,6.3357244,1.490322,4.3257837,4.8689656,4.0905704,3.8398383,2.2657835,3.7493885,5.63461,2.759892,4.6143136,3.509053,3.8519921,4.0028663,2.7485194,5.550866,4.455986,5.4119844,5.038474,4.772775,6.1061964,4.5320015,5.3743587,4.3378453,4.474734,3.0294797,5.236805,3.0712967,4.3745346,3.0246296,4.159859,4.7857966,5.969666,4.139884,2.950976,4.0091558,3.5027192,3.6669881,4.9780617,4.8666744,3.6361248,2.7124708,3.3117356,2.833588,2.8284376,4.872453,4.9517236
SIM-0050-NT,7.7761626,3.3523302,3.0778596,2.5826502,3.8225594,3.1074584,3.3831248,3.0460193,3.9815204,4.4182696,4.1015644,4.0993624,2.8567994,1.8252151,4.0287848,4.311346,5.2473364,3.4832206,4.5067773,3.773341,2.9528427,3.4299245,3.1116986,5.666103,3.6380367,4.5617647,3.190347,4.1566105,4.1000457,4.34806,3.6011002,3.752464,3.2805624,3.2653208,2.688717,3.5933325,3.5880566,5.9145875,4.6884575,3.520617,4.0990644,5.3768163,3.4786398,3.361521,5.7443447,4.6900835,5.4573803,4.2397704,3.0659838,3.018046,5.3727207,6.491026,4.478655,3.9554415,5.0399647,2.3828425,2.941971,4.6737094,2.721149,4.2422247,4.4802885,4.6258116,5.069455,3.693383,4.793865,1.8731761,4.172802,3.4576304,3.3271322,2.555786,3.7766862,4.734165,2.6242898,4.462836,4.0023932,4.3715487,5.2155533,4.483107,5.210959,2.9781168,3.9739249,3.615192,4.4954453,4.5160713,2.2929542,3.6288166,5.001738,6.662692,5.5865517,3.083583,4.2557354,3.003715,2.6762521,5.132747,5.6889277,3.1946785,2.7499924,2.3797152,4.0755477,2.2086864,3.3545215,4.686226,3.9139884,1.8712864,2.0287063,7.015297,3.136457,3.606934,5.961006,7.532077,2.404273,3.7130466,4.485082,6.4199214,3.1725643,3.4419663,4.8093743,3.5965598,2.4633596,4.281848,2.4377322,3.6311176,4.149086,4.9306755,3.711917,5.435575,5.2640605,4.306536,4.471951,3.4104075,4.4780836,2.055709,4.023368,3.9141784,5.698287,5.347477,5.3055344,3.7889547,2.5446746,4.95636,3.624247,4.8326406,2.1305428,3.944205,4.5048122,3.1090586,4.010046,4.22704,3.8661313,4.700961,3.8998048,4.1078033,3.8827927,5.816447,0.705527,3.532116,3.572375,3.9935071,4.25332,1.9371153,4.6871233,6.485983,2.45235,5.3607116,3.9370177,3.9968941,3.3222594,4.5855126,4.98141,4.103055,5.2233543,5.674626,5.003771,5.475416,3.3709862,4.4906096,3.977356,4.0331845,3.39275,4.727912,3.3287408,4.9539466,4.102581,5.2507796,5.013053,6.049932,4.2667375,2.6144912,4.328801,3.4055636,3.6897738,5.0286036,4.231875,3.0834954,3.0810146,3.971664,2.2215738,2.7639997,3.2627485,3.5955746
SIM-0051-NT,6.8479714,5.574525,3.9088516,1.3788381,4.3426633,2.4547691,2.928588,2.789167,3.7464597,4.9747505,4.2833996,4.172973,2.7959056,2.3434181,2.966786,3.2739692,5.018444,4.4548984,4.8137856,2.565144,2.7835119,2.4104726,4.1049633,5.839059,3.5193665,5.382971,2.6196086,4.9695964,4.661685,3.9011352,4.139788,2.6803975,4.72309,3.3019345,2.9491198,3.182057,4.5069923,5.753451,4.4810557,4.2255673,5.033577,5.288976,4.3013606,4.055106,4.861095,3.7611225,5.782371,4.0802226,2.1717672,2.8821115,6.3664947,4.9087944,4.331643,2.348279,5.261301,3.8132124,2.941111,4.688296,3.9868279,3.1366413,3.8726046,4.369681,6.338642,3.4727144,4.4531693,1.4856501,3.4340756,3.7204711,2.7945127,2.844064,3.4069536,4.6342893,2.4367058,3.398409,3.3864658,3.4927235,4.62386,4.6156387,5.4573426,3.5671706,3.2319903,4.855453,5.3027134,3.6495283,2.4583883,3.5607882,4.756755,6.3182096,5.9966817,4.1452403,3.7073843,2.8896823,3.6695032,4.0214963,5.7354345,2.8460658,4.0157933,1.5589855,3.5983503,2.3933415,3.008431,2.909757,2.690063,2.1256056,2.2789676,6.524253,2.9240677,2.5493958,5.6076384,6.787758,3.5714116,3.2205987,3.9816751,5.164406,2.272123,3.9082239,4.8787894,5.076147,4.1445484,5.0647354,2.588168,3.6315615,3.0834994,4.580459,3.5039399,4.7971716,4.443154,4.3312316,4.454356,4.122673,3.6584516,3.873104,5.341648,3.3475413,6.45339,4.13443,4.7201514,2.3018656,2.625105,4.534631,4.1549435,4.8995404,1.3267574,4.7476983,4.1977363,3.6800938,3.7443557,3.6751087,3.8168197,4.485881,4.2536945,3.2889059,4.019027,5.353937,1.1643505,2.9080436,3.8377013,4.9905934,3.437513,2.1916513,4.398258,6.836421,2.470576,5.410801,3.3723845,3.808976,2.953378,3.2784772,5.1981854,5.026681,5.3321295,5.1774564,4.7934537,5.3317018,4.9867,4.86443,3.6208677,3.062472,3.1157699,5.17538,3.6943688,5.066295,4.372457,4.5666947,4.6874576,6.4310193,4.286908,2.910571,4.2997055,2.9653547,3.317369,5.018081,5.5252233,3.6170008,3.1565907,3.8263571,2.8023758,3.4112184,4.511947,5.5224824
SIM-0052-NT,6.5226264,3.681111,3.0526023,0.9943451,4.105881,2.9324641,3.8305168,4.379202,2.8869138,6.203073,4.040511,4.0152693,2.25693,2.8237529,3.5344284,3.9154837,4.7992373,4.167173,5.4056535,3.382565,3.4021559,3.6013308,2.954226,6.926027,3.2012608,4.863362,3.1465635,4.966231,3.0698843,3.750609,3.2772644,4.15838,5.239114,3.9709857,2.6551607,2.2180548,3.8437974,6.550412,3.813893,2.7035642,4.800909,6.0562534,5.0489902,4.108247,5.707049,4.455223,4.497608,4.1971745,3.0863175,2.5642056,5.56051,5.2416067,3.3196115,4.535887,6.3986177,2.891631,3.2460349,4.152898,3.9266822,4.8747025,3.0719419,4.569516,5.676993,4.354388,5.465348,2.9678369,3.8345397,3.4933567,2.823304,2.80579,3.8012836,5.2516522,2.7820716,3.590041,3.2840502,3.4443731,4.5815363,4.6948853,5.546454,4.3352532,2.8752463,3.4874017,5.0197816,4.0943255,2.9306774,4.002938,4.7947435,7.1033783,6.4334483,3.1600404,3.2763987,3.4991646,3.8374474,4.0872755,5.9177628,3.0031118,4.051205,2.5918531,3.3765926,3.2284648,3.861656,4.4305935,3.534587,2.9585433,2.5416276,5.508565,2.6525838,2.9044468,5.3074684,7.061154,3.307338,3.7508514,4.0706334,5.654462,3.0108712,3.8633828,5.332253,4.570736,2.9224956,3.5850165,2.7081146,4.323889,4.382536,5.1195126,3.50998,4.8531933,4.2854853,4.37037,3.8141246,4.021886,5.5150037,3.430219,3.8845878,4.106608,5.8346305,5.092983,5.4374166,3.7703488,3.0603569,4.9952316,4.1073546,5.2513847,2.4087029,3.3860357,5.66489,2.9811006,3.7001598,4.8070645,4.285168,4.081283,3.68465,3.1331248,4.292679,6.1872993,1.1094402,3.3991377,4.7870216,4.0673714,3.4228053,2.0567062,4.2955046,4.9405313,2.1964686,4.979012,3.7830937,4.517672,3.8667977,4.4217854,5.757371,4.508288,5.4207773,5.1863513,4.7318764,6.1549034,4.750536,4.7674003,4.09686,4.6969824,3.7426562,4.9735775,2.4047718,4.3535666,3.4687402,5.2997847,5.010771,5.11338,4.4787774,2.5496025,3.4832067,3.044945,3.328006,5.1495185,4.6641364,3.4972095,2.5620182,3.911476,3.0172791,2.9478147,3.483131,4.387025
SIM-0053-NT,6.704837,3.7552004,2.8366008,2.7004251,3.5784125,3.0457566,4.650795,3.5919683,3.6753473,4.9875393,4.37173,4.689251,2.6989193,1.946512,2.824288,3.9977655,5.0650864,3.898383,4.5283976,4.037766,2.5608582,3.2333484,2.4727278,6.1942234,2.5770333,4.6256647,4.202674,5.3976603,4.320745,5.442833,3.5016503,3.9278204,3.679735,3.4230552,2.1004994,2.8507004,4.200573,5.4252586,4.7060204,3.5978122,4.449252,5.716279,3.4777718,3.2148654,5.1332192,4.743833,6.246375,4.0752945,2.6172955,2.1955428,5.81592,5.575107,3.6834648,3.5698686,5.7372584,2.611089,2.719194,4.859189,2.0925324,3.693039,3.2609024,4.9392037,5.1870155,3.8102267,4.619628,1.6521417,3.7499576,3.205325,2.5701668,2.907239,3.1607978,4.3390107,2.7039258,4.183932,2.801752,4.0522976,5.384782,5.0254602,5.487343,4.1640353,4.39657,3.6253803,3.7196512,3.4095433,3.793449,4.9748836,3.7659283,6.153814,5.714849,3.7588851,3.0689654,1.5532482,4.49305,4.4717917,5.43306,3.1683633,3.578746,1.095608,3.416874,2.9901645,2.335115,2.9718804,3.7236552,2.0909266,2.2574139,5.6313014,1.8015614,2.975588,5.6868515,6.2174263,2.8597,3.484276,4.1110435,4.6502504,3.3545265,3.1381965,4.808973,4.030632,3.4294806,4.442323,2.8909132,4.326846,3.8988054,4.430242,2.5541034,4.312776,4.9002614,4.767262,4.098642,4.185585,4.112963,3.8572795,4.2496223,4.3166065,5.2407355,4.766345,3.2441745,3.6299353,3.224422,5.639557,3.9240682,4.1983695,2.1948903,5.649288,5.3013344,3.2864735,3.6939852,4.9314084,3.9245458,3.512358,3.8320007,3.2586653,4.0650578,4.912788,1.9458454,4.0349936,4.8912935,3.4813523,4.5789337,1.4570405,3.7288413,5.4169393,3.119999,4.976615,3.54956,3.542362,2.259134,4.2318573,5.699364,5.2588806,5.930721,3.856361,3.8167953,5.9763703,4.2541347,4.5485673,3.1518157,4.540341,3.5306723,5.2401795,2.5048952,4.8704944,3.1404667,5.106333,3.4869041,5.036588,4.569619,3.6155188,3.0326753,2.2062025,3.5901077,6.39594,4.73862,3.6521404,2.8174808,3.7774713,2.824532,2.999715,4.674144,4.352176
SIM-0054-NT,7.3588557,4.4340663,2.9031014,1.0464616,3.7778172,3.7863846,3.480343,3.5271025,3.4194431,5.051453,3.4709725,3.8913062,3.1496665,2.4856246,3.0618997,3.775192,6.036527,4.0245557,4.8390865,4.4524384,2.3395617,3.5750926,2.6974335,6.4558606,3.5326896,4.5833063,2.4883344,3.9463563,4.0773945,4.1064715,3.4204235,3.3936865,3.7078571,3.4280725,2.2008724,2.683072,3.922048,4.983908,3.830555,3.4142833,3.6288638,5.8473744,4.0392947,2.4879599,4.7946486,4.886112,5.155077,4.932106,2.3472,2.8835447,6.169247,5.948763,3.1332338,3.1455784,6.0464797,2.4906487,3.5931113,4.4281845,3.6761136,3.3018243,3.5324235,3.8999214,5.5202813,4.1371837,4.875264,1.7045667,3.4861665,3.2481344,2.2663927,3.661059,3.6086154,4.7528353,2.9046953,3.9924493,2.6868048,3.1416118,5.5316124,4.5800576,4.496614,4.02155,3.024428,3.3388913,3.6700606,4.676538,1.9328628,3.6717238,4.2882915,7.306656,6.1537733,2.7237444,4.4772935,1.8589962,3.541961,4.5594974,4.7652955,3.6197128,3.0889084,2.200282,2.9175365,3.1050737,3.2645073,3.697991,3.883747,2.8668864,2.786761,6.065493,3.106412,3.3002436,6.0728683,5.7589164,2.337153,4.323804,3.7135828,6.1699286,3.3663692,3.391846,3.7797217,4.15031,4.6628513,3.4345384,2.2279756,3.263035,4.341005,4.110712,3.1317196,5.1782756,5.302463,3.6957843,3.7399645,4.6322403,4.0084786,2.5039098,3.4249365,3.344694,5.473426,4.5503163,3.8360932,2.7774024,2.6562479,6.037598,4.129328,4.396356,2.5100417,4.8087792,4.654497,3.0298767,3.5897696,5.6469502,4.50803,3.1669679,4.081623,3.3521543,4.375688,4.7838984,0.87945175,3.9351034,4.675347,4.547316,4.055144,2.4301875,4.414243,5.4755034,2.8726394,5.376268,3.639917,3.8802125,3.7428045,3.6553328,5.3378873,4.8247685,5.6834087,4.767242,4.62807,5.724557,5.360118,5.2222123,3.4056878,4.431076,3.4565089,5.644297,2.5594692,4.8766885,3.7598023,5.2004867,4.3082695,6.108602,4.939757,3.0705714,3.9280338,2.6220732,3.8763673,5.114126,5.180026,3.8424904,3.614922,4.2210937,2.5401917,3.3834536,4.5020437,4.8752413
SIM-0055-NT,7.5804205,4.7044516,2.5643504,2.8093905,4.3164062,2.6400075,3.1695156,4.131795,4.7717013,5.570723,4.816703,4.4496727,3.2428043,2.4898381,3.7836237,4.314225,5.397131,4.4962535,5.712048,3.3975182,2.6584325,3.2731564,2.949945,5.470061,3.7524729,4.6130133,3.106297,4.6265106,5.023329,4.2699504,3.838868,2.7552636,4.2726073,3.830093,2.8687122,2.7766113,4.278437,5.9584894,4.139062,4.1063685,3.7923665,6.582927,4.0774527,3.690869,5.3895216,4.223361,5.5396686,4.1810718,2.318512,2.8511355,4.826317,6.60002,4.216966,3.936374,4.5931234,2.49669,3.7999456,6.7189474,4.202741,4.5133495,4.0990443,3.913826,5.905069,3.5399811,4.0386467,1.3130633,4.4391427,3.1280627,2.8316162,3.1141458,3.1030183,4.5805373,2.3633943,3.3279958,3.2637255,3.1316736,5.291596,4.868601,4.6905785,3.6971784,4.232087,3.2857597,4.455816,4.2293344,3.4620557,4.238223,4.0125804,6.550856,5.9175296,3.100909,3.053061,3.1581023,3.9425097,3.7935107,5.0554905,3.1583734,2.767594,0.91931283,3.5020378,2.7593844,2.749944,3.211628,4.4871655,2.6633296,2.469612,5.2090416,3.0704286,2.9764106,6.049089,7.8731184,2.4160275,2.194343,3.8148284,5.97172,3.0266058,3.146904,4.0674787,4.2574615,3.0007966,4.126494,2.4193907,3.4482675,3.3544743,4.3637314,3.4659774,4.5725174,5.1027803,4.1193314,3.8351912,3.6879654,3.802747,4.3110394,3.6420763,3.6932251,6.1423016,5.4216886,4.9228315,3.0826938,2.7703178,5.5984573,5.168105,5.1838927,2.187087,4.9026814,4.4777803,2.963069,3.1048012,4.732014,4.1557713,3.6854007,3.2609391,3.7791657,3.2059565,5.180667,1.1517926,3.9066474,5.1164374,4.5819473,4.3522863,2.5658844,4.890522,6.655914,2.1002202,4.465276,4.0058804,3.9368365,3.0572784,3.5412104,5.001915,5.393038,5.182381,5.520608,4.701201,4.9544277,4.023603,4.496643,3.985721,3.8830285,3.2597811,4.2607603,3.984652,4.8179483,4.0588493,4.900934,4.4245553,6.7769885,3.7724142,2.5672832,3.3272948,2.6254923,3.162673,5.0182395,4.6552544,2.017055,2.8285384,3.987637,2.1038017,4.0854692,4.01478,5.03657
SIM-0056-NT,6.6177526,4.3736267,3.6645339,3.1044617,4.640531,3.7310557,4.4428563,3.5123386,4.6443343,5.462181,4.2290425,4.0165358,2.0536377,2.471377,2.7418184,3.133583,5.8643694,3.573235,4.9791827,3.5699215,2.9065812,2.5828226,3.724115,6.0838523,3.3991513,4.240269,3.007909,5.4802203,4.87004,3.4447157,3.6864586,2.850869,4.1178656,2.8454828,2.7053063,3.0386314,3.7800615,5.5337877,4.0497427,4.4089212,3.9800303,5.0183935,3.7963717,3.020318,5.3708816,4.361201,5.563161,4.8205547,3.4415715,1.8087236,5.9748454,5.836489,3.5896854,3.7806544,4.598253,3.6242754,3.362745,4.2107277,3.3126898,3.1433048,3.6795785,4.0962086,4.7449265,4.4789357,5.2823377,1.9361477,3.798458,3.374262,2.7713675,2.580758,3.3395376,4.7676845,2.7977006,4.0353,3.6210153,2.9099128,5.3353667,4.5398235,6.6137524,3.6516771,3.4657867,5.1907506,4.339543,4.142758,2.422151,4.854623,3.6486773,6.7310348,5.6400666,3.0520885,3.0006504,3.2081215,3.2703943,3.7080603,5.8321986,3.018848,3.5131571,2.2734191,4.0743513,1.8392678,3.818239,3.0728323,3.741223,2.1877341,1.7279383,6.2253327,2.0303817,2.7602947,5.9150457,7.4420853,2.4186268,4.357545,4.8149824,5.513993,2.4587681,3.032814,4.9132147,4.0661244,4.223522,3.526415,2.1747687,3.8786395,3.3905892,4.236445,3.9376674,4.5301533,5.073198,4.2580028,3.505207,4.2490745,4.08005,3.7248905,4.6194,3.801739,6.6093645,5.427039,4.509425,3.081368,3.1184673,5.002898,5.086525,5.488825,2.692383,5.6980867,3.6848133,2.1788805,3.367695,4.2843328,3.9533632,2.8867612,4.4723077,4.825122,4.7930565,6.0142536,1.5464013,3.341651,4.212776,5.348788,3.4520912,2.0157995,4.881647,6.3141932,2.0421877,4.7330856,3.420522,3.9735203,3.498945,3.26353,5.844877,4.633481,6.8954077,5.3368273,4.390628,6.031292,4.27042,3.9303517,3.5831685,3.938399,2.5064173,4.9530663,1.7881411,4.608507,3.931147,5.219745,4.545334,5.777881,4.3387427,2.433368,3.96209,2.377868,3.6155698,5.641955,4.5544286,4.511593,2.9159315,3.8931649,2.5722432,2.8433902,4.654958,4.8121886
SIM-0057-NT,6.629888,4.145289,2.51799,0.9924121,4.0362415,3.6237266,3.6831326,4.168191,4.2346873,5.327963,5.0983734,3.7927923,2.995884,2.3195848,4.2855854,3.9474752,5.4437914,4.424112,4.5746098,3.76744,3.0219767,2.940182,3.5576797,5.384575,3.2600944,4.607106,4.528205,5.0094852,4.0867553,3.1542113,4.611941,3.1701958,4.050396,3.7131662,3.0992537,3.039039,4.182463,5.658686,4.2760105,4.04956,4.4982686,5.853228,4.2475896,3.180671,5.034143,4.805647,4.6424923,3.2928581,3.2346692,3.391902,5.018328,5.7738953,3.6207082,3.4863977,5.6142097,2.246519,2.5516644,4.492701,3.532707,3.4319005,4.231381,4.128794,5.196573,4.231914,4.579485,2.3685663,3.4845703,2.4580765,2.6262932,3.1519656,3.0454986,4.222026,2.7647562,3.6517413,2.7895746,4.1549973,4.6868606,5.1130214,5.3516335,3.9928737,3.1983075,2.44856,3.6741037,4.1137185,3.0979764,3.195653,4.2014275,5.956342,5.9941545,3.1370564,4.0843673,3.0699694,3.638788,4.745802,5.030682,4.682475,2.736444,1.5888331,4.2880135,3.3139462,3.714255,3.4607985,2.8639588,3.036921,2.4310093,6.7521944,1.695814,3.0314987,5.5551624,7.191127,2.9869685,3.814775,3.8120847,5.7002134,2.9230592,4.002377,5.271986,4.510004,2.9857578,3.9199665,3.9306421,4.584829,2.2464128,4.2638416,3.9107325,4.380375,4.7826705,4.0219474,4.6278515,3.4789205,4.5944285,3.2504454,3.8489823,4.4648886,5.320603,5.2957497,4.100009,4.3089137,2.545078,4.1136603,3.9718416,4.7079186,2.6474562,6.065708,5.1578693,2.9835305,3.0827675,5.075731,3.868185,3.37875,3.687975,3.1218784,3.9200525,5.3549376,1.7986698,3.5691056,3.5427825,3.4941077,3.7328703,2.279591,4.050839,5.493622,2.660382,5.559101,3.2814023,3.983127,3.4262369,3.2774866,5.2922287,4.5636578,5.076664,5.2616615,4.4548593,6.0214767,3.8455498,4.8329735,4.394296,5.105296,3.9426408,4.401048,3.0472226,4.540777,3.9512994,4.7851386,3.8941321,5.648388,5.0920763,2.5719595,4.1345205,2.9361682,3.683984,5.7759843,4.500193,3.3425148,3.8579118,4.1037974,2.8047216,3.380302,4.203055,4.937634
SIM-0058-NT,7.0182014,4.161552,2.9377043,1.4726964,4.3217177,3.4791565,3.4786851,2.383714,4.1543946,5.1260724,3.660433,4.228,2.2651336,2.848021,3.4850087,2.811785,5.857095,3.9271781,4.7043147,3.1318414,2.7514484,2.792289,2.3464286,6.764504,3.0564346,4.472522,2.532861,5.316939,3.7357352,3.9103558,3.667413,3.0825024,3.8942924,3.2348568,2.7788005,2.8397183,3.7797916,5.5336237,4.604219,3.0500474,4.282692,4.83061,3.6930401,3.7195785,4.833663,3.8203547,6.197898,4.643279,1.8093781,1.8946266,5.9476566,5.5812287,4.5707684,3.9249809,5.611177,2.3820229,3.3509932,4.0054445,4.258017,4.2059474,3.424142,4.739913,6.528244,3.9817762,4.9191456,1.7339132,3.9939578,2.4031525,2.7809224,3.1436362,4.5653753,4.018401,2.5331657,4.6746902,3.3949447,3.586656,4.5861287,4.0718126,4.424471,3.5308867,2.8093798,3.8351605,3.8486629,3.9367778,2.6895094,4.066407,3.9639668,5.9865813,5.919728,3.6804981,3.7768497,2.2316477,3.3477197,3.290289,5.1361523,3.070739,2.8791234,1.4766618,3.632217,3.4338148,4.0165906,2.6590767,3.6466987,1.9959767,2.9377275,6.2020006,2.7589722,3.1713457,5.538707,7.5870104,2.827561,3.203795,4.2267356,6.3446617,2.8005717,4.229501,4.4646645,4.0519342,3.9536426,3.4291909,3.0363743,3.9376392,3.2968156,4.196449,3.1702857,4.6460266,5.956615,3.970077,4.6186447,4.065376,4.012113,3.1958394,3.8877857,4.0702834,5.948797,5.1209545,4.8929334,3.2864475,2.773539,5.8611712,3.3447084,5.116554,1.81532,5.0332046,4.1603885,2.4280686,4.1854186,5.1918254,3.941854,3.875566,3.9250073,4.613276,3.0959873,5.6600537,1.0697783,2.585168,3.9962473,5.2200184,3.3000607,2.638661,4.9273314,5.7210016,2.5263665,4.005679,3.3133926,4.3921795,2.977441,3.8492146,5.3666234,5.6786575,5.5170517,5.980117,4.5058384,6.591034,3.826504,4.9203143,3.5065856,4.136282,3.9137642,5.178989,3.4318876,4.44724,3.3979318,5.1792994,4.7315426,5.7277164,4.251459,3.0272856,3.7516282,3.5410318,3.488092,5.835443,4.9163885,2.8889322,3.169884,4.9969487,2.909246,3.779498,4.658645,5.308837
SIM-0059-NT,7.0071015,4.6880674,3.3921032,1.1918718,4.391363,3.09502,3.3888793,4.0358853,3.492636,4.368596,4.554907,3.1311681,2.0003746,2.779451,3.5930533,4.182577,5.546716,3.4380713,4.389846,3.3646097,2.178855,3.1884098,3.0435448,6.220988,3.2561874,5.031889,3.3468142,4.7596226,4.476936,3.9613662,2.7447925,3.6684752,4.5210433,3.827041,2.1309724,2.5641758,3.6268232,5.9513917,3.4574335,3.4170344,4.5529833,4.9913144,3.755187,4.0424323,5.580145,4.789792,5.960111,4.067445,2.6732345,2.3078,5.7347927,5.459717,3.6039476,3.9167628,6.053714,3.0920844,4.002431,4.290569,2.6864076,4.352192,3.4506404,4.2007284,4.5225835,3.6409795,3.8928254,1.7326763,3.754006,3.20175,3.4010487,3.4603007,2.8547919,5.21991,2.7294848,3.9817183,3.5044808,3.7746031,4.6568146,4.44694,5.9293675,3.4935415,2.7891133,3.7452874,3.6772137,3.3151817,2.7433784,4.8148007,4.208926,6.606763,4.8117704,3.3658195,3.7592995,2.2041006,3.4993181,4.4006658,4.6761093,3.4368432,3.9444213,1.7387402,3.403537,2.8487957,3.8978672,2.5099797,4.1950164,1.9032644,2.6539862,5.8470817,2.4290688,3.664762,5.1323705,7.14775,3.6940956,3.974512,3.676007,5.0879073,2.63733,3.833676,4.890309,3.798918,3.1874652,3.4604359,2.5347307,4.754174,3.267019,3.7436912,2.8781028,4.789311,4.992045,3.7073162,4.1703587,3.6574004,4.1480303,4.6206303,4.5919266,3.856219,5.7606807,4.9016547,4.7526913,3.5766199,2.654538,5.79781,4.2733026,4.867524,2.4035125,4.8388705,3.9769783,2.816801,3.9495006,4.0096498,4.2723374,3.1664608,4.286541,3.9044933,3.5515072,5.3594847,1.8990619,3.1336336,3.641037,4.2612453,4.694751,1.9069892,4.575632,5.857418,2.1713786,4.944395,3.4475574,3.7597733,2.1164656,3.6533256,5.7495914,4.611368,6.2775655,5.4675756,4.409316,5.4299717,4.1958613,4.092733,3.5698895,4.1395454,4.1602864,5.253744,2.3892694,4.0626664,3.706073,5.5771294,4.6405606,6.0916386,4.640212,2.78646,3.1344178,3.630084,2.9254785,5.908095,4.5014415,3.2431555,2.8657317,4.1605844,3.0122023,3.8580406,5.0159836,5.321223
SIM-0060-NT,7.7706995,4.460896,3.549182,2.0823135,3.9931092,3.277676,3.8362286,3.3718042,4.065637,5.498662,4.145362,2.3694212,3.803481,2.1765215,3.102052,3.3841624,5.599707,3.8489003,4.614235,3.1596413,3.0799277,4.050065,3.6850595,6.689769,2.9899085,4.890822,3.310314,4.601794,4.1720862,4.270638,4.504384,3.3789175,3.8484936,3.3972206,2.0537286,2.7596636,4.3002896,5.443736,4.2808475,4.0898123,4.414257,4.7052364,4.09275,3.7939942,5.8956447,4.2927933,5.8111763,4.62231,2.6772172,3.2060447,6.252015,6.413858,4.049697,4.796881,5.153803,3.9549932,3.4894228,5.3135204,3.445376,4.417115,4.550044,3.7938952,5.3258185,3.0199585,4.5547724,1.5418239,3.8423977,4.6185913,3.6400888,2.402124,3.9437459,5.315368,2.5046587,4.1197853,3.6538217,2.999021,4.4870934,4.624264,5.3870993,3.4912128,2.9068694,3.7312515,4.6855726,4.1383305,3.7269773,3.7425795,4.324783,6.3403263,6.170825,2.7559626,4.6763153,1.6912518,4.267033,4.3605995,5.4820657,3.9381785,3.7746844,1.4876975,4.1373787,3.8713226,3.0269146,4.1823535,4.0985885,2.0256577,2.08631,6.017604,1.7349381,2.6955922,5.70545,6.3678603,3.2023559,3.522368,4.0236583,5.566031,3.1906965,3.7913327,4.42685,4.497593,3.598506,3.296445,2.480852,4.0514956,4.0196815,4.117188,3.7830591,3.9815607,4.538222,4.029802,5.1005397,4.1347814,3.8624015,4.050511,4.173025,5.02008,5.837527,5.0674906,4.3026657,3.1124005,2.4837284,6.4921303,4.4220624,4.7122684,2.0244744,4.6386037,4.9672,2.0516484,2.9570432,4.140063,4.7279906,3.5205703,4.1045876,3.7618868,4.8006916,4.6791306,1.8013232,3.6637003,4.638954,3.8863528,3.640282,2.192025,3.8267775,5.087144,2.175933,4.928794,3.2930186,3.773639,2.0042028,3.480219,5.8118377,4.9352455,5.688851,5.299238,4.0249567,6.556154,5.472874,4.9104,4.9987717,3.7264547,2.6770365,4.6347723,2.7119513,5.938384,3.6687696,4.7414193,4.3016396,6.3906574,5.229426,2.1852205,2.9951549,2.2636962,4.3423424,5.8556323,4.6702642,4.235486,3.9654458,4.0148125,2.774654,3.0378366,4.169708,4.4121494
SIM-0061-NT,6.168669,3.55308,3.5526304,1.0872526,5.242693,2.8218699,4.4533176,3.2053761,3.0761156,5.70787,4.8579817,3.3883395,2.79852,1.8724191,3.4534287,4.000132,5.5922384,3.2208285,4.6923,3.8524637,2.7106066,2.871163,2.8093855,5.8234444,3.8830874,4.2686005,3.4574845,4.9551005,4.5073566,3.4771838,3.7833488,3.3423522,4.1857386,3.7107325,3.0031137,3.8084157,4.3116827,4.6229696,4.7415013,3.7794263,5.291789,6.041464,3.9667487,3.9500241,4.8093114,4.430102,5.8737483,4.739734,3.223134,2.6693356,6.89264,5.5411553,3.0168805,2.909463,6.198448,2.8546278,3.1848018,4.3720646,3.3790436,3.60133,4.0721326,4.2888846,5.6249843,4.260304,4.4309998,1.2204626,3.1783817,4.6700954,3.5202737,3.7919388,3.3285732,4.9206576,2.265926,3.3745904,3.2214437,4.335419,5.4231305,4.0530915,5.17999,4.220056,3.0185716,3.8159342,4.443421,4.3720384,3.0426848,3.7636414,3.9527407,5.9506493,5.096176,3.0893822,4.1207466,1.8464167,3.5457795,4.7079206,4.2874866,3.1356256,4.1689587,2.1286814,2.9021056,3.2667553,3.096692,3.4687927,3.5606966,2.2157555,2.2641833,6.130826,2.4289372,2.7914453,5.249111,7.150397,2.916076,2.823485,4.838014,5.640554,3.094024,4.137003,4.9414587,5.017368,3.4771962,4.383392,2.6865666,4.015643,3.9354272,4.8525352,3.805379,4.250066,4.6920824,4.1305523,3.971706,3.5270593,2.936058,2.5038104,5.3091974,3.5744631,7.0448985,5.774932,4.3609676,2.4866402,2.8899229,6.1372347,5.041568,4.617263,1.6810799,4.4488554,4.028125,3.5286467,4.3443356,4.361664,3.9009266,4.482184,3.4072251,3.7739341,4.3840456,5.0400915,1.1153843,3.406281,4.884876,5.2531776,3.6854815,2.109169,4.0280747,5.7282233,2.1910276,4.815313,3.878091,3.7360191,2.8523076,3.5728166,5.141263,4.3619313,6.11341,4.292044,5.226227,5.8116994,4.744002,5.190527,3.3493993,3.6093667,2.7864413,4.86605,3.1712985,4.4904695,4.1133146,3.9872866,4.5580854,6.404215,4.6452894,2.013388,3.6046252,1.3139817,2.975819,6.0398493,4.3462324,3.0687973,1.8203765,3.217363,3.3784645,3.637507,3.6632898,4.840026
SIM-0062-NT,6.8992763,3.8163457,2.00839,1.7883486,4.554016,3.4829876,4.022261,2.6111245,3.88816,4.9317546,4.113438,3.7354743,2.6341221,0.81642187,4.0946064,4.1112127,5.025785,4.3668404,4.759087,3.291218,2.430849,3.3033485,2.874862,5.5800524,3.7444859,4.749048,3.0233297,5.277805,4.051158,3.6092856,4.1120954,2.5745234,4.5566216,3.1671607,3.2021306,2.995394,4.379862,4.775612,4.108294,3.2927284,4.267394,4.1483617,3.448966,4.1835895,5.2908154,4.251848,5.0813847,3.6411073,2.875609,2.4600246,6.4242516,5.6312838,3.849841,2.922561,5.2810946,2.98145,2.9188802,4.4005127,3.7688496,4.75229,3.909042,4.9096675,5.7182827,4.6327615,4.339079,1.8463641,3.8498948,3.4299083,3.1773934,3.1843758,4.10423,4.634237,3.116296,4.538536,3.8545787,3.7394116,5.35942,4.091113,5.436579,3.9957495,2.6392994,4.0134335,3.6180875,3.962614,2.9354925,3.7251217,4.269505,6.5507526,5.4667535,3.430744,3.3305385,3.680545,3.3545535,3.729958,4.7136827,3.8447065,3.1412778,1.170829,4.2641907,2.7297986,3.7972703,3.590922,4.042969,3.4402254,1.6705835,5.720272,2.5846024,4.033801,6.7359147,7.5494123,2.4313712,3.2929938,3.9272757,5.336984,3.7594953,3.6328385,4.7215886,4.8219595,2.79208,3.8925,2.0766683,3.6146188,3.4404023,3.9131796,3.5574636,4.582145,4.9028053,4.3407717,3.9174492,4.3939486,3.8969848,3.0366101,3.919115,3.7820146,7.0284877,5.541698,3.813645,3.6963522,2.6516242,5.3330226,3.959919,5.12053,1.9600341,5.626367,3.9297903,2.7431161,4.228473,4.347804,5.1882,3.5732586,4.025033,4.7005973,3.395601,4.652617,1.0355874,4.169836,3.3715866,4.594518,3.8914387,3.2504735,4.8507376,5.909375,3.145705,5.1332803,3.4414396,3.3663728,2.6624188,3.6455069,5.3875537,3.5150576,5.6225314,5.191703,4.712856,6.557335,4.53182,4.3732066,2.7943892,4.4100513,2.8680325,5.4230022,3.5204062,4.010313,4.086295,5.8175583,5.2603884,4.7724566,4.303949,1.7878695,4.194783,3.0346563,2.1327744,5.3608127,5.037894,3.3750575,3.059416,3.8502853,2.2539694,3.3203318,4.338056,5.4629393
SIM-0063-NT,7.262112,4.4573402,3.557916,1.6804914,3.5456994,3.4255857,3.6478324,3.636369,3.2269833,5.9613786,4.5123,3.6973667,2.4966197,2.863894,2.9628072,5.0769,5.4613276,4.990527,4.8905025,4.2910776,2.447622,3.0443015,3.6771486,6.4595084,3.7289944,4.594753,3.139477,5.555767,4.0323234,4.1296325,3.8496575,3.4481492,4.488347,3.1508749,2.6440477,2.7945285,4.121226,6.365459,4.6649694,4.026352,3.904253,4.89399,5.206288,3.08413,5.1632185,4.6092305,5.3800945,3.6821322,2.3830829,2.3585882,5.2961817,6.387526,3.8159177,3.3549123,5.5149236,3.2269323,2.9329631,5.0943174,2.9698215,4.5805297,3.832081,4.313568,5.0609746,3.4766598,3.8106031,1.5684396,4.245118,2.6761305,2.006963,2.667315,3.47346,4.743152,2.609161,4.5469346,4.1404576,4.675058,4.1903043,4.1101737,5.6866407,3.6184788,3.7344506,3.8796978,5.0320992,4.6979313,3.4461203,3.8845541,4.1794977,6.3648477,5.1238985,3.8826413,4.0853105,2.3640444,4.0615892,4.0004215,4.286786,3.774601,2.7065735,1.7548232,3.9403956,3.1303182,3.894761,3.413565,4.1806836,1.8468958,2.6800764,5.376472,3.4936461,2.201932,5.6636934,6.24563,2.46335,3.6384652,4.0771766,6.300821,3.1265934,3.5232673,4.7105465,5.0446167,4.0782795,3.2967916,2.2847784,3.999221,3.9102957,3.7069793,3.819236,4.0261016,5.664629,4.420154,3.7857943,3.7886171,3.726854,3.3583803,4.214506,3.329969,5.3960385,5.8478665,4.528965,3.2897115,3.0229545,4.8816833,4.3547454,5.7493963,2.8426976,4.783234,4.1927347,1.4593496,4.0628223,4.6570196,3.7805529,2.9919748,3.3188782,3.9702215,4.107892,5.817288,1.4765631,4.246529,4.3613,4.7103915,2.5832438,1.6261055,4.1458197,6.2671347,3.4064035,4.78171,3.3656847,2.9611914,3.3788834,3.3904486,6.779212,4.2129536,6.7849493,5.5515957,3.9249547,5.8600063,4.824683,4.715362,4.1224203,4.4745245,3.6007452,4.981347,2.2342262,4.743958,3.8973813,4.2332215,4.8354864,5.772246,4.082462,2.2614565,3.7771237,3.7930403,3.5917795,6.029251,4.578626,2.3641112,3.3224535,3.7036886,2.6156397,2.8023741,4.3483934,5.6879015
SIM-0064-NT,7.3802314,5.2075043,3.8744416,0.8450167,3.6709013,2.2829633,3.9006078,3.0413623,3.6146188,4.9576817,4.348334,3.0987046,2.3349144,2.3259652,4.1130652,3.933519,5.3721004,3.05617,5.4590774,3.1327386,2.2413378,2.1772206,2.5552235,5.647863,3.059189,4.2341185,3.1899269,4.808349,5.4959474,2.9911406,4.039977,3.4322147,3.9307933,3.5926428,3.1591914,2.770308,4.8648195,4.4902472,3.738875,4.61889,4.7418394,5.5762577,4.83599,2.6307938,5.504094,4.9609413,5.206406,5.497853,2.8737056,1.5354562,5.841564,5.3637357,4.4029784,3.8907847,5.162483,3.6441803,3.5749986,4.229367,3.5293722,4.2533364,3.6544256,4.170375,5.425844,3.5576854,3.5275564,2.0693953,2.9568315,2.6602504,1.8953959,2.2976255,3.8790543,4.8047485,2.5444071,3.3726807,3.187906,3.8605545,4.9767146,4.9494524,5.819944,3.7193844,2.3779328,3.3978188,4.193652,3.7883298,2.3883,4.125366,5.4433794,6.2733803,5.8754416,2.4907386,4.334317,2.9739294,3.81216,4.995503,4.9921827,3.1197073,4.200793,2.169075,2.7277231,3.1649961,3.1797116,3.572225,4.109833,1.3720002,2.6673698,6.234561,2.8943086,3.190979,6.5848966,7.1120114,2.8398826,4.2057347,5.462926,6.186233,3.116246,3.9709873,4.9053593,4.4440255,4.7064295,3.4916503,3.202557,3.6988978,2.993403,4.1380115,3.171285,4.7603273,5.058366,3.6444159,5.0872607,4.5982223,4.7931123,3.3969243,4.298628,4.2544937,5.804431,5.6383843,4.2980075,2.5064256,2.9513164,4.9706597,4.1414733,4.662036,2.8916807,4.503053,4.2861414,2.5070279,3.113385,3.9664326,3.9542418,4.0007644,4.0567346,3.219594,4.7996426,5.943698,0.9827487,4.375205,4.3399816,4.2177663,3.8071253,2.230393,4.6005344,5.821008,2.2974255,3.850915,3.935066,3.751848,3.3360748,3.9063814,5.1262126,5.0941496,5.8347325,5.2592335,4.3700314,6.5857124,4.08236,4.666651,3.0847614,4.4299116,3.0115016,4.754566,2.563228,4.8137116,3.1839693,4.0496244,4.9797206,4.7638674,5.1578436,3.2072234,3.850935,3.4777393,3.469592,6.310849,4.409425,2.1186285,2.9463267,4.8867636,3.050924,3.0711982,4.47646,5.6408744
SIM-0065-NT,6.871054,5.727605,2.7517529,2.369209,4.64868,2.8371453,3.3724225,3.8969526,3.931603,5.2350163,3.339065,4.1693645,3.1079946,2.2933621,3.694138,3.7416086,5.4719787,4.0093317,4.750638,4.590969,3.2709918,2.5506487,4.292922,5.9120417,3.193341,5.2871976,2.1120787,4.81306,4.0982842,3.945902,4.1442623,3.3065825,4.3842483,4.0775824,2.9251373,2.742775,4.2465234,6.4970355,4.246329,3.6241374,3.3313267,4.589033,3.9858694,3.5348842,4.8284783,4.604328,5.251502,3.7259896,3.081853,3.3165379,5.0973444,5.845524,2.8679786,2.8795438,5.1670613,3.4604096,2.71592,4.2352767,3.6234386,4.0134196,3.4439914,5.330685,5.2748,4.147377,4.4430494,2.1698136,4.5687604,3.9886017,2.4000542,3.6722453,3.940717,5.403171,2.6276677,3.9371111,3.9836879,4.149673,5.7856183,4.637389,5.283941,2.6155674,2.4984272,3.5790153,3.6919675,4.5836387,2.2606015,3.8398378,3.9972148,7.119846,5.572725,3.3729627,3.8104696,2.988202,3.8344004,4.2988853,4.357706,3.1550457,3.3358757,1.9957156,3.4685566,3.5080361,3.4773703,2.6628904,3.6766236,3.206543,2.8651435,6.6534753,2.191784,2.5587995,5.4962025,6.997264,2.7414324,3.387004,4.1595206,5.3316803,2.9232233,4.31133,4.0207677,4.608006,4.3138905,3.7745836,2.3606663,4.223942,3.2415016,4.2208242,2.9247508,3.536488,4.9367237,3.5237317,4.3459215,4.61067,4.927212,3.3252065,4.8261023,4.102195,5.9016113,4.6109667,5.199093,2.7123916,3.578974,5.459547,3.7747428,4.6361427,3.3218694,5.695265,4.198064,2.5335789,3.5785792,4.18096,4.6523356,4.0776234,3.050391,3.9773602,4.0630174,5.490046,1.557813,4.3625145,4.6654086,3.9211226,3.5987794,2.0190175,3.4870722,5.672665,3.388516,4.0078063,3.6594439,3.9106066,3.0909693,3.1841812,4.587489,3.8933566,6.3977785,4.686069,4.189306,6.796251,4.071865,4.999188,4.235335,4.574406,2.636788,4.632908,2.9728782,5.746859,3.4285936,4.9244404,4.960656,6.1304755,5.070902,2.0047817,3.6670227,2.9357436,4.112876,5.3919864,4.626383,2.7881052,3.917896,4.1099133,3.3223171,3.3438084,4.354643,4.4051576
SIM-0066-NT,5.8384814,5.0403624,3.049491,1.9711678,3.6431847,2.7355268,4.1157937,4.257975,3.548572,5.401722,4.2520614,3.7811007,3.8903255,2.0987163,4.1340485,4.136929,5.7594852,4.8162827,5.1278067,3.4524906,3.5047774,3.6595144,3.8757555,4.184568,3.3987017,4.9445477,3.079641,5.2364626,4.5152297,4.1822658,3.8252566,4.0943027,4.835544,3.81628,3.021247,3.300703,4.6834316,5.522705,4.655147,3.9683878,5.2442894,5.8548656,3.9065776,4.754428,4.0552692,4.7474337,5.1876326,5.1243243,2.9019341,2.234943,5.5176806,5.3667,3.6675923,3.452489,5.0858665,3.0279863,3.3008852,4.1451735,2.7762604,4.1503563,4.1025176,4.702683,5.6830688,4.876943,5.1424727,3.289742,5.501605,2.2777185,1.6826178,3.118152,3.9179928,4.87796,3.0253975,3.8955104,3.1688552,3.4008813,4.9026737,4.959872,5.0940275,3.70101,3.5891657,3.676743,4.8008523,3.7168202,2.3474302,4.2428045,4.430372,6.0849943,6.548642,4.1092253,3.3986895,3.280208,2.218227,4.8536615,4.7769723,3.7589526,2.8652155,1.8184671,3.4322762,2.8306453,4.3855224,3.0691702,4.9608884,2.0493653,3.278837,5.316401,2.5693228,2.6351595,6.6057663,6.997691,1.7843916,2.9766862,3.8352244,6.195723,3.4156466,3.6045225,4.5030828,4.79296,3.0590825,4.0950117,2.8113632,3.6245315,3.9324515,4.2832174,3.6933825,3.8044875,5.319967,4.66873,4.5122323,4.3537636,3.9451246,3.7241082,4.349118,3.3287427,6.5032763,4.756282,4.5272365,3.0448313,2.6635256,5.2771373,3.9081051,4.7362466,2.2838123,4.618791,5.1235104,2.9919605,3.843876,4.9720116,4.7525563,3.9977214,3.7451828,3.0331707,4.255908,6.018784,1.6104989,2.0408578,4.611543,4.7617435,3.4774742,2.7374592,4.641978,5.384597,3.1017892,4.2300897,3.6428523,3.8601744,2.5343826,3.8174407,5.955229,5.2065263,6.094144,4.3294506,3.7711108,5.827019,4.4218755,4.578948,4.6560907,4.119476,3.5737824,5.483531,2.8491755,6.077882,3.3391628,4.8682113,4.279456,6.6019754,5.131818,2.1558838,3.5011086,3.5204382,3.662564,6.2164373,4.607459,3.556837,3.1363964,3.7207265,2.7113678,2.7367082,4.559063,5.5359364
SIM-0067-NT,7.4089427,4.747682,2.9463568,2.643939,4.7138658,3.8813322,4.310286,3.3251033,4.0531487,5.453263,3.5824778,3.2778785,2.3146904,2.2712672,3.3470335,3.228382,5.842609,4.0824647,5.5738597,4.5071936,3.0432816,2.686568,3.598136,6.1331215,3.0585508,4.4076886,2.8649628,4.8426776,4.786999,4.098875,4.8720255,3.6823812,4.6582193,3.3919013,2.255663,2.4371157,3.8226686,4.2986374,3.655676,4.6824665,4.470126,5.1177397,4.418622,2.6123705,5.247338,5.0675025,5.4751983,3.2972393,2.5685608,3.2714717,5.780243,5.0145106,5.0042953,2.9899085,5.339982,2.3742614,2.587272,4.417251,3.92347,4.640144,3.6434731,3.8325028,5.6468015,4.3445663,4.7641273,2.0876977,3.8949983,3.205845,2.6903615,3.6569695,4.7801065,5.005729,2.6703212,4.158562,3.1868696,4.054816,5.223346,4.3278804,5.7884316,3.854989,2.819029,3.9519434,4.3609934,4.656782,3.3313854,4.0358768,3.9921846,6.518346,6.058499,3.3886337,3.8633227,2.4911768,3.9077015,3.978454,6.445555,3.6524515,2.782111,1.9453256,4.2236757,2.762901,2.7229886,2.6036072,4.176784,1.3649634,1.8082824,6.3976645,2.6013026,2.5553243,5.5895476,6.16966,3.07066,3.2284794,4.0736794,5.9020905,2.884829,3.4023955,3.7826183,4.6184793,3.6633403,3.6074834,2.1064048,3.7682076,3.9738483,4.2810497,4.2637057,4.823926,4.9590745,4.5245686,4.3760877,4.075752,4.6482663,2.829413,4.3281493,4.497568,6.2476635,5.3888283,3.5327668,2.1017694,3.9256792,5.345399,3.9707127,4.654872,1.7815769,4.7618375,3.9839504,2.1829324,2.4759827,3.4648886,4.563111,3.214388,4.1639576,4.226346,4.1608524,5.3222084,1.499853,3.5548396,4.7784667,5.2342606,4.352991,1.1674967,4.109482,5.7294297,2.6976676,4.0001707,2.799753,4.5920706,2.667542,2.9218407,4.7482243,4.7778926,5.321038,5.298225,3.9497232,4.8718348,5.151183,5.027083,3.5365536,3.805865,4.035026,5.285349,3.3951027,4.4905043,3.8346822,5.3723464,4.4758344,5.77288,4.4389696,2.6274893,3.2723498,3.113978,3.6370769,5.4095745,4.8622923,3.1185992,2.6512172,4.304645,3.076947,3.0752246,4.0154834,5.063825
SIM-0068-NT,6.6378593,5.176969,3.1686997,1.8752539,3.8013492,3.5565536,3.27884,3.0615296,4.2455163,5.2596416,2.905325,3.7624798,3.027106,2.155519,3.593874,3.0413735,4.35242,3.6425402,5.123863,1.8882262,2.3932834,2.0735028,3.1534617,7.1074195,3.0700254,4.7847376,3.5166883,4.9422264,4.2774553,4.306685,4.1951814,3.489525,4.376682,3.3719842,3.2329798,2.553831,4.788214,5.055518,4.8768835,4.1173816,3.8015587,5.560491,3.8942308,3.6057868,4.862975,4.3623,6.0064716,4.44249,2.2128484,2.0977926,5.786316,5.8952594,3.4832582,4.4124703,5.8681917,2.580166,2.7441454,4.5294204,3.4394677,4.6229568,4.328819,4.355109,5.746434,4.5020723,4.6730695,2.1511374,4.2483754,3.4005725,2.3917851,2.7829928,3.5215793,4.5625706,1.937057,4.3686075,3.6890345,3.0026436,4.8823,4.4459724,5.4283705,3.304533,2.6270602,4.0360036,3.4755158,4.0602417,2.7525735,4.0288477,4.354587,7.3167596,5.0770984,3.5850475,2.4565377,3.2334135,2.3878584,5.5338025,5.0109696,3.9161077,3.8879316,1.6344664,3.6574595,2.519006,3.8642457,2.911405,3.4962456,2.5109096,2.0843666,5.964756,2.7661302,2.5819998,5.5911393,7.672559,2.7263157,3.4519377,4.253993,5.9559255,2.496211,3.96833,4.9052477,3.5404387,4.520972,4.596584,2.2248228,3.200613,3.8476384,3.5192385,4.1268144,4.237312,5.8236194,3.7432277,4.2956557,4.686762,3.8384647,3.4144878,4.862824,3.6246896,5.462299,4.8439994,4.677563,3.4313319,3.41842,5.0541205,3.5473804,3.3037674,3.6893954,5.1909,4.5228167,3.0288892,2.812806,3.8662813,4.924132,4.0370026,3.514713,3.134615,3.8947155,5.3137765,2.4579144,3.6690161,3.5817363,4.2666926,3.7602546,1.6030049,4.529078,6.331808,2.5354743,4.465296,3.4070394,3.1092577,2.880184,3.8209338,4.8517284,5.5525055,6.1284513,4.2810235,3.5529556,5.2519226,5.225586,5.273449,4.515285,4.0716505,3.1978314,4.3658295,2.9965382,4.6842666,3.692013,5.9802723,4.687696,6.486137,3.9367375,3.7720158,3.7464116,3.1815848,3.9148567,5.2625504,5.0470486,3.736571,2.6297104,3.682132,2.8060932,3.271113,5.0085745,5.506646
SIM-0069-NT,6.8786507,4.7174487,1.9871353,1.5602983,4.411622,3.7447417,3.6845274,4.1170225,4.293179,4.8218155,4.0870333,4.045576,2.7400284,3.0909622,2.9593291,4.104271,6.1356535,3.9735508,4.71334,3.4626637,3.2210555,2.7849593,2.7403133,6.7037625,3.3782616,5.3424177,3.4767387,6.0215178,4.942437,3.4813223,4.1943717,3.0664678,4.219009,2.8387663,2.6313376,2.9945796,4.139577,5.029407,3.398482,4.9372845,4.4484067,4.893967,4.450274,4.6836658,5.41652,3.0352223,6.861902,3.258611,2.6725252,2.0651386,5.280927,5.8658705,2.784969,3.5716898,6.0351157,2.4713342,2.4101305,4.573674,3.436224,3.6972642,3.2423842,4.597167,5.7051134,3.5577614,4.180312,2.0180738,3.4687958,3.2461007,3.5152104,3.0919363,3.0590684,5.111954,2.58478,3.955553,3.7534919,4.0178456,5.0205092,4.5077753,6.3691688,4.445771,3.7208304,3.8417442,3.7396255,4.7402663,2.987759,3.8019054,4.106658,6.034383,6.405509,3.4882753,3.803433,2.515165,3.0689585,3.2505689,4.49939,2.8995936,2.8993704,1.9973912,4.243081,2.8733659,4.1750193,2.7316904,3.8379688,2.216778,3.079048,6.182191,2.7793617,2.0757928,5.38696,7.453043,1.7907622,4.3032475,4.5913877,5.354937,2.5971184,4.7026997,5.4830403,4.375046,3.6911397,3.5430865,2.6924963,3.4248743,3.694341,5.137335,3.3968658,3.9475276,4.32953,4.2189884,3.971309,4.176457,3.190333,3.623567,3.786412,3.9258618,5.9240165,6.432549,4.471591,4.2096786,3.1679597,5.903846,4.15835,4.652895,2.8647358,5.379918,4.7199173,2.725602,3.4490871,4.832548,4.7254224,3.4113975,3.5246322,3.2959557,4.567413,5.0067544,1.8421432,4.035995,3.9039664,5.0779233,2.896956,3.0730445,4.487438,4.690617,3.2620783,5.3499346,3.4573689,3.4563153,2.162568,4.8732667,4.8383536,3.9508612,5.8662715,4.358465,3.9483128,6.2414193,4.671098,4.6348033,3.7125823,3.8453107,3.2715771,4.6086783,2.5315766,4.4770117,3.4464188,5.6932025,5.1359277,5.3544645,4.133578,2.3493214,5.0106907,2.3141403,3.401108,5.5555887,4.5832124,3.0719645,3.5638225,4.260011,3.2063425,3.6235497,4.7589836,5.947515
SIM-0070-NT,7.5793843,5.576812,3.6191325,1.5332304,4.6913676,3.5422764,4.5447903,2.904324,4.1381845,4.7254453,4.4133215,3.7339919,3.2040806,1.6201481,3.9103055,4.0492473,5.8440266,5.1053886,4.7914977,3.671837,2.8651917,3.1339028,4.385676,6.1603737,2.8949735,5.7739406,2.9432285,4.128984,4.014529,3.2200685,3.059255,3.1637046,4.410964,4.1352806,3.089095,3.0139794,3.725983,6.021558,4.855608,4.078647,4.497085,4.6736555,4.7466,4.479488,5.267765,4.1315775,5.4547586,3.973024,2.5953062,2.9558322,5.79066,6.225634,4.005932,3.1847687,5.211098,2.6115339,3.012038,5.5406837,4.5828447,4.4131784,3.895939,3.6567483,5.5174856,3.6955812,5.4592,1.146775,4.1435237,2.71965,2.7764294,3.4548817,4.176861,4.8855577,3.0542157,3.6993966,3.6385996,4.1734304,5.168808,4.2734437,5.197877,4.3533225,2.758135,3.3039837,4.5432916,3.9570014,2.1890829,4.765899,3.678428,6.417759,5.5670843,2.9979148,3.270307,2.8936975,3.4647048,4.807432,4.9012694,4.337427,2.3935292,1.0601435,4.7138767,3.1746063,3.6412535,3.3387768,4.191341,2.3921556,2.0500026,6.5383425,3.0429165,3.61743,6.719034,7.070305,2.2146587,4.5180125,3.8324807,5.89768,2.8847759,3.5394094,5.1594877,4.556996,3.8804646,3.458334,2.5380666,3.3770587,3.6340768,4.172789,4.366825,4.341844,3.9499166,4.852975,4.5763865,3.9876502,3.7814767,2.804979,5.2855186,3.9286358,5.2242928,5.7372246,4.9889326,3.31516,2.436792,4.6956058,3.8040898,5.2409725,2.219582,4.088076,4.6464877,2.9600878,3.3040276,3.7535138,3.5205195,4.251146,4.0202684,3.9873443,4.274942,5.635336,1.1991441,3.6602352,4.7589684,5.0032887,3.0170393,2.139149,4.7476377,6.6683903,3.3571184,4.465949,4.3089976,3.9679937,3.4693098,4.0596833,4.6680627,4.857642,6.23516,5.1673346,4.3159285,4.9581027,4.780802,4.9323626,3.242337,3.903626,3.3798277,4.710266,2.8230348,3.9073842,4.48406,5.1792016,4.201192,4.5907917,5.2453423,2.7070055,4.0383897,3.259817,3.9121695,5.6084476,4.5104265,3.0924988,3.1967535,4.731298,2.7319882,4.0670986,4.4985857,5.3456573
SIM-0071-NT,8.116417,5.240749,3.8497665,1.469147,5.363803,3.1459506,3.470897,2.308279,4.0223546,4.5243034,4.3611755,3.2605824,3.8631961,2.6011043,4.653628,3.4347055,6.5425196,3.228918,5.086777,3.1848927,2.591078,2.7766352,2.8174157,5.4986258,2.9574,4.8965034,3.67892,5.079248,4.968221,3.1042738,3.7427528,3.7007146,4.6176677,3.114429,3.2414289,2.4564257,3.783906,5.822565,4.1630764,3.6199055,4.007392,4.7711034,4.021508,4.139077,5.2285643,4.9080534,5.7937903,3.8771112,1.9509604,2.1684136,5.31531,5.3493743,4.310991,4.102107,6.5673842,2.5110939,3.9039972,5.4389606,3.489263,4.2316556,4.456924,4.308112,5.339286,3.776916,3.4639196,1.9850637,3.5963469,2.6190953,2.9922829,2.3961916,4.0689163,5.1577024,2.4735107,3.9989765,2.92072,4.0474963,5.0964403,4.6690407,5.588343,3.5242865,2.5445282,4.2548003,4.5868564,3.9088938,3.120167,4.7194767,4.7975783,6.2351947,5.132464,2.4881492,3.5567536,3.2677164,3.0450702,4.0174413,4.897398,3.005051,3.3402402,1.2126858,4.379514,2.865175,4.710128,2.5363536,4.7006702,2.9379444,2.3271127,5.931717,2.2519283,2.4483037,5.836611,6.915415,2.0272555,4.778504,4.211797,5.7615037,2.7000241,3.6212173,4.5983987,4.433301,3.616549,4.2686105,2.7387142,4.113968,3.728707,4.3477964,3.32402,4.9730945,5.174027,4.076392,4.2578015,3.9985356,4.0153065,3.2502613,4.0370736,4.2851634,6.5072064,6.4652834,4.0840316,3.570162,1.9330199,5.6056647,3.5344582,3.987978,2.4215267,4.6166887,4.075244,2.6471612,3.8932884,3.797272,4.0253897,3.5185006,4.306457,4.1719832,3.2349217,5.9940467,1.1279635,3.881296,3.707058,4.481561,4.90376,2.306861,4.0980716,5.6112695,1.7316236,5.58831,3.8279161,3.4142268,2.4389424,3.6731849,5.766042,4.0071607,6.2890162,5.131595,3.9739652,5.5100894,5.31327,4.1338816,3.3374825,4.5428376,3.4108045,4.5939636,3.304093,5.2884984,3.9750445,4.865049,4.5217166,5.962984,4.0748105,3.0918522,4.7831516,2.7100155,3.6597724,6.10413,5.615314,4.0795603,2.1185138,3.8750052,3.033784,3.081751,5.2033925,5.97
SIM-0072-NT,6.505897,4.3332095,2.6356847,1.7703896,4.1549954,3.664188,3.1404104,2.0795283,3.0569375,4.55183,3.829203,3.9349523,2.4244492,1.7197669,3.0489683,3.3883905,5.490683,3.8316307,5.3272676,3.0059395,2.6362581,2.762372,3.6792164,6.05133,3.7039618,4.262304,3.0723896,4.643627,3.771928,3.8096066,4.8257017,2.918758,4.3823447,2.8889008,2.0447803,2.3284361,3.9475963,5.3762994,4.0469794,3.0571954,3.9728532,5.556881,3.5402598,3.4115,5.252711,4.037623,5.706518,3.422671,3.219756,2.8147411,5.6787605,6.2860746,3.6558063,3.3078847,6.1477165,3.8133373,2.7585542,4.5864553,4.1279163,3.9558055,4.1338515,4.7277765,5.1263294,4.300222,4.6408424,1.3413936,3.4564552,2.8305612,3.245447,3.6025267,4.040833,5.135958,2.8800206,4.1694117,3.719629,3.9100082,4.300547,4.142992,4.822937,4.399067,4.1311073,2.6916173,5.0249043,4.219934,3.4219718,4.3437233,4.948426,6.6223454,5.195117,3.0939193,3.9704447,2.4285774,3.7381587,4.2827563,4.9080987,2.727927,3.149946,1.9549968,2.8576384,2.5475473,2.4722145,2.8146017,4.5043945,1.6492136,2.8845346,7.55366,3.4393463,2.9699712,6.266131,6.2202253,2.0417259,3.6461,4.5408607,6.2759,2.7287617,3.85142,4.8568935,4.369069,3.5876064,3.438825,2.764958,3.8593512,3.5136065,4.5650573,3.9585886,4.8102264,4.491494,4.205252,3.896041,4.101433,3.5463161,3.9170237,4.7081604,4.479208,6.619029,5.438055,4.173042,4.107805,2.8050287,4.5138526,4.7664824,4.5520315,3.0083861,5.048923,4.44442,3.6526296,2.759242,3.971036,3.6087854,2.6102889,4.3331,3.4693134,4.6052465,5.666035,1.7369127,3.53545,3.7943883,4.340874,4.0876694,2.2180872,3.9770272,5.127841,2.5682201,4.5867944,3.6356044,3.8192863,2.7248862,3.8124456,5.5772967,5.5652947,6.1112957,5.974253,4.0297866,4.9434624,4.431778,5.257002,4.05401,4.672237,2.0343034,5.6160727,2.9894276,4.010344,4.1711135,5.255988,4.9414835,6.320201,4.9459124,1.6915472,3.8615336,2.0191703,3.806251,6.2102137,4.0168076,2.9653375,2.5450978,3.8058295,2.9896514,3.1073253,4.638274,5.688002
SIM-0073-NT,7.4647417,3.855319,3.7034264,2.6009898,5.0440516,3.1081514,3.2087214,2.8957827,3.308319,5.0718255,4.5809746,4.494644,2.7215676,2.305973,3.4615984,3.6285775,6.1358047,4.3116984,5.053651,3.679857,3.122782,3.3376017,2.8555288,6.5766344,3.3062966,4.621181,3.2141876,5.1038117,4.925843,3.3202844,4.62173,3.3567953,4.1929955,3.2766376,2.2737103,1.8516049,4.5112877,6.5695343,3.3511841,3.4061477,4.6616178,5.283183,4.636592,3.5382125,4.815975,4.315835,4.3447113,3.6114922,3.2496707,3.2277906,6.354011,5.9441004,2.6924462,3.2993095,6.123772,3.7044816,3.7865968,4.5252004,2.952107,3.9745622,3.8439608,5.120357,5.521377,4.098925,4.6806865,2.1497574,4.2645016,2.794501,2.2523768,3.807127,2.845356,5.7347765,1.7182679,3.738361,4.0017576,3.6724977,4.3445196,4.7513294,5.3709,3.7374701,2.9920962,3.7588382,3.9515362,5.39384,2.7956035,3.9036114,3.95741,7.4059496,5.057311,3.3264728,3.5929718,1.8248578,2.999755,4.474082,4.773657,3.4006982,4.21043,1.9380113,3.110578,2.5141873,3.3278577,2.9470215,3.9817443,2.398493,3.3982186,6.1273875,2.13648,3.4801176,6.4684258,7.0212884,2.705236,3.9430242,4.236016,4.7008433,3.29488,4.2008476,5.497881,4.069387,3.7369266,3.9900768,2.6677954,3.8192544,3.7521806,4.3380446,3.8150134,5.081682,4.6345496,4.0692787,4.1404524,3.7703192,3.1920686,3.290553,4.5561547,3.8251634,6.0886893,5.782573,5.0914063,3.0270605,2.3017824,5.145923,5.20453,3.8996933,2.5804818,5.506395,3.2716534,3.0946805,3.8301806,4.1300497,3.7292476,3.4124975,3.7322276,3.5969746,3.907174,5.2992544,2.0287375,3.1559353,3.301983,4.8993864,3.5320766,2.0491621,4.2723866,5.831989,2.204113,5.1167936,3.1903434,3.7877626,1.8397535,4.2516623,5.212001,4.9177074,5.970599,5.452319,4.4351993,5.9380484,3.9583507,4.2423987,3.652876,3.7266579,4.0153084,5.177156,2.4634557,4.64658,3.8758523,5.1372457,4.8867416,5.854974,4.0354466,1.3525074,3.7462423,3.1082392,3.3005357,6.129511,4.6140904,3.9796677,3.5622344,4.5584254,2.181684,3.3374302,4.923396,5.2914844
SIM-0074-NT,7.191042,3.720466,3.9698567,1.4722666,3.270499,3.011496,2.3609009,2.8453407,5.138465,4.87596,3.443155,3.8540142,2.5154443,2.7575767,3.0689197,4.0815845,5.1944003,5.4297886,5.2345514,3.4279513,2.6685772,2.7580833,2.8943172,5.7342715,4.017778,4.562182,2.0323634,4.348589,4.8488135,3.7172,3.8921967,3.9301195,4.057489,3.8612254,2.4404526,3.0100007,3.9770203,5.4583163,4.570059,4.255374,4.203112,5.07019,5.018956,3.883738,4.910718,4.102214,6.048205,4.2409344,2.6937547,2.6893282,5.8198266,5.695321,4.422324,4.246482,5.7273884,3.580314,3.1095214,4.988492,4.107623,4.5043974,4.2945566,4.653169,6.386046,3.820737,4.5663285,1.8425727,3.767248,2.1623838,3.4686193,2.6088274,3.7507842,4.2049723,2.9839652,3.6379335,2.9478495,3.7694986,4.652391,4.251036,5.4232926,4.245489,2.8948572,3.280545,4.2542386,4.4461994,3.6469896,3.554825,4.0692444,7.105367,6.863392,2.650211,3.3432107,2.727108,3.1204214,3.9359894,5.3280888,4.045626,2.6911125,2.601878,3.5499496,3.1104815,4.265986,3.285801,3.7569919,2.6013594,2.4463716,6.3899226,2.610237,3.3337908,5.1397977,6.398306,2.123969,3.6035364,3.5767865,5.382782,2.4593885,4.4945602,4.281997,3.7914934,3.7480133,4.7095876,2.5670707,3.7424667,4.378991,4.6712847,3.6573803,4.1803684,5.240695,3.4750373,4.039919,4.7688866,4.6510806,3.4971843,3.3518176,3.2986026,5.7534323,5.4875054,3.760641,3.113786,3.7712362,5.391561,4.3721623,3.971366,1.4359217,4.31334,3.614726,2.9270868,3.7204182,3.7810721,4.1264267,4.4423256,4.8753605,4.133228,4.065142,5.8405437,2.1092465,2.7595358,4.9175467,4.0237,3.3606038,2.0658143,4.4880376,5.1717234,2.3237317,5.1264668,3.7807603,4.1290827,2.7851171,4.0123987,5.828253,5.080875,5.946117,5.646858,4.874617,7.0821886,5.0480266,4.783616,3.2475893,3.9359758,3.1366837,5.245295,2.471568,5.378439,3.1145675,4.3549843,4.683311,5.399367,4.101658,2.1094246,3.5523038,2.83306,3.171485,5.2416615,4.635101,3.8081903,3.7216554,4.106666,2.8962114,3.2372663,4.552634,5.350422
SIM-0075-NT,7.576786,3.4700572,2.893213,2.0375488,4.2545695,2.7174723,2.9349594,3.7910645,3.4807463,4.18853,4.5853353,4.0708566,2.906409,1.8680413,3.4569714,4.5540113,4.9605803,3.3482854,4.6688566,3.4873824,2.5669103,3.3562915,3.8191907,6.267854,3.4588296,4.974539,3.101827,4.2847934,3.8709552,3.167903,3.8849852,3.4613512,3.7214408,3.581314,2.336786,2.1874628,3.859913,5.0188527,4.463321,3.7973595,4.6934333,5.0842533,4.016539,4.525764,4.294759,5.0709968,6.363018,4.566143,2.6102958,3.3452916,5.4900475,5.370773,3.6263466,3.3317158,4.988133,3.4479582,2.7185488,4.6285033,2.883509,4.0102835,3.258594,3.7473316,5.3528376,4.619071,4.8641458,2.2043881,3.886323,2.9889495,3.1767573,2.840259,4.0830936,5.533876,2.252914,3.6834087,3.2429829,2.9388456,4.768057,5.1888404,4.8146105,4.5080924,3.087335,4.833159,3.9015903,4.1045823,2.4605205,3.7466395,4.897318,6.7547426,6.3912535,2.488962,4.040031,2.0508363,2.7406337,4.434988,5.3201227,3.297589,3.7046328,2.289494,4.572199,2.3424141,4.2215686,4.064295,3.7226224,1.4080257,1.8412052,5.8983216,3.7196481,2.9117544,5.5283217,6.562366,2.167072,4.069039,4.2955213,6.7786126,3.3272476,4.16969,4.6562853,3.8892512,3.1870534,3.1815536,3.0803015,3.5693686,4.2098627,4.3001275,3.2982635,3.886737,5.1635323,4.046113,4.8028483,3.69545,4.3081384,4.098866,4.4527726,4.295359,6.379113,6.5224004,4.5716267,3.5869222,2.8694506,4.803949,3.6586614,5.1136055,1.7512343,5.3003707,4.662429,3.3484619,3.2711194,3.8683522,4.241653,3.561658,3.2809978,4.717285,3.7568586,4.9746757,1.3122736,4.389579,3.093145,4.8809357,3.1723485,2.375541,3.989992,6.7233086,2.5284486,4.5097823,3.520929,3.9834943,3.03594,3.8849251,5.299342,3.8940742,5.5621777,5.480741,4.1041455,6.080325,4.454852,4.719118,4.300501,3.1974802,2.9649155,5.6057982,3.7367208,5.925347,3.8345268,5.4001956,5.1595826,6.458184,4.887321,2.8910341,4.162934,3.089105,3.0225356,5.3466215,4.376149,2.7066216,2.16048,3.8209684,2.6514988,3.3813784,4.589878,5.249373
SIM-0076-NT,6.7854066,3.9568465,3.4489963,1.8170427,4.0508165,3.0938318,3.2182705,3.1225662,3.5779798,4.922312,4.484926,4.044921,3.7377148,2.9311817,4.491903,4.2257967,6.0394826,3.8865664,5.3957467,3.1726458,2.0798285,3.798045,2.650183,6.3478956,2.7384477,5.401823,3.7285478,5.1961617,5.0081334,3.8470306,5.076325,3.7182949,3.9957962,3.57982,2.6981432,2.5968504,3.3440182,5.7725234,3.4671152,2.618658,4.1138196,4.928055,3.7886138,2.0375247,4.6808677,4.341935,5.218679,4.376906,3.4718614,2.8900244,6.164125,6.278229,3.3110504,3.83637,5.959023,2.6749742,2.7099597,4.90853,2.8645804,3.4508758,3.503179,4.5628314,5.5169377,4.60677,4.183004,1.4620914,4.213238,2.7574363,2.479435,2.1934652,3.8112996,5.6865478,2.158963,4.5414834,3.4861312,2.7896194,4.5553946,4.0598817,5.1791344,4.0552516,4.228519,3.0605683,4.0001082,3.7285829,2.2816222,4.1382136,4.228968,5.610573,5.8859196,2.5440588,3.7185307,3.1713061,3.640827,4.4043636,4.9414706,3.3043501,3.6274807,2.084794,3.7877247,3.0462737,2.8122797,2.7559707,4.259517,2.663288,2.5797539,6.86873,2.966587,2.7866507,5.2270374,7.6244335,3.213592,4.5309067,5.424979,5.0852275,2.370976,2.323122,5.236519,4.7630076,3.6727333,3.2531104,2.5805874,3.854179,4.124975,4.368664,3.7765734,4.409473,5.6034565,4.4712944,3.75829,4.7477655,4.61287,3.5111792,4.4568534,4.732019,5.2765117,6.193967,4.147743,3.7845316,2.9477763,4.56968,4.014489,4.9910083,2.15031,4.6166954,4.1403346,3.210693,4.403793,3.1932755,5.4528093,3.809702,4.186624,3.5298917,4.150805,5.5677485,0.9087935,3.3603091,4.768796,3.5198205,3.848605,2.0580199,3.8476417,6.713316,1.9888873,4.298777,3.5779884,3.5543964,2.9502919,3.7432435,5.4173737,4.52071,5.381231,5.4991136,4.3832407,5.496126,5.17899,4.767332,4.249422,4.679965,3.9464126,5.335163,2.8213794,4.7503295,3.687289,4.087799,5.1102724,5.942879,5.143537,2.369459,4.2654595,2.1392393,2.8970873,4.273123,4.570359,2.9148066,2.5345917,4.200108,2.5706863,2.6123142,5.5843925,5.136807
SIM-0077-NT,6.3722806,4.079492,2.9238904,1.7803308,4.9187937,3.1473439,4.5122466,3.1716917,4.0724273,5.5769706,4.754625,4.497301,2.8283403,2.3225725,2.2739809,3.8482125,6.313557,4.5786924,4.939496,4.350274,2.6230538,2.6768134,3.040693,5.5672374,3.489811,4.98273,3.4020627,4.724387,4.3559146,2.7541528,4.1473503,3.394633,3.8958082,3.4926877,2.6454697,3.6042182,3.6420245,5.7448044,3.6146076,3.602425,4.424236,5.2003202,4.216387,3.7554338,4.859444,4.8708296,5.383016,4.1344566,2.9561868,2.7453408,5.973042,5.882148,4.054996,3.4541264,4.9270587,2.1791348,2.269918,5.52469,2.4990082,4.5917397,3.4261227,4.9307947,4.3062115,3.9730377,5.370951,2.3064327,3.7826488,2.185281,2.1199427,3.816421,3.491756,4.8799906,2.8153749,3.3792121,3.7194755,3.4625192,5.1496096,4.24909,4.55084,3.631808,3.6244462,3.9731712,4.257962,4.625639,2.8138149,4.118628,3.9883447,6.9957833,6.0226088,2.8682775,2.9681017,3.0890386,3.0372605,4.3516374,6.3821535,3.671671,4.151428,1.5836486,4.3728223,2.95092,3.653569,4.13356,3.7664144,2.251899,2.0813475,6.5734816,2.4322639,3.4145696,5.011957,7.179386,2.5065866,3.9970098,4.334776,5.461028,2.819863,3.3295279,5.1962314,3.9104476,3.4903045,4.038797,3.4318514,3.7571769,3.6123571,4.3689876,2.4079409,3.8722157,4.8250327,3.7989447,3.5513399,4.4820447,4.129963,3.3485746,3.9694989,3.9424098,6.350393,5.4409065,4.608133,2.8389125,2.9363313,5.762392,4.878759,5.143938,2.3981981,4.9432454,4.2300262,1.985827,2.8560255,4.17969,3.9983227,4.4139404,4.553911,3.4047794,4.5617256,5.2329574,1.7746496,4.1661587,4.797559,4.049672,4.135237,1.3068712,4.9761033,5.714842,2.4642746,3.84511,3.4771419,4.6164155,2.7337506,4.022275,5.3173223,5.11399,5.828062,4.7115064,4.4673123,6.5445433,4.6878157,4.769765,4.8313007,4.646154,3.710943,5.1482553,3.1868331,5.163717,2.7179413,5.3687153,4.670466,5.5707583,4.633056,1.6500354,3.0307417,3.451244,3.712799,4.304723,4.3493414,3.7413454,2.8462753,4.6552844,3.3083158,2.650504,4.2403474,4.9312673
SIM-0078-NT,6.219243,3.6872725,2.607451,1.5474911,4.4093266,3.7091656,3.841465,3.7630894,3.7259002,5.3674808,4.0828614,3.6206288,3.9128966,1.1600791,2.57704,4.1375675,5.635439,3.4117823,4.455434,3.0385013,3.2612245,3.6410885,4.094555,5.3339643,2.4950516,4.120676,3.7415013,5.1401854,4.4250507,3.9581764,3.9308484,2.7846413,4.7026587,3.4519472,2.1742334,3.009205,3.9596941,5.692833,4.097502,4.327051,4.395908,4.8641515,4.380384,3.766417,5.3619556,4.9466934,5.2277646,4.517202,1.9131224,2.5718484,5.513598,6.4475884,3.7423131,3.9208071,4.580555,2.7170753,2.6820931,5.8810825,3.2719965,4.0315175,3.8998451,3.5428352,5.144464,4.292968,4.6868,0.7996224,3.667786,3.6671805,3.0752985,3.7308643,3.173053,5.5563674,2.6514044,4.8267426,3.5174828,2.6485891,5.4273853,4.3163586,5.1492834,3.118946,4.115157,3.5155907,5.030015,3.9609518,2.4517393,4.7502546,4.1915607,6.485688,5.2360315,2.917945,3.9269645,1.8869679,3.139749,4.105382,5.2390738,4.010696,3.195877,1.5074606,5.2105193,2.720993,3.3752315,2.944216,3.7673528,2.2811491,2.993353,6.331241,3.251125,3.4252288,5.94119,7.093223,3.3828015,3.0761461,5.590661,5.4724054,2.8376603,3.1487718,4.186262,4.9217834,4.7589407,3.582557,2.7987626,3.8719096,4.233735,5.3415275,4.2051597,4.352209,5.2770996,4.469458,4.341711,3.5051873,3.6006963,3.8525183,4.942148,3.7989297,6.2236958,6.1719866,3.5337121,3.0137665,3.8965242,5.340797,3.698141,4.5387845,2.7661319,3.654172,4.5425634,2.703362,2.7074761,4.304681,3.9842267,3.6957836,3.7223816,3.2373538,3.4251611,5.126147,1.8629675,3.879685,4.141926,3.7761097,3.441128,2.611857,4.580387,5.488751,1.1604376,4.5264044,3.4301274,3.4851227,2.7405138,4.0738187,5.2813964,5.077503,4.9781256,5.02488,3.469576,5.530646,3.9161644,5.4686146,3.908285,4.573961,3.087902,4.479725,2.2959146,4.91507,4.71443,5.377438,4.563485,5.7262607,4.7151246,3.4412808,4.549851,2.9579725,3.5365863,5.6609054,4.8846717,3.0944705,2.564243,4.548892,2.7944312,3.8032238,5.135089,5.4156194
SIM-0079-NT,7.0931363,6.014531,3.113972,1.3226804,4.127099,3.9629014,2.937559,3.0116735,4.4124227,4.93017,4.101926,4.3780518,2.6059356,1.5910159,2.8192492,4.2371078,5.897496,3.783991,4.4033437,3.3654177,3.3733149,2.6169744,2.9434319,5.5332093,2.994907,5.007529,4.1546574,5.0404634,4.358112,4.2748303,4.3073454,3.0563817,5.597102,3.5328248,2.892582,2.9977367,4.345524,6.3417897,3.8650374,4.2730527,4.3681107,5.7973633,4.1118894,3.413865,5.472326,4.607753,5.125609,4.8560405,3.1417856,2.5947387,5.4168124,5.905731,4.1507235,2.819775,5.649285,3.2192316,1.9290487,4.7414217,3.9526994,4.2853174,4.2377815,4.1737914,4.8875284,3.1907125,5.1900506,2.3013606,4.5355263,2.794199,3.1831052,2.3705072,3.23113,4.9788914,3.005211,4.8701377,3.3957984,3.239452,4.5441837,4.1941924,6.4479113,4.2239313,3.8603234,3.6566484,4.2416725,4.5262055,2.6627126,3.944836,3.8908758,6.293728,5.901334,2.7359016,3.855606,2.6788487,3.3196685,3.9018753,5.258335,3.0184639,3.3691506,2.4017746,3.210864,4.0243287,3.4342988,3.329059,3.5293624,2.8133774,2.4701414,5.932188,2.42482,2.7689683,6.0460873,6.9914722,2.8085034,3.2760403,3.9569688,5.4982605,3.2432806,4.085852,5.1758595,4.434033,3.815625,3.7819517,1.7539551,3.653863,3.5459492,3.7126474,3.1609757,4.5390844,4.4460926,3.8000367,5.1257076,3.2518022,3.9084933,2.6952872,3.940676,3.8038447,5.59938,5.86032,5.061422,3.6577818,3.3998952,4.501275,4.141214,4.713854,2.6910095,5.804115,4.9889402,3.3378136,4.845273,4.3118715,3.9079375,3.7965076,3.4389853,3.7818394,3.2891364,5.2067323,1.3756746,4.2379675,4.7320576,3.8141851,4.666102,2.317465,4.4480176,4.9185033,2.1561098,5.38874,3.7563639,3.992583,3.0606878,2.9439416,5.2517405,5.2868204,6.2756653,5.1148124,5.2209215,5.1143856,3.953144,5.7597995,3.9924154,3.9221022,3.274917,4.5862684,2.9599926,4.881045,3.8192914,4.5913687,4.883247,5.5558906,4.2377863,3.0613308,5.0179076,3.799303,3.8067815,5.378436,4.602356,3.5038707,2.7761588,4.6921873,1.7655761,3.1809971,4.712545,4.7327323
SIM-0080-NT,6.793788,4.711231,3.7695963,1.2209847,3.5836744,2.7140439,2.8158746,2.654714,3.3728786,5.6827273,4.0010104,3.8570526,2.486614,2.6420856,4.4515743,3.5024025,6.6303043,4.3124866,4.9911714,3.700766,3.0103195,3.9634354,3.5348842,6.3990235,2.9678636,5.2580276,2.6186495,4.986075,5.826593,2.591267,4.075811,3.4810238,4.3320274,3.442757,2.820099,2.5960608,4.283578,5.3352857,5.1711884,3.755355,4.570632,4.9714837,4.6859536,3.9558065,5.315919,3.9150887,5.1595545,5.0263205,2.3937943,2.9522917,5.178592,6.2278576,3.477282,3.1352189,5.1052732,2.616053,3.3076098,4.6780186,3.0578167,3.9809046,3.2648065,4.6593533,5.8209333,4.078611,4.7797656,2.82589,3.8724802,2.684641,3.0707846,2.5555208,3.5605922,4.6164074,2.3226974,3.9055877,3.9657762,4.225161,5.465861,4.7062926,5.20854,2.6665816,3.4878879,2.6364753,3.2808132,4.0957394,3.0479007,3.8649473,4.9959936,6.748525,5.7521405,3.8399117,4.4951735,2.7928371,3.0216641,4.04047,4.482484,3.2497077,2.8208327,1.6881735,3.9676342,1.9457313,2.8386898,2.8697152,3.8794737,1.9953263,2.3976958,5.7761536,1.9878774,2.635839,5.7303295,6.7498717,2.8843312,3.8411984,4.682419,5.4119225,2.2252445,4.39052,4.9700603,3.9574351,3.7626965,4.4001746,3.4896924,3.8871315,4.2634478,3.627369,3.4267213,4.3040323,5.184001,4.961026,4.4767013,3.58431,3.368365,4.1013317,4.573391,4.126754,5.921303,5.7072854,3.8923666,3.430542,2.3001535,5.011499,3.9413025,2.8514597,2.0820298,4.478005,4.3492255,2.8904307,4.4124413,4.416072,4.2195234,3.9556358,4.332416,3.9751623,4.2934194,5.827115,0.22002435,4.8076754,4.9713774,4.4045615,2.9215822,2.8484535,3.9810572,5.994271,1.8246858,5.9770317,2.9503663,3.9731686,1.886008,3.6449325,5.087402,5.151247,5.519622,5.7467237,3.9270267,5.602954,4.308037,5.0757823,3.8876162,4.4276586,3.4359913,5.3202415,2.3727643,4.97675,4.613452,4.3312507,4.995373,6.159036,5.461368,2.7909832,3.9832048,3.0430295,3.1142013,5.3172445,3.9696822,4.0445843,3.2113612,3.5747259,2.9191184,3.9085336,4.8084054,4.6914926
SIM-0081-NT,5.346943,4.6121025,2.567027,2.1791174,4.742847,3.7438755,4.457013,4.0060816,4.7339835,5.755511,4.8901577,3.820931,2.319683,3.5664523,3.5451686,4.5605717,5.4927926,4.6122355,3.7602577,3.2954826,2.7658508,3.2661877,3.8107862,5.5813985,3.5085976,5.4518223,4.2700286,5.284887,4.155198,3.2074797,4.873839,3.7138832,4.4350843,2.7351074,2.3088024,3.0377226,4.3495045,4.6059256,4.476298,3.0971434,4.9628305,5.4102798,3.9876716,4.08415,5.2830386,5.09122,5.575994,4.252644,2.632906,2.7633243,6.4999037,5.472284,4.1444583,3.176591,4.428078,2.9966836,3.2904758,4.588301,2.8574023,4.1470284,3.969714,3.8931842,4.730736,3.9643908,4.9704037,2.1581552,3.510863,3.2252324,3.2247503,2.5355148,3.6974542,5.585723,2.0361414,4.6083946,4.325424,3.561224,4.8312535,5.0546627,5.244333,2.668931,3.2546601,4.011343,4.612539,3.7362587,2.7807114,4.5789433,4.198229,5.753105,6.4956636,3.0397012,4.258226,1.8388295,3.3487995,4.570473,5.162281,2.679413,2.152452,2.6143436,3.9613533,3.520986,3.934895,3.4215627,3.7450688,2.4871552,3.2492232,6.1707525,3.6634278,2.1535034,5.033459,7.3991046,2.419062,4.6534195,5.0102262,6.5224833,3.455361,3.2939303,3.9476666,5.1824136,2.8740597,4.65862,2.9599116,3.7237,3.9546363,4.4648156,3.3434677,5.184382,5.708416,4.233259,4.0517592,4.7061324,2.9888043,3.5003881,4.686282,3.4885373,6.580061,5.5601616,4.1129966,3.7185545,2.3447464,5.6257396,3.2715762,4.622996,2.277336,4.6575904,4.649233,2.8497841,4.0558233,4.5437927,4.278814,3.8537593,3.6604285,3.5971208,4.2766705,5.384812,1.9890679,3.8098748,4.3644958,3.5946517,4.0997005,1.9526914,3.8066685,6.550443,2.8149493,5.352376,3.898723,3.8921003,2.8072996,4.055099,5.866304,4.5485635,6.7685833,5.0787525,3.7420826,4.8831735,3.5951052,4.6210823,3.58742,4.407846,3.2882721,5.4112697,2.8441427,4.789111,3.5205917,5.882541,3.9851267,5.9713016,4.63995,2.818837,3.9226322,2.8323147,3.3484004,6.2078567,4.6387367,4.2858953,3.122406,4.043662,2.7107763,3.6109834,4.0178127,5.2281833
SIM-0082-NT,6.9179306,4.5770335,3.185477,2.0689511,4.315164,3.9715307,3.795927,4.6908965,3.8841348,5.545437,3.794024,4.5417595,2.612204,2.553256,3.3814785,4.1722217,5.650532,3.735648,4.8469434,4.2714944,3.0486944,2.390458,3.8224652,5.682713,3.550293,5.115072,3.4052281,5.8581676,3.9706306,4.1487594,4.5890317,3.0235415,4.0731955,3.4014227,2.936761,2.0168242,4.448289,4.874898,4.8066573,4.138245,5.2423964,5.6403937,4.0670023,3.1897342,5.225734,4.413631,6.1288257,3.7189248,3.7859821,3.2692292,5.549166,6.622576,3.4289167,3.7196076,4.823209,3.8162389,2.2815795,3.923106,3.2880383,4.6560397,4.3139796,4.3985996,5.916945,4.032878,4.8551536,2.775691,3.8279722,2.7735834,3.016373,3.4919848,3.7211006,5.4175935,2.5729778,4.0944047,3.7031178,3.8160074,5.809394,4.7228937,5.1854467,4.109485,3.8084826,4.163259,4.6019006,3.4275482,1.6693556,4.728122,4.4476566,6.5066853,6.224001,4.1104116,4.419382,3.0176682,2.9659302,3.9372098,4.012651,3.587673,3.9001672,2.4478,4.1750493,2.860552,3.1884217,2.7104568,3.824025,1.7533586,3.4109316,5.4780617,2.6140506,1.9351053,5.985191,6.903875,2.650038,3.1653595,4.3427863,5.456467,2.9447088,4.733437,4.863426,4.7012,3.3916116,3.4739594,2.6136253,5.013789,3.5898986,4.412889,3.0304735,3.0939026,4.6178,5.345784,4.6494517,4.8736176,3.8262234,2.1000264,3.76214,4.101226,6.211975,5.568143,4.1207223,3.7068007,2.6369152,5.3450513,4.360413,4.2958922,1.8147659,4.7137733,5.3912315,3.4457932,4.0386696,3.8704853,3.3336222,4.256076,4.3488955,3.816647,3.9672928,4.7395196,1.8670417,4.3562174,3.836966,3.914694,4.248616,1.922346,5.2175255,5.6728244,2.2728577,4.886382,3.478159,4.501782,3.3900065,4.209597,5.3923044,4.3544784,5.72778,4.964564,5.172385,6.2450714,4.3932314,4.364751,4.473849,4.134888,3.2374923,5.7644105,2.566722,4.622887,3.6939695,4.5129623,4.9087367,5.439474,4.445414,2.075742,3.6395116,2.4085357,3.6053274,5.433432,4.6615376,4.4779634,2.908502,4.335256,3.1428146,3.2974315,4.448909,5.1656613
SIM-0083-NT,7.0151415,4.1211514,2.7633562,1.8764149,3.2817597,3.9350953,4.6650715,3.4730783,4.1919436,5.606509,3.4947138,4.305504,2.7511263,3.4706793,3.4195623,4.4003086,5.6787233,5.2286205,4.7265644,4.0832486,3.1283953,3.2370381,3.3892775,5.794964,1.8855853,5.375685,2.8526533,5.516373,4.5608,4.4434905,4.3601837,2.1128645,4.75352,3.3731787,3.3568997,3.017666,4.4740725,5.44297,3.7036886,3.6649182,3.38588,5.01083,3.4873028,2.8702023,5.1645284,4.6957808,5.5198593,3.9338388,2.301827,2.4732442,5.2398167,5.6922503,3.0597148,3.9674716,5.177929,3.0810828,3.548884,4.8072624,4.004958,2.9615583,3.590129,4.889113,5.6620965,5.0148163,5.496129,2.099624,3.8252923,2.6775503,2.5432827,2.9177241,3.369252,4.4567337,2.8743956,4.8789515,3.9824588,3.5111167,5.5097723,4.711441,5.3170457,3.793933,3.2040873,4.101674,4.312332,3.812362,2.527186,4.243442,4.4425535,6.360908,5.3108416,3.7722392,4.231919,1.5428697,4.0790844,4.2111173,5.300847,3.8400278,4.172123,2.3541436,3.9578495,2.2497654,2.4574447,3.5622187,4.5767527,1.8349493,2.3980646,5.850614,2.4206274,3.440695,5.9461,6.7904778,4.157193,2.9145405,4.615511,5.2042084,2.9344244,3.8290412,5.1996355,4.3041754,3.4403698,3.7266345,2.0851278,4.077981,3.8742797,4.449754,3.4099014,4.3750997,5.600516,4.6663227,5.059157,4.2394524,4.6764164,3.0704005,4.2160687,4.5002637,6.514879,5.4281297,3.8627176,3.1349607,2.5451543,6.053395,4.6427693,4.0971823,1.7329185,4.5382814,4.175008,2.806219,4.0857487,3.7804587,5.1972356,3.2361786,3.191988,4.592175,4.8131905,5.380317,1.6240077,3.9664342,4.2448683,3.647754,2.3871017,1.8209152,5.2360725,6.655057,2.33522,4.384846,3.8105354,4.1581664,3.2474613,2.4020295,6.8789225,5.148893,5.63338,4.8181734,4.9327397,5.991632,4.485067,5.0571556,3.6470692,4.267477,3.6657574,5.1612425,2.9671571,5.4787807,3.0107956,4.772306,4.764149,5.4557123,4.5327587,3.0718305,3.8585613,1.9133874,3.2700493,5.540285,4.657378,3.5790882,3.223477,3.9633691,2.18692,3.1082902,4.000621,5.01276
SIM-0084-NT,7.2594466,4.616461,3.4224646,1.6759121,5.021892,3.5234783,3.64076,3.6895766,3.521329,4.0116034,3.8537006,4.2150936,3.0044541,2.2568998,3.0897722,2.9683046,6.480353,4.026327,4.7679706,3.1648812,3.4423175,3.4755588,2.7911541,6.7107415,3.1060781,4.533218,2.9502666,4.539924,3.7245126,4.2314277,3.848885,3.653817,4.589679,3.819287,1.7514008,2.2886822,4.45727,4.9416757,4.3465242,3.1860094,4.2940483,6.1109967,4.6066823,2.6637022,5.5304747,5.339875,6.934264,4.420772,2.093321,2.8491797,6.448945,5.6301217,4.3420353,3.1970112,5.647621,1.6481646,2.6301053,4.6402664,3.4237165,3.3445692,3.586729,4.502402,5.364368,4.1210537,5.0099235,1.7782465,4.6308703,2.6621342,3.7451882,3.678367,3.4878778,4.771243,2.7769752,4.329967,4.0631046,3.0020313,5.2214794,3.4798584,5.248748,4.5724506,2.595253,2.9765222,4.3528943,4.870288,3.0783098,3.138181,3.386664,6.5663476,5.2872233,3.2150998,3.8106143,2.2916791,4.31667,4.610839,5.811649,3.7312071,3.2708168,1.7554873,3.6885242,3.2781367,3.1453779,3.9856555,3.5328028,2.3495092,2.4184144,5.9038506,3.7987509,2.6836872,5.684553,6.573,2.8489535,3.5810978,3.781929,5.516513,3.317986,4.2682157,4.7893376,4.464264,3.4433463,3.6149561,2.1653178,2.9835014,3.382389,4.6841965,3.2324643,4.298529,4.829973,4.7777834,3.8875654,4.191682,3.9658513,3.3124053,4.4386697,3.9312959,6.4896793,5.558726,5.2580347,3.2591827,2.035855,5.5102983,4.4587975,4.496416,2.1256285,3.8701286,3.4809985,3.7133288,3.235724,4.746527,3.2509503,3.1843996,4.235832,3.696772,4.4213963,5.4646754,1.3295056,3.423128,3.579511,4.9973445,4.41174,1.7239268,3.7759557,5.5534635,2.636356,4.772919,3.9212346,3.914051,2.889786,4.872083,5.037443,5.402629,6.4557433,5.4294586,3.476021,5.7594633,4.1816454,4.8380337,3.1719456,4.444675,3.7950685,5.574596,2.630607,4.252638,3.9851897,6.049284,4.7855635,6.046795,4.613313,2.1762247,4.2621846,2.7749596,3.6834817,5.764982,4.811292,3.579997,2.5597796,3.5757675,2.762129,3.3195791,4.050848,5.275812
SIM-0085-NT,7.367971,5.0081654,3.7165928,1.2105529,3.6862123,3.0422363,3.624786,3.2686942,3.5828893,4.913771,4.3987055,3.176554,4.1360245,2.335814,4.039116,3.6562152,6.0551047,4.18032,5.411144,3.4013808,3.5908382,2.2888553,3.7494607,6.18783,2.66945,5.814522,4.021422,3.8946376,4.4733434,4.196193,4.18009,4.102977,5.0998883,3.6776102,3.9129462,3.1904855,3.9968805,5.3029175,4.7816625,3.4848847,4.080957,5.186216,4.397209,3.4923434,4.4478035,5.009796,5.3335567,5.193202,2.927526,3.2654445,5.9663587,6.381194,4.1056504,3.7343972,6.0080614,4.1359406,2.9703746,5.04079,3.6027725,4.2479076,3.8576365,3.258703,5.3073883,4.590362,4.261336,2.4103012,4.043086,3.0610244,3.2340946,3.4623635,3.8761501,5.423853,2.7751565,3.2082984,3.32677,2.7701256,5.3314404,4.9862156,5.808249,4.0900416,3.78802,2.9878395,4.1887136,3.4691153,2.736447,4.898616,4.7748466,6.848617,5.786034,2.6499593,3.8061304,3.0918958,3.6142287,3.52276,5.2581587,2.3142521,3.7479455,1.5062071,3.2257733,3.346551,3.7502494,3.2393386,5.001591,2.5597715,2.2104762,6.3888493,2.5695386,3.536594,5.977402,7.0950284,2.107249,3.662427,4.3134227,5.216591,2.9023921,3.9725983,4.7751627,3.7287164,3.4872355,3.6321647,2.721861,3.8045926,3.527806,4.0068383,3.4782841,4.953027,5.152036,4.866964,4.918352,4.8014965,4.684398,4.0599165,3.739923,4.2264266,6.7023287,6.272868,4.0004873,3.565633,2.92519,6.114673,3.5691032,4.0954986,1.3500972,4.9997463,5.586341,2.8673985,3.578992,4.5388365,3.9943216,3.8908417,4.0926175,3.3252442,4.1055393,5.8424582,1.8976295,4.4124007,4.34423,4.4738865,4.0031776,1.9458932,4.0101056,5.6649513,1.8286297,5.0672784,4.196016,3.583654,3.1646762,3.3509784,4.7917566,5.610436,5.231195,4.537752,4.5464444,5.8781953,4.772609,5.8286023,3.3148642,3.7773275,4.106979,5.459146,3.221737,4.4874163,4.372293,5.5728383,4.8456373,5.5281825,4.7841225,3.252203,3.3860629,2.4280934,3.167819,5.305818,4.6296654,3.780355,3.2169898,4.0632024,2.9219365,3.6408553,3.4711564,5.691104
SIM-0086-NT,6.5006557,4.1926546,3.1806796,1.8302509,4.511177,3.257973,3.4399765,4.152282,4.2132416,5.217039,4.503309,3.4887004,4.051732,1.7814986,3.5702765,3.8030045,5.605723,3.903146,4.5968843,4.0948753,2.212705,3.5266652,3.5990427,5.9380245,3.444917,4.7595396,2.5465696,4.3863564,4.7126718,4.1451473,4.080243,3.1494539,4.3508563,3.38224,1.9009222,2.752689,4.4338155,5.6128955,5.044566,3.3790808,3.9552743,5.3725114,4.3412657,2.6384683,5.407638,4.5529146,4.47606,4.1248794,2.3712602,2.405179,4.981878,5.93176,4.701369,3.7493246,4.3817525,3.0357523,3.0079536,4.0928206,3.7822068,4.4347606,3.5023103,3.515708,4.4016457,3.7577422,4.5661874,1.6918252,3.6096406,3.4407196,3.0126002,3.2216444,4.0741205,4.587749,2.1263278,3.7694647,3.220179,2.646682,4.729974,5.090541,5.737825,4.108086,3.3698664,4.5005903,3.712413,3.6941597,3.4777596,4.1042924,3.892639,6.7934365,5.657611,2.727994,3.2799408,2.6973326,3.5122006,5.0739784,5.0608087,3.1173415,4.0656705,2.3455343,3.9097834,2.1570792,3.0646331,2.5960917,3.9239633,1.9881011,3.334407,5.3435287,2.1319075,3.025529,6.0976315,5.611499,1.9607282,3.4999492,5.0195775,6.6725783,2.8058941,3.6693985,4.358905,4.7513695,4.3881087,4.4941874,2.6106038,3.3425603,3.737711,4.9225636,3.2444143,3.5638242,4.832711,4.0159163,3.4411075,4.169174,4.2530866,4.2083883,3.650306,4.267974,6.5765862,5.833165,3.8824458,2.7044795,2.9361868,5.236232,3.9830322,5.1259623,2.0550382,3.980588,4.3423924,3.129706,3.6994557,4.4308286,4.7994614,3.1504335,3.6846576,4.52055,3.1688876,5.4446445,2.047802,4.3701577,4.5065703,4.6387134,3.1075737,2.9298668,3.7279644,5.1571436,2.6600757,4.617321,3.774823,4.1540594,3.8361564,3.882406,4.9907775,4.9208994,5.316435,5.63399,4.4714007,5.9442067,3.548666,3.7026153,2.9527168,4.939431,2.7284987,5.3557386,2.5007424,4.6623354,3.786989,5.9931364,5.0431213,6.0131626,5.379124,2.1113613,4.4672184,3.278644,3.9266698,5.43372,4.418876,2.8661578,2.5826914,3.5742755,2.9668636,3.2146916,4.5277095,5.399253
SIM-0087-NT,6.383984,3.8695254,2.8961315,1.4803934,3.8275056,4.0349026,2.8179653,4.3994355,4.0036473,5.5590997,4.591215,4.1498446,3.795262,1.7841089,3.435503,3.519794,4.9198904,3.7996538,5.9190135,3.413971,3.8068142,4.077797,4.772339,7.0812163,4.3576794,5.001073,3.211237,5.0789924,4.384982,3.9181936,4.335329,3.1123033,3.7572598,3.726826,2.4279919,2.4274256,4.101211,5.3930197,4.715013,3.797991,4.866051,5.40901,4.175118,3.6681828,4.460474,4.597795,5.960351,4.6786594,2.099444,1.8723507,5.382519,6.415997,3.9309685,3.229465,4.734975,2.5509596,2.7294974,5.1111355,4.111667,3.469927,4.21314,4.662953,4.8176413,4.0486755,4.814349,2.0314455,3.096011,3.222361,3.0993195,3.9116447,3.331481,4.643176,2.569174,4.1762395,3.5643394,3.9744809,4.4401646,4.736542,4.9662905,3.7738273,4.1580644,3.0770197,4.102763,3.5392504,2.992146,4.6146064,4.3130555,6.4591165,6.5410457,3.312008,4.1224,2.8941865,1.9711727,4.277271,4.666816,2.8562577,4.0831466,1.6653082,4.7836185,2.2337413,2.9287252,3.5043144,3.7350516,2.3959353,2.4768014,6.057959,2.5604594,2.9929612,6.157733,7.712278,2.727177,3.434932,4.0803246,6.4635897,3.3583052,2.8052053,3.805777,4.0197372,3.7389166,3.849442,2.8824935,3.6741045,4.432322,4.6182256,3.4834611,5.0442085,4.188263,4.112892,4.4205127,4.3541737,3.1425014,3.1482384,4.516725,4.1412945,6.686233,5.9541073,4.3554235,3.5744295,2.7869067,5.26453,4.6601505,4.4574933,2.4364088,5.4080925,4.810503,3.5063052,4.6926994,4.615181,3.8218205,3.9637403,4.130921,4.054778,4.9000707,4.629436,2.1902604,4.6883583,4.4605474,4.5920615,3.507263,2.2464402,4.6769714,6.0441265,2.8264935,5.1771626,4.12067,4.332,2.4349272,4.081678,6.2293377,4.569342,6.482052,4.7187643,4.424206,5.4233556,5.1286035,5.6482263,3.653831,4.6520767,4.1278896,4.9731245,2.8865721,5.1491585,3.3880801,5.226296,5.8222623,5.5706396,5.157688,2.6898618,3.8511639,2.9388204,4.3580303,5.7880273,4.992443,4.1015005,2.8415773,3.5093246,3.6676135,3.3971207,4.7588096,4.7741475
SIM-0088-NT,7.108125,3.8659432,3.0423317,1.5439922,3.8288846,3.0354977,2.4379473,2.807952,4.2504163,5.239814,3.6199553,4.115302,2.5252397,2.686299,3.4558725,3.783656,5.7223983,5.4100385,4.6033387,3.6139836,3.2057407,2.5536768,2.477645,5.827921,3.558345,4.667487,2.98152,5.3869576,3.9817796,3.7989845,3.202317,3.5055718,4.560826,3.9427848,2.2017663,2.6261187,3.5333526,5.4560375,4.9008856,3.7209854,3.6028662,4.966062,3.4139063,2.9411862,5.4417825,3.7056146,5.6919203,4.1961055,2.509767,2.7455156,5.1820974,6.144088,3.4713106,3.4236293,5.208769,3.2376912,3.377495,3.3324761,3.7325163,3.1225817,3.6658964,4.2834873,5.2314525,4.3409944,5.0039773,1.563095,3.5463831,3.138785,2.009321,2.8833587,4.3399153,4.162752,2.5035486,3.734481,4.5184646,3.4033961,4.7628527,4.022733,5.342059,3.9805777,2.8611474,4.2705026,4.378029,4.602523,2.7515442,4.212082,4.12168,7.246315,5.9349766,3.1511335,3.4834957,2.2785761,3.528154,4.725399,4.8635745,3.3342059,3.4379382,2.0318928,2.9835858,2.4752192,2.7876382,3.1395814,3.4552507,1.9941511,1.9358144,5.927629,2.1505256,3.2821686,6.0765276,6.9801817,2.6774623,2.6129076,4.1124525,5.3479695,3.13678,4.0645757,4.939654,5.0662856,3.3396869,3.561289,3.1440434,3.8449345,3.6101131,5.155431,3.7335382,4.3762665,4.6697435,4.8186855,4.455255,4.065414,4.3382225,3.7184858,4.5914297,4.3447013,6.3188553,5.8508,4.0200276,4.14212,2.27075,5.345832,3.5943656,4.4310794,1.9697672,4.995316,4.6252995,2.4114025,3.513768,4.960554,3.3963344,3.2808018,4.326889,3.7868,4.22814,5.982643,1.0363071,3.503482,3.8551912,4.1218925,4.2978463,1.3927382,3.730886,5.044509,3.1669855,4.556628,3.508138,3.1313586,2.8159087,4.0988045,5.426523,4.5287232,4.949869,5.013436,4.512544,5.248022,4.7664385,5.2705226,3.4391046,4.429462,3.2477062,5.563153,3.8387716,4.235518,4.1940913,5.8237295,4.2655287,5.533086,4.4375863,2.3615692,3.754864,2.7288506,3.9007144,4.5633225,4.150587,3.6360335,3.2626708,3.503511,3.0632908,3.9922934,4.287496,4.6513314
SIM-0089-NT,7.3513393,5.2759323,2.5673916,1.8875798,4.8127894,3.2447383,2.7109945,3.609612,3.3698049,4.4306192,3.2931747,4.4365687,2.5469904,2.4919853,3.8031693,4.0271273,5.9162154,4.3207984,5.0517883,3.1206245,2.3903878,2.9823925,3.2116919,6.3431296,3.7294385,5.010442,2.691631,3.8409948,4.0004826,3.1711168,3.5940514,3.4663508,4.4882674,4.4741054,3.015935,3.676646,4.5301576,6.1219444,3.9805405,3.3441072,4.061346,5.300067,3.9053028,3.0885015,5.3147078,3.9260576,4.76901,3.6221912,2.6583533,2.1363811,5.536883,6.0238876,4.1077023,3.2863998,4.8094735,2.6051426,3.4330955,5.087925,3.7818398,4.5955963,4.701158,4.0959606,6.1507635,3.96031,5.1538634,2.304114,2.9627523,2.6736562,2.1705432,2.230824,4.105534,5.950289,2.5447712,4.45771,4.2581434,3.7764926,4.9901013,4.4152718,5.6061773,4.282841,3.5349598,3.9898727,4.2168956,3.380096,3.3644702,3.4481773,4.537921,6.8953424,5.306628,2.8428562,4.773354,2.4968169,2.7991862,4.716045,4.8195157,2.3106542,3.6057384,1.394402,3.9979284,2.5312405,3.8241627,3.2148883,2.611133,2.4332778,2.388089,6.837606,2.9101813,3.2812934,5.481643,6.510033,2.8156085,3.451443,5.01056,5.652038,2.400732,3.3409317,5.259863,4.3511376,3.513488,4.3962708,2.1677227,2.644238,3.3071792,4.3532147,3.319917,3.6913238,5.5207458,4.237178,4.5462637,4.2629604,3.3508222,3.4298813,4.770221,4.4728684,6.4537997,5.8299193,3.517136,3.2294755,2.4093013,5.8322268,4.827939,4.004879,2.232425,5.051693,4.904816,2.0517602,2.423664,4.2827916,2.7867584,3.7871149,4.1926155,4.3660626,3.8412786,5.5520825,1.7590964,3.1752896,4.6341863,4.433165,3.3253622,2.3139687,4.258328,6.1173873,2.2859085,4.9773736,3.361009,3.4697542,3.032868,3.21716,5.7003345,4.878772,5.3497543,5.284302,4.054237,4.941778,4.1403804,4.8028297,3.9641333,4.141286,3.7564135,4.499001,2.633347,5.604534,2.8438091,4.94527,4.2151217,5.722947,4.513551,2.7290373,4.060807,2.1751842,3.1876392,5.51117,5.007224,4.5175476,3.3376806,3.5265322,2.7365172,3.419348,4.052314,5.390441
SIM-0090-NT,5.7781734,4.6909842,2.772268,1.8131012,5.000573,2.5563004,3.7210023,3.784864,3.9443772,4.2588844,4.832247,3.735688,2.7005758,2.1700757,3.322619,3.3511276,5.850405,3.831658,5.3181834,3.759502,3.627891,2.9290667,2.873149,5.3935986,4.2752852,5.1695433,2.7508628,5.7781506,5.063032,3.1677234,3.5825002,3.2790499,3.9110296,3.4967268,3.1303751,2.0354319,4.319088,6.16334,4.3601017,3.8435535,3.9517753,5.7214227,3.6309223,3.7104685,5.1190467,4.991562,5.244382,3.9343662,2.1545987,2.850483,5.43902,5.292629,3.4370728,3.8853655,4.909964,2.3858714,3.5534537,4.5602665,4.0831175,3.8152,3.8359942,4.4157243,6.101125,4.743521,5.2205577,1.6354184,3.4578667,3.5371654,3.4695668,3.703257,3.6724012,5.279807,3.0463011,4.105103,3.6120174,3.7214246,4.60871,4.1950893,4.986653,3.045876,3.3754873,3.7558544,4.623479,4.806932,3.5777593,4.7997227,3.8496876,5.8014946,6.342216,3.8378234,4.490613,2.779056,2.410941,4.4984097,5.483574,3.8969538,4.060668,2.3075275,3.5436947,2.423027,3.7375412,2.7269316,4.643306,1.3899922,2.816398,6.289015,2.609194,2.4406562,4.8060255,6.639353,2.5714917,4.187619,3.9501278,5.955083,2.367023,3.994846,3.6584873,5.4824142,3.5533102,2.4689267,2.2662294,3.323995,3.4057035,4.0498495,3.1133642,4.0633326,4.4333744,4.566324,4.9523244,3.9258685,3.991266,2.7152765,4.352005,4.017695,5.983469,5.7713923,4.540201,2.7098732,3.4841123,5.08732,5.100535,4.690354,3.2408805,5.515073,4.5680156,2.5280159,3.1776915,4.5302343,4.12403,3.4133158,4.3130417,3.7674081,4.5720677,4.983757,1.9330773,4.0136476,4.775297,4.784709,3.5856087,2.160591,5.219511,5.582066,2.8403554,4.673135,2.740533,3.325006,3.150062,4.0161095,5.504651,5.15563,5.927942,4.789795,4.736238,5.8287387,4.151214,5.0642476,3.743114,3.7640457,3.213643,5.6963677,3.5121403,4.8764224,3.8379827,4.454724,5.6105514,6.338817,5.1067505,1.2905943,3.9535081,2.7644286,3.823128,5.285713,4.5216784,3.610776,2.5994935,3.7457607,2.880103,3.9981027,4.716244,5.693014
SIM-0091-NT,6.9455204,5.1619487,2.1398706,2.8790734,5.343591,3.4153671,4.000774,3.3689034,3.7544248,4.7605453,4.1325426,4.119332,3.174288,3.3186188,3.5638294,3.2018032,6.5900855,3.519797,4.703044,3.636576,3.023644,2.312164,2.9015377,5.3880787,3.48947,5.430179,2.4861538,5.429403,4.8503404,3.5138266,2.967948,2.8095841,4.148443,4.315852,2.715243,2.2186484,4.246512,4.9314175,4.417162,3.3925297,3.8695643,5.4937477,5.094499,4.6879663,4.586356,4.130453,5.7935224,4.7676287,1.6934892,2.6755092,5.4073567,4.761655,3.151897,3.3329256,5.490852,3.3970058,3.282447,5.1170964,3.618757,3.642405,3.744682,4.6853333,5.923763,4.0166473,4.1793814,2.117657,4.190272,3.7731292,2.4418056,2.787949,4.0439568,4.712186,2.4487653,4.6577015,2.8303277,4.7004285,4.69644,4.97148,5.282998,3.9811754,3.1726642,4.2044296,4.0688353,3.8901,3.8222828,4.105181,3.8903804,5.7723308,6.8096333,2.870794,4.743536,2.735985,3.4807355,4.400527,6.313829,2.174807,3.4530244,1.7201092,3.7307875,3.0122416,3.3374336,3.2172046,3.8939486,1.5854926,2.7236378,6.487274,2.4415445,3.8371625,6.5046997,7.327043,3.2443438,3.6467996,4.9122415,6.5140753,3.4171548,3.4695804,4.757497,4.7216015,4.0427165,3.8274384,2.3416998,4.55393,3.1974525,3.7615042,2.7811089,3.999763,5.6363883,4.795846,4.314734,4.3013124,3.994832,2.6824536,5.425548,4.590083,6.270378,5.1454096,4.2733793,2.89073,2.9363797,5.3461046,4.0921865,3.7529373,3.3214436,5.0462017,4.6827164,2.6783645,2.7474697,4.222067,3.8908558,4.062596,4.3495507,4.1305375,4.646699,6.373325,1.6282674,4.3127575,4.4234424,3.345976,3.550825,1.8094225,4.4437118,5.3318453,2.768979,5.3543425,4.2732596,4.7483063,2.1090896,3.0660439,6.7639523,5.087417,5.844536,5.193431,4.410657,4.7770615,4.0528283,4.772064,3.345499,3.773978,4.5819416,4.8637576,2.9607563,4.903619,4.104079,4.9326057,5.3743596,6.0424275,4.0871925,2.3742077,3.8469727,2.7189102,3.7363687,5.8285913,4.89586,3.4705272,3.0291014,2.9571786,3.1723862,3.573037,3.8196287,5.2956033
SIM-0092-NT,7.2378316,5.0000334,3.2656126,2.0287547,4.741098,3.033789,3.7906442,3.0773466,4.414357,4.2611246,4.5654173,3.8502195,3.4470398,1.935045,3.5586839,3.9765327,5.984872,3.6064932,5.300847,2.5777574,2.4811354,2.2535183,3.6888835,6.3285356,3.4066327,5.5750837,2.939102,5.236366,4.417962,3.8002448,4.6125507,4.386152,4.2303386,3.9618764,2.9339528,2.8876185,4.296177,5.412552,2.3675015,4.6487665,3.9384599,5.185223,4.109236,3.197171,5.226409,4.4066,5.1774883,4.2578855,2.7590077,3.0957599,4.9807367,5.320971,4.18313,3.2969413,5.009743,2.5978088,3.0547836,4.594737,3.5004156,3.4805956,4.2231364,5.0006843,4.452267,3.3138144,5.1453676,2.734726,2.886692,3.564488,3.600127,2.6906414,4.4557104,4.8269053,2.830926,3.6710148,4.016345,4.089553,5.865113,5.258419,5.332823,5.3996835,3.9794536,4.046399,3.7439198,3.411557,2.193098,3.6236572,4.9168797,6.7610188,5.570158,3.0788221,3.5837436,2.9365833,2.969894,4.4904485,5.3558965,2.8464823,4.1398563,1.7049253,3.340959,3.3640256,3.4978085,3.3273532,3.3133974,2.6484797,3.6191688,5.4978304,2.8896818,2.5105596,7.1817164,7.5248833,2.969487,3.0178173,3.8485274,6.1018353,2.3318968,3.0891652,4.781753,4.501475,3.8138597,3.6464145,3.0851774,3.3309188,4.0469346,4.3392305,3.7449973,5.0625377,4.7850494,3.8248906,3.5075598,3.0436544,3.9120972,3.2246804,3.7734528,3.4671636,6.854895,6.011275,3.755043,3.0157688,3.0905898,4.8779173,3.8584015,4.311021,2.8007445,5.518139,4.086697,3.119845,3.5252695,3.7595994,3.9039297,3.0757117,4.4780393,4.5242586,3.947276,5.146952,1.9606388,4.3712244,3.6193066,4.2219715,3.5986161,1.8578901,4.520986,5.3773775,2.1960082,4.8131566,2.9269435,2.910449,3.4062378,3.2953823,6.3674765,5.5685744,5.4790726,6.3469386,4.907874,5.4212775,3.1480732,5.1720657,3.7190769,4.2822266,3.188158,4.4176555,2.608183,5.135669,3.6321614,4.9910383,3.9911752,5.8662467,4.174809,2.8872228,3.5659964,2.680141,4.563712,5.3579416,4.4172463,3.5938804,2.0936518,4.658187,3.2804098,3.5910857,2.6234605,5.025606
SIM-0093-NT,6.277429,4.976463,3.5367422,2.0619588,3.666156,3.934206,3.4535122,4.290589,3.9919026,5.3193846,3.9268966,4.5448427,3.268563,3.046763,3.6024628,3.9226983,6.065495,4.8515444,5.4911065,3.569816,1.8864471,3.4400764,2.5554214,6.1459727,3.1207304,4.129605,3.2833245,6.008732,4.228648,4.226302,5.1370826,3.7765188,4.1236506,3.663524,3.0147843,3.438969,4.779613,4.194149,3.7318895,3.8463483,3.7781827,3.455956,3.856573,3.5872674,4.8436465,3.9302845,5.5564885,4.3547783,2.5412326,3.3177125,5.6797853,5.287909,3.258212,3.5103278,6.0181546,2.48111,3.4032128,4.690605,4.602011,4.190004,3.487444,4.705759,5.792493,3.8920794,4.061941,2.2178454,3.9830391,2.3984947,2.9084475,2.8033512,2.9080756,4.7398443,3.3150668,4.634662,3.9892066,3.8069432,5.300657,4.5874376,4.7848725,3.3927433,3.0004668,4.476821,4.7808423,3.6366343,2.9423075,3.8891864,4.1506777,6.2494526,6.57969,3.1373034,3.8206952,2.6486871,2.895408,4.369882,5.737012,4.0072618,2.771946,1.0934104,3.8684015,3.4921794,3.6503587,3.463287,3.2256129,1.9562778,1.4348985,6.058003,1.6304677,3.5695453,6.6143246,6.9753885,2.0721467,3.8196075,5.271122,5.9665656,3.6056347,3.5121396,4.3417325,4.3993354,2.6604912,4.9982214,2.6949291,4.195213,3.5028582,3.4606268,4.1575804,3.9094884,5.187135,4.3769717,4.3887324,3.6608634,3.9252682,2.8034165,4.721083,4.1884866,6.082467,5.289179,5.4395056,2.5859108,2.115282,5.15014,4.1337256,5.028935,2.5784721,4.942201,4.7045894,3.1306522,4.5802536,4.390399,3.7119284,3.8070793,2.587172,3.7316988,4.699054,5.772584,1.5826195,4.0877695,4.7281404,5.0086107,3.8518133,2.0852225,3.1712341,6.216437,2.7237399,4.940158,3.3274488,4.421252,2.8184834,3.6483328,5.2720504,4.8075814,5.1579957,5.458688,4.078643,5.401033,4.881613,4.330474,4.14515,4.1172295,2.4784377,5.671822,2.976823,4.9794135,4.31297,5.9208574,4.8513823,6.12929,4.916368,2.2565258,3.1413288,2.935454,4.1711893,5.802895,4.103822,3.8498302,2.8315477,2.9867692,3.2923918,2.8561695,5.2023735,5.729199
SIM-0094-NT,6.7999625,4.6440897,4.222421,2.3679574,4.3868117,4.6316357,3.643433,3.6788106,3.3911026,4.228621,4.0131474,3.8605692,3.128978,1.6154315,3.8440294,3.5310247,6.072297,4.5977373,4.784985,3.0187948,3.586881,3.4713392,3.350762,6.862684,3.2202442,4.5282354,2.596222,4.877673,4.7708116,4.538242,3.9709926,3.9517746,4.3389373,3.1542175,2.1212378,2.4689424,3.538259,6.583847,4.37964,3.8335543,5.146827,4.654868,4.1508107,4.5889096,5.034269,5.652163,5.9285583,4.8361974,3.4429784,2.632642,5.406822,5.6659455,3.3270144,3.5838313,5.4592414,3.7375717,3.4019108,5.8246355,2.5256228,3.386356,3.6588845,5.083822,5.352693,3.3566713,4.5213766,1.3510288,3.2544687,4.1561837,2.6053827,3.208424,3.6193984,4.790155,2.2532768,3.8753142,3.6844482,4.3816442,5.4764757,3.9285822,5.831664,4.0832133,2.9916968,3.8671896,4.5286407,4.2001,3.1557336,3.6590142,5.224644,5.5528316,6.16577,3.3301384,4.034088,2.1823728,3.9938915,4.261615,4.6127462,2.723511,3.408206,1.0544503,4.737587,3.4620461,4.3839827,3.983851,3.7297843,1.8076069,1.1940683,5.9261303,3.5954037,2.489289,5.731953,6.627782,3.015931,4.2747936,3.5719504,5.0548096,3.7564528,4.1212554,4.6476474,5.2883077,2.9413295,4.331784,2.590985,4.0650983,2.5400364,4.1018186,3.8130713,4.439873,5.6403646,4.7663317,3.8724747,4.465152,3.5037532,3.3054497,4.6445584,3.485072,6.4866314,5.320677,4.095498,3.5902681,2.469602,4.7477255,4.783327,4.534422,1.5283543,5.355259,4.25112,2.1880627,2.274818,4.7154245,3.6225078,3.0859065,4.216213,4.1509185,3.759011,5.927812,2.460788,4.4364815,4.772041,4.4530582,3.4062262,2.2153351,4.548366,5.098594,2.0814476,4.149953,3.789068,3.9802027,2.6207473,4.0757933,4.7777443,4.237738,6.122575,5.64182,4.041224,5.859956,4.049589,4.7293186,3.7753477,4.3467293,3.4613557,5.126165,2.282447,4.976489,4.084882,5.515714,4.3911085,6.278439,4.0721574,2.2125506,3.7952874,2.1967883,3.3363647,5.621969,3.7246475,3.1037252,2.112082,5.0535517,2.8896854,3.3917744,4.428046,5.4575725
SIM-0095-NT,7.40294,3.6326327,3.6655507,2.4908664,4.2345386,3.1276946,2.0332623,2.7659078,4.1186337,5.6662893,4.521467,3.8035076,3.9272826,2.827905,3.316779,5.037273,5.2198462,3.394354,4.7721868,3.1213841,2.6325905,3.4339285,3.2577841,6.1243215,3.208021,3.6823263,2.3394427,4.7389174,3.9634867,3.7274683,4.6613016,3.3079875,3.784988,3.1484666,3.6296823,3.4883094,4.4705267,4.7978497,4.313394,4.0732102,4.2985964,5.020996,4.038067,3.2692153,4.533752,5.11175,5.976913,4.0407696,2.95162,2.8266912,6.8223696,6.1599503,4.2378654,3.6358032,5.244232,3.5843096,3.4314091,4.2285557,3.832328,4.413571,2.7886417,3.8763812,5.5888643,3.128354,3.7608733,1.814597,4.197054,3.4256616,3.5723867,3.1629796,3.4795501,4.262223,2.4812934,4.384396,3.8921916,3.8046362,5.2763157,5.176307,5.375034,4.529154,2.940734,3.7394958,4.0020804,4.572926,2.4083698,3.9296072,3.29839,6.814662,6.5002394,3.6021106,4.1189303,2.956258,3.7591398,4.6228027,5.54531,2.9430752,3.2457569,1.8878326,3.6694815,2.1544309,2.853056,3.2381272,4.3586254,2.2469425,3.9153657,5.669366,2.9350483,3.5488157,6.369752,7.2326,3.3635602,3.6594481,5.1729965,6.3702774,2.587029,3.9155061,4.0036893,5.1956606,3.7359595,4.5405636,2.5704255,2.8336926,5.052296,4.297714,2.9445686,5.04442,6.0306444,4.05421,4.3021355,4.1721787,3.4445992,2.933108,5.2074575,3.83661,5.67439,5.347334,4.9222584,2.2489944,3.0149136,6.4222527,5.2782803,4.766745,2.9136353,5.5808516,4.3914948,3.3519661,4.4227667,3.631836,4.340792,3.8885665,3.9480941,3.7553391,4.268398,5.6292777,1.9926491,4.001407,4.087574,3.876033,3.391864,2.3738613,3.9749599,6.200289,2.6811662,5.4355917,3.352065,3.5231419,3.5151303,3.7305207,5.198786,4.931986,6.0630364,4.54953,5.1314096,5.538731,5.289002,4.161214,3.8621285,3.9737353,2.3149588,5.318688,1.8597277,4.636517,4.361487,4.906229,4.2990017,6.2208247,4.6060157,2.2254298,4.5705433,2.2443535,3.2519166,5.9444523,4.02156,4.188743,2.8778589,4.4700456,3.2196574,3.2527158,4.072503,5.1338296
SIM-0096-NT,7.2702045,3.9211972,2.4088326,2.6100552,3.900284,3.364101,3.4835405,3.3089705,4.574404,5.023396,3.9786355,3.7065072,2.712617,1.9902718,3.2639687,4.7778225,6.1236744,3.957676,5.4735675,2.7071073,3.5028954,3.6824613,4.392941,6.634246,3.3972306,5.4840593,2.7841682,4.733865,4.3528285,4.527803,3.5312984,2.8641813,4.564341,3.903782,2.422854,3.0572712,4.8567877,6.179322,4.336638,3.836063,5.153638,5.3137035,4.6895595,4.5682135,5.523923,3.9302106,4.9162445,4.0344195,3.1302805,2.8542337,6.754469,5.941194,3.6567602,3.0501416,6.051663,2.8899238,2.3522031,4.654457,3.1075258,3.7820592,3.8396533,3.8849854,5.1636696,3.718525,4.2852945,1.4458177,3.7098992,2.7094204,3.074479,3.2222476,4.263234,5.8592544,3.01227,4.255425,3.8859992,3.9056213,5.027858,4.5234528,4.826563,4.264954,3.28841,4.5009007,4.700065,3.8635974,3.5389576,2.810119,5.193341,5.8482513,6.1244006,3.3604648,4.274475,2.3722095,2.3365335,4.1519613,5.0962725,2.2463202,3.3685393,1.3147852,4.1618767,2.8145456,4.451108,2.9950497,4.120933,2.135736,1.7213206,6.0268908,3.089284,3.2042093,5.69028,6.176689,3.1506627,3.8414943,4.763261,5.591642,2.1709554,4.021602,4.772766,5.130608,3.6382105,3.8434436,2.8337314,3.4633608,3.4110446,4.1832223,2.9844697,4.356991,5.9824963,4.6767464,4.5057755,4.828994,3.5876365,4.5236616,4.086243,4.9046164,7.0928698,4.6967397,5.119393,3.094988,2.6036043,5.453462,3.7587914,4.731142,1.7850168,5.015978,5.122102,3.0828283,3.3485794,4.534423,3.3492267,3.2883983,3.6813767,4.1414475,4.355462,5.739075,1.4196502,3.3690999,4.920571,3.947097,3.8376048,2.1872258,4.609492,5.424607,2.9924772,5.552967,4.167136,4.0174885,2.729539,5.0765996,4.804232,5.02327,5.898704,5.1461434,4.531668,5.4888268,4.6525207,4.9864006,5.0422554,4.6019573,3.5605175,5.2773633,3.741465,4.2971373,3.7179828,4.2176776,5.030256,6.2447333,4.232975,3.1454997,3.5736067,2.6567588,3.5415032,6.3083267,4.2084346,3.446693,3.3737016,4.317017,3.0861404,3.70961,4.034648,5.999202
SIM-0097-NT,6.8582873,4.2924857,3.6842747,1.5526704,4.4278507,2.8256416,4.8442607,4.5422306,3.8040886,5.325909,4.1596484,3.6670654,3.0241618,2.3050165,2.7533584,4.077729,5.7467837,4.2863746,4.9439807,3.3205347,3.2525113,3.3014505,3.9727974,6.375835,3.0798101,5.1468735,2.1067662,5.9834127,4.522141,4.93559,3.524565,2.7863896,4.6289887,3.7262838,2.9435167,2.8149755,3.8585293,4.8364134,4.301567,3.2400656,3.597323,5.115686,4.434712,4.5829525,5.5959187,5.145365,5.862587,4.366661,4.028426,1.970413,5.444313,5.556076,4.267259,3.1274242,5.843159,3.1827793,3.5119467,5.0409384,4.3745546,3.9702733,4.101636,3.9692998,4.925084,4.972999,4.2378798,2.270484,4.216803,3.7442603,1.9520867,3.567451,3.6368606,4.615948,2.5481987,4.549017,3.8814507,3.608365,4.433204,4.0038433,5.713913,3.206623,3.24498,5.1166773,4.472277,4.547698,2.3850944,3.476839,4.626139,6.376298,6.463655,3.2183232,5.490798,2.300398,3.6038587,3.9185324,5.7718935,3.5411725,2.9152586,1.7440685,4.5732517,3.61344,2.8133626,2.9401543,4.866436,2.2086828,2.674666,6.6927133,2.0964966,2.4833658,5.7250643,7.557379,3.388316,4.041634,4.3219757,6.3434825,2.9868202,4.093706,5.283357,5.333176,3.6456816,3.7348719,3.3226418,4.4977527,3.5119252,3.7296534,4.10419,3.7006748,4.2163153,4.071282,4.4029765,3.5231793,4.1110168,3.411677,4.0763006,4.9194455,6.3080487,6.137599,3.65774,2.5045218,3.1176198,6.1185718,3.7577813,4.5518317,1.6378659,4.568127,4.5509763,2.6432636,2.8757133,3.5997584,3.1094627,3.9461207,4.1953025,4.044299,3.6979747,5.9744673,1.7867308,3.7667968,4.098098,3.971436,3.7241664,3.0519023,4.8969235,5.599245,2.7354493,4.313113,4.036508,3.523247,3.2922294,5.1500797,5.0150385,6.044057,5.9776297,4.8025994,4.041359,6.9264126,4.6854873,4.544912,3.6016986,4.281934,3.2982156,5.1625338,3.7085018,4.218365,4.1316643,5.134798,4.501346,6.3567333,4.000062,1.244743,4.0453134,2.758903,2.8052967,4.6559525,5.6028504,3.532577,2.9961054,5.1304045,3.2944713,4.213498,3.7220323,4.5466156
SIM-0098-NT,7.2223997,4.6216593,3.6352928,1.0525594,4.61951,3.6816933,4.0527287,3.184556,4.1185164,4.678152,4.010576,3.319897,2.5850134,2.204836,3.2682238,3.5668218,5.1181316,5.110822,4.732458,3.665687,1.9355704,3.713708,3.358354,5.906533,2.961043,5.273194,1.6205251,4.5194764,4.3254094,3.7780566,5.2118936,3.1764154,4.9411855,4.4508452,3.1097014,2.3851542,3.530344,5.9518013,4.9825044,4.154343,4.90255,6.6019754,4.6380696,3.0387564,5.1318192,5.113864,5.411366,4.936087,2.7420626,2.7990143,5.4755573,5.803434,3.9267046,2.8125417,5.240648,2.2763503,2.9017186,4.2457447,4.111305,4.506578,4.116704,3.70375,5.358414,3.4169886,4.5702925,2.2735386,4.447334,3.393192,3.4104228,3.251726,3.5490966,5.3527327,3.1268454,3.7685456,3.7053216,3.52517,3.9984608,4.7581687,4.690137,4.0096064,2.5364041,3.4163077,4.0256977,4.777436,2.6488545,3.5530043,4.4104004,6.4089875,6.272125,2.6408167,3.8180437,3.7713413,3.2896535,4.4089704,4.3753333,2.8444266,3.5757139,1.6877621,4.144551,3.150055,2.8115458,3.6307921,3.284395,1.8598107,2.6476972,6.912759,2.2106392,2.9770567,5.9149237,7.233747,3.4204485,3.4297135,4.8474803,6.3938584,3.9051223,4.005684,4.856056,4.197474,2.8943505,3.7272003,2.681273,3.7070801,4.0324717,3.5050836,3.3536856,5.468923,5.510515,4.4635243,4.5470977,3.8704395,3.1230493,3.5070062,3.0922804,3.7399354,6.0913386,5.3497596,5.471538,4.149114,3.4039943,4.72848,5.223457,4.789628,1.7844242,4.9437966,4.933708,2.5901299,3.5987415,4.4219556,3.50204,3.5727823,3.3837805,4.1823564,3.698535,5.6173935,0.7382636,3.1964312,3.5855718,4.151206,3.7182763,2.4256558,3.4418778,5.6430306,2.0908525,5.1309175,3.5376565,3.89826,2.5746272,4.527868,4.6582546,4.3827887,5.786111,5.0517316,4.057119,4.838093,4.0932384,4.3482957,4.543041,5.198894,3.2771802,4.2872057,3.1907184,4.2918124,3.5347636,4.856822,4.500616,5.643286,4.0740237,2.076953,4.443019,2.8112144,3.544377,4.3951044,5.1114254,2.9583097,3.548267,4.1099195,2.5024133,2.489965,5.399432,5.556936
SIM-0099-NT,7.3453994,5.3238235,3.1225054,2.5441537,4.028424,3.5558481,3.2695942,3.135974,3.9077094,4.432281,4.3217607,3.685386,1.9705658,2.096486,3.3411648,4.372636,5.910529,4.8540106,5.242794,3.2237236,2.7858768,2.8608592,3.5187602,6.158381,2.8643336,4.842789,3.3276632,4.428362,4.5434556,3.0540204,4.5120234,3.6088026,5.2607136,2.9867182,3.3411202,3.1899524,4.081472,5.3907695,3.6174188,3.208457,3.9102092,4.678114,5.0172434,2.8380468,5.1807365,4.646609,5.7145057,4.4058785,3.2487311,2.4088795,5.6947036,5.5768847,4.4717436,4.6667457,4.8644776,1.877404,3.3898387,5.178513,4.5838833,4.3638234,4.5344477,5.167605,6.1398706,4.531165,4.0028343,1.945647,4.1013007,3.106865,2.762134,3.9054618,3.2874608,5.3154287,2.831828,3.6018653,2.9775298,2.8216693,5.2455463,4.506493,4.9245095,2.9074416,3.520413,3.6892774,3.8856502,3.6945534,2.7963245,4.325488,4.0632367,5.923211,5.847782,3.6695304,3.7327504,2.5707698,3.2464585,3.8707733,4.744405,2.439989,3.9364665,2.0839381,3.8785775,3.085377,3.6403253,2.755866,3.7431061,2.0051672,3.7886667,6.639348,2.7965186,3.5862067,6.4567575,6.2148046,2.7170067,3.6235888,4.64732,5.6167016,2.9638772,3.5240476,5.301805,3.7130961,3.4101665,2.944339,2.1102843,3.920415,3.9016898,4.0755744,4.006665,5.14856,4.978102,4.280646,4.1254845,4.366599,3.4030542,4.176359,4.886487,3.30325,5.698659,5.783979,4.216721,3.5092425,2.7078903,5.953549,4.266903,5.690421,2.5567517,4.252736,5.4976687,3.4389088,3.718549,4.5870337,3.4579434,2.8056407,3.875637,4.4374075,4.350417,6.3260775,2.093952,3.7734542,4.7683907,5.0572915,3.5879943,2.1363904,4.3982205,4.521396,2.6063545,5.224047,3.7437303,4.111013,2.9253633,2.6670327,6.131342,4.398741,5.4234266,5.8564034,4.928437,5.8804674,4.823678,4.250494,3.6629817,4.7139378,2.9640052,4.4904175,2.8609982,4.8333793,4.1331353,4.4821706,3.4761806,6.2812624,4.189284,2.1229644,2.8414292,3.3394494,3.6568894,5.666326,4.7892613,2.2709885,2.4936996,3.8069186,2.4090686,3.193104,4.435109,5.658531
SIM-0000-TP,7.5122004,5.4498277,3.0579944,2.93007,4.6835303,4.3128533,3.2137606,3.7096064,3.716385,5.5588236,5.1166496,4.4290366,3.7371948,2.9282985,4.32715,4.501875,6.811117,5.1573005,5.864522,4.4779096,2.9632654,4.0524197,3.2312267,5.9749284,2.8018496,4.3223577,2.4748368,4.487174,4.349611,4.0105095,3.9848087,2.9624445,4.8961644,3.914723,2.69457,2.3956044,4.4468017,5.673078,3.435928,3.8473716,4.416844,4.8561544,4.314304,2.8616614,5.774382,5.052731,5.4094973,4.3649616,1.5705701,2.0536668,5.5040383,5.187599,4.177679,4.615461,4.873137,2.4742227,3.2229972,5.448885,2.9942076,4.119396,4.7472067,3.511695,4.7669473,3.8787816,4.383645,2.3561285,4.0721116,2.2692888,3.0388923,2.8330781,4.3031,4.602109,2.3552997,4.3011975,3.8972938,3.8963766,4.1599593,4.8071327,4.820244,3.9631324,2.5921903,3.9993021,3.8391976,3.535256,3.272522,4.2113123,3.9212396,7.2430634,5.656518,3.1628106,3.8470733,2.2267249,3.644861,4.048879,5.0000343,3.9522376,2.8255606,0.6463208,4.6428027,4.2122498,3.267926,2.15472,3.7504954,2.0991602,2.4379928,5.572553,3.002358,3.1654682,5.0897107,7.2546654,3.854776,3.7177312,4.172893,5.6576962,3.3207712,2.8893862,4.859533,4.2395344,4.547756,3.7790906,3.459048,3.209956,4.027242,4.39187,3.0101492,4.5602365,5.618975,3.9935336,3.5057752,4.044374,3.548873,3.1072714,4.2757006,3.0498872,5.2853394,5.8143883,4.1244874,1.9545707,3.2800105,5.3273277,3.9058118,3.8217285,2.673318,5.1021137,5.6457214,3.0996635,3.7223268,4.180253,4.460855,4.0203714,4.522374,3.4873612,3.9348588,5.2319403,1.8287424,4.5123367,3.947092,4.0836067,3.785124,2.1203976,4.8040223,4.6014614,2.052786,4.47262,2.5112967,3.4568565,2.4895234,3.5649915,5.8565273,4.460125,5.2169046,5.148935,4.9636736,5.255955,3.9837055,5.1072626,3.592661,4.3902884,3.2957528,5.340416,2.3041573,4.776308,3.704004,4.5633016,3.9691298,6.163521,4.555299,1.9168196,3.8849573,3.3920023,2.3413513,4.7629094,4.1760902,4.031659,3.127576,4.4164405,2.2133594,2.7690918,4.5359163,5.184449
SIM-0001-TP,7.885874,5.307088,3.9665432,2.4907007,5.4308004,4.189998,3.8541994,3.0113769,5.074901,6.41615,4.4000506,3.4252305,3.5920422,3.3869212,5.2936277,4.9817305,6.526153,4.503014,5.7826986,4.131484,2.3075223,4.0592613,4.167358,6.696494,2.7181883,5.265999,3.416886,5.152846,5.0097837,4.1610475,4.3292446,3.6636653,4.616468,2.6532109,2.8162048,2.4439664,3.5326674,6.419999,5.0244894,4.560972,4.413433,5.981314,4.225409,3.6904714,4.559553,4.627252,5.565949,3.531908,2.7499325,2.591976,6.5497084,6.1707726,3.8262036,3.7412064,5.4835505,2.7914975,2.5640595,4.567801,3.2323456,3.3697202,4.092168,4.533207,4.5141277,4.0292425,5.14179,2.4794397,4.4642,3.1762264,2.3586645,2.5799983,3.838179,5.1055427,3.317273,4.5806212,3.449716,3.0502238,4.8432045,4.646731,5.2363563,3.5565472,3.4304998,3.5241623,3.928464,4.3322997,2.7146156,4.212542,4.36483,5.9477596,5.636224,3.8656452,3.131577,1.4782307,2.4783704,4.33016,5.221312,3.2121108,3.9529486,0.51629376,4.035301,3.7183046,2.90667,2.933236,3.5292914,1.7950987,2.3698237,6.84299,3.6312706,2.7352448,6.7894435,6.9228554,3.7052789,3.5851018,4.4070845,5.911435,4.6025696,4.180365,4.423705,4.9192653,3.4429276,3.621302,3.0794048,3.777369,3.8729005,4.239163,3.6129644,4.6840215,4.0442324,4.4887156,3.8607469,3.332006,3.9708788,3.3204324,3.9697413,4.318229,5.4220805,5.369883,4.0934095,3.213649,3.0270207,4.6871967,4.6248903,4.511645,1.3094409,3.9481425,4.448261,2.7790856,3.4767652,4.249726,4.165247,4.1816535,3.3409593,3.162037,3.6059008,5.61595,2.0558152,3.54748,2.9256623,3.4439974,3.211567,1.9644139,4.123801,5.7466407,2.3102655,5.388498,3.333466,3.5075166,3.1865394,2.8977227,5.49489,4.633932,5.6585903,5.97155,4.127983,6.7740836,4.3262773,4.18948,3.7383888,3.5284233,2.9266982,5.188101,3.0994873,4.4712667,4.3030515,5.750001,5.46902,6.085353,5.4124894,1.4875605,3.7740936,2.3944902,3.5413332,5.225504,4.554455,4.242157,2.9014227,4.2396784,2.6673052,3.3667164,4.3150177,5.379474
SIM-0002-TP,8.167188,5.962043,3.9338722,2.709737,4.4362364,3.9360697,4.948719,4.6713758,4.6852026,6.6944313,5.3171406,4.9442396,3.727326,2.7929204,4.617289,3.0673242,6.782736,3.070672,4.722136,4.6727953,6.382348,5.782196,6.2472496,10.142267,6.2651253,9.288477,6.4246397,8.464118,8.521915,7.237403,6.7865925,6.6188755,7.7567935,6.1911726,5.975005,5.679493,7.9632936,8.924924,7.347121,7.1567974,7.725914,8.942936,7.0480533,6.396806,8.987156,7.5511146,8.155862,7.7336674,6.335743,5.19501,9.094196,9.419985,7.336201,7.2613306,8.087837,6.3870015,6.28249,7.7304587,7.3691998,8.063042,1.4052153,1.6664515,2.0240874,0.9384179,1.6988235,0.01,0.6881366,0.24011946,0.01,0.01,0.13011312,1.9043307,0.01,0.87220955,0.52234316,0.15637922,2.0523553,1.3990097,1.3914647,1.2381196,0.01,0.01,0.39144802,0.3375237,0.01,0.62503767,0.7312851,3.4987984,2.718255,0.01,0.58900404,0.01,0.01,0.80485916,0.78722143,0.01,0.0150101185,0.01,1.1026244,0.01,3.22038,3.3657198,3.6417785,2.2415752,3.026023,5.8503613,3.1154168,3.2419152,5.3595176,7.392014,3.1777165,3.682714,3.960394,5.2990947,2.7443116,4.0260196,4.299525,4.6535225,3.0029662,3.7641428,2.679928,4.984391,3.0449548,4.9681773,3.519594,4.6771245,5.07189,4.377793,4.274914,4.7801805,3.771849,3.8445592,3.9943109,3.8725874,5.557187,5.8008666,5.1084094,3.1982646,2.7891457,4.6338344,4.1481028,3.6837463,1.798975,5.040831,5.1139274,4.2941747,3.2351828,4.981367,4.174343,3.632205,4.112809,3.7789807,4.2077603,5.2673254,0.73428667,2.991337,4.5031347,4.157644,3.330041,2.2475312,4.7254615,5.817532,2.138111,5.4769745,4.461067,4.185954,3.4339333,4.286524,5.865094,4.889705,6.031485,5.4372425,3.890418,6.0942965,3.761086,4.4306884,4.3552113,4.486656,4.046275,4.853747,2.2455719,4.662132,3.8603647,5.2107415,5.317709,5.640011,4.906792,1.9336461,4.1582055,2.8295472,3.1068134,5.393314,4.545446,3.165992,3.8719532,3.9835591,2.6614919,2.2801342,3.8649056,5.0237756
SIM-0003-TP,7.1919484,5.748083,3.6162467,3.4153004,5.3020716,4.2880254,4.239984,4.135883,5.489655,4.62681,4.1471896,4.2992535,3.8730378,3.2684827,4.7367597,4.691873,7.154078,5.1749735,5.857965,4.928734,6.5447145,6.347477,7.2170177,9.777112,6.772619,9.168302,5.464972,7.816066,7.3847513,7.255067,7.425269,6.184885,7.5468283,6.707931,7.5964413,7.2162685,7.5600486,8.990635,7.1787252,6.520632,7.8207216,8.400411,7.7702923,6.382305,8.318637,8.096405,9.312197,7.985306,5.708622,6.652519,8.844157,9.6334305,7.408497,6.5219545,8.896681,6.6689715,7.005091,8.166168,7.9646196,8.091969,0.11489463,1.1193001,2.7810428,1.4774916,0.43660378,0.01,1.1004055,0.01,0.01,0.01,0.28265452,1.2713687,0.01,0.100189924,0.01,0.01,2.5502393,1.0935357,2.187442,0.01,0.01,0.01,0.01,0.01,0.01,0.01,0.037213087,3.5866168,2.2612908,0.19870305,0.3247726,0.01,0.01,0.98424506,1.9768751,0.01,0.032288313,0.01,0.01,0.01,2.8784964,3.1663918,4.0692425,1.8460088,2.5462475,6.4145155,3.0216727,3.6791544,6.475404,6.4044213,3.6702263,3.366263,4.8639917,5.762691,2.807068,2.8508737,4.6915555,3.6550746,4.1074934,4.624573,2.2266488,3.9128118,3.3709168,3.9179277,3.8319201,4.4522696,5.8825397,3.914313,4.8514247,4.101862,4.3979735,3.054863,4.291715,3.8449638,5.67514,5.9043956,4.710971,3.53372,3.6560712,5.9158154,4.075277,4.66667,1.9436136,4.939116,4.154546,3.6996045,3.7103243,4.1547027,4.6492763,2.622521,2.8894606,4.1459417,4.182797,5.596715,0.77014345,3.7515328,5.178267,4.7080936,3.7129385,2.0237513,4.1307087,4.662751,2.5949588,5.2865696,2.883665,3.6079671,2.3683693,3.1828682,5.3267856,3.5404544,6.039447,5.5543394,4.3135357,4.50358,3.9407837,5.444439,2.3144317,3.8927844,2.7125757,5.391869,2.4841392,4.9843273,4.092079,6.0893598,4.649398,6.0086684,3.9882472,3.0231664,3.5527923,2.5476158,3.4705963,4.7297864,4.751919,3.7848027,3.1327496,3.2383332,2.7215352,3.6998742,3.373015,4.617929
SIM-0004-TP,7.8839393,5.4887886,4.2368126,3.433619,5.228138,4.235245,5.7578506,3.9860744,4.386536,5.975804,5.0795326,4.630636,3.2682564,4.4291797,4.5490437,4.226424,6.861236,4.7737975,5.491917,4.517475,6.4563394,7.498421,8.518476,10.648783,7.277732,8.872161,7.179127,9.091816,8.483273,8.588742,7.379857,8.0634365,8.543453,8.020715,6.4981246,7.673602,9.08263,10.346111,7.6898384,8.583147,8.775478,8.79059,8.494457,8.058564,9.671551,8.804611,9.9685955,9.207264,7.675772,5.4855375,9.779433,9.928564,7.231656,7.9511285,10.373047,6.6368947,7.5606976,8.472639,7.556663,9.0208,0.01,0.28145647,0.18464851,0.7345195,0.658041,0.01,0.01,0.01,0.01,0.01,0.01,0.38285065,0.01,0.09074259,0.01,0.01,0.71113634,0.5074911,0.84074926,0.67313576,0.01,0.11938572,0.63922644,0.01,0.01,0.3010106,0.42657328,2.2442608,1.4810071,0.01,0.01,0.01,0.01,0.01,1.3308425,0.01,0.01,0.01,0.01,0.01,3.0364637,2.3054075,4.024212,2.2005472,2.3129609,4.6514378,2.0889187,3.4636347,5.5046005,7.085363,2.1330905,4.351104,4.2695417,5.873718,4.1760325,4.5129423,4.624055,4.1381564,3.4610715,4.121126,2.5724921,3.5642042,4.467203,4.175065,4.594467,4.5169096,5.905375,4.3340893,4.8332367,3.6908498,3.5732048,3.5082948,4.810771,3.9228415,5.4499717,4.8932257,3.6722784,2.3531318,2.942331,5.753665,4.2560415,3.349936,2.1600337,4.846039,5.50242,2.1610003,3.3331366,5.1166434,4.2774563,3.9894853,3.953804,3.9129944,4.5413675,5.0667486,1.8723707,3.0766482,4.3406963,4.385364,3.319939,2.2319357,4.016725,5.1914997,2.2893312,4.311834,3.8328733,3.363633,3.30309,3.0748043,5.016897,4.270354,6.394885,5.342557,4.33322,5.9932942,3.385397,4.8064213,4.702186,4.132719,3.3365326,5.263648,3.2694988,3.7836173,2.968186,5.2763925,4.3934307,6.476659,4.573188,1.4606943,3.2990398,1.4531549,3.3646574,5.4170365,4.4253025,3.840509,3.5855424,3.947588,1.7160931,3.6375005,4.5896893,5.310008
SIM-0005-TP,8.102647,4.711596,4.8426404,2.0685377,5.3086476,3.2342062,4.0349007,5.200122,4.4624286,6.301581,4.9934425,4.4744744,4.1956167,3.174334,3.1746624,4.431089,6.7655764,5.2096677,4.80581,3.822432,2.5241957,2.8521485,2.586817,5.8142843,2.8143082,5.2242556,3.5016334,4.858668,4.188931,3.9133244,3.55095,2.7717962,3.9759614,3.2276099,2.1926575,2.8030922,4.5374455,4.785542,4.172556,3.7713938,4.4565806,5.2995324,3.4925826,2.957878,5.121001,4.9431467,4.4286623,4.3560977,3.370342,2.5553277,5.926029,5.3721313,3.7607977,2.806356,4.289273,3.3643372,2.6127756,4.4155626,2.9121737,3.2898932,3.7496383,3.972786,5.596467,4.316854,4.8043637,2.0691283,4.7401657,2.622973,2.7537196,3.6881926,4.2981467,4.205021,2.5174296,4.709692,3.76987,3.7699583,4.8939157,4.3462152,5.481508,3.7193072,3.282768,3.8154404,3.9034612,4.442638,4.372734,3.2019966,4.3902345,6.137379,6.1655455,3.1700354,4.093544,3.1243112,3.5055034,4.8816314,4.0337048,4.0661426,3.5333846,2.3916326,3.2273962,2.5222006,3.5435297,3.1146202,4.0472717,2.7845292,1.6503446,6.6161566,2.7167182,2.8013234,5.101356,7.1565914,1.6213794,3.955948,3.5955026,5.755427,2.9535584,4.3394914,4.6880097,4.087697,3.3705425,4.5026183,2.8932526,3.5690112,3.6153893,3.4485817,3.6389098,3.5916307,5.388614,4.2197404,5.5452323,3.5030875,3.9487534,4.1775856,4.9121895,3.5546074,6.205152,5.574354,4.5268245,2.8876026,2.8429284,4.392117,4.330311,4.705154,2.1417043,4.1199126,4.9486866,3.0718317,3.1654677,4.123417,3.3021321,3.1951237,3.6276062,4.362233,3.8328109,5.791599,1.1641834,3.8871236,4.1058145,4.732522,3.3606796,1.4570141,3.6370208,5.4614115,1.8416086,5.068934,3.4385905,5.125979,2.0782442,3.7673604,4.736068,4.3359547,5.8030214,4.0147266,4.5575,6.6953883,4.2122736,4.957892,4.21589,3.9845693,3.012096,3.8517158,3.1421916,4.725766,3.3030071,5.234545,4.4590287,5.556433,5.0339203,1.7587686,4.4567046,2.12915,3.1503694,6.4727015,5.201211,3.3498714,2.5160174,3.768146,2.8200774,3.3476214,4.266574,5.139896
SIM-0006-TP,7.687497,4.650056,3.4118829,3.2512097,4.267151,3.7956846,4.101759,4.2495694,4.4055734,6.4111233,5.1456203,3.9422686,4.5024815,2.6266499,3.8939166,5.1242547,6.445078,5.5025024,5.3627186,4.1230097,3.865541,4.130734,5.2030396,7.8215384,5.412256,7.350981,3.9603844,6.345453,5.175521,4.833229,5.0228662,4.195305,5.2987986,4.8515444,3.5447054,4.5217957,5.092381,8.362545,5.3129697,5.2960405,5.0168257,7.537718,6.157803,5.116201,5.811558,5.91276,6.3537107,6.293082,4.5587983,4.0582304,5.8114104,6.610628,5.5430317,5.601925,7.3946996,3.475618,4.6347194,6.5297546,4.154897,5.369596,2.594808,2.8085217,3.1027303,2.5490656,3.101616,0.49712157,2.290876,1.5565935,1.3826638,1.964405,2.134993,3.332408,1.3411142,1.6915034,2.375678,2.293375,3.6439347,3.6398125,2.9823203,1.4799072,2.0622892,2.3939128,2.948915,2.5668397,1.8691188,3.1781392,3.091549,5.00839,3.4443297,2.1527047,2.9448109,1.480167,1.5908016,3.2738323,4.257448,2.6716542,1.5291284,0.36081362,2.8323002,1.5876206,2.9118967,3.3304472,4.1950684,2.2862532,2.6427472,5.999894,3.451717,2.4528685,5.5432534,6.9105597,3.2679102,2.8830645,3.686407,4.7098336,3.0294905,3.1955693,4.5850625,4.7654552,3.3030725,3.9818182,2.4754353,4.097883,3.9711766,3.8862033,3.360347,4.99341,5.2094045,3.4569483,4.6795654,3.5108502,4.706341,3.7904913,4.461437,3.9813297,5.988652,5.9126167,4.2004576,3.3547277,3.3235557,4.9102397,3.9546528,3.8829608,1.7231777,4.013241,4.819335,3.7940266,4.24114,3.450675,4.414894,4.418882,3.6681068,3.7987463,3.148616,5.60486,0.9015616,3.8629673,3.3959107,4.567423,4.1403418,1.8516884,3.759534,4.6493387,2.3329318,4.5730314,2.895965,4.165185,2.7221165,3.1276758,5.0227585,5.1183076,6.03378,5.112399,4.7486396,5.163479,4.4551783,4.9016495,3.4685106,4.284275,2.9123592,5.2444944,3.0976257,3.3237705,4.404502,3.647431,4.4428444,6.33332,4.5721316,1.6948667,3.3861783,3.341446,2.520968,6.075724,4.6099825,2.704872,2.694725,3.52417,3.2165525,3.6950736,3.4524288,4.953516
SIM-0007-TP,7.252613,6.014336,3.2014804,3.1496046,4.932191,3.661083,3.974063,3.8853061,4.0754547,6.0888543,4.0829163,3.5591447,3.1778681,2.4075837,4.1257057,4.259101,6.090218,5.7459793,5.994473,4.4685874,5.9453535,6.7263985,7.400922,9.634703,7.651141,8.255637,6.9723864,8.657043,8.485608,7.5416136,7.842287,7.2456436,8.097375,7.80606,6.912085,6.696252,7.975855,9.995859,8.060572,7.7465096,8.3566675,10.1727915,7.5677004,7.9924974,8.1782,8.555889,10.341794,8.446065,6.87934,6.3701124,9.684948,9.616131,7.445989,7.4903717,9.579132,6.5278425,6.7206287,7.981702,7.819254,8.286036,0.01,0.8016634,1.432919,0.2680936,0.7773614,0.01,0.01,0.2453494,0.01,0.01,0.01,1.0233335,0.01,0.57347393,0.01,0.01,1.5786533,0.8324566,0.6866307,0.71558905,0.01,0.01,1.0191097,0.23772573,0.01,0.01,0.5006566,2.737279,1.8656878,0.01,0.01,0.01,0.01,0.01,1.4699335,0.01,0.01,0.01,0.47296095,0.01,3.8003027,2.9246821,3.9626114,2.6106899,2.3016768,6.627525,2.2157283,3.050511,6.2982335,7.2350855,3.7866557,3.2500315,3.6519809,5.23153,3.3433642,4.0036836,4.828466,3.8732877,4.0072775,3.2538247,3.2045789,5.1905456,3.9168382,4.523724,3.198243,3.566432,4.711356,3.6089816,3.6282544,4.9143353,4.1365156,3.4682858,4.1619835,3.8162777,6.5754437,5.557186,4.6511936,3.1389406,2.716512,4.487686,3.2738748,4.3493624,2.2836623,4.2843733,4.437183,2.9164455,2.4504714,3.8061547,4.2560987,3.9013581,3.3196743,3.8272467,4.6637664,5.8600283,1.3856986,3.5291617,3.86184,4.529904,3.7256374,2.5579803,4.3939323,6.136732,2.513435,5.2561727,4.106886,3.5364122,2.0430295,4.43729,5.428374,3.7254124,5.375402,5.5633492,4.2992487,5.487904,5.139434,4.3043447,3.3043523,4.1722393,3.4978034,5.2377553,3.2773154,4.88164,4.054041,5.041642,4.782218,5.8744135,4.838324,2.8142295,4.2106194,2.8501015,3.0771573,5.545064,4.6235247,3.3976603,4.0895452,3.7708957,2.9945843,3.8630908,4.36101,6.3242345
SIM-0008-TP,7.5266705,5.6780005,3.4657228,2.2512112,5.1049933,4.416433,4.490779,4.5460625,4.469774,5.5515413,6.490681,5.004401,3.3567762,2.7935944,4.10797,5.3881645,6.352308,4.8793344,5.859321,4.7979765,2.3916843,2.497097,3.3869226,6.4289494,3.3448796,4.433762,3.4358153,4.5596423,4.1241817,3.3713853,4.6098166,3.661923,4.748569,4.168622,4.180719,1.8674493,3.8033996,5.2710037,3.734582,3.34257,4.1359997,4.6976995,4.3869033,3.6149218,5.346803,4.6826205,5.8372593,3.9965298,3.8361027,2.7490563,4.7196856,5.222478,2.9502294,3.62548,5.400542,2.6587415,4.110736,4.917818,3.968444,3.5293412,3.3369846,4.355977,5.493985,3.1624289,4.5537853,1.956864,3.843707,2.7500746,2.5114195,3.033418,3.7112765,5.2182984,3.2140355,3.8834577,3.2877524,3.8911548,5.3081803,4.3210154,5.732595,4.335287,3.9499006,4.665302,3.809289,4.183522,2.9212508,4.041453,3.9035966,5.774693,5.923184,2.7625787,3.7556133,2.1395361,2.8594637,4.4327545,5.2813144,3.5605571,4.4387856,1.9913558,4.079875,2.398805,2.827107,3.9145539,3.4439974,1.7202996,2.5134053,6.084151,2.2613242,2.750728,6.4516015,6.50207,2.131597,4.103048,4.587704,5.4184384,2.2220592,3.3824105,4.749985,5.0176024,3.105553,3.8239172,2.9626765,2.5711927,4.2505054,3.640945,3.6106706,4.59488,5.555009,4.4308915,3.1631112,3.660766,4.069187,3.180952,4.5552998,4.2973967,6.397394,5.466217,3.4626782,3.0092022,3.0957725,4.6459193,4.578387,4.93434,2.3188474,3.3955483,3.8153763,3.8326638,3.2552063,3.2716455,4.6700907,3.7145066,4.4489822,3.8865018,4.381842,5.6529965,1.7820857,4.901865,4.6620154,3.505824,3.851416,2.8140187,4.9293456,5.5140476,3.0486107,5.327699,4.957733,3.5636747,2.6934013,3.5124843,5.0549335,4.1376452,4.350974,4.9600625,4.623766,5.4973235,5.4066834,4.8346763,4.3489437,4.197256,3.7157798,5.1292048,3.5060887,4.8103204,4.0574093,5.3544135,4.606726,6.0231376,5.847968,2.2927613,4.1427794,3.4568825,4.051847,5.517087,3.4458394,3.5594208,1.8765454,4.7677507,2.8681767,3.8286967,3.8609538,4.3790584
SIM-0009-TP,7.783535,4.9798923,3.6569917,2.828653,6.323065,4.222425,4.859117,4.4166517,5.4935465,5.638795,3.8421564,4.6756244,4.1945643,2.8606548,4.2123556,4.5104084,7.1597776,5.237914,6.026943,4.466168,2.7964318,3.1336615,2.6821816,5.0352488,3.253654,5.000484,3.701705,5.717241,5.1699505,3.3443503,3.7831051,3.5853794,5.7120247,4.285066,3.3340929,2.5281684,3.730988,5.973545,3.609661,3.7621436,4.2284374,6.1024575,4.0420337,2.3694477,5.3585114,4.079245,5.5570717,4.139882,2.638679,3.027011,4.8844957,5.4651585,4.1625,3.3097703,4.657041,3.227232,3.6668203,4.620829,2.624972,4.3478627,3.0066133,4.491974,4.96375,3.5106652,4.422984,1.8581791,3.6291773,3.4511213,2.5581524,3.611943,3.8064632,4.567124,2.2406373,3.2068834,3.6611972,3.495033,3.8166604,4.270258,4.886881,4.633333,2.4526682,3.0554657,4.7974815,4.8549547,2.5431204,3.774447,4.536346,5.3539243,4.9462476,3.0063899,4.487562,2.318693,3.4597614,4.8824997,6.259296,2.982492,3.3374352,2.7637386,3.0762346,3.4513762,2.961403,3.1743753,3.784428,1.7632658,2.0414038,6.267454,3.210347,2.8383462,5.87197,7.190654,2.342624,4.0015974,4.7512274,7.030511,2.8250906,3.5256813,5.1618204,4.8443184,3.3563004,3.6645958,2.8956697,3.3480341,3.5283456,4.2769666,3.9426422,4.169239,4.0915236,3.1971307,3.72205,3.3965716,3.922779,2.684002,3.965117,3.5156703,5.8729143,6.2346067,4.7168202,3.2450075,2.6570754,4.974527,4.4266224,4.7722282,1.8016052,4.9456787,3.4386108,2.9954262,3.90955,4.123683,4.9607306,3.2672095,4.005232,3.7301102,4.1024137,5.414331,1.486894,4.187129,4.8653803,4.2948685,4.035743,1.8923948,4.710973,5.3463545,3.0114686,5.9691486,3.6104329,2.842404,2.6730652,4.2814813,5.576583,4.7071123,6.2366457,5.4196386,5.0479493,6.2036467,5.1998434,5.007386,4.156059,3.9129825,3.0018456,5.842968,2.9297986,5.1847906,3.8712192,4.8779893,4.75636,6.5386434,5.0083947,1.5722232,3.8254247,3.7191398,3.3748217,4.610989,5.5840583,3.6422658,2.951276,3.8470733,3.324616,3.057868,4.8861375,5.4264097
SIM-0010-TP,8.126036,5.2339926,3.7181451,3.2034175,4.637362,3.053764,4.6622195,4.5913777,4.8426394,6.1882625,4.7533765,5.0120955,3.6607785,2.9712338,4.1313953,5.99253,5.729972,5.355897,4.918627,4.243368,2.5982425,1.992369,3.4692926,5.938451,2.1290102,5.258273,3.814576,5.6766353,4.5644293,3.8663912,4.623316,4.186404,5.0128565,3.0742478,2.8750668,2.9418204,3.2677794,5.8137712,5.296488,4.2013297,5.022533,5.397459,4.182773,3.7797084,4.6983757,3.9468687,6.1689086,4.8694053,2.2799778,3.1158402,5.607448,5.89357,4.05059,4.113988,5.5028033,3.5980353,3.2599795,4.955419,3.1887636,5.0742073,4.07147,4.694073,4.603389,3.6792338,5.262881,2.0932734,2.9943917,3.6759148,2.5092957,3.827506,3.6219587,5.018256,3.2630847,3.581885,3.019407,3.5740776,5.4163446,3.8726768,4.503381,4.2573547,3.0025682,3.580028,3.3140917,3.8370836,2.9118283,4.555679,3.842613,7.3461623,5.5345664,2.8052108,4.4812956,2.642288,3.1332805,4.2380385,5.88239,4.004018,2.937457,1.8314941,3.8824127,2.4444656,3.442718,3.1258006,4.475842,2.8459842,2.36835,6.0222707,3.0447235,2.6106203,6.1312337,6.8611135,2.343734,3.1533327,5.065085,5.650487,3.83332,3.497904,4.9229403,5.6311045,3.0951505,2.9172697,3.2683992,3.3484218,3.7232594,3.939211,3.5787542,3.9962704,4.9227457,4.380337,3.8476021,3.7031133,3.826393,2.5640342,4.105214,3.9621115,5.893394,5.4376664,4.375896,2.909071,3.2331197,5.909132,4.030559,4.7227426,2.1356053,5.110182,5.2373104,3.143899,2.641768,4.490715,4.6688986,3.5970306,4.394329,3.4029648,3.409793,5.542076,0.5551031,3.6432643,4.8199334,3.3411124,2.988337,1.7272621,4.296335,5.544492,3.1657069,5.3410025,3.9191113,4.011491,3.1437166,3.2345526,5.7286496,4.0266333,6.15,5.770483,4.5445194,5.655828,4.6391478,3.397229,3.854558,4.009869,3.277262,5.34285,2.7843118,4.212247,3.7386477,5.2050247,4.808336,5.901606,5.250459,1.8849424,4.020897,3.4729578,2.6144145,5.601052,4.3448443,3.1157143,2.5338788,3.9480066,3.7040677,2.6966445,3.7272043,4.504345
SIM-0011-TP,8.602404,4.940058,3.7042482,2.167538,4.4007077,3.7350407,5.6595707,4.8477993,4.097319,6.2215447,4.7596846,3.843101,4.423593,3.8001885,4.6865745,4.598562,6.322669,5.37553,5.897039,4.2357845,2.0055203,3.091821,3.8142786,5.529676,3.497993,5.00426,3.472147,5.367561,4.0377183,3.0348823,3.6924777,3.7897758,4.1750703,3.197995,1.8637191,3.598386,4.5854445,5.964039,4.6438546,4.169716,4.163662,5.2241197,4.0056,4.906443,5.384245,4.196856,5.7685046,3.6777997,3.5277843,2.3013062,5.9014707,6.2566547,4.012865,3.6640477,5.4668455,2.8647337,2.8169239,4.418585,4.34519,3.9406097,3.443659,4.079426,5.957667,4.428388,4.9241037,1.8210673,4.2379627,2.834989,2.65138,3.6067498,4.1030154,4.4249477,2.2458441,4.0849824,4.3788967,2.7145443,5.1419244,3.8500938,5.0202327,3.66328,3.0938032,3.5092432,4.2461004,3.9089456,2.1843834,4.480425,4.6046643,6.939061,5.1064773,3.2962158,4.0506063,2.020957,3.4138796,4.257472,6.126929,4.2331643,2.5136755,3.0996745,3.3797212,3.4279222,3.9558096,2.625294,4.1523714,2.1885047,2.8101196,6.244583,3.3107471,2.9409142,5.7529764,7.4530993,3.1186314,3.9976578,4.009262,5.206066,2.7292817,3.4443114,5.1704373,4.922758,3.5462787,4.5816364,3.3093388,3.8835258,3.3226666,5.0198584,3.414164,4.5346212,4.842913,3.710534,3.617437,4.36959,3.608384,4.8082075,3.7734575,3.274022,6.3482375,6.3380113,4.4181414,3.523064,1.9658148,4.8523874,3.7259414,3.5326207,2.313904,3.8060246,3.7933226,2.6209724,3.1128323,4.461921,4.205257,4.154728,4.2727036,4.318429,4.151603,5.623225,1.6890984,3.8339782,3.977915,4.1297727,3.2193062,2.4540868,4.2809877,5.3957634,2.1350162,4.258629,4.1608953,3.9779844,2.5157015,4.0698175,5.01982,3.879405,6.242923,4.9088635,4.2346373,5.7645245,5.010288,4.838007,3.1038704,4.3384843,3.0600812,5.933546,2.8211365,3.6648328,3.9880316,6.143546,5.538829,6.7361236,4.220895,2.8840358,3.5720496,2.9401376,2.845244,5.1890006,4.2994103,3.7503471,3.3866422,4.171192,2.1082292,3.1730402,3.938951,5.59015
SIM-0012-TP,8.217651,5.917609,3.2274365,1.2322474,4.27072,4.7153234,4.4672256,3.7545927,5.204667,6.5274696,4.888333,4.653808,3.7967165,3.27565,5.326764,4.878153,6.9858108,5.3229175,5.0187674,4.5713177,4.930665,4.039728,4.473582,7.8823037,5.707118,7.1582813,5.452149,8.169937,6.013299,6.092538,6.374348,5.2399683,6.7231283,5.0079346,5.74224,4.644148,7.4511805,7.8257465,6.936911,6.1176033,6.533347,7.27688,6.5418367,6.010965,6.977052,6.6291265,7.4935994,7.5959587,4.9935584,5.66735,7.8160095,8.116202,5.4226913,5.656169,7.8296046,5.9488487,5.4791574,7.5980797,6.188652,7.071471,1.5441432,3.269793,2.9018908,1.4444611,1.77602,0.8524475,2.0981126,0.72681665,1.1428056,1.202801,2.3860478,1.8790936,0.2780347,1.536478,0.2660966,1.9395976,2.6046672,2.6450386,4.254391,1.4059796,0.8305881,1.5725806,2.473228,1.6303241,0.33723855,2.3561916,2.154655,3.2322173,3.001256,1.6344819,1.6506882,0.01,1.0611954,2.059331,3.3108273,0.32889175,0.6624863,0.01,1.5245242,0.96062255,2.8558068,3.3017035,4.451529,2.485681,2.6025105,6.0813055,2.2951517,2.8672152,6.4667664,6.845553,2.3835313,3.3856275,4.441981,5.5419407,3.2557945,4.016144,5.221829,5.146546,4.1217732,3.3990576,2.173337,3.7239406,3.508025,3.6630068,3.223827,4.234282,4.676792,3.9975345,4.940982,4.1527743,5.235989,3.363696,4.1714616,3.9047797,6.221414,5.790982,5.4242024,2.8142824,3.3171115,5.295018,3.4772003,4.865493,2.8892257,4.49885,4.4499536,2.0268922,2.8990722,4.787732,3.8192587,3.1534271,4.011242,3.4868164,3.9171517,5.841155,0.8524748,3.3104672,4.2535524,4.780699,4.2471657,1.9107474,4.796684,5.335279,3.3792434,4.2969427,4.3357143,3.6104326,3.9537249,3.961204,4.792036,4.321536,6.1229024,5.7037344,4.403729,5.766264,4.8181696,4.8938875,3.0566766,3.660059,3.420136,5.5973253,3.6296875,5.1721153,3.9529943,5.545654,4.4174933,5.744031,4.3187094,1.8035884,4.099821,2.9207497,3.8255465,5.7842846,4.758856,3.579378,2.964941,4.239228,2.4203677,3.513713,4.6462183,4.8204713
SIM-0013-TP,7.5812516,4.95852,3.4676638,2.1318874,5.7067766,4.4154534,4.5901856,5.031436,4.399275,7.177899,5.0331945,4.522141,3.6082277,3.203221,4.572749,4.376812,7.307361,5.123664,5.7609024,4.1292953,3.0243058,2.9678698,2.970654,5.740233,4.514495,4.7067504,2.36858,4.5824623,4.359167,4.1166954,4.2366357,3.6835194,4.123642,3.7152367,2.3363645,2.412241,3.7137334,4.9848967,4.6920967,4.2256675,4.774159,5.3256583,4.607786,2.708428,5.5378327,4.5173163,5.849311,4.3732457,2.2820034,1.8828208,5.294901,6.0061245,4.1655264,2.9328415,4.970895,2.5313365,2.9266205,3.9623013,2.894369,3.5839605,3.879684,3.7472773,5.34958,4.619861,3.9930491,1.8466051,4.46366,2.9476357,2.4943523,3.7035956,3.5127757,5.46815,2.8880901,3.8592093,3.7556758,3.8325515,5.5131993,4.2639427,5.358001,3.8147364,3.6561315,3.2635517,4.7509856,4.4097376,2.2571495,4.694621,5.345275,7.018391,6.590337,3.1894424,2.8818643,1.6144977,3.536834,4.0196157,4.748565,3.239543,3.6536462,1.1263322,3.6128953,3.6925209,2.9329164,3.5580196,3.663372,2.5151687,3.0816183,6.499888,3.1671572,2.3274176,6.3937435,6.47872,2.9582043,3.7608743,4.584117,5.8971763,2.5912378,3.0797884,5.213512,4.5276837,4.198532,3.8438106,1.9225221,4.244891,3.5484273,4.403172,3.120943,5.2936893,4.5744333,3.9867144,4.405481,3.5070643,4.165344,4.0843973,4.0712633,4.1002846,4.7184505,5.55389,4.2293253,2.827694,3.4283137,5.0280213,4.1740103,4.2915473,1.2970061,4.361445,4.9349675,1.834594,3.1453176,4.063857,4.924278,4.0921307,3.6179266,4.4002795,3.7823048,5.976042,0.75390285,4.2997785,3.9734454,3.7817416,3.5195136,2.3819504,4.0806212,6.004327,2.1746416,5.1740146,3.8925858,3.908214,2.7264104,3.7413142,5.5751715,5.613555,6.202022,5.665407,5.983343,6.001914,4.681315,5.1799955,3.198946,3.8445952,3.0494914,5.3133907,2.734609,4.8514624,4.3530765,5.6028223,4.670008,5.4856486,5.2984123,2.8149052,3.1299183,2.671416,3.564478,5.9006433,5.0925846,3.4430225,3.2789063,4.0648503,2.4465141,3.1982276,4.321505,5.1379724
SIM-0014-TP,7.028055,5.1912565,3.5901148,2.36198,5.1875653,4.156775,3.5992272,3.520023,4.454131,6.393735,5.5385985,4.975909,3.0409396,2.8110867,4.7362676,4.7162046,6.8061724,4.6620617,5.854914,4.7554,4.637109,4.0412416,4.5114126,6.1857786,4.2770996,5.9854984,3.9964976,6.4235964,5.7661953,4.1229725,5.4762087,4.290267,6.098134,4.313308,4.1986146,3.9896977,5.7333555,7.0506573,5.4416265,4.522443,4.956439,6.423275,5.6244593,4.694166,6.8281116,5.6983633,6.462467,5.4534035,4.297678,4.2035003,7.9993343,6.7984285,5.192959,5.239092,6.8589497,4.0518627,3.7398615,5.797127,4.477761,4.5407915,2.0295007,2.4048116,4.2901583,2.9819133,2.7827823,0.41049647,1.6129432,1.5003827,1.571461,2.1250994,1.900136,4.032613,0.50654435,1.9976006,2.4614444,3.0986702,3.840257,3.1087272,2.830589,1.4250536,1.9595449,2.1878927,2.2803624,2.8001225,1.5639606,3.1534808,2.8873122,5.722454,4.4716244,1.679872,2.8355558,0.6381204,3.4072998,3.0940168,3.9870508,2.124247,2.8752048,0.83974767,1.6255891,2.2301037,3.3001122,3.1767166,3.2661104,2.5053728,2.2072675,6.179332,2.5705278,3.8657207,6.828044,6.9283237,2.8604221,3.4450295,4.894559,5.564238,2.8024743,4.2440186,4.5081882,4.415889,2.8331885,4.218272,3.5955377,4.122439,4.464512,3.809119,3.562835,3.9999585,4.8988333,4.541535,4.402667,3.346835,3.3425698,2.5878599,4.5622206,4.9346604,6.7743974,4.625362,5.0963845,3.705143,2.1149385,5.039542,4.8105106,4.75536,1.6008666,5.2328095,3.3856702,2.7781582,4.0974536,4.2729144,3.802998,4.152502,4.383888,4.4030423,4.589734,6.0121794,1.7997957,3.895914,4.2212667,4.177364,3.0219011,1.7656225,4.186988,5.8480763,3.186545,4.8429294,4.173213,4.4783335,2.8313782,3.962889,5.1782804,5.2437234,6.0502334,4.58217,4.5198493,6.567991,4.348377,5.0518456,3.9763684,3.5482345,3.55793,4.2926664,2.5088842,5.320212,3.9877272,5.019008,4.974099,5.7906003,4.7370644,2.7563689,3.5693629,2.8481612,3.325586,4.7184267,4.1773057,4.0851727,3.1786442,3.370988,2.0132627,3.2727778,5.0926027,5.061933
SIM-0015-TP,8.157077,5.4328456,4.091207,1.783197,5.606504,4.111538,4.5605984,3.878979,4.733876,5.887291,4.9642487,4.6635365,3.733227,2.8315167,5.1041856,5.19536,6.4237514,5.246957,5.301855,3.6777844,3.6309934,2.4818656,4.037234,6.301141,3.3718724,5.3423967,3.6867044,4.8174334,5.042846,4.1990795,3.6302423,3.559307,5.435744,4.6823463,3.4321008,2.4259229,4.7169237,6.3035536,4.821878,4.572871,4.76649,5.5688276,4.2142305,2.9391372,5.575142,4.820815,6.1135764,3.8134947,3.3970716,3.9581456,5.9891853,5.991865,4.274014,4.9320135,5.2486525,3.29359,3.0044765,4.6688566,3.879632,4.9675717,4.43802,4.2626133,4.920152,5.037922,4.1311297,1.3652277,2.764778,3.5557833,2.9662776,4.0317183,2.6720827,5.345956,2.409643,4.1346493,2.3929098,4.1073356,5.0969844,4.2196283,5.3609223,3.1637144,2.715305,3.2453866,3.0171008,4.30842,3.2123766,3.4407856,4.103297,6.085672,5.741949,2.5339358,2.9718719,2.7635632,3.0783255,5.0276275,4.9299765,2.508845,3.6602917,1.8690789,3.9017382,3.2338538,3.1441624,3.0595124,3.8200126,1.5968983,2.4011595,6.7974367,2.8312464,2.2301838,5.058994,7.737455,2.7832737,3.3080459,4.20456,4.9900436,3.7246904,3.5581956,5.461038,4.4605923,4.3386097,3.9945242,3.0517206,4.1213727,4.045258,4.4061375,3.3282475,5.429256,4.5592475,4.157583,4.3591995,4.254376,3.7853482,3.435815,4.2320733,3.111737,6.0979443,5.0230722,3.5186539,3.3053794,3.1315303,5.454492,4.5463347,3.513849,1.5749056,5.914199,3.9308162,3.1949897,3.1850064,4.3035536,3.7358398,3.9885993,3.9648988,3.5238776,3.6274767,5.605379,0.8269821,3.9768903,5.4897547,4.971079,3.9872594,2.2004745,3.358619,5.066207,3.107535,4.4689503,3.3218486,3.8558505,2.4160786,3.0521593,5.2748075,4.136891,5.3618026,4.7868166,4.700267,5.627872,4.349707,5.126461,3.632409,3.9274192,3.5378013,5.323683,2.7481596,4.8226542,3.418454,4.7409053,5.1354427,6.0431175,4.958424,2.5683868,3.9561484,3.176199,3.9492745,5.9668427,4.587145,3.994566,3.100513,4.3489704,2.9244838,3.4523633,3.9441333,5.5059876
SIM-0016-TP,9.017297,5.0242405,3.6050358,2.1915588,4.878586,4.6713257,4.1706796,3.9410822,3.8228343,5.228418,4.036029,4.8482776,5.15426,2.9276757,3.3513253,5.345117,6.2593346,5.4636965,5.632629,3.9552884,2.7260776,3.4137716,3.1610634,5.8801074,3.0791976,4.2025614,3.2955887,4.0382094,4.1628904,4.223055,4.1107616,3.6403725,4.4135494,4.1298895,3.236744,2.9451327,4.6363606,5.954303,3.94026,3.2094123,4.4960074,5.5790462,4.7646184,3.120912,4.6530733,4.658706,5.5001726,3.2403533,2.9630852,1.7056292,5.1783,6.3995066,4.73292,3.0089846,5.2967486,2.9142656,3.9958863,4.396892,3.366953,4.769241,3.6491625,4.698675,4.66891,4.004968,3.8141406,1.422111,4.370882,3.131817,2.6216342,2.7474728,3.5555487,5.066459,3.1650655,2.718058,3.0999498,3.751875,4.9533267,4.739804,5.471168,3.6930604,3.0406308,3.6533904,4.8168683,3.8105693,2.8842087,4.182161,5.008404,6.36732,6.356248,3.7627463,3.6807396,2.4311984,3.244766,4.1876936,5.632973,3.3864212,3.4634984,1.2900991,3.353589,4.009309,3.3816476,2.735753,4.621287,2.3831758,2.8220322,6.0602236,2.5532408,2.8184214,5.1455445,6.861103,2.9764497,4.5569825,4.3845553,4.5616093,2.96615,5.124474,5.2105207,4.0293217,3.919397,3.4951704,1.9482005,3.5876417,3.7793758,3.2960923,2.870093,4.4767065,4.808629,4.352835,3.7444224,4.4102125,3.4082048,4.099809,3.4586153,3.3564363,6.3018537,6.4054713,4.5433683,3.5183718,2.896357,4.6779437,4.01768,3.8741887,1.6160591,5.1283126,3.8928316,3.0493462,2.877564,4.4119086,3.8081255,4.4111366,4.058371,4.365914,3.7747393,5.4995637,0.9427979,3.5563471,4.04546,3.9330647,3.020334,1.5365195,3.158121,5.199177,2.7798855,4.064579,2.9874134,4.834125,2.6288536,3.8260667,5.621203,4.9139185,4.9711547,5.061882,3.6299734,6.9670935,3.6415553,4.304068,3.1831286,3.3182158,3.978873,6.200808,2.5838218,4.122139,2.6908863,5.0491924,4.592686,5.494998,4.8414626,2.6255462,4.0945883,2.6699305,2.9309092,5.8441453,4.6437907,3.7452483,3.3813205,3.321901,2.0663288,2.9510894,3.7838767,5.532938
SIM-0017-TP,7.770392,5.8661094,3.9553869,2.8992329,5.9690104,4.2483907,4.3369226,4.965004,4.4948206,5.769262,4.3012276,5.090391,4.1776752,3.4899426,4.7001834,3.9433346,6.488235,5.0374537,5.2661414,5.5408106,6.265248,6.314306,6.771043,8.610351,6.281967,8.813396,6.265888,8.000423,8.523002,7.996777,7.7010207,6.6009417,7.809624,6.6262293,5.760296,5.6831417,7.3468485,8.545018,6.8614273,7.474351,7.8864117,9.639686,7.3685007,7.220411,8.745934,7.7851253,9.391211,8.054136,6.4225245,5.9873085,8.955451,8.523077,6.90081,6.789097,8.382746,6.596204,7.186875,7.6725836,7.2304034,6.96111,0.20080829,0.5091219,2.2251415,0.26790285,1.6664815,0.01,0.14319181,0.01,0.01,0.086169004,0.3192494,2.5520306,0.01,0.39357996,0.01,0.42388725,1.1004605,1.6379719,2.0349107,0.49043584,0.16424632,1.1542683,0.844687,0.6367655,0.18668413,1.0909772,0.58445024,3.0367794,2.4912472,0.01,0.01,0.01,0.01,0.34994817,1.4006538,0.10498381,0.01,0.01,0.01,0.01,3.7641895,3.4206154,3.5434504,2.323103,3.6323786,6.120448,2.365984,2.8163333,5.8830023,6.8294826,2.8127558,2.9100277,3.8602405,5.6540303,2.9305089,3.4716275,4.688831,4.465274,4.0685506,3.8165712,2.8246558,3.4910262,4.0196605,4.4200354,3.8775814,4.828269,5.3070836,4.1062207,4.474226,4.58491,3.674047,2.964238,4.4072104,4.110353,5.681115,5.5359735,4.338847,2.1293027,2.7777915,5.112484,4.182603,5.188101,1.6475148,4.515127,3.1483226,2.649111,3.3306534,4.0087285,4.6063056,4.1381373,3.93544,3.562716,4.6656575,5.4616127,1.0242065,2.9050255,3.955855,4.6733155,4.7663546,2.2740834,3.9453175,5.1348677,2.742116,3.9815202,3.9466472,4.3475313,3.1652412,3.555713,5.582515,4.6681247,5.34325,6.102618,4.263247,6.1318107,3.2296858,5.4662237,4.437811,4.081463,3.5819616,5.2688417,2.5003045,5.0559115,3.4050338,4.8668685,5.3143406,6.3079753,4.3775873,2.0611715,3.6102486,3.1943126,2.9817278,5.6895847,5.0109572,3.2569468,3.4913144,3.880627,2.676512,2.8402367,4.820598,4.772052
SIM-0018-TP,7.8835425,5.2179446,3.393415,2.5198967,5.8243136,4.0469427,3.92051,4.294823,4.5543795,7.5607715,4.929284,4.271011,4.6409907,2.3169518,4.320284,5.5790277,6.638354,4.091372,5.703546,5.05346,7.017501,6.6298647,6.946562,9.8630295,7.373622,9.5219965,7.637694,9.173988,7.733538,7.1938057,8.2402725,6.6868863,8.347698,7.711501,6.220007,6.2243404,8.139936,9.845325,8.70516,8.199298,8.337065,8.947313,7.6983385,7.3480434,9.325666,8.611478,8.500215,7.8048053,7.3921943,6.685858,8.956833,10.915985,7.8204193,7.823389,9.675616,6.723566,6.7558956,9.718575,8.1214075,8.420256,0.11029196,0.01,2.031837,0.01,0.771173,0.01,0.01,0.01,0.01,0.01,0.01,1.9615335,0.01,0.01,0.01,0.1017704,1.5494123,0.35193825,1.3400774,0.01,0.01,0.01,0.16804457,0.85207987,0.01,0.31478548,1.0733733,2.3098416,2.6739216,0.01,1.3337202,0.01,0.01,0.51059437,1.3900609,0.23157597,0.01,0.01,0.4041562,0.01,2.9900625,3.8270185,4.5204,2.542064,2.6351285,6.242301,2.6732094,3.223607,5.852481,6.4808044,2.3041375,3.255733,4.452622,5.71522,3.1208148,4.005129,4.463677,5.1675963,3.4899886,3.6494637,2.8662972,2.8435712,3.3383453,4.7227063,2.5759618,5.030326,5.768284,3.9707017,4.497663,4.612699,3.7666898,3.7123296,3.98092,3.663912,5.6935,5.7446785,4.9648314,3.1448863,2.2519639,4.64979,4.4600487,5.4022017,2.4522765,4.73399,4.8375125,2.76982,3.3393326,3.7844877,4.7566915,2.4382248,4.2954416,3.51615,3.9473922,6.3176494,1.076276,3.4231153,4.1113153,4.5029173,3.4071574,1.4563488,3.8951461,6.368017,2.503527,5.0893717,3.540764,3.6089268,3.7858863,3.5714478,5.0783596,5.130727,5.3711314,4.8800483,4.44421,5.7440696,4.5687985,5.8738227,3.8715532,2.8775191,3.4657254,5.008524,2.8434212,4.905324,3.7950099,5.144941,5.0573907,5.549606,4.256932,3.9398503,3.575118,2.8780644,2.73389,5.569463,4.170921,3.079833,3.5088148,4.268787,3.0676446,2.4432573,5.230457,4.5593715
SIM-0019-TP,8.531401,5.783645,4.0628157,2.3536658,5.1112914,3.7442193,4.2930284,3.960388,3.406948,6.390995,4.9375553,4.7453794,3.7682033,3.1778715,3.8478768,3.8020678,6.66297,5.1523743,5.7787733,3.9089437,2.859524,2.302617,2.7611585,5.753121,3.600583,4.6571836,2.8731396,5.9089193,4.5611825,4.0128593,3.7743871,3.0470264,3.352869,4.029387,2.9985492,2.6324794,4.1039743,5.947163,3.3826368,3.586421,3.7176747,6.1917562,4.65721,2.4877262,4.349408,4.362583,5.299536,3.521043,3.7479122,2.7881107,5.888336,5.3776584,4.1816177,3.4265964,5.3197727,3.1984553,2.2907743,5.4418406,3.6965895,4.63535,3.2988472,3.8759918,4.8265314,4.2157335,4.676931,1.717622,3.444247,2.5234716,2.7569451,2.8890543,3.3230731,5.6894474,2.6324446,4.665653,3.2492044,3.794715,4.97502,3.6893044,6.051567,3.7779174,3.6772666,3.400127,4.1600747,3.7431471,3.5336113,4.2461944,4.411755,7.196566,6.455015,3.529428,3.001753,2.1887183,2.9073489,4.679372,5.2911797,2.57566,3.2514815,1.1056547,3.810756,2.1098993,3.7349744,3.3121204,4.8597116,2.6662083,2.3214974,6.5382824,2.0137453,2.4219782,6.0034847,5.825942,2.8098528,3.1216195,4.392209,5.18983,3.225267,3.764386,5.4775205,4.4381337,3.2395225,3.7427342,1.952986,3.964895,4.0285378,5.4667683,3.1337547,4.3376412,4.7248363,4.261486,4.542602,4.026468,4.543247,2.969952,4.8095813,4.1719623,6.0871534,5.4158864,5.59918,2.8284385,3.036555,4.8160334,5.1555595,4.923557,1.916239,5.183736,4.5832686,2.6312568,3.9075575,4.4583697,4.1603165,3.686869,4.112039,3.8627164,4.1821094,5.150984,2.2802246,3.2379398,4.3903303,4.1358733,4.507859,1.791537,3.9603636,5.242441,2.627871,4.177303,3.4322104,2.8624926,3.0673122,3.4154363,4.556016,5.12546,5.0784783,5.575884,4.0885663,6.54472,4.8137684,4.323964,3.2448878,4.3693085,3.171387,4.904913,3.4578156,4.408006,3.854996,5.648561,5.1554275,5.74084,4.586322,1.558552,3.4049244,2.9871726,3.412779,5.548692,5.1571603,2.707408,2.8681924,4.1271377,2.43136,4.0445986,4.7663026,5.300379
SIM-0020-TP,8.621244,4.562746,3.7977345,3.0359678,4.480052,4.237443,3.8091168,4.455363,4.997641,6.1025186,3.8866556,4.256822,4.080888,3.1232586,2.9188724,5.2516227,6.4883256,4.6547036,6.513713,3.8298097,6.883095,7.6263247,8.5775585,11.352529,7.770734,9.481947,7.9050875,8.715345,9.11929,7.88859,8.530741,7.6437435,9.108941,8.016333,5.650144,7.223773,8.90593,10.21432,8.520964,9.114708,8.853777,9.937103,9.1538925,8.182634,9.069545,7.6218524,9.70946,8.975971,7.0112476,7.4446945,10.137557,10.7799635,8.085137,8.262885,10.126652,8.05602,6.664219,8.826387,8.441917,9.180091,0.01,0.01,1.373776,0.112671375,0.051843166,0.01,0.12928009,0.01,0.01,0.01,0.01,0.78233624,0.01,0.01,0.01,0.01,0.020401001,0.01,0.9739299,0.42872286,0.01,0.01,0.01,0.59375715,0.01,0.01,1.1816077,2.4006505,0.91158724,0.01,0.01,0.01,0.01,0.097616196,0.5236945,0.01,0.01,0.01,0.01,0.01,3.022338,2.5342443,4.0623555,1.6425707,0.96112156,5.607291,2.4766476,2.6004896,6.596676,6.5982957,3.268895,3.6222599,4.320403,5.3110075,2.9837515,3.372174,4.8623495,4.3166413,3.15153,4.3621244,2.8385243,3.5377948,3.806359,4.190259,3.0108774,4.506787,4.70221,3.6829624,3.5403728,3.8738518,4.28357,2.9311123,5.576849,4.3455563,6.745333,5.9709764,5.312279,2.8434417,1.6072198,4.96808,4.5418587,4.555902,2.3931503,5.5878935,4.645449,3.2890258,3.058694,3.7160203,4.859524,3.7582796,3.5848973,3.4373252,3.828001,5.1170125,0.7917676,3.0129395,4.07901,3.9995308,4.181665,2.3898165,4.4606543,5.35579,2.4056244,5.0443287,4.0295725,3.8917298,3.4866633,3.6695385,5.696468,4.3377295,4.8260174,5.3115916,4.8017488,6.031608,4.6500864,4.6536946,3.300056,4.34241,3.5157998,4.7091346,3.3764083,4.3409176,3.5175874,5.9894595,5.1851597,5.6416416,4.874465,2.5053558,2.5602398,2.3747559,3.456297,5.332923,4.761085,3.8658106,2.8255148,3.5039546,2.9458656,3.165548,4.233978,5.009425
SIM-0021-TP,8.780085,4.1591196,3.6828165,2.8581727,4.8950744,4.1072407,4.7425137,4.2786884,4.686639,5.7620463,4.962106,4.5144873,3.7076333,3.1962886,4.691055,4.0060835,5.987893,4.0554295,6.4201794,4.2953334,4.3101845,3.5626287,5.4097424,7.0665393,4.505211,6.508176,3.8460774,5.900905,5.7170315,6.514593,5.3522944,5.3908873,6.2914033,4.971516,3.5222907,4.494434,4.666027,7.622023,5.502489,3.7987447,5.3580675,6.87547,5.3433647,5.18907,5.9237714,5.0182595,6.742528,5.4415116,3.8438334,4.487981,6.468319,7.122743,5.09696,4.0809493,6.044424,4.141404,5.3383675,6.175456,3.9850721,3.6821284,2.9605894,3.0469732,4.73562,2.4077315,3.5765505,1.1304201,2.4850554,1.7012326,1.551324,2.1506915,2.416215,4.160406,1.2001454,2.1239395,3.2618237,2.1275153,3.4760423,3.2627192,4.1284943,2.409658,2.052846,2.5137658,3.0874119,1.755335,2.6135554,2.7743511,3.2760448,4.585929,4.3988495,1.5681041,3.2049842,1.0011567,2.5458384,2.7479005,3.7370496,1.9056467,2.7452817,0.01,1.937008,0.7214385,2.9268095,2.717339,3.098497,1.8751978,1.5255975,5.6202526,3.3127875,3.1050086,5.9306474,6.403678,2.0603907,3.062173,4.3199506,6.162786,3.4643266,4.0700283,4.4085593,4.447041,3.4631727,3.765582,3.6436682,2.8808262,3.616274,4.8380446,2.7117271,4.149665,4.7481966,4.0437846,3.553778,4.3507986,4.333228,3.5326295,3.8813076,3.9459686,5.6434484,5.4070563,5.4625807,3.2847905,2.2938251,5.2813106,3.5868511,3.8806384,1.7348524,4.7052836,4.922905,3.1787684,3.789973,3.7142549,3.7818098,3.8438294,3.5823517,3.6088393,4.373242,5.2971053,1.5463713,4.559514,4.090583,4.8856626,3.9077704,1.5096573,3.7769268,5.310552,2.038721,4.818683,3.9787967,4.5662546,3.1011891,3.442704,4.258924,4.6179504,5.745197,5.2688766,5.492207,6.364233,4.8315234,4.3469496,3.4469316,4.0191236,2.9148724,5.239816,3.0001507,4.238197,4.4077573,5.222402,3.8863332,5.794975,4.871378,2.9143558,3.7643087,3.241962,3.5752912,4.853701,3.9299502,3.8623495,3.5842748,4.1942368,3.5312932,3.8571649,4.653824,4.6996565
SIM-0022-TP,8.37,5.629972,3.6945384,2.1064138,5.0448475,3.174076,4.6314564,3.6519277,4.8242407,5.3427896,4.7130394,4.243185,3.699934,4.0641084,5.2140636,4.7159176,6.720084,5.3644776,6.2094784,3.926443,3.8048828,3.15245,4.864871,8.1895275,4.2472005,4.80453,4.430064,5.5080743,5.0818224,5.185196,5.1150603,4.1297035,5.149815,4.6364803,3.5982075,3.1959896,5.034852,6.7774334,5.099486,4.203153,5.808904,4.965142,5.0247455,4.3075194,6.2089243,5.738133,7.127684,4.8555775,4.0973682,3.7582958,5.8237042,7.7024817,4.129639,4.8551073,6.6849704,4.0593185,3.8865304,6.085499,3.853757,4.9905095,2.526074,2.9703796,4.59331,3.600778,3.4437652,1.3116226,2.947606,1.6818578,1.6236651,1.9435589,2.2890007,4.1015983,1.7623847,2.206761,1.6615217,2.8561232,3.5665689,3.6605902,4.699318,2.181472,1.5697429,3.5848112,3.3897367,2.9384072,1.4200959,2.8067236,2.604396,5.9306345,4.459923,2.664978,2.4837563,0.98633695,2.1675963,1.9749761,4.1169233,2.1573107,2.729679,0.01,3.3897214,2.3193393,4.0965824,3.0967784,4.412686,1.5066497,2.8894784,5.7436657,1.8868763,2.341144,5.8396792,6.4929175,3.01647,2.7276323,3.2780068,6.4148912,3.4650428,3.2300737,4.775838,4.94452,3.833444,3.9402885,3.1726813,3.39647,3.7492018,4.2232456,3.308292,4.2766356,5.04915,4.172633,3.8275428,4.4540534,3.5118918,3.169325,4.168854,4.081765,5.033616,6.01881,4.0473514,3.8469243,2.6485062,5.1667213,5.219642,4.3414745,2.8748388,4.946961,4.66213,2.9245486,3.9524012,3.9209514,3.5604427,3.3885407,3.946367,3.637613,4.5077,6.1238575,0.9454223,3.3961754,3.4583926,5.31118,3.78042,2.4831793,3.657891,5.726765,2.7207625,4.737449,4.2093277,5.094591,2.47357,3.1545002,4.8611665,5.385755,6.2534895,5.109648,4.457367,5.335663,4.8840065,4.638037,3.5733907,4.3709407,3.2085786,4.872101,2.826984,5.1800284,4.6325955,5.46399,5.152526,5.7207193,4.376876,2.754953,4.018667,2.1166787,3.3176854,5.46978,4.3823047,4.0419374,3.226202,4.7193694,2.9151525,3.3695538,3.8437104,5.161277
SIM-0023-TP,7.9988823,4.5386233,3.6963842,2.6565068,5.1035194,4.1613092,4.279438,4.4309487,4.631467,4.380214,4.471782,4.9876237,2.7473211,2.9849432,5.1991467,4.416575,6.725378,4.407296,6.4673624,4.333279,5.8059163,6.6795797,6.5730596,8.658202,5.822521,8.053501,5.7525587,6.840498,7.325877,6.070802,7.734925,6.4011526,6.961031,6.163247,4.797242,5.139878,7.648296,9.662531,7.4907365,6.802887,7.037393,7.7953,8.216812,6.462245,9.131651,8.093062,7.6329045,6.8178043,5.408555,5.559464,8.588318,10.189332,6.2494135,6.698844,8.737245,5.8597145,6.1279097,7.0884686,6.6261845,7.218124,1.0328112,1.6551285,3.1462393,1.5915217,1.71204,0.01,0.6837325,0.07940769,0.01,0.01,0.2304635,1.3542566,0.01,0.9456098,0.01,0.20451736,1.8382607,0.9026103,2.5597277,1.2480593,0.06179738,0.590081,1.5436654,0.8520293,0.01,1.7211928,1.7027755,3.8507028,3.3721204,0.01,1.421988,0.01,0.9471371,1.5416398,2.2627692,0.16571522,0.5618794,0.01,1.3037257,0.01,3.1997726,4.1455507,3.5926971,2.1229298,2.0916643,6.29717,2.344445,2.810409,6.261347,6.555685,3.2227387,4.0428658,4.869034,5.7989683,4.6337724,4.281989,4.9397764,3.996804,3.5753143,4.5793405,3.4798715,4.500991,4.126209,3.60434,3.6882536,3.8508372,4.26898,4.2750087,4.613356,4.504844,4.2486525,3.544235,3.8241682,3.850225,5.33961,4.57167,4.756168,2.8603806,3.3238378,5.745317,3.9530904,4.775299,1.9248357,4.004499,4.516075,2.6541324,3.3084307,5.2513885,3.2895384,3.8992643,3.3991082,4.202153,4.3017783,5.661164,0.96089673,3.3803558,4.6401377,5.1813927,3.8682394,1.794568,4.4974647,6.9410863,2.51735,5.5947485,3.30131,3.9176326,3.256884,3.864208,4.91685,4.1778965,6.226454,5.7731876,5.195159,6.6459,4.506303,4.6723886,4.3789244,4.4230804,2.8113484,4.472766,3.0676613,4.693713,3.796134,5.707514,5.1303873,6.485583,3.7650068,2.5546587,4.280391,2.0647001,3.1542723,5.090986,4.6483827,4.1149964,3.9975772,3.6256382,3.0467186,3.6082587,4.505822,5.3548017
SIM-0024-TP,7.9054704,6.083636,4.4461956,2.154708,5.2953115,4.459574,4.7386093,4.689185,4.9632826,6.009394,5.1631403,3.4110615,3.6642275,2.9273183,3.7496867,5.375374,6.745534,4.840213,5.553043,4.443406,3.3107743,2.6214004,3.2723596,6.5625033,2.2106128,4.8097043,2.8824272,4.864658,4.1341367,3.9121745,4.921051,3.183251,4.5919275,4.54239,2.4993865,3.6294,4.1752496,6.4700394,4.5350924,4.034916,4.2530107,4.993981,4.257278,4.0377536,5.0997334,4.270445,5.4103646,4.6794724,3.3881118,2.2982655,5.316634,5.9133453,4.5842466,4.189808,4.8355184,2.7609165,2.6399713,4.5095706,4.4076,3.2835777,3.0271244,3.9232974,5.551137,4.4009624,4.8626633,2.5376706,3.0697389,3.750938,2.6251395,3.4875948,3.004164,4.9183807,2.7917428,4.608507,2.7232032,3.6877031,4.46014,4.7908635,5.7260065,4.4890795,3.0365427,4.239754,4.922948,3.3549497,3.2217844,4.5697455,4.098865,5.9120874,6.3483224,2.5470023,3.623441,2.516496,3.767062,4.0022893,4.8635616,3.320374,3.8490489,2.996436,3.0835936,3.0952566,2.927293,3.6325448,3.436465,1.9049475,2.2383194,6.091148,2.874176,3.145065,5.8340297,6.2401214,3.1923263,3.6052718,4.922423,5.3748283,2.2120054,3.737709,5.425314,4.5152373,3.524009,3.4310036,3.5039873,3.247025,3.3709154,4.517187,2.5166626,5.108834,5.3248124,4.605045,4.630815,3.9725938,3.4685102,3.208404,3.8288763,4.145791,6.496558,6.311759,4.5717306,3.6992304,2.739016,4.9520044,4.499585,4.286907,2.390007,4.396842,4.0136065,3.207274,3.9718204,3.770889,4.387774,3.4414608,3.9047644,4.456495,4.5563064,5.8694277,2.3877368,3.41121,3.6835747,3.9349327,3.500835,1.066003,4.2242813,5.455065,2.8580184,5.040038,3.3711264,4.233656,3.3087332,3.281271,5.0535326,3.4699738,5.1869817,4.806177,4.47617,5.271243,4.182267,4.215323,3.788986,4.279403,3.5037587,4.9957647,2.0511599,4.4723735,3.6056957,4.9695992,4.7883596,6.5334167,5.136823,1.9342008,4.2722483,3.148144,3.0786865,5.9356613,4.5573454,2.5960927,3.2138839,4.141263,2.669601,3.3101332,3.9524665,5.460377
SIM-0025-TP,7.777279,5.1474977,4.0427055,2.3755937,4.507702,2.8515785,4.7629833,3.7227497,4.712082,6.078211,5.3023844,3.9815426,3.8728507,3.901176,5.342102,5.4368315,6.694085,4.254271,6.009101,4.35602,3.0953205,2.7184615,3.1883073,6.2105436,3.3017526,5.0853505,2.8074753,4.2599306,5.197344,5.0879893,4.182948,2.683216,4.0594745,3.7995753,3.444952,2.115617,4.1104217,5.6770573,4.592281,3.709561,3.503919,5.6166005,4.7817802,3.547777,5.308909,4.1915107,5.1128697,4.696447,2.969279,2.8770251,6.4019856,5.1962447,3.5444677,3.6957793,5.179288,3.2845225,3.0115733,4.1470604,3.6382806,4.0800476,4.3038983,4.534145,5.638055,4.2507305,4.5498276,1.5917183,4.0957007,2.9902074,3.6260984,3.7929387,3.9822962,5.105136,2.6296277,3.4000697,3.4077444,3.7230268,5.1174865,4.772884,5.7980633,3.4994173,2.9625196,4.5015697,4.627988,3.9811878,2.8620064,4.039133,4.244015,6.7538157,7.1443405,3.2416348,4.0439157,1.6933196,3.166843,4.9300127,5.407011,1.076359,3.6828651,2.811793,2.8393803,3.6972795,2.0845828,3.5921385,3.9014132,1.067286,2.7560236,6.704667,2.8945208,3.1956282,5.6310754,5.974372,3.1743653,4.506628,4.906346,4.73476,2.2556956,3.3317382,3.9808497,4.456861,3.8205519,3.1510506,3.0136685,4.0623784,3.459533,4.1459093,2.4697723,4.3054075,5.0164084,4.2398033,4.541195,4.1752763,3.8679125,3.4215393,4.8175106,3.8549643,6.2519655,5.480269,4.062467,3.4983826,2.6099756,5.3842163,4.276877,4.328176,2.0913427,4.673378,3.63152,3.0810168,3.6442487,4.6885524,3.7867384,4.6555204,3.7066438,3.3104677,3.6557202,4.604531,2.1996555,4.4486833,4.476885,3.8479495,4.533719,2.0674186,4.1934824,6.4459796,2.795594,5.96438,3.7958357,3.7401602,2.641199,2.7420456,5.1607466,5.154952,6.0317287,5.187566,3.9416196,5.8573713,4.9453998,5.043348,3.7867966,3.6680672,3.736167,3.4236317,3.0131192,6.0675116,3.0551624,5.0505624,4.7469134,5.589355,5.248962,2.6641853,4.009197,3.2266293,3.4900956,7.101161,4.7132072,3.3987105,2.1310487,3.761057,3.3571286,2.6611314,3.2332306,5.1714697
SIM-0026-TP,8.2978325,5.3830614,3.348182,2.2465978,5.300353,4.2885365,3.800355,4.657646,5.1813545,6.4052753,4.9783597,5.164486,4.0845566,3.657701,3.2668715,3.8594692,6.262974,4.914152,6.012094,4.6681485,3.3736093,3.6091309,2.8385813,6.247758,2.7546976,4.7443657,3.2579684,3.2272167,5.5905733,4.1265664,3.661386,4.308897,4.2723565,3.6112761,2.5308363,3.5480583,4.1200957,5.653833,4.761883,4.1739316,4.258652,5.861197,5.4886236,3.747778,5.164669,4.5140696,6.190971,3.8836353,2.6363723,1.8631192,5.0589943,5.4647655,3.7925124,4.501354,5.7294407,2.4369152,2.7412827,5.330701,4.1687,4.008953,3.615294,4.900041,4.910818,4.2866,5.7802687,2.0525057,3.5634768,3.3619542,2.5461826,2.4247897,4.0163946,5.4748197,2.518154,3.8420136,3.0350478,3.597359,4.721574,4.032599,6.2834826,4.0787406,3.5902548,4.217841,4.628015,3.9700184,3.0518882,3.9559746,4.4474597,6.6883197,5.6855145,2.4821072,3.7857351,2.4344232,2.4641068,4.569436,5.6885247,4.5350943,3.1502547,1.583355,3.2826238,3.0419066,3.5717196,2.717491,3.8182724,1.2529387,2.996143,5.7439075,2.695249,2.1898677,5.545737,6.765271,2.8227878,3.8716173,5.0610933,6.095053,3.494225,4.477774,5.0621915,4.416413,4.1284,4.402682,2.949387,3.0345125,3.3128824,4.0947433,3.8344834,4.4608655,5.58115,4.813048,4.9513416,4.6559258,3.4815874,3.5197597,4.01273,3.07818,5.949433,6.235723,4.6162176,4.2458477,2.9762037,6.4150443,4.35151,4.4913836,1.615719,5.4827194,4.203358,2.5660455,4.1690907,4.8428288,4.6184926,3.5267332,3.871024,3.7180953,4.543822,6.2482743,1.6174148,4.750595,4.6251097,4.178594,4.042441,3.0962484,5.32714,6.320796,2.4789758,4.7554817,3.9595094,4.775663,3.1639862,3.8928096,5.3257437,4.4187098,5.6512446,5.245125,5.2981367,5.624078,4.465299,4.3952994,4.0617447,4.7498856,4.1148252,5.091266,3.1088734,4.7055755,4.0733585,5.3282294,4.780001,5.889523,4.956736,2.2808836,3.8117983,3.681674,4.8369937,4.909045,4.007798,2.822493,2.9346385,4.4806724,3.0790663,3.4148753,4.576477,4.809269
SIM-0027-TP,7.5472355,5.461058,3.0546026,2.0579548,4.4676147,4.413446,4.3099847,4.722497,3.7926524,5.485854,5.3866134,3.041,4.655938,2.1231163,4.842369,4.411756,7.456608,6.767879,4.5942183,4.760464,1.910975,3.2482677,3.1713877,6.1933613,2.7227702,5.22876,2.3728938,5.5523915,4.180326,3.142017,4.756706,3.3115408,5.39989,4.1556945,2.3753214,2.6795673,4.2331066,6.3422427,4.378751,3.969508,4.1858864,5.280723,4.8716784,3.5909255,4.90879,4.1465025,5.2588735,3.4821863,2.4003434,3.3810508,5.5476284,6.0758715,2.5811026,3.9009683,5.380768,2.6522343,3.195753,4.3954144,2.5434575,4.456002,3.958066,4.180603,4.924389,3.355656,4.7558856,2.7565484,4.0528646,2.465389,2.8937454,3.0951762,4.0978985,5.2192693,1.1806961,4.3032527,3.0140908,2.9614625,4.908521,4.743601,4.5170307,4.1977825,3.685727,3.7996292,3.808685,3.6868844,3.428578,3.3348784,4.760463,6.4348745,5.828927,2.2927127,3.6392584,2.8433506,2.741088,4.5649233,5.2503595,2.9490385,3.77319,0.7515826,4.0106745,3.7473032,4.190532,3.3180425,3.754897,1.9243704,2.381492,6.4011507,2.3089554,3.2819264,6.903494,6.8741255,2.156236,2.9593787,4.7298384,5.698825,3.4515584,3.487905,5.1926494,4.3556166,3.257592,3.6656778,2.026577,4.756506,3.6854217,4.554427,3.1762383,3.9455748,4.895776,4.7060256,4.0913906,3.6178894,4.0778165,3.5279531,5.1379185,4.0795884,6.4151645,5.9329925,3.809339,2.7552767,2.3456404,4.52507,4.660479,4.625169,2.295162,3.6310802,5.482159,2.4424334,4.5543814,3.5390964,3.6462662,2.606404,4.0775743,3.1973941,3.6160626,4.7852345,1.8220191,4.1188817,5.082529,3.9531405,3.737495,1.5986106,4.1604757,5.4679275,2.6983635,5.3723392,4.167008,3.5172696,3.4463356,3.6435013,5.137746,4.2283998,5.452344,6.0485687,4.5927925,5.8312407,4.3078694,6.0509777,4.355934,3.7060149,3.1657686,4.8824615,2.8946323,4.4317374,4.028757,5.897291,4.0940547,5.2565727,4.489196,2.2095618,4.9322796,3.3288474,3.9538813,5.3790455,4.494377,2.5752168,3.3771527,4.2783093,3.4264386,3.223445,4.24112,5.240335
SIM-0028-TP,8.335739,4.2089844,4.4272757,2.611958,4.6171994,2.8622272,4.284761,4.8257427,5.3838086,6.292617,5.956381,4.804848,4.374953,2.840075,4.1605453,4.2256136,5.502027,5.2326427,5.599419,3.9556684,7.887007,8.594641,9.818457,12.837296,8.010117,10.323202,8.241831,11.087679,10.190185,9.187014,9.657461,8.76844,10.9151325,9.4804325,8.771242,7.0505404,9.80113,12.282633,10.484993,8.619754,9.79105,10.367179,10.73687,9.373149,10.384328,10.107772,9.894011,9.3026905,8.455689,8.716616,10.342208,11.1950245,9.987261,8.553022,11.237972,8.587878,9.6244,10.190195,9.181531,10.084295,0.01,0.01,0.01,0.01,0.01,0.01,0.01,0.01,0.01,0.01,0.01,0.01,0.01,0.01,0.01,0.01,0.01,0.01,0.01,0.01,0.01,0.01,0.01,0.01,0.01,0.01,0.01,0.50883055,0.9574857,0.01,0.01,0.01,0.01,0.01,0.01,0.01,0.01,0.01,0.01,0.01,3.4206378,4.0272884,3.8274682,2.1234298,2.4474387,5.4709263,2.1942139,2.637881,6.4048285,6.888504,2.586111,4.2450185,5.117144,6.356389,2.586598,3.5070977,5.6842055,4.555336,3.4900303,4.225351,3.1287537,3.4761014,3.8433325,4.6954503,2.8645291,4.477711,4.455521,3.663639,4.0702066,4.291715,3.8390732,2.954233,4.342272,3.329232,6.30757,6.139048,4.346245,3.1356182,3.0743086,4.1769085,4.531158,6.0310864,2.1940758,4.8678756,4.826224,3.7122357,4.0159593,3.1859136,4.3341665,4.993794,4.207732,3.1707215,4.2934775,4.831148,2.0497434,3.2852085,4.213634,3.8671038,3.3548613,2.9863536,4.379724,5.447749,1.8935246,3.9279776,3.0458343,3.9946554,3.4372184,3.385368,6.085316,4.223905,5.613306,4.637624,4.934468,6.79269,3.5580845,4.654907,4.335819,3.3430731,3.585918,5.60032,2.8608108,5.0574822,4.6898003,6.14546,4.7198853,5.554457,4.270785,2.9164417,3.247159,2.701706,3.533065,5.2597275,4.777444,4.5833263,2.9254832,3.8150792,3.2911057,3.4486516,5.0316772,5.2376556
SIM-0029-TP,7.25887,4.418692,3.0977054,1.6925485,5.093876,3.600998,4.9600573,4.117183,4.5105824,5.263933,5.2034407,4.2112627,3.2325616,3.808485,4.7159576,4.7835345,7.0960264,5.0447493,6.116035,3.8597972,3.8502555,2.7450733,4.052782,6.0340357,3.582162,5.2056007,3.6704988,4.511261,4.9227686,4.766582,3.8298912,3.3625653,4.1843486,3.3717985,3.6301057,2.219945,3.7015285,6.3845415,4.472266,4.941547,4.060607,5.369142,3.8890438,3.6607232,4.2192407,4.7712336,5.697493,4.154457,2.580349,2.1844637,6.0147843,5.1381207,4.076429,4.6540384,6.204205,2.1403904,2.836904,4.854052,3.5702538,3.295175,4.0292153,4.3325663,6.3646445,3.9639704,5.2279406,1.3162837,3.4372768,3.5176008,3.3230524,2.6431513,3.6779153,4.225113,2.5829973,4.449093,3.2983513,3.5478094,4.4378605,4.2139363,6.2164536,3.8819568,2.8029034,3.618755,3.4437833,3.6694934,3.5957818,4.0192485,5.173593,6.4698005,5.8588552,3.4672036,2.3763227,2.6390276,3.3847997,5.0586247,5.6881933,2.7040703,3.9669228,1.7215537,3.3851075,3.036137,3.369176,3.8923717,4.0760484,2.345101,2.9832783,6.675683,3.10438,3.6129463,6.141255,6.9888926,3.4480193,3.586303,4.358179,6.589486,3.8241048,3.7506342,4.550562,5.166353,4.024053,4.0239677,2.4641678,3.9276745,3.7227583,3.900001,3.509194,4.6042504,4.8250184,4.6073422,4.996173,4.538104,3.8619602,3.6563528,4.355475,3.2848403,6.429533,5.6464205,5.6826205,3.965578,3.2431636,5.315728,4.34461,3.978299,1.3859204,4.4911585,4.430562,1.8367996,3.2563143,4.1399107,3.9447536,3.376967,3.725755,4.6099696,4.4836354,5.1913414,1.3991677,3.7489932,3.7925346,3.9114287,4.1333475,2.033386,3.780647,5.70578,2.5251434,3.8774762,3.6511016,4.3726654,3.1727164,4.7804413,5.925599,5.307122,7.1323547,5.55649,4.5206223,6.230805,4.1593747,4.881831,3.3795652,4.265538,2.9766216,4.6461196,3.0284328,4.713495,2.8455884,4.4434686,4.1772356,5.3791604,4.9379864,2.537429,4.4656863,3.2043939,4.0176716,5.815427,4.7423735,3.8507454,3.445989,4.22083,3.4189758,2.1559658,4.1667776,5.0024166
SIM-0030-TP,8.404729,5.9782114,3.230819,3.3843253,4.351222,3.2721395,4.3739076,4.3293114,3.7624135,5.985509,5.2379603,5.204184,3.6708364,2.7948556,4.092885,5.6077833,5.188228,4.457019,5.7395506,3.769172,6.1405144,6.426464,6.400549,9.615323,6.9473066,8.174974,6.325094,8.3033085,7.835851,6.4278207,7.644633,6.5743303,8.531458,7.2951617,6.814046,5.671179,7.441513,8.41248,7.2620144,7.962033,8.48419,8.186554,7.444862,7.0055933,8.85371,7.0034695,8.188875,7.8826656,5.2556305,5.8630605,9.186592,9.386117,7.2042403,6.8885527,9.338348,6.4901757,6.2363834,8.116806,7.251598,8.308615,0.7751007,1.4902344,1.6475596,0.3738749,1.0716305,0.01,0.01,0.33511806,0.01,0.01,0.53211355,1.5727339,0.01,0.01,0.01,0.188689,1.8599606,0.76927805,0.6328144,0.01,0.01,0.35346484,1.6297526,1.0133281,0.01,0.61967564,1.3257012,2.7678003,2.3520842,0.01,0.9674511,0.01,0.01,0.8037591,2.0060606,0.01,0.01,0.01,0.5521965,0.01,3.2436817,2.4551082,3.9445577,2.15166,2.3721304,6.2286325,3.0865784,3.253997,6.113278,6.784732,2.544934,3.1097932,4.044977,5.738523,2.62,3.8027506,4.294609,3.6042705,4.033547,3.6289697,2.2065873,3.2149026,3.9451306,4.919624,3.243136,4.3637567,5.5485315,3.2502065,5.335191,5.2752056,2.6469157,3.2296903,3.957021,3.7703273,5.8839755,5.979234,4.3295617,2.7814891,2.801496,5.448535,3.6708884,3.6570268,3.2517853,4.606225,4.385744,2.6906717,3.802519,5.150112,4.342434,2.948646,3.2044501,3.54854,4.018446,4.610516,1.843012,3.2199895,4.923163,5.2063103,3.5039587,2.4627645,3.7120218,6.0391884,2.2170424,4.3202105,3.5268073,3.7058017,2.7845218,4.1403837,4.9073906,5.4501667,5.069782,5.985127,3.9308317,5.743428,4.193895,4.6561236,4.1041074,4.816459,3.8978384,4.7871556,2.9138238,4.3913116,3.3135738,4.5980964,4.532082,5.945449,3.7748673,2.4047828,4.691059,3.3889484,3.1891282,4.8127923,4.867449,2.1423554,3.5413597,3.9259884,3.69909,2.465377,4.7710824,5.1050577
SIM-0031-TP,7.511284,4.5018353,4.007194,3.0408175,5.983307,4.706956,3.8986037,3.5259912,4.0617647,6.801497,4.769025,5.3924356,4.0195513,3.4383612,4.0303316,5.1204987,6.6881847,4.665547,5.856324,4.023779,7.5956364,8.514544,8.422528,11.552671,8.131431,9.413675,9.144357,10.884626,10.006591,8.829204,8.988826,9.216124,9.448904,8.408485,8.890259,7.8779707,10.236547,10.059643,9.598831,10.09665,9.480449,10.353746,8.815253,9.309992,9.900972,9.561099,10.098251,10.141428,8.532721,7.7957954,10.253601,11.671366,8.817263,8.2439575,9.760132,7.7497187,7.557701,9.511663,9.157347,8.986925,0.01,0.01,0.26031923,0.01,0.01,0.01,0.01,0.01,0.01,0.01,0.01,0.04194498,0.01,0.01,0.01,0.01,0.21197796,0.01,0.3324299,0.01,0.01,0.01,0.01,0.01,0.01,0.01,0.01,1.0295486,0.6327181,0.01,0.01,0.01,0.01,0.01,0.01,0.01,0.01,0.01,0.01,0.01,3.9307678,2.554007,4.1055527,2.2494664,2.7067094,5.8693614,3.4041448,2.8514602,6.7240047,6.5098724,3.199847,3.6019168,4.1776843,6.0448556,2.8635561,2.4237394,3.2459035,5.070977,4.238973,4.8098474,2.6163402,3.1155088,3.5238206,4.237882,2.9411538,5.295826,6.1324673,4.39457,4.346325,3.405672,4.773301,3.3165953,4.171912,4.1433005,5.8003125,5.6467924,3.6646132,3.7804863,2.835383,5.7705436,4.162181,4.4120436,1.6492553,5.307317,4.0165005,2.646358,3.5289989,4.3243294,3.1994185,3.5924258,4.294127,3.5588536,4.040197,5.552695,1.3703613,3.247892,4.158339,4.7930303,3.1024973,2.0560374,3.6371796,6.198041,2.4199595,4.4387283,3.7176075,3.3368754,2.4303539,2.935477,4.766655,5.2613244,5.3657527,5.4105244,4.020936,6.1237016,3.925952,4.847602,3.7298546,5.2304487,3.6177888,4.693132,3.1642208,5.8514376,2.9945312,4.750006,4.63242,5.612102,4.5643964,1.7758436,4.635025,2.1166887,3.3816137,6.034144,4.6224413,2.8113725,2.3119447,3.9177825,2.404925,3.4314754,3.6112838,5.56183
SIM-0032-TP,7.8340344,5.4034767,4.520671,2.844768,4.560177,3.5269897,4.3884945,4.1368155,4.3885074,5.014244,4.7244515,4.9374466,3.6078787,3.94557,5.1699123,5.0721216,7.411226,5.216712,6.789244,5.047697,4.081443,4.178877,3.9629614,6.8986053,3.8004985,5.9399185,3.5277026,5.6268234,3.99817,5.4957104,4.639804,4.363806,5.965769,4.4859667,4.2873697,2.891997,6.16208,6.9134502,5.055397,5.3847055,4.4923124,5.9524975,5.7323112,3.4463463,6.1773214,5.485648,7.3111725,4.18256,4.37115,3.142909,6.2182274,5.903467,4.0673585,4.609378,5.696082,4.0539002,3.5645936,4.827614,4.1322937,4.9540358,2.9070768,3.563876,4.9647818,3.8409917,3.698088,0.6369133,3.1985252,2.601291,1.2600207,1.8857398,2.5154796,4.021188,1.5022867,3.5933483,1.9224603,2.0916638,4.0450096,3.6594856,3.8192723,2.7513163,2.3127317,2.7886884,3.527634,3.05498,2.8637264,3.5437887,3.0338676,5.773926,5.1480484,2.9633138,2.6216218,2.1294236,2.6394165,4.270585,5.0604954,2.5786023,2.4239085,1.3152103,2.9563055,2.9869354,3.5097957,2.920318,3.6759298,1.6357539,2.8112342,5.7192416,3.2616515,2.256747,5.900534,7.480179,1.7523098,4.640884,4.128913,5.7992454,3.2988675,4.1177864,4.9142795,4.933459,3.8833792,4.746618,2.886268,4.744144,4.184152,3.3292952,4.750224,4.1843667,5.7604876,4.168826,4.882302,3.708916,4.312957,3.1518466,5.105996,4.1220474,6.5611396,4.4913163,4.3430605,3.4422185,2.9993958,5.6717215,4.0797973,4.504537,2.8460274,3.7880938,4.749096,2.722627,3.0723162,4.431989,4.6661925,4.227401,3.8289552,4.185893,4.5865965,5.4278064,1.0868013,3.4455328,4.595439,4.2749205,3.1049943,1.4008468,4.743911,5.453961,2.6313324,5.4836817,3.0170126,3.916107,2.8617544,3.8554153,5.9196243,3.9179296,6.0172105,5.693174,4.345898,5.675211,4.6482177,5.0003967,3.9946053,4.347186,2.81159,5.4847174,3.405088,4.875392,3.0622714,5.113874,4.8480716,5.2483463,4.550706,1.723275,4.236693,2.9109707,2.6588287,5.686961,4.609279,3.5592766,2.7905164,3.6320424,2.3980176,3.0597746,4.321422,5.2292914
SIM-0033-TP,7.8682375,4.9982924,3.7194457,3.9432914,4.478024,3.668536,5.8151264,4.5501604,3.7591994,6.509254,4.7104034,5.2605467,3.8381815,3.122974,5.190003,4.967159,7.0808206,5.283178,5.468853,4.795189,5.541056,5.2236443,6.2969875,8.675106,5.4059973,7.0856247,5.2870836,6.4273458,6.461307,6.075348,5.872587,5.6354427,6.5781183,6.0532546,5.2273426,4.9270315,5.6103735,8.595844,6.2104387,5.962311,6.235958,7.183188,7.1128035,6.403487,7.4498777,6.4963984,7.966707,6.341525,4.801812,4.922286,7.5517416,7.97119,6.0439835,6.039673,7.273268,5.369415,4.7735095,6.4784355,5.4623246,5.5802445,2.2229962,1.7316561,2.9366312,2.5968962,2.2372556,0.01,1.3238747,1.451853,1.083163,1.3699284,1.8132493,2.831305,0.29002666,1.5017548,2.039391,1.9333367,2.5347137,2.4366393,3.0659485,1.1599967,1.2714908,1.4470026,1.6448364,1.3156147,0.012317896,1.7833846,2.0642881,3.9584317,4.080822,0.99259114,1.8796673,0.3237102,0.89434195,2.2512717,2.453124,1.4192433,0.7558868,0.19043493,1.5467141,1.34746,2.9092488,2.7842543,4.0962048,2.8275201,3.366259,6.1499305,3.6314502,2.758382,6.386297,6.4339767,3.0385334,2.4609046,3.78076,5.962036,2.3569233,3.9681969,5.2305665,4.1841063,3.1393673,3.6290839,2.142198,3.7112195,3.784658,4.079165,4.2818522,4.1118364,5.708432,3.6348097,4.3881454,4.644708,4.565763,3.068313,4.5940294,4.1133027,5.823199,5.8813295,5.317093,3.472793,3.1707666,5.5272207,3.532261,4.710256,1.7470342,4.632495,5.5353913,2.7629385,3.1583881,4.8400083,3.5786283,3.4841192,4.521038,3.7694063,3.3717642,5.7434864,1.2351086,4.5330753,3.8734188,4.8216066,4.5159345,1.8178067,4.2313886,5.921663,2.0374658,4.9989758,3.5590146,3.8161418,2.9715707,3.7011762,5.3819847,4.283242,5.4547257,5.1181183,4.416708,5.52451,4.6009626,3.9206073,3.3381958,3.926582,2.8745184,5.804183,2.8311272,4.870735,3.5677338,5.1633577,4.143242,5.735738,4.2622705,2.289258,2.6530886,2.2639914,4.2136836,5.9264274,5.2970533,3.9949303,3.3227763,3.8063478,2.2648144,3.9022322,4.344293,6.4023237
SIM-0034-TP,7.459642,6.2597384,3.7985198,3.2715335,5.6865807,3.5221987,4.254323,3.4398947,3.9073973,6.1328893,4.9301014,4.6353645,4.141123,2.0914822,4.990673,4.6461864,6.82988,5.342613,6.464616,4.5113177,1.7532376,3.063447,3.3751273,5.6113396,3.2523587,4.65798,2.425696,5.2673154,4.1030884,3.6401725,3.7279482,3.9629517,4.425614,3.5845664,2.5540762,2.9534957,4.847247,5.9030213,4.503425,4.184477,3.595705,4.8679423,4.1168885,3.2261407,4.5740204,3.4926684,4.8624916,4.054971,2.7408178,2.235314,5.6903906,5.5067487,4.3657675,3.5359998,5.80961,2.9945612,2.4042375,4.5979977,2.9875827,3.9408176,3.4639916,4.528556,4.7363043,4.0979357,4.9301467,2.4036257,3.5691977,3.1656451,2.8732605,3.8954108,2.9252117,4.4603515,4.0758386,3.894083,2.5703335,3.3810518,3.6183214,4.658576,5.7422905,3.389663,3.0686953,4.2379684,3.3673892,3.5157876,2.8015544,3.7143226,4.0812945,5.885599,5.984001,3.0721402,3.987212,2.6367576,3.512638,3.5924516,5.4521494,3.105483,3.2625544,2.3768432,3.4776163,3.6131778,4.192798,3.4995313,3.415427,1.149125,3.0723722,6.18494,2.3399787,3.4899955,5.406134,6.6929893,3.0908785,3.0749497,4.286815,6.2732663,3.1186981,4.378435,5.3441386,4.4386353,2.4554732,3.313291,3.0067713,2.9867005,3.5702662,4.4014106,4.179458,4.1840286,4.690972,4.1292067,4.527213,3.976032,4.5247188,2.87887,4.376575,4.1253195,5.8930516,5.99321,4.4603257,3.6313655,2.9846406,5.3793454,3.9465532,4.1647577,2.8676124,5.2451935,3.9429379,2.980001,2.3415873,3.976747,4.532981,3.645256,3.9554682,2.239832,3.956436,5.640628,1.6659864,4.2443275,4.0713835,4.2131658,2.9620266,2.1410174,3.6972077,4.8034153,1.9235489,5.6181707,3.536194,4.0486145,2.6903534,2.7702682,5.768101,3.4965563,5.4549155,5.1501045,4.554332,5.3806996,3.5200124,4.4274416,3.32905,3.679999,3.7876053,4.3827825,2.9721859,4.861499,4.2895765,5.104681,5.1464343,5.734536,4.9479713,1.6764891,2.6139078,3.0167663,3.6973119,5.7489796,4.375067,4.045931,2.7563436,4.2432218,3.080758,4.18823,4.1534944,4.828716
SIM-0035-TP,6.559488,5.936641,4.139683,2.8964486,6.6187854,4.0096626,3.9067168,4.1286807,4.1131973,5.6439924,4.79098,4.4243298,3.5314736,3.9668283,4.54828,4.9047575,6.9156704,5.010243,5.900078,4.438271,10.112156,10.600126,10.881462,13.439961,10.298548,12.83382,10.088254,12.357362,11.822037,10.768715,10.785459,10.398418,11.430096,10.046083,9.678779,10.085306,12.035692,13.086418,10.090357,11.432146,11.236882,12.762674,11.442447,10.722861,12.285303,11.647676,13.438091,11.403536,10.548431,10.331926,13.214582,12.060488,11.608929,10.617994,13.04944,9.63682,9.742868,12.861653,10.357036,11.798063,0.01,0.01,0.01,0.01,0.01,0.01,0.01,0.01,0.01,0.01,0.01,0.01,0.01,0.01,0.01,0.01,0.01,0.01,0.01,0.01,0.01,0.01,0.01,0.01,0.01,0.01,0.01,0.01,0.01,0.01,0.01,0.01,0.01,0.01,0.01,0.01,0.01,0.01,0.01,0.01,3.2798076,2.8822618,4.3857727,2.2204983,3.4310021,6.460354,2.5074658,3.0230439,5.659879,7.334765,2.1623344,3.219903,4.569401,6.341576,1.9121585,4.4419575,4.70727,3.4928288,2.12298,3.101484,2.6152518,3.7288773,4.050213,3.9574265,2.8906527,4.2649956,5.029521,4.270816,3.9571743,4.5038786,3.689386,2.843583,4.0452986,4.4401336,6.02677,5.226098,4.8489003,4.308317,2.9924297,5.8080645,4.7807884,4.177324,2.268731,4.286166,4.351949,2.5764742,3.3270323,3.8887696,3.9089184,3.9739451,3.8367658,2.815836,3.7795024,4.711792,1.5553716,4.0148087,4.304786,3.9022915,3.7515123,2.0082211,3.7588825,6.0983152,2.8751526,5.338276,3.3673005,4.5283566,2.7003105,3.9922945,5.044588,4.4706645,4.521723,5.0264554,4.484632,5.53891,5.317087,4.246755,3.4216385,3.6141098,3.0206876,5.5052905,3.560712,4.4319544,3.4478452,4.592683,5.4040117,6.3811483,4.677784,1.7299101,3.2797155,2.9133077,3.7563891,4.478156,4.4768786,4.1102176,2.877528,4.7776012,3.1079628,2.78672,4.1656737,5.090965
SIM-0036-TP,7.0739017,4.9551926,4.3936977,2.05553,5.596606,3.6185505,4.2020345,4.2379723,4.2326593,5.883191,3.8202403,5.0563326,2.472243,2.944957,4.424783,4.899916,5.971319,4.391135,5.4960217,4.4757886,1.7990897,3.0282714,3.4304886,5.9869514,3.441274,4.950351,2.8262458,3.963478,4.451658,3.3668244,3.6700664,3.5847743,5.154739,3.5259864,3.0514266,1.9998226,4.2953496,5.549138,4.7746058,3.6111324,4.1650076,5.835409,4.1733656,3.034652,6.382106,3.8894598,5.503406,4.3565784,2.90934,2.536969,5.558548,5.6061997,3.2625139,4.691922,5.351449,3.1914198,2.9379466,4.465945,3.377673,3.2199552,3.7562466,4.134071,5.993244,3.4922347,4.3553653,1.5006077,4.672547,2.7220654,3.062337,3.6069283,3.5928152,4.227497,1.9915304,4.4605136,2.8855336,3.86834,5.0599327,4.7266817,5.5731907,3.3786588,2.8162932,4.1336045,3.9278247,2.801499,3.2399898,3.572359,4.461796,7.2138853,5.885226,3.6446395,3.7895155,3.3302727,2.8782394,4.3114977,5.542434,3.1757104,3.921963,1.6366912,4.87202,3.9986844,3.6115966,3.3994398,4.501573,1.6486729,1.8769547,6.757457,2.8495717,2.7899618,5.8424754,5.712046,2.7331522,3.2552276,4.8005915,6.226213,3.301483,3.9524515,4.028664,4.7300878,3.9385428,4.4887733,3.684209,2.915546,3.539374,3.8610368,3.5309265,4.4782395,4.8956747,4.6692314,3.8010495,3.5325947,3.4879718,3.098278,3.7021995,3.8784275,6.010423,5.180097,4.8227296,3.2071924,3.4189122,5.093618,4.250652,4.1987524,2.2518907,5.283554,4.2487535,3.1487753,3.1221018,4.6432424,3.7625139,4.133669,3.927,4.5084996,3.5755286,4.733403,1.1252329,3.0708442,3.4851449,4.606769,3.6259959,2.0034378,4.134514,5.4287314,3.2913232,4.496075,3.0104077,4.336701,2.8392239,4.684931,5.0369415,5.0056477,6.2734103,4.916744,4.0676265,6.114618,4.726439,4.122683,3.1392112,2.7983308,3.6002696,4.85867,2.740621,3.9366286,3.2602978,4.9322677,4.414706,5.8795643,5.022509,3.562766,3.9230382,3.3856943,3.0667338,4.6737556,4.461383,2.5022087,2.9936192,3.642555,1.8063042,4.196872,4.0432286,4.3365026
SIM-0037-TP,8.164886,4.8151536,4.23658,2.0495415,4.779869,4.117344,4.6261783,4.57764,4.574188,6.1518784,5.353532,4.8637624,3.8257756,2.1797433,4.8341084,4.716209,6.5392957,5.7750034,4.9754643,4.8940363,2.8039198,3.1936424,3.0772517,5.2949333,3.1088085,5.0058613,3.4351854,4.8325562,3.288681,3.0725315,4.9852476,2.7989442,5.159597,3.0779731,2.6831663,3.0346665,3.7624907,6.375199,4.197856,4.1117873,4.152023,5.6353617,5.0087786,3.5234296,5.971145,4.122958,5.9178042,4.4277916,2.24124,2.7387455,5.654611,5.2970695,3.9994822,3.6899574,5.425151,2.8586657,3.060268,4.459477,3.6753118,3.672921,5.164962,3.6329079,5.1151137,3.8377137,5.6641855,1.2897606,4.1642427,3.2809668,2.9479883,3.7400193,4.2737913,4.690424,2.770616,3.0985806,3.565377,3.275332,4.909567,3.6954296,5.539834,2.99721,3.3781996,3.1628883,3.8176765,4.753939,3.209571,4.6650915,5.008092,6.131055,6.6263304,2.4140038,4.0856667,2.289889,2.9441428,4.62284,5.6783295,3.7285504,3.4532835,1.9186896,4.1007676,3.0894675,3.7412386,3.225139,4.3271294,1.4286678,2.467318,5.437324,2.8509283,3.7241795,5.599871,6.968693,3.2066767,2.5978894,4.0805006,5.9109554,1.5646454,3.2663178,5.3277664,4.936265,3.811003,4.307276,2.7326562,4.0395236,3.5757856,4.2900763,3.1284876,5.10328,5.7734957,4.8453856,4.147702,3.5762684,4.6385713,3.5503955,4.480787,3.5858972,6.306,5.030716,4.702878,3.926386,3.7031112,5.545405,3.5717385,4.578809,3.325255,4.4931326,4.42483,3.5963316,3.8370423,5.5037956,3.6860323,3.212951,4.5085745,3.1500833,4.0541787,5.4386687,1.9513363,4.070284,4.4050446,4.0947785,4.235587,4.2561903,4.6736364,5.7771864,1.8172071,4.5450873,3.5646195,3.6713755,2.9390626,4.554552,5.923628,4.503239,5.128172,5.846096,4.41456,4.8806844,4.795208,5.3408318,2.4904747,3.6542687,3.247349,5.356839,2.563823,4.3662796,4.1729336,4.9370856,5.0218964,5.2648883,4.0546083,2.8055942,4.0593066,3.2892208,3.2154236,5.113676,5.317893,2.5395901,3.6120129,4.693034,3.2134848,2.984956,3.9037473,5.0502844
SIM-0038-TP,7.3137074,4.6193786,3.9387598,2.970429,4.725467,4.459486,4.7903295,5.2482333,4.9932265,6.2994614,5.3487377,5.0693545,3.0324206,3.077753,4.329452,4.5324526,6.9882827,5.3520765,5.811068,4.459428,2.4471912,3.5834763,3.4496403,5.619163,3.0817697,3.9668393,3.1147583,4.832383,4.097718,4.635662,3.3811605,3.6984086,5.5394263,4.0836506,2.7586248,2.155028,3.4915566,5.3733153,3.8164914,3.5215883,4.1226697,5.254878,4.4619884,2.9701746,4.765167,4.3489203,5.4380136,5.101446,2.8916543,1.8250458,5.8600187,5.9964976,3.757917,3.0101144,6.3404717,2.3580124,3.4356592,4.743352,3.9058,4.848307,4.117377,4.0582423,5.960478,3.775035,4.725718,1.3032861,3.434641,3.1824632,2.9652305,2.2706523,3.9145203,4.506188,3.3134513,3.8546493,2.9540193,3.7102292,4.5446405,5.172588,5.337663,3.769656,3.599958,3.2736673,3.5979202,4.380749,2.3657765,3.540485,4.646606,6.7800064,5.2499294,2.8371887,3.2607508,3.4247174,3.8622983,4.1051826,5.493951,2.592823,3.0095305,1.9051425,4.0634494,2.888856,3.5945673,3.1623073,3.8239486,2.094199,2.3198223,6.245216,2.9179852,3.002394,5.247615,6.405603,3.0278742,4.3675876,4.417763,5.5228634,3.125313,3.1863115,5.431809,4.5280633,3.2891154,3.7827795,2.361586,4.417661,3.6324925,4.309853,3.7315361,4.1011553,5.1095705,4.2926474,3.574717,4.1795034,3.9772034,3.343425,4.334309,4.032298,6.76184,4.983601,4.2147703,3.5702522,3.1280515,5.420846,5.639538,4.7872114,2.8208828,4.7739024,3.9579644,2.7324107,3.8844554,4.467131,4.2540927,3.6006565,3.7096105,3.658094,4.5148005,5.8918557,0.93022066,4.144321,3.8511517,4.5304546,3.5321026,3.0261726,4.118958,5.816656,2.7694352,4.426849,3.6350462,3.8053832,2.6901948,3.4456823,5.856052,4.28338,6.015516,5.3347096,3.7405968,6.0035195,3.7322364,5.142034,3.4498332,4.0707297,2.655436,5.050775,3.2851715,4.3788676,3.5057654,5.3985577,4.990678,4.6035566,5.738478,2.6922364,4.281506,2.7562227,2.5540435,5.8485894,4.3549395,3.5730352,2.876882,4.1518016,2.3959417,3.7610543,3.7178197,6.2780967
SIM-0039-TP,8.774611,6.0828047,4.486999,2.9756916,5.696316,3.951265,3.8166656,4.5868335,5.4115357,5.7332144,4.3566394,4.319002,2.7464113,3.3793635,3.594922,4.6628695,6.3276677,3.96674,5.9246492,4.131303,3.234151,2.4010806,2.8961165,4.934649,2.08644,5.737585,4.138872,4.977936,3.9730368,3.6941376,4.3960247,3.0880177,4.564889,3.5386386,2.4899879,2.458966,4.319248,5.090647,4.3858566,3.6455722,4.3495097,5.997983,4.1352863,4.048975,4.2102723,4.193575,5.5496006,5.1448994,1.795555,2.5837357,6.3792725,5.3311553,3.7140615,3.7826822,5.5536985,3.6758397,3.32951,5.3072133,3.4253907,3.6246154,3.7236955,3.758023,5.6492376,3.8976457,4.3080444,2.1991572,3.3794236,3.5420208,2.5420184,3.701396,3.469508,5.2318573,2.7633886,4.4025826,3.5708039,2.8406281,5.507155,4.494274,5.7321563,4.1906176,2.9174092,3.3187435,4.5701747,4.0249486,3.3838267,4.0013895,4.739933,6.7291265,6.020832,2.9597511,3.8288305,3.1329842,3.3821852,4.5811925,5.2290335,3.3332183,4.207559,2.453576,3.877036,3.0448127,3.1196253,3.0366533,4.0604362,2.6675785,2.907565,5.574618,3.2010686,2.8588276,5.343418,7.5732594,3.560073,3.7636247,4.6959524,6.1124225,3.7110288,4.1187563,4.1134934,5.43967,4.1566725,3.611415,2.1102917,4.014233,3.5944824,4.3971677,3.8163762,4.188318,4.454662,4.3483386,4.0850625,4.1262035,3.328421,3.1523504,4.67397,4.2056794,5.6989894,4.9892225,4.3937283,3.5174592,3.090176,4.9350634,4.4116616,5.2313213,2.3579865,4.110864,4.5560207,3.9115477,2.88478,4.2785797,3.939299,3.7557702,3.9936378,4.3180084,4.1949544,6.1101217,1.3745136,3.5880814,3.8419209,3.3874502,3.7659762,3.2702785,4.557113,6.070724,2.259623,4.7416615,4.1637955,4.9430227,3.6910756,4.0681663,5.31762,4.687515,5.355558,4.453328,3.8756876,5.7688346,4.292997,4.0932674,3.6847672,3.9073308,2.7161517,4.8044944,2.6612198,4.474032,4.272684,4.219796,3.7579694,5.822289,4.7788386,2.6300673,3.6635602,2.369031,3.4780622,5.2904396,5.4130692,3.1389558,2.95969,5.270491,2.6860597,3.6069384,4.6351643,5.521013
SIM-0040-TP,8.090812,5.1860895,3.8325357,2.5132122,5.230522,5.2855935,4.775834,4.328532,5.006285,5.569954,5.117251,4.967313,4.8803873,2.8298028,4.127446,5.6082535,6.546169,5.9388556,6.010143,4.801686,4.9844904,5.8283405,6.2758427,7.9331484,5.324568,7.618208,5.3544784,7.00706,7.211902,6.7172685,6.0565963,5.7735753,6.164015,5.4194555,5.1586566,5.0599456,6.0113297,7.543284,5.9496493,6.4310713,5.6241865,7.1223927,5.610091,6.120763,6.527102,6.7668004,8.677698,7.342131,4.194757,5.103225,7.478622,7.4492774,6.0859256,6.5531383,8.083454,4.857564,5.7799697,5.8436522,5.5511017,5.9051123,1.5535376,1.9139805,3.0145664,1.681045,2.332963,0.01,1.7037673,0.69241405,0.65988135,1.2127297,1.0656838,2.5640216,0.9323809,1.1570714,2.0960016,0.68056965,2.507896,1.7408409,4.109182,1.2716393,0.731457,1.2685871,1.9681187,1.6901727,0.52698874,0.01,1.934628,4.204198,4.073949,1.4791074,1.2965829,0.6224928,0.5363288,2.3770967,2.597436,0.35638762,0.93087935,0.23076725,1.6056571,1.3636498,3.0961943,3.6470647,3.5796573,2.354936,2.6412961,6.459993,2.8379476,2.5336223,6.277067,7.770895,2.5365314,2.7141352,4.5912156,5.5631075,2.9475913,4.032811,4.5491414,4.30034,3.573784,4.601054,2.640139,3.1439896,3.1356733,4.301785,2.8799589,3.6903868,5.330484,4.4976788,4.1676884,4.199985,4.0941453,3.5796516,4.6188693,2.5998192,5.972919,5.832307,4.1806183,3.255044,3.2629385,5.2316055,5.016709,5.043637,2.196132,4.8284154,3.0292585,2.7263181,2.851841,4.374332,4.1289024,4.0557566,4.594847,3.7348878,5.292771,5.5877175,0.7782333,3.4821138,3.990139,4.592057,3.1544604,2.0942903,4.247475,5.5032897,2.8718462,5.184489,4.2547584,3.773163,3.5483654,2.9835453,4.605852,3.9757545,5.7369175,5.778601,4.1380157,5.505588,4.330984,5.1144023,3.4646163,3.7998376,2.6298785,4.7037234,3.410427,4.8278136,3.439422,5.789319,4.458262,6.530624,5.4325786,2.4559655,3.183772,3.9727433,3.6753583,5.349285,5.1155977,3.652221,3.6417518,3.7016082,2.9426765,2.7359247,4.6451764,5.1438394
SIM-0041-TP,7.505676,5.176459,3.6557813,2.1618848,5.665129,4.816612,4.1628003,4.396452,4.787464,5.846641,4.346677,4.2632284,3.08719,2.178632,4.9235344,4.8201914,6.4677234,3.6480398,4.8523235,4.20404,3.8003013,2.6855612,3.706673,5.888519,3.206233,5.445831,2.924097,4.5865207,5.0939865,3.866141,4.50484,3.0025878,5.1494093,3.6818302,2.9917881,2.787877,3.9198503,5.5782495,3.9386966,4.3611345,4.1842976,4.557748,3.3796704,2.7257137,5.415274,3.853004,5.685799,4.2515216,2.7431767,2.8510432,5.7300797,4.368801,3.6586683,3.8293643,6.2815857,3.7361832,2.4236977,4.468464,2.8223374,4.754821,4.342985,4.5128684,5.490529,4.7809005,5.2496014,2.5288503,4.1796217,2.9821556,3.1647494,3.5298686,3.5705578,4.7402782,3.240264,4.8626895,3.1411326,3.5406384,5.1782246,4.781415,5.076215,4.7872543,3.515105,4.041833,5.121939,3.9520426,2.871396,3.4638288,4.1420527,5.7730103,6.250769,3.356755,3.5740821,2.486346,3.7900262,3.7477071,5.3079376,3.620671,2.4547164,2.19518,3.0003028,2.8787885,2.888865,3.8387625,3.3271768,1.4171767,2.5996308,5.9223957,1.9602747,3.166122,4.841164,6.3869467,2.5408242,4.032862,4.9892898,6.280089,2.936506,2.541068,4.972764,5.170053,4.240739,4.0976515,2.0303528,3.4991727,4.7005196,3.5238054,2.8707523,4.9428144,4.7971363,3.5645518,5.115742,4.2836833,3.8091838,2.7055545,5.3401976,3.8904874,6.7918324,6.0201716,4.125396,2.980472,3.610746,5.922402,3.3242912,4.7550335,2.1948066,4.4107766,4.585294,2.2147708,3.2952476,3.8644803,3.8025713,3.6720896,3.3887284,4.534612,4.3992043,6.3687735,1.3533015,3.4887547,5.05572,4.0069637,3.5389395,2.603302,3.7091324,6.082998,2.757812,5.498491,4.116497,4.588665,2.8918905,3.2342086,6.355037,3.8193076,5.0190554,5.459976,5.2515798,5.83871,4.938645,3.8300867,3.4536564,3.129572,3.6927814,4.215968,2.182787,5.039363,4.3402615,5.091763,5.035955,6.0895405,4.6230617,1.8806069,4.2154927,3.1345408,3.9287324,5.6672616,4.0532837,3.6462395,2.9855921,3.7914133,2.636122,2.9837313,4.756431,4.4462547
SIM-0042-TP,7.1415825,5.2970867,4.515239,3.2477303,4.3935432,4.594135,5.1573963,3.4498048,3.4492633,5.9535904,5.3385243,5.4829674,3.345696,4.194992,3.2774293,4.5028024,6.235112,5.5391555,6.4129524,4.701355,2.1397812,3.4661927,3.5292947,5.292853,2.1451066,5.357484,3.007023,4.288982,4.280865,4.0253825,3.917812,2.569219,5.3888507,4.0471253,2.6067057,2.574515,4.3523316,5.0142803,4.32133,3.2159956,4.2505593,4.721716,3.6603403,4.411934,5.135902,4.5324593,4.530066,3.8847334,3.0061371,2.7289088,4.573913,5.8272347,4.0037603,4.2586937,5.1338286,1.77192,2.6068876,4.0947943,3.9737492,2.63651,3.6123788,5.0504723,5.411088,4.538743,3.8230398,1.1488332,4.669903,3.2073774,2.8328242,2.5627713,3.7162676,4.3429337,3.2670426,5.394547,3.757801,3.3548536,3.735929,3.6958835,6.114829,3.3308983,3.11864,4.103804,4.9836416,4.07678,2.7132785,4.1263003,3.9144092,6.2305646,6.0827847,3.2394023,4.7784195,2.7559824,3.9848657,3.7799625,5.468432,2.9094255,3.5435803,2.1969683,3.8622687,4.1412487,4.1845503,3.711762,4.2878804,3.1239522,1.81447,6.8143888,2.2169552,2.6210449,6.11761,7.521677,2.251645,3.3754787,4.3903217,5.6355147,3.4401588,5.472686,4.986998,4.067168,2.9755898,3.70355,2.1549792,3.9956012,3.9596233,4.000586,4.4371505,4.103815,4.953,4.475011,4.797784,4.6919436,4.2143326,3.8038983,3.9839404,4.3617544,6.5455327,6.329798,3.5516286,2.7833512,3.299159,3.8654609,4.5087523,5.010046,1.9672264,4.712343,3.917352,2.6287956,3.282191,3.9222965,3.6836278,3.5723264,3.7549596,4.6850886,3.95547,5.643567,1.1449001,3.4683518,3.324327,3.5103106,3.0245862,2.3351266,4.866082,4.8340178,2.1916003,4.1803827,3.5393362,4.4765606,2.7236605,3.6417854,6.027659,4.811606,5.352266,5.25687,4.0253124,5.9541755,4.696663,4.144408,3.7910037,4.007759,3.5749147,5.4052577,3.060421,4.630754,4.276014,4.7347155,4.0906076,4.223003,4.6957045,2.0171864,4.131924,1.8423792,3.158131,5.7463636,4.122616,3.505698,2.7077713,4.016378,3.081019,3.8052583,4.3582554,4.7483068
SIM-0043-TP,7.640527,5.5261645,3.1733172,2.9560459,4.7652817,3.531264,3.878614,3.032434,4.9067802,6.331859,3.9882257,4.615316,4.5891504,3.5001373,4.116791,4.486883,6.631523,4.9420156,5.652665,4.270575,2.2737305,3.2462275,3.510201,6.228881,3.2341104,5.678114,2.7848835,5.5722904,4.017939,4.3978376,4.5759215,3.1986866,5.2765536,3.7795346,2.335758,2.534984,4.738969,6.0406237,3.6309714,3.811733,4.3875875,5.0521994,5.398282,3.7059045,5.0753827,5.024182,5.3531494,4.686948,1.9416649,2.4050136,6.175463,6.5087647,3.433833,3.171902,5.7451677,2.5814373,2.970984,5.081529,3.3333437,3.012165,3.186015,4.342552,4.47577,3.9420044,3.9478908,2.7697973,5.0338526,2.6276712,2.9095664,2.6416457,3.5112188,5.8176374,2.440263,3.8876128,3.044566,4.2454214,3.3711247,4.3167167,5.314455,3.5149555,3.73583,4.377155,3.536477,5.2233167,2.2039826,4.734805,4.303142,6.2656236,5.672161,3.1300004,3.8168256,2.0764809,3.2923229,3.9302688,4.5983286,2.8622603,2.7708664,1.6426336,4.0535717,2.9979408,4.457733,2.0179126,4.140408,2.2454817,2.94079,6.4874797,2.6300814,2.98954,5.464879,7.211907,1.8889952,4.0201645,4.329969,5.4851665,2.8968763,3.675124,5.4259896,6.051513,4.2337794,3.5835142,2.939995,4.0984907,3.271032,3.6017704,3.4130323,4.8753924,4.206812,3.7949805,4.6380825,4.074017,4.7082214,2.5727582,5.492577,3.133717,5.0785866,5.543898,3.818617,3.2175648,2.8507252,5.093256,3.8415437,4.6964717,2.0967455,5.479271,4.3642344,2.4072456,2.68462,4.1776624,3.4178646,3.032848,4.1602407,2.8591876,4.8586593,5.55135,1.4114202,3.2457666,4.558698,4.2945414,3.285037,2.3431907,3.4866025,4.9096866,1.9060456,5.038592,3.6698456,4.4631653,2.4871068,3.9528778,5.243109,4.1111326,5.9249654,5.1444063,4.1245275,5.764934,4.374228,4.751144,3.4971323,3.4140716,3.3399587,4.588227,2.3115318,4.6620007,4.1763625,5.264054,4.4852977,5.534973,5.0486813,1.2295918,4.3317294,1.890985,2.7740164,5.2540956,5.7225957,4.139779,3.3395264,4.2110534,1.8523014,3.407239,4.0373983,4.7469773
SIM-0044-TP,7.932844,4.7757034,4.245389,1.7298136,5.2303996,3.3148837,4.395236,4.505067,3.8616304,6.0303216,4.9518795,4.185099,3.3192573,2.9859922,3.939216,4.8981614,6.568778,4.6850076,6.65477,4.64388,2.6237001,3.1078134,2.7613637,5.9100842,3.0185747,4.215092,3.2907498,4.6787667,4.2072177,3.5590022,5.4387827,3.0139046,3.4117336,2.7450504,3.1540456,3.3902888,3.8316894,6.218566,4.5307865,3.7866216,4.155603,5.3964367,4.65811,3.78772,4.7678847,4.341653,6.5263877,4.308841,3.2101936,2.9017832,5.7876067,5.778015,4.269176,3.9761338,5.593391,2.546073,3.2980523,4.6098228,3.4512668,5.334266,3.0670314,4.816831,4.976146,4.1561823,5.9282327,1.4686434,3.5893452,3.1480129,2.3575785,3.5638757,3.398612,5.2429075,2.0090127,3.1272159,3.401338,2.888073,5.7618923,3.7732139,4.818555,4.0523043,3.0108755,3.0169473,5.262479,3.6757565,2.8174832,3.9858937,4.5833826,6.7486506,5.4634438,2.983843,3.5991554,2.9110377,2.825132,5.3246603,4.8262615,3.2665415,2.765859,1.2036314,3.40012,2.452324,3.263432,2.6336565,4.253514,1.8507798,2.086047,5.9327626,3.2089968,3.0106525,5.787069,6.1885448,2.2570791,2.992546,4.9949813,5.9939795,2.5823326,3.4725363,4.3646927,3.9918356,3.8539944,3.722409,3.665688,4.3870063,4.388353,4.5678487,3.2333434,4.770434,4.8382993,4.970567,4.5538964,4.1843357,4.0636206,4.1485753,3.5996194,4.8218575,6.0000916,4.8702803,4.009742,2.411539,3.214417,4.6719966,4.347083,5.047252,1.9194056,4.7933865,3.8027372,2.6953907,4.815487,4.6526837,3.9201016,3.4019847,3.875195,3.813048,3.9430277,5.7365212,0.9566178,3.2839558,4.36161,3.7116728,3.992594,2.2361379,3.4140406,5.7820997,1.6235653,5.2105093,3.5471175,4.8642178,3.482758,3.1351976,4.2896748,4.205105,5.121682,6.090281,4.4339294,6.2106442,4.2964773,4.7381544,3.6871154,4.619816,3.4583883,4.460917,3.6329534,4.635943,3.581589,3.7564945,5.0680685,5.8711524,4.780738,2.2265472,3.645438,2.6432028,3.7133007,5.8307877,4.522018,3.7755382,2.9467955,3.7806687,2.8826478,2.6491666,4.4283686,4.384221
SIM-0045-TP,6.906865,4.1427975,3.889007,3.3392491,5.275116,4.2690473,5.478759,4.4195933,4.1420894,5.355319,4.728336,4.3018827,3.4305668,3.5896044,4.9007487,3.799709,6.074091,4.5978127,6.1702385,4.993928,4.1660404,2.8020465,3.0669096,6.422755,2.837505,4.768008,2.8895538,3.620746,4.4465675,3.7521815,4.594853,3.3479574,3.8186984,3.415967,1.7288529,2.1166034,4.4903407,5.455421,4.621246,2.8979156,4.1645956,5.0682454,4.6973066,3.9254541,5.427415,5.1994615,5.3517127,4.850775,2.253428,2.0914018,6.0273013,4.9712954,4.1068635,3.6674693,5.9973707,2.8632324,3.1332974,4.897959,3.27407,3.641775,4.073772,4.322931,5.2038245,4.049193,5.441219,1.7283187,3.7152717,2.3030477,2.7600105,3.4502895,4.083976,4.970011,3.151524,4.396247,4.0723057,4.1644783,5.7877474,4.453269,4.673869,4.177354,3.694334,4.561139,4.883142,5.1493096,3.225539,4.204895,3.5357366,6.6715226,5.6005926,3.2525117,3.7398732,2.7724247,3.3606277,4.7831154,3.8442764,3.365913,3.9470985,2.7877352,4.203315,3.7800272,3.5550284,3.1245704,4.1704454,2.2406745,2.141776,5.871627,2.1565008,3.167403,5.8426094,6.724924,2.5450914,3.8842793,4.7317796,5.1634407,2.3693004,4.231977,4.089771,4.70851,4.4322987,4.6757946,2.9940405,4.116231,4.859566,3.0649724,3.2125049,4.8957844,4.8440723,4.7753186,4.3320794,4.119027,3.8627472,3.0171864,4.0429397,4.038296,5.705886,6.0499573,4.7124596,3.7866511,2.3231263,4.341405,4.2606564,5.929544,2.8885183,4.650215,4.6666765,3.2533627,2.8442812,4.94853,3.9687548,3.6624882,3.908404,4.3202925,3.7749715,4.6180067,1.5948192,2.7413206,4.0259604,4.889431,3.9176323,2.7644563,4.638171,6.9325175,2.1720188,5.062894,3.4524145,4.417076,2.9163141,4.5249662,5.0346365,5.2862186,6.0288815,5.1611814,4.710308,5.874567,4.6169705,4.7245526,3.3526347,3.8990104,2.4610035,5.410558,2.2041144,4.6735272,4.1333714,5.5909452,3.8635428,5.774722,4.960647,2.4539678,4.6050844,2.4170895,2.4571996,5.9163914,4.3689904,2.4217992,2.9070263,4.648061,2.1518135,4.4968576,3.8930686,5.1988173
SIM-0046-TP,6.9782896,5.357083,3.978698,1.9334836,6.7471232,3.504651,4.075177,4.393591,5.508577,6.2811513,4.33899,4.9496303,2.9813707,3.5945904,3.48072,4.4605427,6.5388813,4.995822,5.6361837,5.206346,6.3804197,6.5609894,5.8638167,10.181897,5.9808245,8.911003,7.311914,8.3916445,8.104701,5.5056458,7.0654798,7.1000385,8.11207,6.1388984,5.831277,4.6576233,7.5828276,7.8411703,7.928974,7.6764674,7.252386,8.770383,7.314576,6.9137707,7.7364025,7.943746,7.9189067,6.4720125,5.91831,5.7299623,8.990822,8.602655,7.96707,6.900859,8.781629,6.1953144,6.8104715,8.135078,7.0301476,7.5666137,0.01,0.24040723,2.165709,0.7880044,1.7301006,0.01,1.0384707,0.01,0.01,0.01,0.65556216,0.7730167,0.01,0.09238839,0.12032318,0.9160471,1.9127045,0.51154184,1.7974577,0.01,0.01,0.6312294,1.3189025,1.1931329,0.013181925,0.8807912,0.8877897,2.777196,2.453061,0.01,0.08629036,0.01,0.1466465,2.6442256,1.3292122,0.01,0.01,0.01,0.46004415,0.15628219,3.2457273,3.0274794,3.6905785,1.5417458,2.2069035,5.9382787,2.7494903,3.182688,5.7196155,6.778979,1.9680266,3.9016182,3.9936066,6.1022596,3.6713629,3.6607647,4.2656817,4.426417,3.798195,3.7084172,2.343085,4.0435925,3.9824016,4.0590253,2.6176398,4.6997275,4.629052,4.2626,4.4273353,3.1086817,4.040625,3.5357082,4.635071,3.9613962,5.104575,6.211895,4.591358,2.635283,2.493707,5.306755,4.602641,4.236162,2.6681767,4.031055,3.933191,1.8573873,3.0797727,5.0177555,5.081368,3.825124,3.5772972,3.6372025,4.3892326,4.6900015,1.1470919,4.4805965,3.6536572,3.9214814,3.6346822,2.3848493,4.0154934,5.7658324,2.7701085,5.844554,3.6083524,3.918027,3.7108278,3.390961,4.637868,4.70778,6.270399,5.3579354,4.390579,5.019738,4.409808,5.444566,3.0863705,3.9441724,3.1088338,4.640732,2.9456577,5.004003,4.0257626,4.6828423,3.927877,5.9518404,4.477815,3.347116,4.875302,3.8233378,3.0116649,5.795913,5.07301,3.6802466,2.8090837,4.6723647,2.7836773,3.3929129,3.5430927,5.4776945
SIM-0047-TP,7.562897,5.4628325,4.1636567,2.854706,5.191365,4.351466,4.186321,3.3190794,5.054924,5.5294814,4.1550207,4.1015935,3.747088,3.2964869,3.0432472,4.434488,7.2495456,4.7518625,5.553848,4.788298,3.212801,3.5457587,1.888497,6.9952316,3.4968138,6.069227,2.7059097,4.0498476,4.3885603,3.7056758,4.2860694,3.8826764,4.402425,3.4246626,3.0357542,2.593898,4.002597,6.0976586,4.7898808,4.4233446,4.201711,4.236107,4.1452794,3.2100828,5.041426,4.0932107,5.5253863,3.6635964,2.1351724,3.2431865,5.166099,5.7238317,4.297738,4.0739646,5.8588686,3.0443876,3.4672747,5.3298707,3.8179061,3.0762768,3.5722904,4.6857595,5.0939336,4.9006376,4.612349,1.9924523,4.5136538,3.0653448,2.8693256,3.5714095,2.9297414,4.7732534,3.0881839,4.0634317,4.2494974,2.884365,4.1577573,4.922959,5.770302,3.7488692,3.5042546,4.1487446,3.8355653,3.8231492,3.0104752,4.5425344,3.6452496,6.4185004,5.754726,3.3557363,3.7082675,2.263616,4.033576,4.0459766,5.0598054,2.4751673,2.9890406,2.110749,3.9976351,3.237344,3.7460518,4.166996,3.531808,1.4325597,2.0076783,5.7774215,2.2254138,2.9500449,6.463241,7.6748962,3.0805876,4.7023873,4.163369,4.9124384,3.539732,2.835425,4.399836,4.6948223,3.572653,3.7707007,2.0347092,3.7564251,4.2354436,4.242154,3.0295599,3.8477693,4.6079187,4.3515964,4.5235577,3.652902,2.8947048,3.4884484,3.8676407,4.2472444,5.7151136,5.0794044,4.4624324,4.4157925,3.2621036,5.2592525,4.442175,3.6045856,1.6942439,3.6719737,5.3193574,3.6532624,3.7248845,4.3312745,3.276672,3.5981789,4.792708,3.8137305,3.8702393,4.5924563,2.1234944,3.728108,3.2981453,3.8338609,2.9893165,2.1774065,4.431665,5.475742,2.854662,4.903229,4.202631,3.7600787,4.469764,3.3832994,4.8483796,4.069505,5.6268415,4.317644,4.5863686,4.7912827,4.5198283,4.1523623,3.5127823,4.3688164,4.4545946,4.4505835,2.7465374,4.420471,3.374414,4.8137603,5.162902,5.576618,5.855431,2.6359494,3.4280415,2.6446404,3.0807967,5.911263,3.8181438,2.6305938,2.6905096,4.3742557,3.39997,4.0191307,4.57691,5.1138673
SIM-0048-TP,8.0115595,4.747352,2.8178697,2.948769,4.6230702,3.987903,4.48129,4.2296405,5.289122,6.5358896,5.0606537,4.5109506,3.8890612,3.0482218,4.1882524,6.042131,6.6108513,5.172705,5.442274,4.958569,4.141112,4.364479,4.328139,7.5914845,4.7603755,5.925958,3.9856858,6.324778,4.878808,4.430301,4.8785067,3.420453,5.8057895,4.009479,3.484568,3.5613418,5.1381507,6.3531837,5.0722256,4.797467,5.00823,5.865324,5.706039,3.4827895,5.949351,5.140226,6.6910715,4.402007,3.4715576,3.5265803,7.131884,6.8356776,4.174656,4.3189936,6.8503895,3.2384863,4.0118704,5.5846863,4.3584228,6.2886734,2.6842718,3.6165376,4.0784116,3.4085393,4.1334133,0.7099265,2.9780111,1.7632104,1.2630657,2.694326,2.442957,2.763177,2.6103659,2.6836643,2.4467244,3.5468607,3.9859676,3.5105276,3.777392,2.082158,2.2749448,3.0116267,3.4493403,2.9900231,1.9798216,2.2259655,3.512392,5.6522574,5.9177556,2.204577,2.2953625,1.565277,2.2994738,3.5870395,4.27338,1.6950234,1.5820626,1.0382457,3.582972,2.0313401,3.8772092,3.6295438,4.0391335,1.8350259,2.6306088,6.732784,2.9775226,3.277337,5.6056404,6.80389,2.7690697,3.606082,4.9255347,4.555111,3.0284119,3.714974,4.091587,4.77065,3.2615938,3.6876607,3.5494952,4.2668133,4.020856,4.422559,3.3623328,5.471227,5.4138,3.7806544,3.6517055,4.3365746,3.9721498,2.563973,4.5307875,3.7681997,6.3585005,5.7942247,4.0817146,3.5533652,2.6386359,4.974702,3.9966135,5.045631,2.1151278,5.61366,5.346163,2.5202098,2.0679777,4.785972,3.881481,3.2747355,3.6021528,3.5406156,4.801159,5.5514474,2.075141,4.0102596,4.021897,4.1008153,3.9088898,2.653491,4.8263917,5.596581,2.5537415,5.1558485,3.4794922,3.3712056,2.543966,3.545026,5.6311483,5.2121444,5.054288,4.8787394,4.2601557,6.141293,4.1749377,4.613122,2.9974327,4.3082495,3.2218766,4.6625614,2.6919396,5.345848,3.3069057,4.750417,5.376995,5.858534,5.065652,2.6288357,3.9153795,2.6538434,3.8974993,6.0923967,5.179628,2.7083337,3.6387382,3.8538144,2.405925,3.244196,4.7275734,5.4255443
SIM-0049-TP,7.7615623,5.538341,3.7029388,2.599381,4.757229,4.1482806,4.303092,3.2644565,4.918068,5.6957917,5.6144133,3.8326783,3.576815,2.762712,4.069734,4.5513897,7.42466,5.1252017,5.4117684,3.7199223,3.2009711,4.0132475,4.204526,7.2630405,3.2891173,6.039244,4.8575335,6.989589,4.684324,4.689262,4.7787166,4.664669,5.082782,5.632744,4.0427513,3.9070854,6.2155404,6.817663,5.6067395,4.7525587,4.8471713,6.2474165,6.559466,5.1521792,6.4901524,5.1871657,7.2379775,4.7509837,3.2385988,3.5989933,7.874769,7.9192085,4.8414583,4.526309,5.8878593,4.1785655,4.432875,6.284701,5.3073444,5.142763,2.8679752,2.7406592,4.429407,2.5903726,3.6270723,0.89248264,2.7390876,2.3074436,0.74939156,1.3427936,2.2842507,2.9476752,1.223579,2.5967202,2.9240766,2.4969978,4.270877,3.442357,3.8229685,2.6657567,2.4221745,3.126246,2.9297462,2.1062222,0.81011474,2.6806874,1.8126813,6.168431,4.928715,1.5823272,1.9111968,1.8040215,1.6058782,2.559896,3.576285,2.0813642,2.4096565,1.2024511,3.113224,1.6913766,3.9808216,2.7876394,2.9953043,1.9067061,2.1298244,5.8132534,2.23289,2.6726596,6.146922,7.7626953,1.96576,2.9878838,3.9458325,6.111569,2.910669,3.3926675,5.135704,4.9129615,3.614464,3.4580674,2.760244,3.6451921,3.613106,3.97597,3.9071646,4.5964785,5.530566,4.823592,4.581247,3.7999167,4.5202475,3.5112743,5.6181784,4.0577645,6.4420123,5.718567,4.3362975,3.107547,3.0347104,5.4517307,4.839943,4.6345687,2.0239694,4.7640114,3.792952,3.7201762,3.2578886,4.7474375,4.1907425,3.8596947,3.8377879,3.354123,3.668295,6.3357244,1.490322,4.3257837,4.8689656,4.0905704,3.8398383,2.2657835,3.7493885,5.63461,2.759892,4.6143136,3.509053,3.8519921,4.0028663,2.7485194,5.550866,4.455986,5.4119844,5.038474,4.772775,6.1061964,4.5320015,5.3743587,4.3378453,4.474734,3.0294797,5.236805,3.0712967,4.3745346,3.0246296,4.159859,4.7857966,5.969666,4.139884,2.950976,4.0091558,3.5027192,3.6669881,4.9780617,4.8666744,3.6361248,2.7124708,3.3117356,2.833588,2.8284376,4.872453,4.9517236
SIM-0050-TP,8.5780945,4.090536,4.0104146,3.397621,4.841139,3.8667626,4.3139687,3.8591704,4.660354,5.2205834,5.059577,4.9960155,3.8789654,2.7726479,4.7457714,5.4278464,6.2144876,4.203681,5.3006306,4.693523,4.632869,5.109951,4.791725,7.3461294,5.318063,6.241791,4.8703732,5.8366365,5.780072,6.0280867,5.2811265,5.4324903,4.9605885,4.945347,4.368743,5.273359,5.2680826,7.594614,6.3684835,5.2006435,5.779091,7.056843,5.158666,5.0415473,7.424371,6.3701096,7.1374063,5.919797,4.74601,4.6980724,7.052747,8.171052,6.158681,5.6354675,6.7199907,4.062869,4.6219974,6.353736,4.4011755,5.9222507,2.8002622,2.9457853,3.3894289,2.0133567,3.113839,0.1931498,2.4927757,1.7776041,1.6471059,0.8757596,2.09666,3.054139,0.94426346,2.7828095,2.322367,2.6915224,3.535527,2.8030808,3.5309327,1.2980905,2.2938986,1.9351656,2.815419,2.836045,0.6129279,1.9487903,3.3217118,4.982666,3.9065254,1.4035568,2.575709,1.3236887,0.99622583,3.4527209,4.0089016,1.5146523,1.0699661,0.6996889,2.3955214,0.52866006,3.3545215,4.686226,3.9139884,1.8712864,2.0287063,7.015297,3.136457,3.606934,5.961006,7.532077,2.404273,3.7130466,4.485082,6.4199214,3.1725643,3.4419663,4.8093743,3.5965598,2.4633596,4.281848,2.4377322,3.6311176,4.149086,4.9306755,3.711917,5.435575,5.2640605,4.306536,4.471951,3.4104075,4.4780836,2.055709,4.023368,3.9141784,5.698287,5.347477,5.3055344,3.7889547,2.5446746,4.95636,3.624247,4.8326406,2.1305428,3.944205,4.5048122,3.1090586,4.010046,4.22704,3.8661313,4.700961,3.8998048,4.1078033,3.8827927,5.816447,0.705527,3.532116,3.572375,3.9935071,4.25332,1.9371153,4.6871233,6.485983,2.45235,5.3607116,3.9370177,3.9968941,3.3222594,4.5855126,4.98141,4.103055,5.2233543,5.674626,5.003771,5.475416,3.3709862,4.4906096,3.977356,4.0331845,3.39275,4.727912,3.3287408,4.9539466,4.102581,5.2507796,5.013053,6.049932,4.2667375,2.6144912,4.328801,3.4055636,3.6897738,5.0286036,4.231875,3.0834954,3.0810146,3.971664,2.2215738,2.7639997,3.2627485,3.5955746
SIM-0051-TP,7.431317,6.4695716,4.9000444,1.8273859,4.942011,3.5484147,3.6764593,3.6274285,4.6701846,6.0000963,5.007021,5.1681547,3.8127203,3.0660138,3.7808986,4.1142907,5.8219986,5.0278068,5.4513164,3.2424455,4.2896695,3.9166303,5.611121,7.3452168,5.025524,6.8891287,4.1257663,6.475754,6.167843,5.407293,5.6459455,4.186555,6.229248,4.808092,4.4552774,4.6882143,6.01315,7.2596083,5.987213,5.7317247,6.539735,6.7951336,5.807518,5.561264,6.3672523,5.26728,7.2885284,5.58638,3.6779249,4.3882694,7.872652,6.4149523,5.837801,3.8544366,6.767459,5.3193703,4.4472685,6.1944532,5.4929857,4.642799,2.366447,2.8635232,4.8324842,1.9665568,2.9470117,0.01,1.927918,2.2143135,1.2883551,1.3379064,1.9007959,3.1281316,0.9305482,1.8922513,1.8803082,1.9865658,3.1177022,3.109481,3.951185,2.061013,1.7258327,3.3492954,3.7965558,2.1433706,0.9522307,2.0546305,3.2505972,4.812052,4.4905243,2.6390827,2.2012267,1.3835247,2.1633456,2.5153387,4.2292767,1.3399081,2.5096357,0.052827835,2.0921926,0.8871839,3.008431,2.909757,2.690063,2.1256056,2.2789676,6.524253,2.9240677,2.5493958,5.6076384,6.787758,3.5714116,3.2205987,3.9816751,5.164406,2.272123,3.9082239,4.8787894,5.076147,4.1445484,5.0647354,2.588168,3.6315615,3.0834994,4.580459,3.5039399,4.7971716,4.443154,4.3312316,4.454356,4.122673,3.6584516,3.873104,5.341648,3.3475413,6.45339,4.13443,4.7201514,2.3018656,2.625105,4.534631,4.1549435,4.8995404,1.3267574,4.7476983,4.1977363,3.6800938,3.7443557,3.6751087,3.8168197,4.485881,4.2536945,3.2889059,4.019027,5.353937,1.1643505,2.9080436,3.8377013,4.9905934,3.437513,2.1916513,4.398258,6.836421,2.470576,5.410801,3.3723845,3.808976,2.953378,3.2784772,5.1981854,5.026681,5.3321295,5.1774564,4.7934537,5.3317018,4.9867,4.86443,3.6208677,3.062472,3.1157699,5.17538,3.6943688,5.066295,4.372457,4.5666947,4.6874576,6.4310193,4.286908,2.910571,4.2997055,2.9653547,3.317369,5.018081,5.5252233,3.6170008,3.1565907,3.8263571,2.8023758,3.4112184,4.511947,5.5224824
SIM-0052-TP,7.39173,4.722746,3.9152436,1.8651116,5.0960245,3.7423267,4.605649,5.2153306,3.6118684,6.9703608,4.9402075,4.9337244,3.0063457,3.6891923,4.459581,4.493783,5.491198,5.0685797,6.243703,4.2466087,3.4303205,3.6294954,2.9823906,6.954191,3.2294254,4.891526,3.1747282,4.9943953,3.098049,3.7787735,3.305429,4.1865444,5.267278,3.9991503,2.6833253,2.2462194,3.871962,6.5785766,3.8420577,2.7317288,4.8290734,6.084418,5.0771546,4.136411,5.7352133,4.4833875,4.5257726,4.225339,3.1144822,2.5923703,5.5886745,5.269771,3.3477762,4.564051,6.426782,2.9197955,3.2741995,4.181062,3.9548469,4.902867,3.0437772,4.541352,5.6488285,4.326224,5.4371834,2.9396722,3.806375,3.465192,2.7951393,2.7776253,3.773119,5.223488,2.753907,3.5618763,3.2558856,3.4162085,4.553372,4.666721,5.5182896,4.307089,2.8470817,3.459237,4.991617,4.066161,2.9025128,3.9747732,4.766579,7.075214,6.405284,3.1318758,3.248234,3.471,3.8092828,4.059111,5.8895984,2.9749472,4.023041,2.5636885,3.348428,3.2003002,3.861656,4.4305935,3.534587,2.9585433,2.5416276,5.508565,2.6525838,2.9044468,5.3074684,7.061154,3.307338,3.7508514,4.0706334,5.654462,3.0108712,3.8633828,5.332253,4.570736,2.9224956,3.5850165,2.7081146,4.323889,4.382536,5.1195126,3.50998,4.8531933,4.2854853,4.37037,3.8141246,4.021886,5.5150037,3.430219,3.8845878,4.106608,5.8346305,5.092983,5.4374166,3.7703488,3.0603569,4.9952316,4.1073546,5.2513847,2.4087029,3.3860357,5.66489,2.9811006,3.7001598,4.8070645,4.285168,4.081283,3.68465,3.1331248,4.292679,6.1872993,1.1094402,3.3991377,4.7870216,4.0673714,3.4228053,2.0567062,4.2955046,4.9405313,2.1964686,4.979012,3.7830937,4.517672,3.8667977,4.4217854,5.757371,4.508288,5.4207773,5.1863513,4.7318764,6.1549034,4.750536,4.7674003,4.09686,4.6969824,3.7426562,4.9735775,2.4047718,4.3535666,3.4687402,5.2997847,5.010771,5.11338,4.4787774,2.5496025,3.4832067,3.044945,3.328006,5.1495185,4.6641364,3.4972095,2.5620182,3.911476,3.0172791,2.9478147,3.483131,4.387025
SIM-0053-TP,7.5818887,4.4971094,3.6331565,3.5609963,4.397974,3.8250923,5.488723,4.6950793,4.5231266,5.668055,4.9476986,5.1207075,3.0895357,2.6940951,3.9421852,4.909395,5.8795385,4.9154177,5.3527975,4.544109,2.5608582,3.2333484,2.4727278,6.1942234,2.5770333,4.6256647,4.202674,5.3976603,4.320745,5.442833,3.5016503,3.9278204,3.679735,3.4230552,2.1004994,2.8507004,4.200573,5.4252586,4.7060204,3.5978122,4.449252,5.716279,3.4777718,3.2148654,5.1332192,4.743833,6.246375,4.0752945,2.6172955,2.1955428,5.81592,5.575107,3.6834648,3.5698686,5.7372584,2.611089,2.719194,4.859189,2.0925324,3.693039,3.2609024,4.9392037,5.1870155,3.8102267,4.619628,1.6521417,3.7499576,3.205325,2.5701668,2.907239,3.1607978,4.3390107,2.7039258,4.183932,2.801752,4.0522976,5.384782,5.0254602,5.487343,4.1640353,4.39657,3.6253803,3.7196512,3.4095433,3.793449,4.9748836,3.7659283,6.153814,5.714849,3.7588851,3.0689654,1.5532482,4.49305,4.4717917,5.43306,3.1683633,3.578746,1.095608,3.416874,2.9901645,2.335115,2.9718804,3.7236552,2.0909266,2.2574139,5.6313014,1.8015614,2.975588,5.6868515,6.2174263,2.8597,3.484276,4.1110435,4.6502504,3.3545265,3.1381965,4.808973,4.030632,3.4294806,4.442323,2.8909132,4.326846,3.8988054,4.430242,2.5541034,4.312776,4.9002614,4.767262,4.098642,4.185585,4.112963,3.8572795,4.2496223,4.3166065,5.2407355,4.766345,3.2441745,3.6299353,3.224422,5.639557,3.9240682,4.1983695,2.1948903,5.649288,5.3013344,3.2864735,3.6939852,4.9314084,3.9245458,3.512358,3.8320007,3.2586653,4.0650578,4.912788,1.9458454,4.0349936,4.8912935,3.4813523,4.5789337,1.4570405,3.7288413,5.4169393,3.119999,4.976615,3.54956,3.542362,2.259134,4.2318573,5.699364,5.2588806,5.930721,3.856361,3.8167953,5.9763703,4.2541347,4.5485673,3.1518157,4.540341,3.5306723,5.2401795,2.5048952,4.8704944,3.1404667,5.106333,3.4869041,5.036588,4.569619,3.6155188,3.0326753,2.2062025,3.5901077,6.39594,4.73862,3.6521404,2.8174808,3.7774713,2.824532,2.999715,4.674144,4.352176
SIM-0054-TP,7.986469,5.239676,3.6090708,1.897268,4.439413,4.4372396,4.163723,4.1859818,4.1849413,5.8524857,4.2252703,4.6684203,4.048409,3.3222148,3.823538,4.7457705,6.901528,4.7378836,5.7019005,5.3577924,2.3395617,3.5750926,2.6974335,6.4558606,3.5326896,4.5833063,2.4883344,3.9463563,4.0773945,4.1064715,3.4204235,3.3936865,3.7078571,3.4280725,2.2008724,2.683072,3.922048,4.983908,3.830555,3.4142833,3.6288638,5.8473744,4.0392947,2.4879599,4.7946486,4.886112,5.155077,4.932106,2.3472,2.8835447,6.169247,5.948763,3.1332338,3.1455784,6.0464797,2.4906487,3.5931113,4.4281845,3.6761136,3.3018243,3.5324235,3.8999214,5.5202813,4.1371837,4.875264,1.7045667,3.4861665,3.2481344,2.2663927,3.661059,3.6086154,4.7528353,2.9046953,3.9924493,2.6868048,3.1416118,5.5316124,4.5800576,4.496614,4.02155,3.024428,3.3388913,3.6700606,4.676538,1.9328628,3.6717238,4.2882915,7.306656,6.1537733,2.7237444,4.4772935,1.8589962,3.541961,4.5594974,4.7652955,3.6197128,3.0889084,2.200282,2.9175365,3.1050737,3.2645073,3.697991,3.883747,2.8668864,2.786761,6.065493,3.106412,3.3002436,6.0728683,5.7589164,2.337153,4.323804,3.7135828,6.1699286,3.3663692,3.391846,3.7797217,4.15031,4.6628513,3.4345384,2.2279756,3.263035,4.341005,4.110712,3.1317196,5.1782756,5.302463,3.6957843,3.7399645,4.6322403,4.0084786,2.5039098,3.4249365,3.344694,5.473426,4.5503163,3.8360932,2.7774024,2.6562479,6.037598,4.129328,4.396356,2.5100417,4.8087792,4.654497,3.0298767,3.5897696,5.6469502,4.50803,3.1669679,4.081623,3.3521543,4.375688,4.7838984,0.87945175,3.9351034,4.675347,4.547316,4.055144,2.4301875,4.414243,5.4755034,2.8726394,5.376268,3.639917,3.8802125,3.7428045,3.6553328,5.3378873,4.8247685,5.6834087,4.767242,4.62807,5.724557,5.360118,5.2222123,3.4056878,4.431076,3.4565089,5.644297,2.5594692,4.8766885,3.7598023,5.2004867,4.3082695,6.108602,4.939757,3.0705714,3.9280338,2.6220732,3.8763673,5.114126,5.180026,3.8424904,3.614922,4.2210937,2.5401917,3.3834536,4.5020437,4.8752413
SIM-0055-TP,8.246771,5.6694374,3.455183,3.4821064,4.9391065,3.4395201,4.1299424,4.8608475,5.5705442,6.426637,5.42477,5.091016,4.217604,3.1665547,4.3995457,5.247514,6.5728106,5.3691745,6.491607,3.9474037,5.7547812,6.369505,6.0462937,8.56641,6.8488216,7.709362,6.202646,7.7228594,8.119678,7.366299,6.935217,5.851612,7.368956,6.9264417,5.965061,5.87296,7.374786,9.054838,7.2354107,7.2027173,6.8887153,9.6792755,7.1738014,6.787218,8.48587,7.31971,8.636017,7.2774205,5.4148607,5.947484,7.9226656,9.696369,7.313315,7.0327225,7.689472,5.5930386,6.8962946,9.815296,7.29909,7.6096983,1.0026956,0.8174772,2.80872,0.44363236,0.94229794,0.01,1.342794,0.031713963,0.01,0.017796993,0.01,1.4841886,0.01,0.23164701,0.16737676,0.035324812,2.1952472,1.7722521,1.5942297,0.6008296,1.1357384,0.18941092,1.359467,1.1329856,0.36570692,1.1418743,0.91623163,3.4545074,2.8211808,0.01,0.01,0.06175351,0.8461609,0.6971619,1.9591417,0.062024593,0.01,0.01,0.405689,0.01,2.749944,3.211628,4.4871655,2.6633296,2.469612,5.2090416,3.0704286,2.9764106,6.049089,7.8731184,2.4160275,2.194343,3.8148284,5.97172,3.0266058,3.146904,4.0674787,4.2574615,3.0007966,4.126494,2.4193907,3.4482675,3.3544743,4.3637314,3.4659774,4.5725174,5.1027803,4.1193314,3.8351912,3.6879654,3.802747,4.3110394,3.6420763,3.6932251,6.1423016,5.4216886,4.9228315,3.0826938,2.7703178,5.5984573,5.168105,5.1838927,2.187087,4.9026814,4.4777803,2.963069,3.1048012,4.732014,4.1557713,3.6854007,3.2609391,3.7791657,3.2059565,5.180667,1.1517926,3.9066474,5.1164374,4.5819473,4.3522863,2.5658844,4.890522,6.655914,2.1002202,4.465276,4.0058804,3.9368365,3.0572784,3.5412104,5.001915,5.393038,5.182381,5.520608,4.701201,4.9544277,4.023603,4.496643,3.985721,3.8830285,3.2597811,4.2607603,3.984652,4.8179483,4.0588493,4.900934,4.4245553,6.7769885,3.7724142,2.5672832,3.3272948,2.6254923,3.162673,5.0182395,4.6552544,2.017055,2.8285384,3.987637,2.1038017,4.0854692,4.01478,5.03657
SIM-0056-TP,7.3110003,5.193284,4.550891,4.2034574,5.184688,4.459278,5.353701,4.233279,5.3762107,6.072245,5.2080493,4.917223,2.9536583,3.0583172,3.6426961,3.784449,6.8922315,4.326479,5.971716,4.4776645,4.8285236,4.504765,5.6460576,8.005795,5.321094,6.162212,4.9298515,7.402163,6.7919827,5.366658,5.6084013,4.7728114,6.0398083,4.7674255,4.627249,4.960574,5.702004,7.4557304,5.9716854,6.330864,5.901973,6.940336,5.718314,4.9422607,7.2928243,6.2831435,7.4851036,6.7424974,5.363514,3.7306662,7.896788,7.758432,5.511628,5.702597,6.5201955,5.546218,5.2846875,6.1326704,5.2346325,5.0652475,1.757636,2.1742659,2.8229837,2.556993,3.360395,0.014205098,1.8765155,1.4523195,0.84942496,0.6588155,1.417595,2.8457417,0.87575805,2.113357,1.6990727,0.98797023,3.413424,2.6178808,4.6918097,1.7297345,1.5438441,3.268808,2.4176002,2.2208152,0.5002085,2.9326801,1.7267348,4.809092,3.718124,1.1301459,1.0787078,1.286179,1.3484517,1.7861177,3.910256,1.0969054,1.5912145,0.35147655,2.1524086,0.01,3.818239,3.0728323,3.741223,2.1877341,1.7279383,6.2253327,2.0303817,2.7602947,5.9150457,7.4420853,2.4186268,4.357545,4.8149824,5.513993,2.4587681,3.032814,4.9132147,4.0661244,4.223522,3.526415,2.1747687,3.8786395,3.3905892,4.236445,3.9376674,4.5301533,5.073198,4.2580028,3.505207,4.2490745,4.08005,3.7248905,4.6194,3.801739,6.6093645,5.427039,4.509425,3.081368,3.1184673,5.002898,5.086525,5.488825,2.692383,5.6980867,3.6848133,2.1788805,3.367695,4.2843328,3.9533632,2.8867612,4.4723077,4.825122,4.7930565,6.0142536,1.5464013,3.341651,4.212776,5.348788,3.4520912,2.0157995,4.881647,6.3141932,2.0421877,4.7330856,3.420522,3.9735203,3.498945,3.26353,5.844877,4.633481,6.8954077,5.3368273,4.390628,6.031292,4.27042,3.9303517,3.5831685,3.938399,2.5064173,4.9530663,1.7881411,4.608507,3.931147,5.219745,4.545334,5.777881,4.3387427,2.433368,3.96209,2.377868,3.6155698,5.641955,4.5544286,4.511593,2.9159315,3.8931649,2.5722432,2.8433902,4.654958,4.8121886
SIM-0057-TP,7.634876,5.040955,3.3604379,1.6292903,4.920915,4.693984,4.589087,5.096385,5.196167,6.1473265,5.7822146,4.603329,3.876845,2.9326458,4.963745,4.7661247,6.7226453,5.5139933,5.3743253,4.5613904,3.0219767,2.940182,3.5576797,5.384575,3.2600944,4.607106,4.528205,5.0094852,4.0867553,3.1542113,4.611941,3.1701958,4.050396,3.7131662,3.0992537,3.039039,4.182463,5.658686,4.2760105,4.04956,4.4982686,5.853228,4.2475896,3.180671,5.034143,4.805647,4.6424923,3.2928581,3.2346692,3.391902,5.018328,5.7738953,3.6207082,3.4863977,5.6142097,2.246519,2.5516644,4.492701,3.532707,3.4319005,4.231381,4.128794,5.196573,4.231914,4.579485,2.3685663,3.4845703,2.4580765,2.6262932,3.1519656,3.0454986,4.222026,2.7647562,3.6517413,2.7895746,4.1549973,4.6868606,5.1130214,5.3516335,3.9928737,3.1983075,2.44856,3.6741037,4.1137185,3.0979764,3.195653,4.2014275,5.956342,5.9941545,3.1370564,4.0843673,3.0699694,3.638788,4.745802,5.030682,4.682475,2.736444,1.5888331,4.2880135,3.3139462,3.714255,3.4607985,2.8639588,3.036921,2.4310093,6.7521944,1.695814,3.0314987,5.5551624,7.191127,2.9869685,3.814775,3.8120847,5.7002134,2.9230592,4.002377,5.271986,4.510004,2.9857578,3.9199665,3.9306421,4.584829,2.2464128,4.2638416,3.9107325,4.380375,4.7826705,4.0219474,4.6278515,3.4789205,4.5944285,3.2504454,3.8489823,4.4648886,5.320603,5.2957497,4.100009,4.3089137,2.545078,4.1136603,3.9718416,4.7079186,2.6474562,6.065708,5.1578693,2.9835305,3.0827675,5.075731,3.868185,3.37875,3.687975,3.1218784,3.9200525,5.3549376,1.7986698,3.5691056,3.5427825,3.4941077,3.7328703,2.279591,4.050839,5.493622,2.660382,5.559101,3.2814023,3.983127,3.4262369,3.2774866,5.2922287,4.5636578,5.076664,5.2616615,4.4548593,6.0214767,3.8455498,4.8329735,4.394296,5.105296,3.9426408,4.401048,3.0472226,4.540777,3.9512994,4.7851386,3.8941321,5.648388,5.0920763,2.5719595,4.1345205,2.9361682,3.683984,5.7759843,4.500193,3.3425148,3.8579118,4.1037974,2.8047216,3.380302,4.203055,4.937634
SIM-0058-TP,7.8049593,4.8505297,3.5717363,2.125512,5.410086,4.3645616,4.1336236,3.2954886,4.715641,5.66743,4.447344,5.28475,3.1261451,3.7354827,4.329306,3.609097,6.4972935,4.6482906,5.713567,4.0825615,2.7514484,2.792289,2.3464286,6.764504,3.0564346,4.472522,2.532861,5.316939,3.7357352,3.9103558,3.667413,3.0825024,3.8942924,3.2348568,2.7788005,2.8397183,3.7797916,5.5336237,4.604219,3.0500474,4.282692,4.83061,3.6930401,3.7195785,4.833663,3.8203547,6.197898,4.643279,1.8093781,1.8946266,5.9476566,5.5812287,4.5707684,3.9249809,5.611177,2.3820229,3.3509932,4.0054445,4.258017,4.2059474,3.424142,4.739913,6.528244,3.9817762,4.9191456,1.7339132,3.9939578,2.4031525,2.7809224,3.1436362,4.5653753,4.018401,2.5331657,4.6746902,3.3949447,3.586656,4.5861287,4.0718126,4.424471,3.5308867,2.8093798,3.8351605,3.8486629,3.9367778,2.6895094,4.066407,3.9639668,5.9865813,5.919728,3.6804981,3.7768497,2.2316477,3.3477197,3.290289,5.1361523,3.070739,2.8791234,1.4766618,3.632217,3.4338148,4.0165906,2.6590767,3.6466987,1.9959767,2.9377275,6.2020006,2.7589722,3.1713457,5.538707,7.5870104,2.827561,3.203795,4.2267356,6.3446617,2.8005717,4.229501,4.4646645,4.0519342,3.9536426,3.4291909,3.0363743,3.9376392,3.2968156,4.196449,3.1702857,4.6460266,5.956615,3.970077,4.6186447,4.065376,4.012113,3.1958394,3.8877857,4.0702834,5.948797,5.1209545,4.8929334,3.2864475,2.773539,5.8611712,3.3447084,5.116554,1.81532,5.0332046,4.1603885,2.4280686,4.1854186,5.1918254,3.941854,3.875566,3.9250073,4.613276,3.0959873,5.6600537,1.0697783,2.585168,3.9962473,5.2200184,3.3000607,2.638661,4.9273314,5.7210016,2.5263665,4.005679,3.3133926,4.3921795,2.977441,3.8492146,5.3666234,5.6786575,5.5170517,5.980117,4.5058384,6.591034,3.826504,4.9203143,3.5065856,4.136282,3.9137642,5.178989,3.4318876,4.44724,3.3979318,5.1792994,4.7315426,5.7277164,4.251459,3.0272856,3.7516282,3.5410318,3.488092,5.835443,4.9163885,2.8889322,3.169884,4.9969487,2.909246,3.779498,4.658645,5.308837
SIM-0059-TP,7.4756994,5.4886003,4.0430665,1.9575455,5.116485,4.1080794,4.42876,4.666279,4.2270923,5.12352,5.4076934,3.8813143,2.7703786,3.412312,4.4839573,5.2480044,6.5554,4.2311573,5.2232757,4.1718874,5.203038,6.212593,6.067728,9.245171,6.2803707,8.056072,6.3709974,7.783806,7.501119,6.9855494,5.7689757,6.6926584,7.5452266,6.851224,5.1551557,5.588359,6.6510067,8.9755745,6.481617,6.4412174,7.5771666,8.015497,6.7793703,7.0666156,8.604328,7.8139753,8.984295,7.091628,5.6974177,5.3319836,8.758976,8.4839,6.628131,6.940946,9.077897,6.1162677,7.026614,7.314752,5.710591,7.376375,0.42645717,1.1765451,1.4984002,0.61679626,0.8686421,0.01,0.72982264,0.17756677,0.3768654,0.4361174,0.01,2.1957269,0.01,0.957535,0.48029757,0.75041986,1.6326313,1.4227567,2.9051843,0.4693582,0.01,0.72110415,0.6530304,0.29099846,0.01,1.7906175,1.1847429,3.5825796,1.7875872,0.34163618,0.73511624,0.01,0.47513485,1.3764825,1.651926,0.41265988,0.920238,0.01,0.37935376,0.01,3.8978672,2.5099797,4.1950164,1.9032644,2.6539862,5.8470817,2.4290688,3.664762,5.1323705,7.14775,3.6940956,3.974512,3.676007,5.0879073,2.63733,3.833676,4.890309,3.798918,3.1874652,3.4604359,2.5347307,4.754174,3.267019,3.7436912,2.8781028,4.789311,4.992045,3.7073162,4.1703587,3.6574004,4.1480303,4.6206303,4.5919266,3.856219,5.7606807,4.9016547,4.7526913,3.5766199,2.654538,5.79781,4.2733026,4.867524,2.4035125,4.8388705,3.9769783,2.816801,3.9495006,4.0096498,4.2723374,3.1664608,4.286541,3.9044933,3.5515072,5.3594847,1.8990619,3.1336336,3.641037,4.2612453,4.694751,1.9069892,4.575632,5.857418,2.1713786,4.944395,3.4475574,3.7597733,2.1164656,3.6533256,5.7495914,4.611368,6.2775655,5.4675756,4.409316,5.4299717,4.1958613,4.092733,3.5698895,4.1395454,4.1602864,5.253744,2.3892694,4.0626664,3.706073,5.5771294,4.6405606,6.0916386,4.640212,2.78646,3.1344178,3.630084,2.9254785,5.908095,4.5014415,3.2431555,2.8657317,4.1605844,3.0122023,3.8580406,5.0159836,5.321223
SIM-0060-TP,8.390187,5.167689,4.3350954,3.0812716,4.665013,4.1089473,4.366531,4.3885794,5.013156,6.275169,4.8333936,3.1803455,4.509862,2.925345,3.8301466,4.276674,6.632644,4.3455925,5.240488,4.171636,3.0799277,4.050065,3.6850595,6.689769,2.9899085,4.890822,3.310314,4.601794,4.1720862,4.270638,4.504384,3.3789175,3.8484936,3.3972206,2.0537286,2.7596636,4.3002896,5.443736,4.2808475,4.0898123,4.414257,4.7052364,4.09275,3.7939942,5.8956447,4.2927933,5.8111763,4.62231,2.6772172,3.2060447,6.252015,6.413858,4.049697,4.796881,5.153803,3.9549932,3.4894228,5.3135204,3.445376,4.417115,4.550044,3.7938952,5.3258185,3.0199585,4.5547724,1.5418239,3.8423977,4.6185913,3.6400888,2.402124,3.9437459,5.315368,2.5046587,4.1197853,3.6538217,2.999021,4.4870934,4.624264,5.3870993,3.4912128,2.9068694,3.7312515,4.6855726,4.1383305,3.7269773,3.7425795,4.324783,6.3403263,6.170825,2.7559626,4.6763153,1.6912518,4.267033,4.3605995,5.4820657,3.9381785,3.7746844,1.4876975,4.1373787,3.8713226,3.0269146,4.1823535,4.0985885,2.0256577,2.08631,6.017604,1.7349381,2.6955922,5.70545,6.3678603,3.2023559,3.522368,4.0236583,5.566031,3.1906965,3.7913327,4.42685,4.497593,3.598506,3.296445,2.480852,4.0514956,4.0196815,4.117188,3.7830591,3.9815607,4.538222,4.029802,5.1005397,4.1347814,3.8624015,4.050511,4.173025,5.02008,5.837527,5.0674906,4.3026657,3.1124005,2.4837284,6.4921303,4.4220624,4.7122684,2.0244744,4.6386037,4.9672,2.0516484,2.9570432,4.140063,4.7279906,3.5205703,4.1045876,3.7618868,4.8006916,4.6791306,1.8013232,3.6637003,4.638954,3.8863528,3.640282,2.192025,3.8267775,5.087144,2.175933,4.928794,3.2930186,3.773639,2.0042028,3.480219,5.8118377,4.9352455,5.688851,5.299238,4.0249567,6.556154,5.472874,4.9104,4.9987717,3.7264547,2.6770365,4.6347723,2.7119513,5.938384,3.6687696,4.7414193,4.3016396,6.3906574,5.229426,2.1852205,2.9951549,2.2636962,4.3423424,5.8556323,4.6702642,4.235486,3.9654458,4.0148125,2.774654,3.0378366,4.169708,4.4121494
SIM-0061-TP,7.07605,4.1002445,4.508912,2.0927126,6.223963,3.8087497,5.3724494,3.8691754,3.8380282,6.5030346,5.4779344,4.1698613,3.6248696,2.8059788,4.212619,5.057639,6.3968115,4.2567916,5.617672,4.7383385,2.7106066,2.871163,2.8093855,5.8234444,3.8830874,4.2686005,3.4574845,4.9551005,4.5073566,3.4771838,3.7833488,3.3423522,4.1857386,3.7107325,3.0031137,3.8084157,4.3116827,4.6229696,4.7415013,3.7794263,5.291789,6.041464,3.9667487,3.9500241,4.8093114,4.430102,5.8737483,4.739734,3.223134,2.6693356,6.89264,5.5411553,3.0168805,2.909463,6.198448,2.8546278,3.1848018,4.3720646,3.3790436,3.60133,4.0721326,4.2888846,5.6249843,4.260304,4.4309998,1.2204626,3.1783817,4.6700954,3.5202737,3.7919388,3.3285732,4.9206576,2.265926,3.3745904,3.2214437,4.335419,5.4231305,4.0530915,5.17999,4.220056,3.0185716,3.8159342,4.443421,4.3720384,3.0426848,3.7636414,3.9527407,5.9506493,5.096176,3.0893822,4.1207466,1.8464167,3.5457795,4.7079206,4.2874866,3.1356256,4.1689587,2.1286814,2.9021056,3.2667553,3.096692,3.4687927,3.5606966,2.2157555,2.2641833,6.130826,2.4289372,2.7914453,5.249111,7.150397,2.916076,2.823485,4.838014,5.640554,3.094024,4.137003,4.9414587,5.017368,3.4771962,4.383392,2.6865666,4.015643,3.9354272,4.8525352,3.805379,4.250066,4.6920824,4.1305523,3.971706,3.5270593,2.936058,2.5038104,5.3091974,3.5744631,7.0448985,5.774932,4.3609676,2.4866402,2.8899229,6.1372347,5.041568,4.617263,1.6810799,4.4488554,4.028125,3.5286467,4.3443356,4.361664,3.9009266,4.482184,3.4072251,3.7739341,4.3840456,5.0400915,1.1153843,3.406281,4.884876,5.2531776,3.6854815,2.109169,4.0280747,5.7282233,2.1910276,4.815313,3.878091,3.7360191,2.8523076,3.5728166,5.141263,4.3619313,6.11341,4.292044,5.226227,5.8116994,4.744002,5.190527,3.3493993,3.6093667,2.7864413,4.86605,3.1712985,4.4904695,4.1133146,3.9872866,4.5580854,6.404215,4.6452894,2.013388,3.6046252,1.3139817,2.975819,6.0398493,4.3462324,3.0687973,1.8203765,3.217363,3.3784645,3.637507,3.6632898,4.840026
SIM-0062-TP,7.6380444,4.4836755,2.9448416,2.6843784,5.3710413,4.1328816,4.851378,3.539209,4.6646113,5.438053,4.9412775,4.6432815,3.41848,1.7844744,5.0174894,4.80481,5.7669225,5.086686,5.5044575,4.256462,2.430849,3.3033485,2.874862,5.5800524,3.7444859,4.749048,3.0233297,5.277805,4.051158,3.6092856,4.1120954,2.5745234,4.5566216,3.1671607,3.2021306,2.995394,4.379862,4.775612,4.108294,3.2927284,4.267394,4.1483617,3.448966,4.1835895,5.2908154,4.251848,5.0813847,3.6411073,2.875609,2.4600246,6.4242516,5.6312838,3.849841,2.922561,5.2810946,2.98145,2.9188802,4.4005127,3.7688496,4.75229,3.909042,4.9096675,5.7182827,4.6327615,4.339079,1.8463641,3.8498948,3.4299083,3.1773934,3.1843758,4.10423,4.634237,3.116296,4.538536,3.8545787,3.7394116,5.35942,4.091113,5.436579,3.9957495,2.6392994,4.0134335,3.6180875,3.962614,2.9354925,3.7251217,4.269505,6.5507526,5.4667535,3.430744,3.3305385,3.680545,3.3545535,3.729958,4.7136827,3.8447065,3.1412778,1.170829,4.2641907,2.7297986,3.7972703,3.590922,4.042969,3.4402254,1.6705835,5.720272,2.5846024,4.033801,6.7359147,7.5494123,2.4313712,3.2929938,3.9272757,5.336984,3.7594953,3.6328385,4.7215886,4.8219595,2.79208,3.8925,2.0766683,3.6146188,3.4404023,3.9131796,3.5574636,4.582145,4.9028053,4.3407717,3.9174492,4.3939486,3.8969848,3.0366101,3.919115,3.7820146,7.0284877,5.541698,3.813645,3.6963522,2.6516242,5.3330226,3.959919,5.12053,1.9600341,5.626367,3.9297903,2.7431161,4.228473,4.347804,5.1882,3.5732586,4.025033,4.7005973,3.395601,4.652617,1.0355874,4.169836,3.3715866,4.594518,3.8914387,3.2504735,4.8507376,5.909375,3.145705,5.1332803,3.4414396,3.3663728,2.6624188,3.6455069,5.3875537,3.5150576,5.6225314,5.191703,4.712856,6.557335,4.53182,4.3732066,2.7943892,4.4100513,2.8680325,5.4230022,3.5204062,4.010313,4.086295,5.8175583,5.2603884,4.7724566,4.303949,1.7878695,4.194783,3.0346563,2.1327744,5.3608127,5.037894,3.3750575,3.059416,3.8502853,2.2539694,3.3203318,4.338056,5.4629393
SIM-0063-TP,7.878003,5.3245716,4.2980514,2.6144943,4.533854,4.2630267,4.556131,4.555405,4.163724,6.7764544,5.0224595,4.351627,3.4187133,3.5169828,3.9266996,5.8443913,6.3719187,5.9852977,5.623887,5.033464,6.4318266,7.0285063,7.661353,10.443713,7.713199,8.578958,7.123682,9.539972,8.016528,8.113837,7.8338623,7.432354,8.472551,7.1350794,6.6282525,6.7787333,8.105431,10.349664,8.649174,8.010557,7.888458,8.878195,9.190493,7.0683346,9.147423,8.593435,9.3643,7.666337,6.3672876,6.342793,9.280386,10.371731,7.8001223,7.339117,9.499128,7.211137,6.9171677,9.078522,6.954026,8.564734,0.01,0.32936335,1.0767698,0.01,0.01,0.01,0.26091337,0.01,0.01,0.01,0.01,0.7589474,0.01,0.56272984,0.15625286,0.6908531,0.20609951,0.12596893,1.702436,0.01,0.01,0.01,1.0478945,0.7137265,0.01,0.01,0.19529295,2.380643,1.1396937,0.01,0.10110569,0.01,0.07738447,0.016216755,0.3025813,0.01,0.01,0.01,0.01,0.01,3.894761,3.413565,4.1806836,1.8468958,2.6800764,5.376472,3.4936461,2.201932,5.6636934,6.24563,2.46335,3.6384652,4.0771766,6.300821,3.1265934,3.5232673,4.7105465,5.0446167,4.0782795,3.2967916,2.2847784,3.999221,3.9102957,3.7069793,3.819236,4.0261016,5.664629,4.420154,3.7857943,3.7886171,3.726854,3.3583803,4.214506,3.329969,5.3960385,5.8478665,4.528965,3.2897115,3.0229545,4.8816833,4.3547454,5.7493963,2.8426976,4.783234,4.1927347,1.4593496,4.0628223,4.6570196,3.7805529,2.9919748,3.3188782,3.9702215,4.107892,5.817288,1.4765631,4.246529,4.3613,4.7103915,2.5832438,1.6261055,4.1458197,6.2671347,3.4064035,4.78171,3.3656847,2.9611914,3.3788834,3.3904486,6.779212,4.2129536,6.7849493,5.5515957,3.9249547,5.8600063,4.824683,4.715362,4.1224203,4.4745245,3.6007452,4.981347,2.2342262,4.743958,3.8973813,4.2332215,4.8354864,5.772246,4.082462,2.2614565,3.7771237,3.7930403,3.5917795,6.029251,4.578626,2.3641112,3.3224535,3.7036886,2.6156397,2.8023741,4.3483934,5.6879015
SIM-0064-TP,8.123465,6.0902777,4.40041,1.4496417,4.3245244,2.9525795,4.6765423,3.901061,4.4768176,5.88877,5.3496027,3.7486875,3.0254812,2.765914,4.9196973,4.652884,6.1232204,3.7556515,6.4147916,3.8672278,2.2413378,2.1772206,2.5552235,5.647863,3.059189,4.2341185,3.1899269,4.808349,5.4959474,2.9911406,4.039977,3.4322147,3.9307933,3.5926428,3.1591914,2.770308,4.8648195,4.4902472,3.738875,4.61889,4.7418394,5.5762577,4.83599,2.6307938,5.504094,4.9609413,5.206406,5.497853,2.8737056,1.5354562,5.841564,5.3637357,4.4029784,3.8907847,5.162483,3.6441803,3.5749986,4.229367,3.5293722,4.2533364,3.6544256,4.170375,5.425844,3.5576854,3.5275564,2.0693953,2.9568315,2.6602504,1.8953959,2.2976255,3.8790543,4.8047485,2.5444071,3.3726807,3.187906,3.8605545,4.9767146,4.9494524,5.819944,3.7193844,2.3779328,3.3978188,4.193652,3.7883298,2.3883,4.125366,5.4433794,6.2733803,5.8754416,2.4907386,4.334317,2.9739294,3.81216,4.995503,4.9921827,3.1197073,4.200793,2.169075,2.7277231,3.1649961,3.1797116,3.572225,4.109833,1.3720002,2.6673698,6.234561,2.8943086,3.190979,6.5848966,7.1120114,2.8398826,4.2057347,5.462926,6.186233,3.116246,3.9709873,4.9053593,4.4440255,4.7064295,3.4916503,3.202557,3.6988978,2.993403,4.1380115,3.171285,4.7603273,5.058366,3.6444159,5.0872607,4.5982223,4.7931123,3.3969243,4.298628,4.2544937,5.804431,5.6383843,4.2980075,2.5064256,2.9513164,4.9706597,4.1414733,4.662036,2.8916807,4.503053,4.2861414,2.5070279,3.113385,3.9664326,3.9542418,4.0007644,4.0567346,3.219594,4.7996426,5.943698,0.9827487,4.375205,4.3399816,4.2177663,3.8071253,2.230393,4.6005344,5.821008,2.2974255,3.850915,3.935066,3.751848,3.3360748,3.9063814,5.1262126,5.0941496,5.8347325,5.2592335,4.3700314,6.5857124,4.08236,4.666651,3.0847614,4.4299116,3.0115016,4.754566,2.563228,4.8137116,3.1839693,4.0496244,4.9797206,4.7638674,5.1578436,3.2072234,3.850935,3.4777393,3.469592,6.310849,4.409425,2.1186285,2.9463267,4.8867636,3.050924,3.0711982,4.47646,5.6408744
SIM-0065-TP,7.8182507,6.642894,3.7520409,2.9142394,5.5465674,3.5712013,4.1933727,4.6475453,4.8509827,6.2462263,4.118563,4.88487,3.8613968,2.9728262,4.5194287,4.6884146,6.1003895,4.7975235,5.363227,5.1818953,3.2709918,2.5506487,4.292922,5.9120417,3.193341,5.2871976,2.1120787,4.81306,4.0982842,3.945902,4.1442623,3.3065825,4.3842483,4.0775824,2.9251373,2.742775,4.2465234,6.4970355,4.246329,3.6241374,3.3313267,4.589033,3.9858694,3.5348842,4.8284783,4.604328,5.251502,3.7259896,3.081853,3.3165379,5.0973444,5.845524,2.8679786,2.8795438,5.1670613,3.4604096,2.71592,4.2352767,3.6234386,4.0134196,3.4439914,5.330685,5.2748,4.147377,4.4430494,2.1698136,4.5687604,3.9886017,2.4000542,3.6722453,3.940717,5.403171,2.6276677,3.9371111,3.9836879,4.149673,5.7856183,4.637389,5.283941,2.6155674,2.4984272,3.5790153,3.6919675,4.5836387,2.2606015,3.8398378,3.9972148,7.119846,5.572725,3.3729627,3.8104696,2.988202,3.8344004,4.2988853,4.357706,3.1550457,3.3358757,1.9957156,3.4685566,3.5080361,3.4773703,2.6628904,3.6766236,3.206543,2.8651435,6.6534753,2.191784,2.5587995,5.4962025,6.997264,2.7414324,3.387004,4.1595206,5.3316803,2.9232233,4.31133,4.0207677,4.608006,4.3138905,3.7745836,2.3606663,4.223942,3.2415016,4.2208242,2.9247508,3.536488,4.9367237,3.5237317,4.3459215,4.61067,4.927212,3.3252065,4.8261023,4.102195,5.9016113,4.6109667,5.199093,2.7123916,3.578974,5.459547,3.7747428,4.6361427,3.3218694,5.695265,4.198064,2.5335789,3.5785792,4.18096,4.6523356,4.0776234,3.050391,3.9773602,4.0630174,5.490046,1.557813,4.3625145,4.6654086,3.9211226,3.5987794,2.0190175,3.4870722,5.672665,3.388516,4.0078063,3.6594439,3.9106066,3.0909693,3.1841812,4.587489,3.8933566,6.3977785,4.686069,4.189306,6.796251,4.071865,4.999188,4.235335,4.574406,2.636788,4.632908,2.9728782,5.746859,3.4285936,4.9244404,4.960656,6.1304755,5.070902,2.0047817,3.6670227,2.9357436,4.112876,5.3919864,4.626383,2.7881052,3.917896,4.1099133,3.3223171,3.3438084,4.354643,4.4051576
SIM-0066-TP,6.964899,5.916707,4.035627,2.7153692,4.7154617,3.5417714,5.0290585,5.011334,4.5205708,6.419663,4.830938,4.668815,4.7200327,2.9287963,4.765458,5.107867,6.3469005,5.499079,5.665038,4.081856,4.130578,4.285315,4.501556,4.8103685,4.0245023,5.5703483,3.7054415,5.862263,5.1410303,4.8080664,4.451057,4.7201033,5.4613447,4.4420805,3.6470473,3.9265034,5.309232,6.1485057,5.2809477,4.594188,5.87009,6.480666,4.532378,5.3802285,4.68107,5.3732343,5.813433,5.750125,3.5277345,2.8607433,6.1434813,5.992501,4.2933927,4.0782895,5.711667,3.6537867,3.9266856,4.770974,3.4020607,4.776157,3.4767172,4.0768824,5.057268,4.2511425,4.516672,2.6639416,4.8758044,1.6519182,1.0568173,2.4923515,3.2921925,4.2521596,2.3995972,3.26971,2.5430548,2.775081,4.276873,4.334071,4.468227,3.0752096,2.9633653,3.0509427,4.1750517,3.0910199,1.7216299,3.6170042,3.8045719,5.4591937,5.9228415,3.483425,2.7728891,2.6544077,1.5924265,4.227861,4.1511717,3.1331522,2.2394152,1.1926668,2.8064759,2.204845,4.3855224,3.0691702,4.9608884,2.0493653,3.278837,5.316401,2.5693228,2.6351595,6.6057663,6.997691,1.7843916,2.9766862,3.8352244,6.195723,3.4156466,3.6045225,4.5030828,4.79296,3.0590825,4.0950117,2.8113632,3.6245315,3.9324515,4.2832174,3.6933825,3.8044875,5.319967,4.66873,4.5122323,4.3537636,3.9451246,3.7241082,4.349118,3.3287427,6.5032763,4.756282,4.5272365,3.0448313,2.6635256,5.2771373,3.9081051,4.7362466,2.2838123,4.618791,5.1235104,2.9919605,3.843876,4.9720116,4.7525563,3.9977214,3.7451828,3.0331707,4.255908,6.018784,1.6104989,2.0408578,4.611543,4.7617435,3.4774742,2.7374592,4.641978,5.384597,3.1017892,4.2300897,3.6428523,3.8601744,2.5343826,3.8174407,5.955229,5.2065263,6.094144,4.3294506,3.7711108,5.827019,4.4218755,4.578948,4.6560907,4.119476,3.5737824,5.483531,2.8491755,6.077882,3.3391628,4.8682113,4.279456,6.6019754,5.131818,2.1558838,3.5011086,3.5204382,3.662564,6.2164373,4.607459,3.556837,3.1363964,3.7207265,2.7113678,2.7367082,4.559063,5.5359364
SIM-0067-TP,8.200248,5.514382,3.7649455,3.5767846,5.356377,4.5377555,5.118467,4.197293,4.629018,6.25707,4.3427815,4.233745,3.0174067,3.1719418,4.164745,4.0870023,6.418095,4.742269,6.340992,5.321734,3.1965692,2.8398557,3.7514236,6.2864094,3.2118385,4.5609765,3.0182505,4.9959655,4.940287,4.252163,5.0253134,3.8356688,4.811507,3.545189,2.4089506,2.5904033,3.9759562,4.4519253,3.8089635,4.8357544,4.623414,5.2710276,4.57191,2.7656581,5.4006257,5.2207904,5.628486,3.450527,2.7218485,3.4247594,5.933531,5.1677985,5.157583,3.143196,5.49327,2.527549,2.7405596,4.570539,4.076758,4.7934318,3.4901855,3.6792152,5.4935136,4.1912785,4.6108394,1.9344101,3.7417107,3.0525575,2.5370739,3.503682,4.6268187,4.8524413,2.5170336,4.0052743,3.033582,3.9015281,5.0700583,4.1745925,5.6351438,3.7017014,2.6657414,3.7986557,4.2077055,4.5034943,3.1780977,3.882589,3.838897,6.365058,5.905211,3.235346,3.710035,2.3378892,3.7544138,3.8251665,6.2922673,3.4991639,2.6288233,1.792038,4.070388,2.6096134,2.7229886,2.6036072,4.176784,1.3649634,1.8082824,6.3976645,2.6013026,2.5553243,5.5895476,6.16966,3.07066,3.2284794,4.0736794,5.9020905,2.884829,3.4023955,3.7826183,4.6184793,3.6633403,3.6074834,2.1064048,3.7682076,3.9738483,4.2810497,4.2637057,4.823926,4.9590745,4.5245686,4.3760877,4.075752,4.6482663,2.829413,4.3281493,4.497568,6.2476635,5.3888283,3.5327668,2.1017694,3.9256792,5.345399,3.9707127,4.654872,1.7815769,4.7618375,3.9839504,2.1829324,2.4759827,3.4648886,4.563111,3.214388,4.1639576,4.226346,4.1608524,5.3222084,1.499853,3.5548396,4.7784667,5.2342606,4.352991,1.1674967,4.109482,5.7294297,2.6976676,4.0001707,2.799753,4.5920706,2.667542,2.9218407,4.7482243,4.7778926,5.321038,5.298225,3.9497232,4.8718348,5.151183,5.027083,3.5365536,3.805865,4.035026,5.285349,3.3951027,4.4905043,3.8346822,5.3723464,4.4758344,5.77288,4.4389696,2.6274893,3.2723498,3.113978,3.6370769,5.4095745,4.8622923,3.1185992,2.6512172,4.304645,3.076947,3.0752246,4.0154834,5.063825
SIM-0068-TP,7.511298,5.7020035,3.904202,2.812003,4.553235,4.137231,4.1195164,3.9404807,4.969161,6.4314237,3.7919946,4.548526,3.63455,2.7785552,4.335127,3.8555894,5.187385,4.3985777,5.969081,2.698054,2.3932834,2.0735028,3.1534617,7.1074195,3.0700254,4.7847376,3.5166883,4.9422264,4.2774553,4.306685,4.1951814,3.489525,4.376682,3.3719842,3.2329798,2.553831,4.788214,5.055518,4.8768835,4.1173816,3.8015587,5.560491,3.8942308,3.6057868,4.862975,4.3623,6.0064716,4.44249,2.2128484,2.0977926,5.786316,5.8952594,3.4832582,4.4124703,5.8681917,2.580166,2.7441454,4.5294204,3.4394677,4.6229568,4.328819,4.355109,5.746434,4.5020723,4.6730695,2.1511374,4.2483754,3.4005725,2.3917851,2.7829928,3.5215793,4.5625706,1.937057,4.3686075,3.6890345,3.0026436,4.8823,4.4459724,5.4283705,3.304533,2.6270602,4.0360036,3.4755158,4.0602417,2.7525735,4.0288477,4.354587,7.3167596,5.0770984,3.5850475,2.4565377,3.2334135,2.3878584,5.5338025,5.0109696,3.9161077,3.8879316,1.6344664,3.6574595,2.519006,3.8642457,2.911405,3.4962456,2.5109096,2.0843666,5.964756,2.7661302,2.5819998,5.5911393,7.672559,2.7263157,3.4519377,4.253993,5.9559255,2.496211,3.96833,4.9052477,3.5404387,4.520972,4.596584,2.2248228,3.200613,3.8476384,3.5192385,4.1268144,4.237312,5.8236194,3.7432277,4.2956557,4.686762,3.8384647,3.4144878,4.862824,3.6246896,5.462299,4.8439994,4.677563,3.4313319,3.41842,5.0541205,3.5473804,3.3037674,3.6893954,5.1909,4.5228167,3.0288892,2.812806,3.8662813,4.924132,4.0370026,3.514713,3.134615,3.8947155,5.3137765,2.4579144,3.6690161,3.5817363,4.2666926,3.7602546,1.6030049,4.529078,6.331808,2.5354743,4.465296,3.4070394,3.1092577,2.880184,3.8209338,4.8517284,5.5525055,6.1284513,4.2810235,3.5529556,5.2519226,5.225586,5.273449,4.515285,4.0716505,3.1978314,4.3658295,2.9965382,4.6842666,3.692013,5.9802723,4.687696,6.486137,3.9367375,3.7720158,3.7464116,3.1815848,3.9148567,5.2625504,5.0470486,3.736571,2.6297104,3.682132,2.8060932,3.271113,5.0085745,5.506646
SIM-0069-TP,7.663622,5.3458323,2.741056,2.2299328,5.1573834,4.692294,4.5300817,5.0234556,4.9617376,5.5078034,4.764474,4.934308,3.6525102,3.6259599,3.7711272,4.9669437,7.0363426,4.752778,5.643473,4.32297,3.2210555,2.7849593,2.7403133,6.7037625,3.3782616,5.3424177,3.4767387,6.0215178,4.942437,3.4813223,4.1943717,3.0664678,4.219009,2.8387663,2.6313376,2.9945796,4.139577,5.029407,3.398482,4.9372845,4.4484067,4.893967,4.450274,4.6836658,5.41652,3.0352223,6.861902,3.258611,2.6725252,2.0651386,5.280927,5.8658705,2.784969,3.5716898,6.0351157,2.4713342,2.4101305,4.573674,3.436224,3.6972642,3.2423842,4.597167,5.7051134,3.5577614,4.180312,2.0180738,3.4687958,3.2461007,3.5152104,3.0919363,3.0590684,5.111954,2.58478,3.955553,3.7534919,4.0178456,5.0205092,4.5077753,6.3691688,4.445771,3.7208304,3.8417442,3.7396255,4.7402663,2.987759,3.8019054,4.106658,6.034383,6.405509,3.4882753,3.803433,2.515165,3.0689585,3.2505689,4.49939,2.8995936,2.8993704,1.9973912,4.243081,2.8733659,4.1750193,2.7316904,3.8379688,2.216778,3.079048,6.182191,2.7793617,2.0757928,5.38696,7.453043,1.7907622,4.3032475,4.5913877,5.354937,2.5971184,4.7026997,5.4830403,4.375046,3.6911397,3.5430865,2.6924963,3.4248743,3.694341,5.137335,3.3968658,3.9475276,4.32953,4.2189884,3.971309,4.176457,3.190333,3.623567,3.786412,3.9258618,5.9240165,6.432549,4.471591,4.2096786,3.1679597,5.903846,4.15835,4.652895,2.8647358,5.379918,4.7199173,2.725602,3.4490871,4.832548,4.7254224,3.4113975,3.5246322,3.2959557,4.567413,5.0067544,1.8421432,4.035995,3.9039664,5.0779233,2.896956,3.0730445,4.487438,4.690617,3.2620783,5.3499346,3.4573689,3.4563153,2.162568,4.8732667,4.8383536,3.9508612,5.8662715,4.358465,3.9483128,6.2414193,4.671098,4.6348033,3.7125823,3.8453107,3.2715771,4.6086783,2.5315766,4.4770117,3.4464188,5.6932025,5.1359277,5.3544645,4.133578,2.3493214,5.0106907,2.3141403,3.401108,5.5555887,4.5832124,3.0719645,3.5638225,4.260011,3.2063425,3.6235497,4.7589836,5.947515
SIM-0070-TP,8.412227,6.5425234,4.5588026,2.1866527,5.603797,4.090186,5.682309,3.8108141,4.9786577,5.416189,4.922022,4.6101856,3.823867,2.2839794,4.9230375,4.6418657,6.497833,5.850663,5.6132245,4.368482,2.8651917,3.1339028,4.385676,6.1603737,2.8949735,5.7739406,2.9432285,4.128984,4.014529,3.2200685,3.059255,3.1637046,4.410964,4.1352806,3.089095,3.0139794,3.725983,6.021558,4.855608,4.078647,4.497085,4.6736555,4.7466,4.479488,5.267765,4.1315775,5.4547586,3.973024,2.5953062,2.9558322,5.79066,6.225634,4.005932,3.1847687,5.211098,2.6115339,3.012038,5.5406837,4.5828447,4.4131784,3.895939,3.6567483,5.5174856,3.6955812,5.4592,1.146775,4.1435237,2.71965,2.7764294,3.4548817,4.176861,4.8855577,3.0542157,3.6993966,3.6385996,4.1734304,5.168808,4.2734437,5.197877,4.3533225,2.758135,3.3039837,4.5432916,3.9570014,2.1890829,4.765899,3.678428,6.417759,5.5670843,2.9979148,3.270307,2.8936975,3.4647048,4.807432,4.9012694,4.337427,2.3935292,1.0601435,4.7138767,3.1746063,3.6412535,3.3387768,4.191341,2.3921556,2.0500026,6.5383425,3.0429165,3.61743,6.719034,7.070305,2.2146587,4.5180125,3.8324807,5.89768,2.8847759,3.5394094,5.1594877,4.556996,3.8804646,3.458334,2.5380666,3.3770587,3.6340768,4.172789,4.366825,4.341844,3.9499166,4.852975,4.5763865,3.9876502,3.7814767,2.804979,5.2855186,3.9286358,5.2242928,5.7372246,4.9889326,3.31516,2.436792,4.6956058,3.8040898,5.2409725,2.219582,4.088076,4.6464877,2.9600878,3.3040276,3.7535138,3.5205195,4.251146,4.0202684,3.9873443,4.274942,5.635336,1.1991441,3.6602352,4.7589684,5.0032887,3.0170393,2.139149,4.7476377,6.6683903,3.3571184,4.465949,4.3089976,3.9679937,3.4693098,4.0596833,4.6680627,4.857642,6.23516,5.1673346,4.3159285,4.9581027,4.780802,4.9323626,3.242337,3.903626,3.3798277,4.710266,2.8230348,3.9073842,4.48406,5.1792016,4.201192,4.5907917,5.2453423,2.7070055,4.0383897,3.259817,3.9121695,5.6084476,4.5104265,3.0924988,3.1967535,4.731298,2.7319882,4.0670986,4.4985857,5.3456573
SIM-0071-TP,8.777666,5.9144278,4.730301,2.4444423,6.3529,4.1994634,4.0396767,3.159644,4.969995,5.3270164,5.142671,4.0519543,4.7068043,3.323228,5.2847037,4.1730223,7.415067,3.8006341,5.5491757,4.0104237,2.591078,2.7766352,2.8174157,5.4986258,2.9574,4.8965034,3.67892,5.079248,4.968221,3.1042738,3.7427528,3.7007146,4.6176677,3.114429,3.2414289,2.4564257,3.783906,5.822565,4.1630764,3.6199055,4.007392,4.7711034,4.021508,4.139077,5.2285643,4.9080534,5.7937903,3.8771112,1.9509604,2.1684136,5.31531,5.3493743,4.310991,4.102107,6.5673842,2.5110939,3.9039972,5.4389606,3.489263,4.2316556,4.456924,4.308112,5.339286,3.776916,3.4639196,1.9850637,3.5963469,2.6190953,2.9922829,2.3961916,4.0689163,5.1577024,2.4735107,3.9989765,2.92072,4.0474963,5.0964403,4.6690407,5.588343,3.5242865,2.5445282,4.2548003,4.5868564,3.9088938,3.120167,4.7194767,4.7975783,6.2351947,5.132464,2.4881492,3.5567536,3.2677164,3.0450702,4.0174413,4.897398,3.005051,3.3402402,1.2126858,4.379514,2.865175,4.710128,2.5363536,4.7006702,2.9379444,2.3271127,5.931717,2.2519283,2.4483037,5.836611,6.915415,2.0272555,4.778504,4.211797,5.7615037,2.7000241,3.6212173,4.5983987,4.433301,3.616549,4.2686105,2.7387142,4.113968,3.728707,4.3477964,3.32402,4.9730945,5.174027,4.076392,4.2578015,3.9985356,4.0153065,3.2502613,4.0370736,4.2851634,6.5072064,6.4652834,4.0840316,3.570162,1.9330199,5.6056647,3.5344582,3.987978,2.4215267,4.6166887,4.075244,2.6471612,3.8932884,3.797272,4.0253897,3.5185006,4.306457,4.1719832,3.2349217,5.9940467,1.1279635,3.881296,3.707058,4.481561,4.90376,2.306861,4.0980716,5.6112695,1.7316236,5.58831,3.8279161,3.4142268,2.4389424,3.6731849,5.766042,4.0071607,6.2890162,5.131595,3.9739652,5.5100894,5.31327,4.1338816,3.3374825,4.5428376,3.4108045,4.5939636,3.304093,5.2884984,3.9750445,4.865049,4.5217166,5.962984,4.0748105,3.0918522,4.7831516,2.7100155,3.6597724,6.10413,5.615314,4.0795603,2.1185138,3.8750052,3.033784,3.081751,5.2033925,5.97
SIM-0072-TP,7.52265,5.122035,3.3714833,2.598922,4.8527308,4.341839,4.143289,3.0915308,3.473405,5.4759073,4.7433796,4.722759,3.3198662,2.8329096,4.025271,4.138764,6.3621736,4.674181,5.981619,4.007929,2.6362581,2.762372,3.6792164,6.05133,3.7039618,4.262304,3.0723896,4.643627,3.771928,3.8096066,4.8257017,2.918758,4.3823447,2.8889008,2.0447803,2.3284361,3.9475963,5.3762994,4.0469794,3.0571954,3.9728532,5.556881,3.5402598,3.4115,5.252711,4.037623,5.706518,3.422671,3.219756,2.8147411,5.6787605,6.2860746,3.6558063,3.3078847,6.1477165,3.8133373,2.7585542,4.5864553,4.1279163,3.9558055,4.1338515,4.7277765,5.1263294,4.300222,4.6408424,1.3413936,3.4564552,2.8305612,3.245447,3.6025267,4.040833,5.135958,2.8800206,4.1694117,3.719629,3.9100082,4.300547,4.142992,4.822937,4.399067,4.1311073,2.6916173,5.0249043,4.219934,3.4219718,4.3437233,4.948426,6.6223454,5.195117,3.0939193,3.9704447,2.4285774,3.7381587,4.2827563,4.9080987,2.727927,3.149946,1.9549968,2.8576384,2.5475473,2.4722145,2.8146017,4.5043945,1.6492136,2.8845346,7.55366,3.4393463,2.9699712,6.266131,6.2202253,2.0417259,3.6461,4.5408607,6.2759,2.7287617,3.85142,4.8568935,4.369069,3.5876064,3.438825,2.764958,3.8593512,3.5136065,4.5650573,3.9585886,4.8102264,4.491494,4.205252,3.896041,4.101433,3.5463161,3.9170237,4.7081604,4.479208,6.619029,5.438055,4.173042,4.107805,2.8050287,4.5138526,4.7664824,4.5520315,3.0083861,5.048923,4.44442,3.6526296,2.759242,3.971036,3.6087854,2.6102889,4.3331,3.4693134,4.6052465,5.666035,1.7369127,3.53545,3.7943883,4.340874,4.0876694,2.2180872,3.9770272,5.127841,2.5682201,4.5867944,3.6356044,3.8192863,2.7248862,3.8124456,5.5772967,5.5652947,6.1112957,5.974253,4.0297866,4.9434624,4.431778,5.257002,4.05401,4.672237,2.0343034,5.6160727,2.9894276,4.010344,4.1711135,5.255988,4.9414835,6.320201,4.9459124,1.6915472,3.8615336,2.0191703,3.806251,6.2102137,4.0168076,2.9653375,2.5450978,3.8058295,2.9896514,3.1073253,4.638274,5.688002
SIM-0073-TP,8.195982,4.6647315,4.8336687,3.0902357,6.2187595,3.9931278,4.0850573,3.6057506,3.8622942,5.968316,5.415931,5.409024,3.7501824,3.122448,4.290811,4.426538,6.987816,4.818181,5.6647,4.5449295,3.122782,3.3376017,2.8555288,6.5766344,3.3062966,4.621181,3.2141876,5.1038117,4.925843,3.3202844,4.62173,3.3567953,4.1929955,3.2766376,2.2737103,1.8516049,4.5112877,6.5695343,3.3511841,3.4061477,4.6616178,5.283183,4.636592,3.5382125,4.815975,4.315835,4.3447113,3.6114922,3.2496707,3.2277906,6.354011,5.9441004,2.6924462,3.2993095,6.123772,3.7044816,3.7865968,4.5252004,2.952107,3.9745622,3.8439608,5.120357,5.521377,4.098925,4.6806865,2.1497574,4.2645016,2.794501,2.2523768,3.807127,2.845356,5.7347765,1.7182679,3.738361,4.0017576,3.6724977,4.3445196,4.7513294,5.3709,3.7374701,2.9920962,3.7588382,3.9515362,5.39384,2.7956035,3.9036114,3.95741,7.4059496,5.057311,3.3264728,3.5929718,1.8248578,2.999755,4.474082,4.773657,3.4006982,4.21043,1.9380113,3.110578,2.5141873,3.3278577,2.9470215,3.9817443,2.398493,3.3982186,6.1273875,2.13648,3.4801176,6.4684258,7.0212884,2.705236,3.9430242,4.236016,4.7008433,3.29488,4.2008476,5.497881,4.069387,3.7369266,3.9900768,2.6677954,3.8192544,3.7521806,4.3380446,3.8150134,5.081682,4.6345496,4.0692787,4.1404524,3.7703192,3.1920686,3.290553,4.5561547,3.8251634,6.0886893,5.782573,5.0914063,3.0270605,2.3017824,5.145923,5.20453,3.8996933,2.5804818,5.506395,3.2716534,3.0946805,3.8301806,4.1300497,3.7292476,3.4124975,3.7322276,3.5969746,3.907174,5.2992544,2.0287375,3.1559353,3.301983,4.8993864,3.5320766,2.0491621,4.2723866,5.831989,2.204113,5.1167936,3.1903434,3.7877626,1.8397535,4.2516623,5.212001,4.9177074,5.970599,5.452319,4.4351993,5.9380484,3.9583507,4.2423987,3.652876,3.7266579,4.0153084,5.177156,2.4634557,4.64658,3.8758523,5.1372457,4.8867416,5.854974,4.0354466,1.3525074,3.7462423,3.1082392,3.3005357,6.129511,4.6140904,3.9796677,3.5622344,4.5584254,2.181684,3.3374302,4.923396,5.2914844
SIM-0074-TP,7.8261237,4.312686,4.540359,2.103643,4.078971,3.905257,3.218615,3.65171,5.6188097,5.3207116,4.303572,4.9413567,3.6767154,3.654872,3.8648782,4.7837834,6.096387,6.1791053,5.7517724,4.233964,2.6685772,2.7580833,2.8943172,5.7342715,4.017778,4.562182,2.0323634,4.348589,4.8488135,3.7172,3.8921967,3.9301195,4.057489,3.8612254,2.4404526,3.0100007,3.9770203,5.4583163,4.570059,4.255374,4.203112,5.07019,5.018956,3.883738,4.910718,4.102214,6.048205,4.2409344,2.6937547,2.6893282,5.8198266,5.695321,4.422324,4.246482,5.7273884,3.580314,3.1095214,4.988492,4.107623,4.5043974,4.2945566,4.653169,6.386046,3.820737,4.5663285,1.8425727,3.767248,2.1623838,3.4686193,2.6088274,3.7507842,4.2049723,2.9839652,3.6379335,2.9478495,3.7694986,4.652391,4.251036,5.4232926,4.245489,2.8948572,3.280545,4.2542386,4.4461994,3.6469896,3.554825,4.0692444,7.105367,6.863392,2.650211,3.3432107,2.727108,3.1204214,3.9359894,5.3280888,4.045626,2.6911125,2.601878,3.5499496,3.1104815,4.265986,3.285801,3.7569919,2.6013594,2.4463716,6.3899226,2.610237,3.3337908,5.1397977,6.398306,2.123969,3.6035364,3.5767865,5.382782,2.4593885,4.4945602,4.281997,3.7914934,3.7480133,4.7095876,2.5670707,3.7424667,4.378991,4.6712847,3.6573803,4.1803684,5.240695,3.4750373,4.039919,4.7688866,4.6510806,3.4971843,3.3518176,3.2986026,5.7534323,5.4875054,3.760641,3.113786,3.7712362,5.391561,4.3721623,3.971366,1.4359217,4.31334,3.614726,2.9270868,3.7204182,3.7810721,4.1264267,4.4423256,4.8753605,4.133228,4.065142,5.8405437,2.1092465,2.7595358,4.9175467,4.0237,3.3606038,2.0658143,4.4880376,5.1717234,2.3237317,5.1264668,3.7807603,4.1290827,2.7851171,4.0123987,5.828253,5.080875,5.946117,5.646858,4.874617,7.0821886,5.0480266,4.783616,3.2475893,3.9359758,3.1366837,5.245295,2.471568,5.378439,3.1145675,4.3549843,4.683311,5.399367,4.101658,2.1094246,3.5523038,2.83306,3.171485,5.2416615,4.635101,3.8081903,3.7216554,4.106666,2.8962114,3.2372663,4.552634,5.350422
SIM-0075-TP,8.2614155,4.3198886,3.6029751,2.9103196,4.9694223,3.3516276,3.5526087,4.507329,4.142161,4.8438888,5.528844,5.019059,3.9193692,2.8330622,4.1266613,5.226615,5.7929125,3.9112163,5.443333,4.330297,2.5669103,3.3562915,3.8191907,6.267854,3.4588296,4.974539,3.101827,4.2847934,3.8709552,3.167903,3.8849852,3.4613512,3.7214408,3.581314,2.336786,2.1874628,3.859913,5.0188527,4.463321,3.7973595,4.6934333,5.0842533,4.016539,4.525764,4.294759,5.0709968,6.363018,4.566143,2.6102958,3.3452916,5.4900475,5.370773,3.6263466,3.3317158,4.988133,3.4479582,2.7185488,4.6285033,2.883509,4.0102835,3.258594,3.7473316,5.3528376,4.619071,4.8641458,2.2043881,3.886323,2.9889495,3.1767573,2.840259,4.0830936,5.533876,2.252914,3.6834087,3.2429829,2.9388456,4.768057,5.1888404,4.8146105,4.5080924,3.087335,4.833159,3.9015903,4.1045823,2.4605205,3.7466395,4.897318,6.7547426,6.3912535,2.488962,4.040031,2.0508363,2.7406337,4.434988,5.3201227,3.297589,3.7046328,2.289494,4.572199,2.3424141,4.2215686,4.064295,3.7226224,1.4080257,1.8412052,5.8983216,3.7196481,2.9117544,5.5283217,6.562366,2.167072,4.069039,4.2955213,6.7786126,3.3272476,4.16969,4.6562853,3.8892512,3.1870534,3.1815536,3.0803015,3.5693686,4.2098627,4.3001275,3.2982635,3.886737,5.1635323,4.046113,4.8028483,3.69545,4.3081384,4.098866,4.4527726,4.295359,6.379113,6.5224004,4.5716267,3.5869222,2.8694506,4.803949,3.6586614,5.1136055,1.7512343,5.3003707,4.662429,3.3484619,3.2711194,3.8683522,4.241653,3.561658,3.2809978,4.717285,3.7568586,4.9746757,1.3122736,4.389579,3.093145,4.8809357,3.1723485,2.375541,3.989992,6.7233086,2.5284486,4.5097823,3.520929,3.9834943,3.03594,3.8849251,5.299342,3.8940742,5.5621777,5.480741,4.1041455,6.080325,4.454852,4.719118,4.300501,3.1974802,2.9649155,5.6057982,3.7367208,5.925347,3.8345268,5.4001956,5.1595826,6.458184,4.887321,2.8910341,4.162934,3.089105,3.0225356,5.3466215,4.376149,2.7066216,2.16048,3.8209684,2.6514988,3.3813784,4.589878,5.249373
SIM-0076-TP,7.685152,4.9860134,4.1621113,2.4390945,5.064967,3.9628482,4.199599,4.289108,4.3730154,5.83739,5.522368,5.025351,4.4469247,3.6637502,5.333832,4.7860975,7.039414,4.821612,6.272383,4.1592436,2.4106743,4.1288905,2.9810288,6.6787415,3.0692935,5.732669,4.0593934,5.5270076,5.3389792,4.1778765,5.407171,4.0491405,4.326642,3.9106658,3.028989,2.9276962,3.674864,6.103369,3.797961,2.949504,4.4446654,5.2589006,4.1194596,2.3683705,5.0117135,4.672781,5.549525,4.7077518,3.8027072,3.2208703,6.494971,6.609075,3.6418962,4.167216,6.289869,3.00582,3.0408056,5.239376,3.1954262,3.7817216,3.1723332,4.2319856,5.186092,4.275924,3.852158,1.1312456,3.882392,2.4265904,2.1485891,1.8626194,3.4804537,5.355702,1.8281171,4.2106376,3.1552854,2.4587736,4.224549,3.7290359,4.8482885,3.7244058,3.8976731,2.7297225,3.6692624,3.397737,1.9507763,3.8073678,3.8981223,5.279727,5.5550737,2.213213,3.3876848,2.8404603,3.309981,4.073518,4.610625,2.9735043,3.296635,1.7539482,3.456879,2.7154279,2.8122797,2.7559707,4.259517,2.663288,2.5797539,6.86873,2.966587,2.7866507,5.2270374,7.6244335,3.213592,4.5309067,5.424979,5.0852275,2.370976,2.323122,5.236519,4.7630076,3.6727333,3.2531104,2.5805874,3.854179,4.124975,4.368664,3.7765734,4.409473,5.6034565,4.4712944,3.75829,4.7477655,4.61287,3.5111792,4.4568534,4.732019,5.2765117,6.193967,4.147743,3.7845316,2.9477763,4.56968,4.014489,4.9910083,2.15031,4.6166954,4.1403346,3.210693,4.403793,3.1932755,5.4528093,3.809702,4.186624,3.5298917,4.150805,5.5677485,0.9087935,3.3603091,4.768796,3.5198205,3.848605,2.0580199,3.8476417,6.713316,1.9888873,4.298777,3.5779884,3.5543964,2.9502919,3.7432435,5.4173737,4.52071,5.381231,5.4991136,4.3832407,5.496126,5.17899,4.767332,4.249422,4.679965,3.9464126,5.335163,2.8213794,4.7503295,3.687289,4.087799,5.1102724,5.942879,5.143537,2.369459,4.2654595,2.1392393,2.8970873,4.273123,4.570359,2.9148066,2.5345917,4.200108,2.5706863,2.6123142,5.5843925,5.136807
SIM-0077-TP,7.0674467,4.876679,3.7397993,2.432681,5.7398033,3.9730911,5.1506524,4.0863376,5.103343,6.2436748,5.150612,5.603167,3.598868,3.1376414,3.3997014,4.7130246,7.207122,5.5635104,5.8851776,5.1763854,4.733958,4.7877173,5.151597,7.6781416,5.6007147,7.0936337,5.5129666,6.835291,6.466819,4.865057,6.258254,5.505537,6.006712,5.603592,4.7563734,5.715122,5.7529287,7.855708,5.7255116,5.7133293,6.53514,7.311224,6.3272905,5.866338,6.9703484,6.9817333,7.4939203,6.2453604,5.067091,4.856245,8.083946,7.9930515,6.1659,5.56503,7.037963,4.290039,4.380822,7.6355944,4.609912,6.7026434,1.3152187,2.8198907,2.1953075,1.8621337,3.2600472,0.19552875,1.6717448,0.07437706,0.01,1.705517,1.380852,2.7690866,0.7044709,1.2683082,1.6085715,1.3516152,3.0387056,2.1381862,2.439936,1.5209041,1.5135422,1.8622673,2.1470582,2.514735,0.7029109,2.007724,1.8774407,4.884879,3.9117048,0.7573736,0.85719776,0.97813463,0.92635655,2.2407334,4.27125,1.5607669,2.0405242,0.01,2.2619183,0.8400161,3.653569,4.13356,3.7664144,2.251899,2.0813475,6.5734816,2.4322639,3.4145696,5.011957,7.179386,2.5065866,3.9970098,4.334776,5.461028,2.819863,3.3295279,5.1962314,3.9104476,3.4903045,4.038797,3.4318514,3.7571769,3.6123571,4.3689876,2.4079409,3.8722157,4.8250327,3.7989447,3.5513399,4.4820447,4.129963,3.3485746,3.9694989,3.9424098,6.350393,5.4409065,4.608133,2.8389125,2.9363313,5.762392,4.878759,5.143938,2.3981981,4.9432454,4.2300262,1.985827,2.8560255,4.17969,3.9983227,4.4139404,4.553911,3.4047794,4.5617256,5.2329574,1.7746496,4.1661587,4.797559,4.049672,4.135237,1.3068712,4.9761033,5.714842,2.4642746,3.84511,3.4771419,4.6164155,2.7337506,4.022275,5.3173223,5.11399,5.828062,4.7115064,4.4673123,6.5445433,4.6878157,4.769765,4.8313007,4.646154,3.710943,5.1482553,3.1868331,5.163717,2.7179413,5.3687153,4.670466,5.5707583,4.633056,1.6500354,3.0307417,3.451244,3.712799,4.304723,4.3493414,3.7413454,2.8462753,4.6552844,3.3083158,2.650504,4.2403474,4.9312673
SIM-0078-TP,7.2467456,4.4468794,3.5773072,2.2052975,5.1528935,4.603855,4.870784,4.715094,4.3173356,6.1481705,4.6841507,4.3159175,4.773312,1.9980286,2.9949045,4.731809,6.247254,4.3005643,5.329896,3.760603,3.686871,4.066735,4.520201,5.7596107,2.9206982,4.5463223,4.1671476,5.5658317,4.850697,4.383823,4.356495,3.2102876,5.128305,3.8775935,2.5998797,3.4348516,4.3853407,6.1184793,4.5231485,4.7526975,4.821554,5.289798,4.8060303,4.1920633,5.787602,5.3723397,5.653411,4.942848,2.338769,2.9974947,5.9392443,6.8732347,4.1679597,4.3464537,5.0062013,3.1427217,3.1077394,6.306729,3.6976428,4.457164,3.4741988,3.117189,4.7188177,3.8673215,4.2611537,0.373976,3.2421393,3.2415342,2.649652,3.3052177,2.7474065,5.130721,2.225758,4.4010963,3.0918365,2.2229428,5.001739,3.8907123,4.723637,2.6932998,3.6895108,3.0899444,4.6043687,3.5353055,2.026093,4.3246083,3.7659144,6.060042,4.810385,2.4922986,3.501318,1.4613215,2.7141027,3.6797357,4.8134274,3.5850496,2.7702308,1.0818142,4.784873,2.2953467,3.3752315,2.944216,3.7673528,2.2811491,2.993353,6.331241,3.251125,3.4252288,5.94119,7.093223,3.3828015,3.0761461,5.590661,5.4724054,2.8376603,3.1487718,4.186262,4.9217834,4.7589407,3.582557,2.7987626,3.8719096,4.233735,5.3415275,4.2051597,4.352209,5.2770996,4.469458,4.341711,3.5051873,3.6006963,3.8525183,4.942148,3.7989297,6.2236958,6.1719866,3.5337121,3.0137665,3.8965242,5.340797,3.698141,4.5387845,2.7661319,3.654172,4.5425634,2.703362,2.7074761,4.304681,3.9842267,3.6957836,3.7223816,3.2373538,3.4251611,5.126147,1.8629675,3.879685,4.141926,3.7761097,3.441128,2.611857,4.580387,5.488751,1.1604376,4.5264044,3.4301274,3.4851227,2.7405138,4.0738187,5.2813964,5.077503,4.9781256,5.02488,3.469576,5.530646,3.9161644,5.4686146,3.908285,4.573961,3.087902,4.479725,2.2959146,4.91507,4.71443,5.377438,4.563485,5.7262607,4.7151246,3.4412808,4.549851,2.9579725,3.5365863,5.6609054,4.8846717,3.0944705,2.564243,4.548892,2.7944312,3.8032238,5.135089,5.4156194
SIM-0079-TP,7.98907,6.6407723,4.0382724,2.2539191,4.8457456,4.944338,3.6644127,3.878627,5.5587397,5.7840357,4.9271083,5.283269,3.411732,2.4819622,3.3259206,5.187027,6.973502,4.5125546,5.1196322,4.089011,5.0390816,4.2827415,4.6091986,7.1989765,4.660674,6.673296,5.820424,6.70623,6.023879,5.9405975,5.973112,4.722149,7.262869,5.1985917,4.5583487,4.6635036,6.0112906,8.007557,5.5308046,5.93882,6.0338774,7.46313,5.7776566,5.079632,7.138093,6.2735195,6.791376,6.5218077,4.8075523,4.2605057,7.0825796,7.571498,5.81649,4.4855423,7.315052,4.8849983,3.5948157,6.4071884,5.6184664,5.951084,2.5720146,2.5080245,3.2217615,1.5249455,3.5242836,0.63559365,2.8697593,1.128432,1.5173383,0.7047403,1.5653629,3.3131244,1.3394442,3.2043707,1.7300315,1.5736849,2.8784168,2.5284255,4.7821445,2.5581644,2.1945565,1.9908814,2.5759056,2.8604386,0.9969456,2.279069,2.2251089,4.627961,4.235567,1.0701346,2.1898391,1.0130818,1.6539016,2.2361083,3.5925682,1.3526969,1.7033837,0.7360077,1.5450971,2.3585618,3.4342988,3.329059,3.5293624,2.8133774,2.4701414,5.932188,2.42482,2.7689683,6.0460873,6.9914722,2.8085034,3.2760403,3.9569688,5.4982605,3.2432806,4.085852,5.1758595,4.434033,3.815625,3.7819517,1.7539551,3.653863,3.5459492,3.7126474,3.1609757,4.5390844,4.4460926,3.8000367,5.1257076,3.2518022,3.9084933,2.6952872,3.940676,3.8038447,5.59938,5.86032,5.061422,3.6577818,3.3998952,4.501275,4.141214,4.713854,2.6910095,5.804115,4.9889402,3.3378136,4.845273,4.3118715,3.9079375,3.7965076,3.4389853,3.7818394,3.2891364,5.2067323,1.3756746,4.2379675,4.7320576,3.8141851,4.666102,2.317465,4.4480176,4.9185033,2.1561098,5.38874,3.7563639,3.992583,3.0606878,2.9439416,5.2517405,5.2868204,6.2756653,5.1148124,5.2209215,5.1143856,3.953144,5.7597995,3.9924154,3.9221022,3.274917,4.5862684,2.9599926,4.881045,3.8192914,4.5913687,4.883247,5.5558906,4.2377863,3.0613308,5.0179076,3.799303,3.8067815,5.378436,4.602356,3.5038707,2.7761588,4.6921873,1.7655761,3.1809971,4.712545,4.7327323
SIM-0080-TP,7.7230153,5.4701486,4.5886006,2.0195556,4.6990056,3.6360965,3.8451867,3.4462466,4.238481,6.555275,4.842569,4.875494,3.3246946,3.4227982,5.2250566,4.350993,7.286187,5.0012555,5.9535255,4.419147,3.0103195,3.9634354,3.5348842,6.3990235,2.9678636,5.2580276,2.6186495,4.986075,5.826593,2.591267,4.075811,3.4810238,4.3320274,3.442757,2.820099,2.5960608,4.283578,5.3352857,5.1711884,3.755355,4.570632,4.9714837,4.6859536,3.9558065,5.315919,3.9150887,5.1595545,5.0263205,2.3937943,2.9522917,5.178592,6.2278576,3.477282,3.1352189,5.1052732,2.616053,3.3076098,4.6780186,3.0578167,3.9809046,3.2648065,4.6593533,5.8209333,4.078611,4.7797656,2.82589,3.8724802,2.684641,3.0707846,2.5555208,3.5605922,4.6164074,2.3226974,3.9055877,3.9657762,4.225161,5.465861,4.7062926,5.20854,2.6665816,3.4878879,2.6364753,3.2808132,4.0957394,3.0479007,3.8649473,4.9959936,6.748525,5.7521405,3.8399117,4.4951735,2.7928371,3.0216641,4.04047,4.482484,3.2497077,2.8208327,1.6881735,3.9676342,1.9457313,2.8386898,2.8697152,3.8794737,1.9953263,2.3976958,5.7761536,1.9878774,2.635839,5.7303295,6.7498717,2.8843312,3.8411984,4.682419,5.4119225,2.2252445,4.39052,4.9700603,3.9574351,3.7626965,4.4001746,3.4896924,3.8871315,4.2634478,3.627369,3.4267213,4.3040323,5.184001,4.961026,4.4767013,3.58431,3.368365,4.1013317,4.573391,4.126754,5.921303,5.7072854,3.8923666,3.430542,2.3001535,5.011499,3.9413025,2.8514597,2.0820298,4.478005,4.3492255,2.8904307,4.4124413,4.416072,4.2195234,3.9556358,4.332416,3.9751623,4.2934194,5.827115,0.22002435,4.8076754,4.9713774,4.4045615,2.9215822,2.8484535,3.9810572,5.994271,1.8246858,5.9770317,2.9503663,3.9731686,1.886008,3.6449325,5.087402,5.151247,5.519622,5.7467237,3.9270267,5.602954,4.308037,5.0757823,3.8876162,4.4276586,3.4359913,5.3202415,2.3727643,4.97675,4.613452,4.3312507,4.995373,6.159036,5.461368,2.7909832,3.9832048,3.0430295,3.1142013,5.3172445,3.9696822,4.0445843,3.2113612,3.5747259,2.9191184,3.9085336,4.8084054,4.6914926
SIM-0081-TP,6.084136,5.4932923,3.1679595,3.2305717,5.3937635,4.4136195,5.1589937,5.2066946,5.6050644,6.6846128,5.457831,4.761811,3.3215995,4.5230474,4.39422,5.4935365,6.290363,5.374182,4.528701,4.0101037,14.926436,15.426773,15.971372,17.741983,15.669183,17.612408,16.430614,17.445473,16.315784,15.368065,17.034424,15.874469,16.595669,14.895693,14.469388,15.198308,16.51009,16.76651,16.636883,15.257729,17.123417,17.570866,16.148256,16.244736,17.443624,17.251804,17.73658,16.413229,14.793491,14.92391,18.660488,17.63287,16.305044,15.337176,16.588663,15.157269,15.451061,16.748886,15.017988,16.307613,0.01,0.01,0.01,0.01,0.01,0.01,0.01,0.01,0.01,0.01,0.01,0.01,0.01,0.01,0.01,0.01,0.01,0.01,0.01,0.01,0.01,0.01,0.01,0.01,0.01,0.01,0.01,0.01,0.01,0.01,0.01,0.01,0.01,0.01,0.01,0.01,0.01,0.01,0.01,0.01,3.934895,3.4215627,3.7450688,2.4871552,3.2492232,6.1707525,3.6634278,2.1535034,5.033459,7.3991046,2.419062,4.6534195,5.0102262,6.5224833,3.455361,3.2939303,3.9476666,5.1824136,2.8740597,4.65862,2.9599116,3.7237,3.9546363,4.4648156,3.3434677,5.184382,5.708416,4.233259,4.0517592,4.7061324,2.9888043,3.5003881,4.686282,3.4885373,6.580061,5.5601616,4.1129966,3.7185545,2.3447464,5.6257396,3.2715762,4.622996,2.277336,4.6575904,4.649233,2.8497841,4.0558233,4.5437927,4.278814,3.8537593,3.6604285,3.5971208,4.2766705,5.384812,1.9890679,3.8098748,4.3644958,3.5946517,4.0997005,1.9526914,3.8066685,6.550443,2.8149493,5.352376,3.898723,3.8921003,2.8072996,4.055099,5.866304,4.5485635,6.7685833,5.0787525,3.7420826,4.8831735,3.5951052,4.6210823,3.58742,4.407846,3.2882721,5.4112697,2.8441427,4.789111,3.5205917,5.882541,3.9851267,5.9713016,4.63995,2.818837,3.9226322,2.8323147,3.3484004,6.2078567,4.6387367,4.2858953,3.122406,4.043662,2.7107763,3.6109834,4.0178127,5.2281833
SIM-0082-TP,7.6247134,5.3760777,4.1287503,2.8046079,5.2840385,4.7511272,4.46426,5.6732216,4.777999,6.5361047,4.4766965,5.2518997,3.4464345,3.5187805,4.3224077,4.838457,6.83335,4.5274224,5.6560125,5.1899486,3.3120077,2.6537714,4.0857787,5.9460263,3.8136063,5.378385,3.6685414,6.121481,4.233944,4.4120727,4.852345,3.2868547,4.3365088,3.664736,3.2000742,2.2801375,4.711602,5.1382113,5.0699706,4.4015584,5.5057096,5.903707,4.3303156,3.4530475,5.4890475,4.6769443,6.392139,3.982238,4.0492954,3.5325425,5.8124795,6.8858895,3.69223,3.982921,5.086522,4.079552,2.5448928,4.1864195,3.5513515,4.919353,4.0506663,4.1352863,5.6536317,3.7695646,4.5918403,2.5123777,3.5646589,2.51027,2.7530596,3.2286716,3.4577873,5.15428,2.3096645,3.8310914,3.4398046,3.552694,5.5460806,4.4595804,4.9221334,3.8461719,3.5451694,3.8999457,4.3385873,3.1642349,1.4060423,4.464809,4.1843433,6.243372,5.9606876,3.8470984,4.156069,2.754355,2.702617,3.6738966,3.7493377,3.3243597,3.636854,2.1844866,3.911736,2.5972388,3.1884217,2.7104568,3.824025,1.7533586,3.4109316,5.4780617,2.6140506,1.9351053,5.985191,6.903875,2.650038,3.1653595,4.3427863,5.456467,2.9447088,4.733437,4.863426,4.7012,3.3916116,3.4739594,2.6136253,5.013789,3.5898986,4.412889,3.0304735,3.0939026,4.6178,5.345784,4.6494517,4.8736176,3.8262234,2.1000264,3.76214,4.101226,6.211975,5.568143,4.1207223,3.7068007,2.6369152,5.3450513,4.360413,4.2958922,1.8147659,4.7137733,5.3912315,3.4457932,4.0386696,3.8704853,3.3336222,4.256076,4.3488955,3.816647,3.9672928,4.7395196,1.8670417,4.3562174,3.836966,3.914694,4.248616,1.922346,5.2175255,5.6728244,2.2728577,4.886382,3.478159,4.501782,3.3900065,4.209597,5.3923044,4.3544784,5.72778,4.964564,5.172385,6.2450714,4.3932314,4.364751,4.473849,4.134888,3.2374923,5.7644105,2.566722,4.622887,3.6939695,4.5129623,4.9087367,5.439474,4.445414,2.075742,3.6395116,2.4085357,3.6053274,5.433432,4.6615376,4.4779634,2.908502,4.335256,3.1428146,3.2974315,4.448909,5.1656613
SIM-0083-TP,7.8200803,4.855195,3.3930714,2.6447775,3.9600148,4.611491,5.458703,4.224966,4.766373,6.5013947,4.5530233,4.985983,3.7030153,4.2281647,4.287379,5.4798765,6.55218,6.101015,5.4272246,5.1383343,3.1283953,3.2370381,3.3892775,5.794964,1.8855853,5.375685,2.8526533,5.516373,4.5608,4.4434905,4.3601837,2.1128645,4.75352,3.3731787,3.3568997,3.017666,4.4740725,5.44297,3.7036886,3.6649182,3.38588,5.01083,3.4873028,2.8702023,5.1645284,4.6957808,5.5198593,3.9338388,2.301827,2.4732442,5.2398167,5.6922503,3.0597148,3.9674716,5.177929,3.0810828,3.548884,4.8072624,4.004958,2.9615583,3.590129,4.889113,5.6620965,5.0148163,5.496129,2.099624,3.8252923,2.6775503,2.5432827,2.9177241,3.369252,4.4567337,2.8743956,4.8789515,3.9824588,3.5111167,5.5097723,4.711441,5.3170457,3.793933,3.2040873,4.101674,4.312332,3.812362,2.527186,4.243442,4.4425535,6.360908,5.3108416,3.7722392,4.231919,1.5428697,4.0790844,4.2111173,5.300847,3.8400278,4.172123,2.3541436,3.9578495,2.2497654,2.4574447,3.5622187,4.5767527,1.8349493,2.3980646,5.850614,2.4206274,3.440695,5.9461,6.7904778,4.157193,2.9145405,4.615511,5.2042084,2.9344244,3.8290412,5.1996355,4.3041754,3.4403698,3.7266345,2.0851278,4.077981,3.8742797,4.449754,3.4099014,4.3750997,5.600516,4.6663227,5.059157,4.2394524,4.6764164,3.0704005,4.2160687,4.5002637,6.514879,5.4281297,3.8627176,3.1349607,2.5451543,6.053395,4.6427693,4.0971823,1.7329185,4.5382814,4.175008,2.806219,4.0857487,3.7804587,5.1972356,3.2361786,3.191988,4.592175,4.8131905,5.380317,1.6240077,3.9664342,4.2448683,3.647754,2.3871017,1.8209152,5.2360725,6.655057,2.33522,4.384846,3.8105354,4.1581664,3.2474613,2.4020295,6.8789225,5.148893,5.63338,4.8181734,4.9327397,5.991632,4.485067,5.0571556,3.6470692,4.267477,3.6657574,5.1612425,2.9671571,5.4787807,3.0107956,4.772306,4.764149,5.4557123,4.5327587,3.0718305,3.8585613,1.9133874,3.2700493,5.540285,4.657378,3.5790882,3.223477,3.9633691,2.18692,3.1082902,4.000621,5.01276
SIM-0084-TP,7.8813734,5.5673456,4.162192,2.5260983,5.7284822,4.237104,4.3375125,4.448773,4.218989,4.6274843,4.6005907,5.2600513,3.6494093,3.170762,3.6443748,4.10126,7.156972,4.886005,5.531214,3.903593,3.4423175,3.4755588,2.7911541,6.7107415,3.1060781,4.533218,2.9502666,4.539924,3.7245126,4.2314277,3.848885,3.653817,4.589679,3.819287,1.7514008,2.2886822,4.45727,4.9416757,4.3465242,3.1860094,4.2940483,6.1109967,4.6066823,2.6637022,5.5304747,5.339875,6.934264,4.420772,2.093321,2.8491797,6.448945,5.6301217,4.3420353,3.1970112,5.647621,1.6481646,2.6301053,4.6402664,3.4237165,3.3445692,3.586729,4.502402,5.364368,4.1210537,5.0099235,1.7782465,4.6308703,2.6621342,3.7451882,3.678367,3.4878778,4.771243,2.7769752,4.329967,4.0631046,3.0020313,5.2214794,3.4798584,5.248748,4.5724506,2.595253,2.9765222,4.3528943,4.870288,3.0783098,3.138181,3.386664,6.5663476,5.2872233,3.2150998,3.8106143,2.2916791,4.31667,4.610839,5.811649,3.7312071,3.2708168,1.7554873,3.6885242,3.2781367,3.1453779,3.9856555,3.5328028,2.3495092,2.4184144,5.9038506,3.7987509,2.6836872,5.684553,6.573,2.8489535,3.5810978,3.781929,5.516513,3.317986,4.2682157,4.7893376,4.464264,3.4433463,3.6149561,2.1653178,2.9835014,3.382389,4.6841965,3.2324643,4.298529,4.829973,4.7777834,3.8875654,4.191682,3.9658513,3.3124053,4.4386697,3.9312959,6.4896793,5.558726,5.2580347,3.2591827,2.035855,5.5102983,4.4587975,4.496416,2.1256285,3.8701286,3.4809985,3.7133288,3.235724,4.746527,3.2509503,3.1843996,4.235832,3.696772,4.4213963,5.4646754,1.3295056,3.423128,3.579511,4.9973445,4.41174,1.7239268,3.7759557,5.5534635,2.636356,4.772919,3.9212346,3.914051,2.889786,4.872083,5.037443,5.402629,6.4557433,5.4294586,3.476021,5.7594633,4.1816454,4.8380337,3.1719456,4.444675,3.7950685,5.574596,2.630607,4.252638,3.9851897,6.049284,4.7855635,6.046795,4.613313,2.1762247,4.2621846,2.7749596,3.6834817,5.764982,4.811292,3.579997,2.5597796,3.5757675,2.762129,3.3195791,4.050848,5.275812
SIM-0085-TP,8.238832,5.768929,4.505261,1.9168527,4.473921,3.9154296,4.397397,4.101993,4.2157016,5.801737,5.230254,4.0389075,5.022685,3.1941957,4.931533,4.460722,6.90562,4.6745734,6.147966,4.066056,6.25786,4.9558773,6.416483,8.854853,5.3364725,8.4815445,6.688444,6.56166,7.1403656,6.8632154,6.847112,6.769999,7.7669106,6.344632,6.5799685,5.8575077,6.6639028,7.9699397,7.4486847,6.151907,6.747979,7.853238,7.0642314,6.1593657,7.1148257,7.6768184,8.000579,7.8602242,5.594548,5.9324665,8.633381,9.048216,6.7726727,6.4014196,8.675083,6.802963,5.637397,7.7078123,6.2697945,6.91493,1.1906142,0.59168077,2.640366,1.9233398,1.5943136,0.01,1.3760638,0.3940022,0.5670724,0.79534125,1.2091279,2.7568307,0.10813427,0.5412762,0.65974784,0.1031034,2.6644182,2.3191934,3.1412268,1.4230194,1.1209977,0.32081723,1.5216913,0.802093,0.06942487,2.2315936,2.1078243,4.181595,3.1190119,0.01,1.1391082,0.4248736,0.9472065,0.8557377,2.5911365,0.01,1.0809233,0.01,0.5587511,0.6795287,3.7502494,3.2393386,5.001591,2.5597715,2.2104762,6.3888493,2.5695386,3.536594,5.977402,7.0950284,2.107249,3.662427,4.3134227,5.216591,2.9023921,3.9725983,4.7751627,3.7287164,3.4872355,3.6321647,2.721861,3.8045926,3.527806,4.0068383,3.4782841,4.953027,5.152036,4.866964,4.918352,4.8014965,4.684398,4.0599165,3.739923,4.2264266,6.7023287,6.272868,4.0004873,3.565633,2.92519,6.114673,3.5691032,4.0954986,1.3500972,4.9997463,5.586341,2.8673985,3.578992,4.5388365,3.9943216,3.8908417,4.0926175,3.3252442,4.1055393,5.8424582,1.8976295,4.4124007,4.34423,4.4738865,4.0031776,1.9458932,4.0101056,5.6649513,1.8286297,5.0672784,4.196016,3.583654,3.1646762,3.3509784,4.7917566,5.610436,5.231195,4.537752,4.5464444,5.8781953,4.772609,5.8286023,3.3148642,3.7773275,4.106979,5.459146,3.221737,4.4874163,4.372293,5.5728383,4.8456373,5.5281825,4.7841225,3.252203,3.3860629,2.4280934,3.167819,5.305818,4.6296654,3.780355,3.2169898,4.0632024,2.9219365,3.6408553,3.4711564,5.691104
SIM-0086-TP,7.438245,4.9284782,3.8595588,2.3904781,5.380991,4.148736,4.5009723,4.871158,5.095923,6.1793017,5.5719337,4.3345366,4.6149697,2.9807682,4.344394,4.662018,6.4840755,4.802468,5.1896577,4.7043285,5.071638,6.385598,6.4579754,8.796957,6.30385,7.6184726,5.4055023,7.2452893,7.5716047,7.0040803,6.939176,6.0083866,7.2097893,6.241173,4.7598553,5.611622,7.2927485,8.471828,7.903499,6.2380137,6.814207,8.231444,7.2001987,5.497401,8.266571,7.4118476,7.334993,6.9838123,5.230193,5.264112,7.840811,8.790693,7.560302,6.6082573,7.2406855,5.8946853,5.8668866,6.9517536,6.64114,7.2936935,0.6433773,0.656775,1.5427127,0.8988092,1.7072544,0.01,0.7507076,0.58178663,0.15366721,0.36271143,1.2151875,1.728816,0.01,0.91053176,0.3612461,0.01,1.8710408,2.231608,2.878892,1.2491531,0.5109334,1.6416574,0.8534801,0.8352268,0.6188266,1.2453594,1.033706,3.9345036,2.798678,0.01,0.42100787,0.01,0.6532676,2.2150455,2.2018757,0.25840855,1.2067375,0.01,1.0508504,0.01,3.0646331,2.5960917,3.9239633,1.9881011,3.334407,5.3435287,2.1319075,3.025529,6.0976315,5.611499,1.9607282,3.4999492,5.0195775,6.6725783,2.8058941,3.6693985,4.358905,4.7513695,4.3881087,4.4941874,2.6106038,3.3425603,3.737711,4.9225636,3.2444143,3.5638242,4.832711,4.0159163,3.4411075,4.169174,4.2530866,4.2083883,3.650306,4.267974,6.5765862,5.833165,3.8824458,2.7044795,2.9361868,5.236232,3.9830322,5.1259623,2.0550382,3.980588,4.3423924,3.129706,3.6994557,4.4308286,4.7994614,3.1504335,3.6846576,4.52055,3.1688876,5.4446445,2.047802,4.3701577,4.5065703,4.6387134,3.1075737,2.9298668,3.7279644,5.1571436,2.6600757,4.617321,3.774823,4.1540594,3.8361564,3.882406,4.9907775,4.9208994,5.316435,5.63399,4.4714007,5.9442067,3.548666,3.7026153,2.9527168,4.939431,2.7284987,5.3557386,2.5007424,4.6623354,3.786989,5.9931364,5.0431213,6.0131626,5.379124,2.1113613,4.4672184,3.278644,3.9266698,5.43372,4.418876,2.8661578,2.5826914,3.5742755,2.9668636,3.2146916,4.5277095,5.399253
SIM-0087-TP,7.0801806,4.6907067,3.5720882,2.2275095,4.3807955,4.922208,3.5429595,5.147292,4.6533284,6.4271235,5.405342,4.952769,4.77719,2.7185378,4.3683,4.3178744,5.750065,4.657495,6.8145685,4.4729357,3.8068142,4.077797,4.772339,7.0812163,4.3576794,5.001073,3.211237,5.0789924,4.384982,3.9181936,4.335329,3.1123033,3.7572598,3.726826,2.4279919,2.4274256,4.101211,5.3930197,4.715013,3.797991,4.866051,5.40901,4.175118,3.6681828,4.460474,4.597795,5.960351,4.6786594,2.099444,1.8723507,5.382519,6.415997,3.9309685,3.229465,4.734975,2.5509596,2.7294974,5.1111355,4.111667,3.469927,4.21314,4.662953,4.8176413,4.0486755,4.814349,2.0314455,3.096011,3.222361,3.0993195,3.9116447,3.331481,4.643176,2.569174,4.1762395,3.5643394,3.9744809,4.4401646,4.736542,4.9662905,3.7738273,4.1580644,3.0770197,4.102763,3.5392504,2.992146,4.6146064,4.3130555,6.4591165,6.5410457,3.312008,4.1224,2.8941865,1.9711727,4.277271,4.666816,2.8562577,4.0831466,1.6653082,4.7836185,2.2337413,2.9287252,3.5043144,3.7350516,2.3959353,2.4768014,6.057959,2.5604594,2.9929612,6.157733,7.712278,2.727177,3.434932,4.0803246,6.4635897,3.3583052,2.8052053,3.805777,4.0197372,3.7389166,3.849442,2.8824935,3.6741045,4.432322,4.6182256,3.4834611,5.0442085,4.188263,4.112892,4.4205127,4.3541737,3.1425014,3.1482384,4.516725,4.1412945,6.686233,5.9541073,4.3554235,3.5744295,2.7869067,5.26453,4.6601505,4.4574933,2.4364088,5.4080925,4.810503,3.5063052,4.6926994,4.615181,3.8218205,3.9637403,4.130921,4.054778,4.9000707,4.629436,2.1902604,4.6883583,4.4605474,4.5920615,3.507263,2.2464402,4.6769714,6.0441265,2.8264935,5.1771626,4.12067,4.332,2.4349272,4.081678,6.2293377,4.569342,6.482052,4.7187643,4.424206,5.4233556,5.1286035,5.6482263,3.653831,4.6520767,4.1278896,4.9731245,2.8865721,5.1491585,3.3880801,5.226296,5.8222623,5.5706396,5.157688,2.6898618,3.8511639,2.9388204,4.3580303,5.7880273,4.992443,4.1015005,2.8415773,3.5093246,3.6676135,3.3971207,4.7588096,4.7741475
SIM-0088-TP,8.01159,4.8619924,3.975351,2.231695,4.5472193,3.8786683,3.2720668,3.3799937,5.003571,6.233273,4.5380616,5.1418138,3.3113053,3.544236,4.14831,4.7347546,6.4463825,6.0927644,5.4284906,4.558954,5.08025,4.4281864,4.3521543,7.7024302,5.4328547,6.5419965,4.8560295,7.261467,5.856289,5.673494,5.076826,5.380081,6.435335,5.817294,4.076276,4.500628,5.4078617,7.330547,6.775395,5.5954947,5.4773755,6.8405714,5.288416,4.815696,7.316292,5.580124,7.5664296,6.070615,4.3842764,4.6200247,7.056607,8.018597,5.34582,5.2981386,7.083278,5.1122007,5.2520046,5.2069855,5.6070256,4.9970913,1.7913871,2.408978,3.3569431,2.466485,3.129468,0.01,1.6718738,1.2642756,0.13481164,1.0088494,2.465406,2.2882428,0.6290393,1.8599718,2.6439552,1.5288868,2.8883433,2.1482239,3.4675498,2.1060684,0.98663807,2.3959932,2.5035195,2.7280135,0.8770349,2.3375726,2.2471704,5.3718057,4.0604672,1.2766242,1.6089864,0.4040668,1.6536446,2.8508897,2.9890652,1.4596965,1.5634289,0.15738344,1.1090765,0.6007099,2.7876382,3.1395814,3.4552507,1.9941511,1.9358144,5.927629,2.1505256,3.2821686,6.0765276,6.9801817,2.6774623,2.6129076,4.1124525,5.3479695,3.13678,4.0645757,4.939654,5.0662856,3.3396869,3.561289,3.1440434,3.8449345,3.6101131,5.155431,3.7335382,4.3762665,4.6697435,4.8186855,4.455255,4.065414,4.3382225,3.7184858,4.5914297,4.3447013,6.3188553,5.8508,4.0200276,4.14212,2.27075,5.345832,3.5943656,4.4310794,1.9697672,4.995316,4.6252995,2.4114025,3.513768,4.960554,3.3963344,3.2808018,4.326889,3.7868,4.22814,5.982643,1.0363071,3.503482,3.8551912,4.1218925,4.2978463,1.3927382,3.730886,5.044509,3.1669855,4.556628,3.508138,3.1313586,2.8159087,4.0988045,5.426523,4.5287232,4.949869,5.013436,4.512544,5.248022,4.7664385,5.2705226,3.4391046,4.429462,3.2477062,5.563153,3.8387716,4.235518,4.1940913,5.8237295,4.2655287,5.533086,4.4375863,2.3615692,3.754864,2.7288506,3.9007144,4.5633225,4.150587,3.6360335,3.2626708,3.503511,3.0632908,3.9922934,4.287496,4.6513314
SIM-0089-TP,8.189537,6.0527515,3.5855224,2.6685634,5.767153,4.1108327,3.7577472,4.050302,4.055006,5.266252,4.178831,5.3826866,3.1537294,3.2065923,4.373394,4.946027,6.524241,4.9756727,5.9710217,3.8184726,2.5002646,3.0922694,3.3215687,6.4530063,3.8393154,5.1203184,2.801508,3.9508717,4.110359,3.2809937,3.7039282,3.5762277,4.598144,4.583982,3.1258118,3.7865229,4.640034,6.231821,4.0904174,3.453984,4.1712227,5.4099436,4.0151796,3.1983783,5.4245844,4.0359344,4.8788867,3.732068,2.7682302,2.246258,5.6467595,6.1337643,4.217579,3.3962767,4.91935,2.7150195,3.5429723,5.1978016,3.8917167,4.705473,4.5912814,3.9860837,6.040887,3.850433,5.043987,2.1942372,2.8528755,2.5637794,2.0606663,2.1209471,3.9956572,5.840412,2.4348943,4.347833,4.148267,3.6666157,4.8802247,4.305395,5.4963007,4.1729646,3.425083,3.8799958,4.107019,3.270219,3.2545934,3.3383005,4.4280443,6.7854657,5.1967516,2.7329793,4.6634774,2.38694,2.6893094,4.6061683,4.709639,2.2007773,3.4958615,1.2845252,3.8880515,2.4213636,3.8241627,3.2148883,2.611133,2.4332778,2.388089,6.837606,2.9101813,3.2812934,5.481643,6.510033,2.8156085,3.451443,5.01056,5.652038,2.400732,3.3409317,5.259863,4.3511376,3.513488,4.3962708,2.1677227,2.644238,3.3071792,4.3532147,3.319917,3.6913238,5.5207458,4.237178,4.5462637,4.2629604,3.3508222,3.4298813,4.770221,4.4728684,6.4537997,5.8299193,3.517136,3.2294755,2.4093013,5.8322268,4.827939,4.004879,2.232425,5.051693,4.904816,2.0517602,2.423664,4.2827916,2.7867584,3.7871149,4.1926155,4.3660626,3.8412786,5.5520825,1.7590964,3.1752896,4.6341863,4.433165,3.3253622,2.3139687,4.258328,6.1173873,2.2859085,4.9773736,3.361009,3.4697542,3.032868,3.21716,5.7003345,4.878772,5.3497543,5.284302,4.054237,4.941778,4.1403804,4.8028297,3.9641333,4.141286,3.7564135,4.499001,2.633347,5.604534,2.8438091,4.94527,4.2151217,5.722947,4.513551,2.7290373,4.060807,2.1751842,3.1876392,5.51117,5.007224,4.5175476,3.3376806,3.5265322,2.7365172,3.419348,4.052314,5.390441
SIM-0090-TP,6.7456107,5.3581533,3.5611715,2.5233757,5.9542565,3.2880917,4.564751,4.8814025,4.9437165,5.0398355,5.581856,4.5077815,3.472445,2.8149042,4.0549626,3.884822,6.4757075,4.640902,6.012588,4.5805454,8.798971,8.100146,8.044229,10.564678,9.446365,10.340623,7.9219427,10.94923,10.234112,8.338803,8.75358,8.4501295,9.082109,8.667807,8.301455,7.2065115,9.490168,11.334419,9.531181,9.014633,9.122855,10.892502,8.802002,8.881548,10.290127,10.162642,10.415462,9.105446,7.3256783,8.021563,10.6101,10.463709,8.608152,9.056445,10.081043,7.556951,8.724533,9.731346,9.254197,8.9862795,0.01,0.01,0.9300451,0.01,0.049478054,0.01,0.01,0.01,0.01,0.01,0.01,0.108727455,0.01,0.01,0.01,0.01,0.01,0.01,0.01,0.01,0.01,0.01,0.01,0.01,0.01,0.01,0.01,0.63041496,1.1711364,0.01,0.01,0.01,0.01,0.01,0.31249428,0.01,0.01,0.01,0.01,0.01,3.7375412,2.7269316,4.643306,1.3899922,2.816398,6.289015,2.609194,2.4406562,4.8060255,6.639353,2.5714917,4.187619,3.9501278,5.955083,2.367023,3.994846,3.6584873,5.4824142,3.5533102,2.4689267,2.2662294,3.323995,3.4057035,4.0498495,3.1133642,4.0633326,4.4333744,4.566324,4.9523244,3.9258685,3.991266,2.7152765,4.352005,4.017695,5.983469,5.7713923,4.540201,2.7098732,3.4841123,5.08732,5.100535,4.690354,3.2408805,5.515073,4.5680156,2.5280159,3.1776915,4.5302343,4.12403,3.4133158,4.3130417,3.7674081,4.5720677,4.983757,1.9330773,4.0136476,4.775297,4.784709,3.5856087,2.160591,5.219511,5.582066,2.8403554,4.673135,2.740533,3.325006,3.150062,4.0161095,5.504651,5.15563,5.927942,4.789795,4.736238,5.8287387,4.151214,5.0642476,3.743114,3.7640457,3.213643,5.6963677,3.5121403,4.8764224,3.8379827,4.454724,5.6105514,6.338817,5.1067505,1.2905943,3.9535081,2.7644286,3.823128,5.285713,4.5216784,3.610776,2.5994935,3.7457607,2.880103,3.9981027,4.716244,5.693014
SIM-0091-TP,7.9920616,6.0438213,2.673017,3.7466805,6.100042,4.418038,4.9776325,4.0929585,4.4480577,5.433492,4.87358,5.056045,4.059128,4.197781,4.4374847,3.877808,7.2731867,4.3468084,5.608865,4.647023,3.719164,3.007684,3.5970576,6.0835986,4.18499,6.125699,3.1816738,6.1249228,5.5458603,4.209347,3.663468,3.505104,4.843963,5.011372,3.410763,2.9141684,4.942032,5.6269374,5.112682,4.08805,4.5650845,6.1892676,5.790019,5.3834863,5.281876,4.825973,6.4890423,5.4631486,2.3890092,3.3710291,6.1028767,5.457175,3.8474169,4.0284457,6.186372,4.092526,3.977967,5.8126163,4.314277,4.337925,3.0491621,3.9898133,5.228243,3.3211274,3.4838614,1.422137,3.494752,3.0776093,1.7462857,2.0924292,3.3484368,4.016666,1.7532454,3.9621816,2.1348078,4.0049086,4.0009203,4.27596,4.587478,3.2856555,2.4771442,3.5089097,3.3733153,3.19458,3.1267629,3.4096613,3.1948605,5.076811,6.1141133,2.1752741,4.048016,2.040465,2.7852156,3.705007,5.618309,1.4792871,2.7575045,1.0245893,3.0352676,2.3167217,3.3374336,3.2172046,3.8939486,1.5854926,2.7236378,6.487274,2.4415445,3.8371625,6.5046997,7.327043,3.2443438,3.6467996,4.9122415,6.5140753,3.4171548,3.4695804,4.757497,4.7216015,4.0427165,3.8274384,2.3416998,4.55393,3.1974525,3.7615042,2.7811089,3.999763,5.6363883,4.795846,4.314734,4.3013124,3.994832,2.6824536,5.425548,4.590083,6.270378,5.1454096,4.2733793,2.89073,2.9363797,5.3461046,4.0921865,3.7529373,3.3214436,5.0462017,4.6827164,2.6783645,2.7474697,4.222067,3.8908558,4.062596,4.3495507,4.1305375,4.646699,6.373325,1.6282674,4.3127575,4.4234424,3.345976,3.550825,1.8094225,4.4437118,5.3318453,2.768979,5.3543425,4.2732596,4.7483063,2.1090896,3.0660439,6.7639523,5.087417,5.844536,5.193431,4.410657,4.7770615,4.0528283,4.772064,3.345499,3.773978,4.5819416,4.8637576,2.9607563,4.903619,4.104079,4.9326057,5.3743596,6.0424275,4.0871925,2.3742077,3.8469727,2.7189102,3.7363687,5.8285913,4.89586,3.4705272,3.0291014,2.9571786,3.1723862,3.573037,3.8196287,5.2956033
SIM-0092-TP,8.155093,5.75027,4.107693,2.7759647,5.3648033,3.9339955,4.682084,3.8317466,5.034179,5.366276,5.542659,4.676949,4.074705,2.478803,4.416127,4.8354454,6.9791102,4.2411904,5.865531,3.368204,2.4811354,2.2535183,3.6888835,6.3285356,3.4066327,5.5750837,2.939102,5.236366,4.417962,3.8002448,4.6125507,4.386152,4.2303386,3.9618764,2.9339528,2.8876185,4.296177,5.412552,2.3675015,4.6487665,3.9384599,5.185223,4.109236,3.197171,5.226409,4.4066,5.1774883,4.2578855,2.7590077,3.0957599,4.9807367,5.320971,4.18313,3.2969413,5.009743,2.5978088,3.0547836,4.594737,3.5004156,3.4805956,4.2231364,5.0006843,4.452267,3.3138144,5.1453676,2.734726,2.886692,3.564488,3.600127,2.6906414,4.4557104,4.8269053,2.830926,3.6710148,4.016345,4.089553,5.865113,5.258419,5.332823,5.3996835,3.9794536,4.046399,3.7439198,3.411557,2.193098,3.6236572,4.9168797,6.7610188,5.570158,3.0788221,3.5837436,2.9365833,2.969894,4.4904485,5.3558965,2.8464823,4.1398563,1.7049253,3.340959,3.3640256,3.4978085,3.3273532,3.3133974,2.6484797,3.6191688,5.4978304,2.8896818,2.5105596,7.1817164,7.5248833,2.969487,3.0178173,3.8485274,6.1018353,2.3318968,3.0891652,4.781753,4.501475,3.8138597,3.6464145,3.0851774,3.3309188,4.0469346,4.3392305,3.7449973,5.0625377,4.7850494,3.8248906,3.5075598,3.0436544,3.9120972,3.2246804,3.7734528,3.4671636,6.854895,6.011275,3.755043,3.0157688,3.0905898,4.8779173,3.8584015,4.311021,2.8007445,5.518139,4.086697,3.119845,3.5252695,3.7595994,3.9039297,3.0757117,4.4780393,4.5242586,3.947276,5.146952,1.9606388,4.3712244,3.6193066,4.2219715,3.5986161,1.8578901,4.520986,5.3773775,2.1960082,4.8131566,2.9269435,2.910449,3.4062378,3.2953823,6.3674765,5.5685744,5.4790726,6.3469386,4.907874,5.4212775,3.1480732,5.1720657,3.7190769,4.2822266,3.188158,4.4176555,2.608183,5.135669,3.6321614,4.9910383,3.9911752,5.8662467,4.174809,2.8872228,3.5659964,2.680141,4.563712,5.3579416,4.4172463,3.5938804,2.0936518,4.658187,3.2804098,3.5910857,2.6234605,5.025606
SIM-0093-TP,7.068987,5.8596888,4.232322,2.619563,4.4984856,4.7310524,4.411338,5.1009445,4.848955,5.9625883,4.725688,5.475619,3.950203,4.0903525,4.404997,4.838756,6.682655,5.6602845,6.372322,4.4992113,4.330872,5.8845015,4.9998465,8.590398,5.5651555,6.57403,5.72775,8.453157,6.6730733,6.6707273,7.5815077,6.220944,6.5680757,6.1079493,5.4592094,5.8833942,7.224038,6.638574,6.1763144,6.2907734,6.2226076,5.900381,6.300998,6.0316925,7.2880716,6.3747096,8.000914,6.7992034,4.9856577,5.7621374,8.12421,7.732334,5.702637,5.954753,8.46258,4.925535,5.847638,7.1350303,7.0464363,6.634429,1.0430188,2.261334,3.3480678,1.4476542,1.617516,0.01,1.538614,0.01,0.4640224,0.35892606,0.46365047,2.2954192,0.8706417,2.190237,1.5447814,1.3625181,2.8562317,2.1430125,2.3404474,0.94831824,0.5560417,2.0323958,2.3364172,1.1922092,0.49788237,1.4447613,1.7062526,3.8050275,4.135265,0.69287825,1.37627,0.20426202,0.4509828,1.925457,3.2925868,1.5628366,0.32752085,0.01,1.4239764,1.0477543,3.6503587,3.463287,3.2256129,1.9562778,1.4348985,6.058003,1.6304677,3.5695453,6.6143246,6.9753885,2.0721467,3.8196075,5.271122,5.9665656,3.6056347,3.5121396,4.3417325,4.3993354,2.6604912,4.9982214,2.6949291,4.195213,3.5028582,3.4606268,4.1575804,3.9094884,5.187135,4.3769717,4.3887324,3.6608634,3.9252682,2.8034165,4.721083,4.1884866,6.082467,5.289179,5.4395056,2.5859108,2.115282,5.15014,4.1337256,5.028935,2.5784721,4.942201,4.7045894,3.1306522,4.5802536,4.390399,3.7119284,3.8070793,2.587172,3.7316988,4.699054,5.772584,1.5826195,4.0877695,4.7281404,5.0086107,3.8518133,2.0852225,3.1712341,6.216437,2.7237399,4.940158,3.3274488,4.421252,2.8184834,3.6483328,5.2720504,4.8075814,5.1579957,5.458688,4.078643,5.401033,4.881613,4.330474,4.14515,4.1172295,2.4784377,5.671822,2.976823,4.9794135,4.31297,5.9208574,4.8513823,6.12929,4.916368,2.2565258,3.1413288,2.935454,4.1711893,5.802895,4.103822,3.8498302,2.8315477,2.9867692,3.2923918,2.8561695,5.2023735,5.729199
SIM-0094-TP,7.7808275,5.1367836,5.0765085,3.0745633,5.311842,5.600575,4.441311,4.5832095,4.1665645,5.027903,4.6618204,4.864,3.8830872,2.106525,4.552295,4.353429,6.8956594,5.4254136,5.6863546,3.7953773,3.586881,3.4713392,3.350762,6.862684,3.2202442,4.5282354,2.596222,4.877673,4.7708116,4.538242,3.9709926,3.9517746,4.3389373,3.1542175,2.1212378,2.4689424,3.538259,6.583847,4.37964,3.8335543,5.146827,4.654868,4.1508107,4.5889096,5.034269,5.652163,5.9285583,4.8361974,3.4429784,2.632642,5.406822,5.6659455,3.3270144,3.5838313,5.4592414,3.7375717,3.4019108,5.8246355,2.5256228,3.386356,3.6588845,5.083822,5.352693,3.3566713,4.5213766,1.3510288,3.2544687,4.1561837,2.6053827,3.208424,3.6193984,4.790155,2.2532768,3.8753142,3.6844482,4.3816442,5.4764757,3.9285822,5.831664,4.0832133,2.9916968,3.8671896,4.5286407,4.2001,3.1557336,3.6590142,5.224644,5.5528316,6.16577,3.3301384,4.034088,2.1823728,3.9938915,4.261615,4.6127462,2.723511,3.408206,1.0544503,4.737587,3.4620461,4.3839827,3.983851,3.7297843,1.8076069,1.1940683,5.9261303,3.5954037,2.489289,5.731953,6.627782,3.015931,4.2747936,3.5719504,5.0548096,3.7564528,4.1212554,4.6476474,5.2883077,2.9413295,4.331784,2.590985,4.0650983,2.5400364,4.1018186,3.8130713,4.439873,5.6403646,4.7663317,3.8724747,4.465152,3.5037532,3.3054497,4.6445584,3.485072,6.4866314,5.320677,4.095498,3.5902681,2.469602,4.7477255,4.783327,4.534422,1.5283543,5.355259,4.25112,2.1880627,2.274818,4.7154245,3.6225078,3.0859065,4.216213,4.1509185,3.759011,5.927812,2.460788,4.4364815,4.772041,4.4530582,3.4062262,2.2153351,4.548366,5.098594,2.0814476,4.149953,3.789068,3.9802027,2.6207473,4.0757933,4.7777443,4.237738,6.122575,5.64182,4.041224,5.859956,4.049589,4.7293186,3.7753477,4.3467293,3.4613557,5.126165,2.282447,4.976489,4.084882,5.515714,4.3911085,6.278439,4.0721574,2.2125506,3.7952874,2.1967883,3.3363647,5.621969,3.7246475,3.1037252,2.112082,5.0535517,2.8896854,3.3917744,4.428046,5.4575725
SIM-0095-TP,8.210036,4.4381557,4.509874,3.1105278,5.0617714,3.8504183,2.9284744,3.6822927,5.1140532,6.4128456,5.4838147,4.7889633,4.865791,3.4735298,4.0969844,5.5827665,6.229596,4.323061,5.4164124,3.8770673,5.33772,6.139058,5.9629135,8.829451,5.913151,6.387456,5.0445724,7.444047,6.6686163,6.432598,7.366431,6.013117,6.4901175,5.853596,6.334812,6.193439,7.1756563,7.5029793,7.0185237,6.77834,7.003726,7.7261257,6.7431965,5.974345,7.2388816,7.8168797,8.682043,6.745899,5.6567497,5.531821,9.527499,8.86508,6.942995,6.340933,7.949362,6.289439,6.1365385,6.9336853,6.5374575,7.1187005,0.08351207,1.1712515,2.8837347,0.42322445,1.0557437,0.01,1.4919243,0.72053194,0.8672571,0.45784998,0.7744205,1.5570931,0.01,1.6792665,1.187062,1.0995066,2.571186,2.4711776,2.6699042,1.8240242,0.23560429,1.0343661,1.2969508,1.8677964,0.01,1.2244775,0.5932603,4.1095324,3.7951097,0.896981,1.4138007,0.25112844,1.0540102,1.9176731,2.8401804,0.23794556,0.54062724,0.01,0.9643519,0.01,2.853056,3.2381272,4.3586254,2.2469425,3.9153657,5.669366,2.9350483,3.5488157,6.369752,7.2326,3.3635602,3.6594481,5.1729965,6.3702774,2.587029,3.9155061,4.0036893,5.1956606,3.7359595,4.5405636,2.5704255,2.8336926,5.052296,4.297714,2.9445686,5.04442,6.0306444,4.05421,4.3021355,4.1721787,3.4445992,2.933108,5.2074575,3.83661,5.67439,5.347334,4.9222584,2.2489944,3.0149136,6.4222527,5.2782803,4.766745,2.9136353,5.5808516,4.3914948,3.3519661,4.4227667,3.631836,4.340792,3.8885665,3.9480941,3.7553391,4.268398,5.6292777,1.9926491,4.001407,4.087574,3.876033,3.391864,2.3738613,3.9749599,6.200289,2.6811662,5.4355917,3.352065,3.5231419,3.5151303,3.7305207,5.198786,4.931986,6.0630364,4.54953,5.1314096,5.538731,5.289002,4.161214,3.8621285,3.9737353,2.3149588,5.318688,1.8597277,4.636517,4.361487,4.906229,4.2990017,6.2208247,4.6060157,2.2254298,4.5705433,2.2443535,3.2519166,5.9444523,4.02156,4.188743,2.8778589,4.4700456,3.2196574,3.2527158,4.072503,5.1338296
SIM-0096-TP,8.030372,4.683904,2.9265924,3.6983,4.9110913,4.182037,4.5626903,4.263338,5.405357,5.623266,4.350412,4.2476454,3.2241945,2.9402745,4.286232,5.6613092,7.021289,4.741023,6.44108,3.1097846,3.5028954,3.6824613,4.392941,6.634246,3.3972306,5.4840593,2.7841682,4.733865,4.3528285,4.527803,3.5312984,2.8641813,4.564341,3.903782,2.422854,3.0572712,4.8567877,6.179322,4.336638,3.836063,5.153638,5.3137035,4.6895595,4.5682135,5.523923,3.9302106,4.9162445,4.0344195,3.1302805,2.8542337,6.754469,5.941194,3.6567602,3.0501416,6.051663,2.8899238,2.3522031,4.654457,3.1075258,3.7820592,3.8396533,3.8849854,5.1636696,3.718525,4.2852945,1.4458177,3.7098992,2.7094204,3.074479,3.2222476,4.263234,5.8592544,3.01227,4.255425,3.8859992,3.9056213,5.027858,4.5234528,4.826563,4.264954,3.28841,4.5009007,4.700065,3.8635974,3.5389576,2.810119,5.193341,5.8482513,6.1244006,3.3604648,4.274475,2.3722095,2.3365335,4.1519613,5.0962725,2.2463202,3.3685393,1.3147852,4.1618767,2.8145456,4.451108,2.9950497,4.120933,2.135736,1.7213206,6.0268908,3.089284,3.2042093,5.69028,6.176689,3.1506627,3.8414943,4.763261,5.591642,2.1709554,4.021602,4.772766,5.130608,3.6382105,3.8434436,2.8337314,3.4633608,3.4110446,4.1832223,2.9844697,4.356991,5.9824963,4.6767464,4.5057755,4.828994,3.5876365,4.5236616,4.086243,4.9046164,7.0928698,4.6967397,5.119393,3.094988,2.6036043,5.453462,3.7587914,4.731142,1.7850168,5.015978,5.122102,3.0828283,3.3485794,4.534423,3.3492267,3.2883983,3.6813767,4.1414475,4.355462,5.739075,1.4196502,3.3690999,4.920571,3.947097,3.8376048,2.1872258,4.609492,5.424607,2.9924772,5.552967,4.167136,4.0174885,2.729539,5.0765996,4.804232,5.02327,5.898704,5.1461434,4.531668,5.4888268,4.6525207,4.9864006,5.0422554,4.6019573,3.5605175,5.2773633,3.741465,4.2971373,3.7179828,4.2176776,5.030256,6.2447333,4.232975,3.1454997,3.5736067,2.6567588,3.5415032,6.3083267,4.2084346,3.446693,3.3737016,4.317017,3.0861404,3.70961,4.034648,5.999202
SIM-0097-TP,7.5668216,4.9485474,4.425718,2.3595781,5.1873865,3.7598753,5.602557,5.428463,4.630033,6.259135,5.196392,4.5441146,3.9064097,3.0997047,3.93618,5.151456,6.759992,4.782173,5.9777536,4.059848,4.9575295,5.006469,5.6778154,8.080853,4.784828,6.8518915,3.8117845,7.688431,6.2271595,6.640608,5.2295833,4.491408,6.3340073,5.431302,4.648535,4.519994,5.5635476,6.5414314,6.006585,4.9450836,5.3023415,6.8207045,6.1397305,6.2879705,7.3009367,6.8503838,7.567605,6.071679,5.733444,3.6754313,7.149331,7.261094,5.9722776,4.8324423,7.5481777,4.8877974,5.2169647,6.7459564,6.0795727,5.6752915,2.3966177,2.2642815,3.2200658,3.2679808,2.5328615,0.5654657,2.5117848,2.039242,0.2470684,1.8624327,1.9318423,2.91093,0.8431804,2.8439987,2.1764324,1.9033468,2.728186,2.298825,4.008895,1.5016048,1.5399618,3.411659,2.767259,2.8426797,0.6800761,1.7718208,2.921121,4.67128,4.7586365,1.513305,3.7857797,0.5953798,1.8988404,2.213514,4.0668755,1.8361542,1.2102404,0.03905022,2.8682334,1.9084218,2.8133626,2.9401543,4.866436,2.2086828,2.674666,6.6927133,2.0964966,2.4833658,5.7250643,7.557379,3.388316,4.041634,4.3219757,6.3434825,2.9868202,4.093706,5.283357,5.333176,3.6456816,3.7348719,3.3226418,4.4977527,3.5119252,3.7296534,4.10419,3.7006748,4.2163153,4.071282,4.4029765,3.5231793,4.1110168,3.411677,4.0763006,4.9194455,6.3080487,6.137599,3.65774,2.5045218,3.1176198,6.1185718,3.7577813,4.5518317,1.6378659,4.568127,4.5509763,2.6432636,2.8757133,3.5997584,3.1094627,3.9461207,4.1953025,4.044299,3.6979747,5.9744673,1.7867308,3.7667968,4.098098,3.971436,3.7241664,3.0519023,4.8969235,5.599245,2.7354493,4.313113,4.036508,3.523247,3.2922294,5.1500797,5.0150385,6.044057,5.9776297,4.8025994,4.041359,6.9264126,4.6854873,4.544912,3.6016986,4.281934,3.2982156,5.1625338,3.7085018,4.218365,4.1316643,5.134798,4.501346,6.3567333,4.000062,1.244743,4.0453134,2.758903,2.8052967,4.6559525,5.6028504,3.532577,2.9961054,5.1304045,3.2944713,4.213498,3.7220323,4.5466156
SIM-0098-TP,8.037064,5.2397165,4.527746,1.9526346,5.221814,4.2989817,4.92339,3.94436,5.0352216,5.552995,4.782593,4.3416114,3.3603315,3.0322905,4.132061,4.022403,5.83018,5.948628,5.446233,4.385268,1.9355704,3.713708,3.358354,5.906533,2.961043,5.273194,1.6205251,4.5194764,4.3254094,3.7780566,5.2118936,3.1764154,4.9411855,4.4508452,3.1097014,2.3851542,3.530344,5.9518013,4.9825044,4.154343,4.90255,6.6019754,4.6380696,3.0387564,5.1318192,5.113864,5.411366,4.936087,2.7420626,2.7990143,5.4755573,5.803434,3.9267046,2.8125417,5.240648,2.2763503,2.9017186,4.2457447,4.111305,4.506578,4.116704,3.70375,5.358414,3.4169886,4.5702925,2.2735386,4.447334,3.393192,3.4104228,3.251726,3.5490966,5.3527327,3.1268454,3.7685456,3.7053216,3.52517,3.9984608,4.7581687,4.690137,4.0096064,2.5364041,3.4163077,4.0256977,4.777436,2.6488545,3.5530043,4.4104004,6.4089875,6.272125,2.6408167,3.8180437,3.7713413,3.2896535,4.4089704,4.3753333,2.8444266,3.5757139,1.6877621,4.144551,3.150055,2.8115458,3.6307921,3.284395,1.8598107,2.6476972,6.912759,2.2106392,2.9770567,5.9149237,7.233747,3.4204485,3.4297135,4.8474803,6.3938584,3.9051223,4.005684,4.856056,4.197474,2.8943505,3.7272003,2.681273,3.7070801,4.0324717,3.5050836,3.3536856,5.468923,5.510515,4.4635243,4.5470977,3.8704395,3.1230493,3.5070062,3.0922804,3.7399354,6.0913386,5.3497596,5.471538,4.149114,3.4039943,4.72848,5.223457,4.789628,1.7844242,4.9437966,4.933708,2.5901299,3.5987415,4.4219556,3.50204,3.5727823,3.3837805,4.1823564,3.698535,5.6173935,0.7382636,3.1964312,3.5855718,4.151206,3.7182763,2.4256558,3.4418778,5.6430306,2.0908525,5.1309175,3.5376565,3.89826,2.5746272,4.527868,4.6582546,4.3827887,5.786111,5.0517316,4.057119,4.838093,4.0932384,4.3482957,4.543041,5.198894,3.2771802,4.2872057,3.1907184,4.2918124,3.5347636,4.856822,4.500616,5.643286,4.0740237,2.076953,4.443019,2.8112144,3.544377,4.3951044,5.1114254,2.9583097,3.548267,4.1099195,2.5024133,2.489965,5.399432,5.556936
SIM-0099-TP,8.296172,6.0818152,3.9085274,3.3297727,4.739205,4.68925,3.975694,4.125665,4.7616825,5.2688775,5.1229577,4.3775635,2.9448009,2.7933636,4.2949405,5.31353,6.8047504,5.4004097,6.260204,4.1017857,3.1239324,3.1989148,3.8568158,6.4964366,3.2023892,5.180845,3.6657188,4.7664175,4.881511,3.392076,4.850079,3.9468582,5.598769,3.3247738,3.6791759,3.528008,4.4195275,5.728825,3.9554744,3.5465126,4.248265,5.0161695,5.355299,3.1761024,5.518792,4.9846644,6.0525613,4.743934,3.5867867,2.7469351,6.032759,5.9149404,4.809799,5.0048013,5.2025332,2.2154596,3.7278943,5.5165687,4.921939,4.701879,4.196392,4.8295493,5.801815,4.1931095,3.6647787,1.6075914,3.763245,2.7688093,2.4240785,3.5674062,2.9494052,4.977373,2.4937725,3.2638097,2.6394742,2.4836137,4.9074907,4.1684375,4.586454,2.569386,3.1823573,3.3512218,3.5475945,3.3564978,2.458269,3.9874325,3.725181,5.5851555,5.5097265,3.3314748,3.3946948,2.2327142,2.908403,3.5327177,4.406349,2.1019335,3.5984108,1.7458825,3.5405219,2.7473214,3.6403253,2.755866,3.7431061,2.0051672,3.7886667,6.639348,2.7965186,3.5862067,6.4567575,6.2148046,2.7170067,3.6235888,4.64732,5.6167016,2.9638772,3.5240476,5.301805,3.7130961,3.4101665,2.944339,2.1102843,3.920415,3.9016898,4.0755744,4.006665,5.14856,4.978102,4.280646,4.1254845,4.366599,3.4030542,4.176359,4.886487,3.30325,5.698659,5.783979,4.216721,3.5092425,2.7078903,5.953549,4.266903,5.690421,2.5567517,4.252736,5.4976687,3.4389088,3.718549,4.5870337,3.4579434,2.8056407,3.875637,4.4374075,4.350417,6.3260775,2.093952,3.7734542,4.7683907,5.0572915,3.5879943,2.1363904,4.3982205,4.521396,2.6063545,5.224047,3.7437303,4.111013,2.9253633,2.6670327,6.131342,4.398741,5.4234266,5.8564034,4.928437,5.8804674,4.823678,4.250494,3.6629817,4.7139378,2.9640052,4.4904175,2.8609982,4.8333793,4.1331353,4.4821706,3.4761806,6.2812624,4.189284,2.1229644,2.8414292,3.3394494,3.6568894,5.666326,4.7892613,2.2709885,2.4936996,3.8069186,2.4090686,3.193104,4.435109,5.658531
